
############################
INFO: You are using the old nnU-Net default plans. We have updated our recommendations. Please consider using those instead! Read more here: https://github.com/MIC-DKFZ/nnUNet/blob/master/documentation/resenc_presets.md
############################

Using device: cuda:0

#######################################################################
Please cite the following paper when using nnU-Net:
Isensee, F., Jaeger, P. F., Kohl, S. A., Petersen, J., & Maier-Hein, K. H. (2021). nnU-Net: a self-configuring method for deep learning-based biomedical image segmentation. Nature methods, 18(2), 203-211.
#######################################################################

[nnUNetTrainer_Vivim] Natively building Vivim (Video Vision Mamba) Temporal Architecture inside nnUNet v2!
2026-08-08 00:05:34.257904: do_dummy_2d_data_aug: False
2026-08-08 00:05:34.266953: Using splits from existing split file: /home/iulab0/PycharmProjects/nnUNet/nnUNet_preprocessed/Dataset600_OpenEDS2019/splits_final.json
2026-08-08 00:05:34.269217: The split file contains 5 splits.
2026-08-08 00:05:34.269263: Desired fold for training: 1
2026-08-08 00:05:34.269291: This split has 9055 training and 2264 validation cases.
using pin_memory on device 0
using pin_memory on device 0

This is the configuration used by this training:
Configuration name: 2d
 {'data_identifier': 'nnUNetPlans_2d', 'preprocessor_name': 'DefaultPreprocessor', 'batch_size': 11, 'patch_size': [448, 640], 'median_image_size_in_voxels': [400.0, 640.0], 'spacing': [1.0, 1.0], 'normalization_schemes': ['ZScoreNormalization'], 'use_mask_for_norm': [False], 'resampling_fn_data': 'resample_data_or_seg_to_shape', 'resampling_fn_seg': 'resample_data_or_seg_to_shape', 'resampling_fn_data_kwargs': {'is_seg': False, 'order': 3, 'order_z': 0, 'force_separate_z': None}, 'resampling_fn_seg_kwargs': {'is_seg': True, 'order': 1, 'order_z': 0, 'force_separate_z': None}, 'resampling_fn_probabilities': 'resample_data_or_seg_to_shape', 'resampling_fn_probabilities_kwargs': {'is_seg': False, 'order': 1, 'order_z': 0, 'force_separate_z': None}, 'architecture': {'network_class_name': 'dynamic_network_architectures.architectures.unet.PlainConvUNet', 'arch_kwargs': {'n_stages': 7, 'features_per_stage': [32, 64, 128, 256, 512, 512, 512], 'conv_op': 'torch.nn.modules.conv.Conv2d', 'kernel_sizes': [[3, 3], [3, 3], [3, 3], [3, 3], [3, 3], [3, 3], [3, 3]], 'strides': [[1, 1], [2, 2], [2, 2], [2, 2], [2, 2], [2, 2], [2, 2]], 'n_conv_per_stage': [2, 2, 2, 2, 2, 2, 2], 'n_conv_per_stage_decoder': [2, 2, 2, 2, 2, 2], 'conv_bias': True, 'norm_op': 'torch.nn.modules.instancenorm.InstanceNorm2d', 'norm_op_kwargs': {'eps': 1e-05, 'affine': True}, 'dropout_op': None, 'dropout_op_kwargs': None, 'nonlin': 'torch.nn.LeakyReLU', 'nonlin_kwargs': {'inplace': True}}, '_kw_requires_import': ['conv_op', 'norm_op', 'dropout_op', 'nonlin']}, 'batch_dice': True} 

These are the global plan.json settings:
 {'dataset_name': 'Dataset600_OpenEDS2019', 'plans_name': 'nnUNetPlans', 'original_median_spacing_after_transp': [1.0, 1.0, 1.0], 'original_median_shape_after_transp': [1, 400, 640], 'image_reader_writer': 'SimpleITKIO', 'transpose_forward': [0, 1, 2], 'transpose_backward': [0, 1, 2], 'experiment_planner_used': 'ExperimentPlanner', 'label_manager': 'LabelManager', 'foreground_intensity_properties_per_channel': {'0': {'max': 255.0, 'mean': 86.44979858398438, 'median': 79.0, 'min': 6.0, 'percentile_00_5': 19.0, 'percentile_99_5': 255.0, 'std': 39.93887710571289}}} 

2026-08-08 00:05:35.372243: Unable to plot network architecture:
2026-08-08 00:05:35.372407: No module named 'hiddenlayer'
[nnUNetTrainer_Vivim] Initializing WandB Sync for Temporal T=11 run: nnUNet_Vivim_Mamba_Temporal_T11_fold1_20260808_000535
wandb: [wandb.login()] Loaded credentials for https://api.wandb.ai from /home/iulab0/.netrc.
wandb: Currently logged in as: hyun02051 (hyun02051-hongik-university) to https://api.wandb.ai. Use `wandb login --relogin` to force relogin
wandb: setting up run 9n3lxsf5
wandb: Tracking run with wandb version 0.28.1
wandb: Run data is saved locally in /home/iulab0/PycharmProjects/nnUNet/wandb/run-20260808_000536-9n3lxsf5
wandb: Run `wandb offline` to turn off syncing.
wandb: Syncing run nnUNet_Vivim_Mamba_Temporal_T11_fold1_20260808_000535
wandb: ⭐️ View project at https://wandb.ai/hyun02051-hongik-university/eyeball-3d
wandb: 🚀 View run at https://wandb.ai/hyun02051-hongik-university/eyeball-3d/runs/9n3lxsf5
2026-08-08 00:05:37.041612: 
2026-08-08 00:05:37.041878: Epoch 0
2026-08-08 00:05:37.042135: Current learning rate: 0.01
2026-08-08 00:06:39.741078: train_loss -0.1942
2026-08-08 00:06:39.741514: val_loss -0.4067
2026-08-08 00:06:39.741855: Pseudo dice [np.float32(0.601), np.float32(0.7298), np.float32(0.7563)]
2026-08-08 00:06:39.742180: Epoch time: 62.7 s
2026-08-08 00:06:39.742310: Yayy! New best EMA pseudo Dice: 0.6956999897956848
2026-08-08 00:06:40.108098: 
2026-08-08 00:06:40.108889: Epoch 1
2026-08-08 00:06:40.109302: Current learning rate: 0.00999
2026-08-08 00:07:04.251143: train_loss -0.6139
2026-08-08 00:07:04.251530: val_loss -0.7615
2026-08-08 00:07:04.252250: Pseudo dice [np.float32(0.8224), np.float32(0.8976), np.float32(0.9221)]
2026-08-08 00:07:04.252425: Epoch time: 24.14 s
2026-08-08 00:07:04.252592: Yayy! New best EMA pseudo Dice: 0.7142000198364258
2026-08-08 00:07:04.686550: 
2026-08-08 00:07:04.686812: Epoch 2
2026-08-08 00:07:04.687161: Current learning rate: 0.00998
2026-08-08 00:07:28.847910: train_loss -0.7499
2026-08-08 00:07:28.848281: val_loss -0.8198
2026-08-08 00:07:28.848679: Pseudo dice [np.float32(0.8519), np.float32(0.9304), np.float32(0.9459)]
2026-08-08 00:07:28.849195: Epoch time: 24.16 s
2026-08-08 00:07:28.849522: Yayy! New best EMA pseudo Dice: 0.7336999773979187
2026-08-08 00:07:29.468680: 
2026-08-08 00:07:29.468894: Epoch 3
2026-08-08 00:07:29.469034: Current learning rate: 0.00997
2026-08-08 00:07:53.625179: train_loss -0.8029
2026-08-08 00:07:53.625595: val_loss -0.7454
2026-08-08 00:07:53.626592: Pseudo dice [np.float32(0.7774), np.float32(0.9051), np.float32(0.9363)]
2026-08-08 00:07:53.626853: Epoch time: 24.16 s
2026-08-08 00:07:53.627023: Yayy! New best EMA pseudo Dice: 0.7476000189781189
2026-08-08 00:07:54.056362: 
2026-08-08 00:07:54.056570: Epoch 4
2026-08-08 00:07:54.057019: Current learning rate: 0.00996
2026-08-08 00:08:18.213391: train_loss -0.835
2026-08-08 00:08:18.213836: val_loss -0.858
2026-08-08 00:08:18.214012: Pseudo dice [np.float32(0.8904), np.float32(0.9475), np.float32(0.9443)]
2026-08-08 00:08:18.214186: Epoch time: 24.16 s
2026-08-08 00:08:18.214574: Yayy! New best EMA pseudo Dice: 0.7656000256538391
2026-08-08 00:08:18.642791: 
2026-08-08 00:08:18.643003: Epoch 5
2026-08-08 00:08:18.643198: Current learning rate: 0.00995
2026-08-08 00:08:42.796134: train_loss -0.85
2026-08-08 00:08:42.796699: val_loss -0.8835
2026-08-08 00:08:42.796955: Pseudo dice [np.float32(0.9086), np.float32(0.955), np.float32(0.9597)]
2026-08-08 00:08:42.797132: Epoch time: 24.15 s
2026-08-08 00:08:42.797306: Yayy! New best EMA pseudo Dice: 0.7832000255584717
2026-08-08 00:08:43.222645: 
2026-08-08 00:08:43.222853: Epoch 6
2026-08-08 00:08:43.222999: Current learning rate: 0.00995
2026-08-08 00:09:07.391058: train_loss -0.8695
2026-08-08 00:09:07.391481: val_loss -0.8951
2026-08-08 00:09:07.392048: Pseudo dice [np.float32(0.9168), np.float32(0.9594), np.float32(0.9629)]
2026-08-08 00:09:07.392733: Epoch time: 24.17 s
2026-08-08 00:09:07.393275: Yayy! New best EMA pseudo Dice: 0.7994999885559082
2026-08-08 00:09:07.825876: 
2026-08-08 00:09:07.826089: Epoch 7
2026-08-08 00:09:07.826244: Current learning rate: 0.00994
2026-08-08 00:09:31.992400: train_loss -0.8762
2026-08-08 00:09:31.992978: val_loss -0.8856
2026-08-08 00:09:31.993582: Pseudo dice [np.float32(0.9105), np.float32(0.9553), np.float32(0.9595)]
2026-08-08 00:09:31.993895: Epoch time: 24.17 s
2026-08-08 00:09:31.994050: Yayy! New best EMA pseudo Dice: 0.8137000203132629
2026-08-08 00:09:32.421986: 
2026-08-08 00:09:32.422195: Epoch 8
2026-08-08 00:09:32.422331: Current learning rate: 0.00993
2026-08-08 00:09:56.588880: train_loss -0.8834
2026-08-08 00:09:56.589329: val_loss -0.8898
2026-08-08 00:09:56.589823: Pseudo dice [np.float32(0.9125), np.float32(0.9572), np.float32(0.9601)]
2026-08-08 00:09:56.590063: Epoch time: 24.17 s
2026-08-08 00:09:56.590378: Yayy! New best EMA pseudo Dice: 0.82669997215271
2026-08-08 00:09:57.018244: 
2026-08-08 00:09:57.018533: Epoch 9
2026-08-08 00:09:57.019219: Current learning rate: 0.00992
2026-08-08 00:10:21.186041: train_loss -0.8823
2026-08-08 00:10:21.186430: val_loss -0.9117
2026-08-08 00:10:21.187471: Pseudo dice [np.float32(0.9302), np.float32(0.9667), np.float32(0.9682)]
2026-08-08 00:10:21.187857: Epoch time: 24.17 s
2026-08-08 00:10:21.187972: Yayy! New best EMA pseudo Dice: 0.8395000100135803
2026-08-08 00:10:21.604196: 
2026-08-08 00:10:21.604411: Epoch 10
2026-08-08 00:10:21.604545: Current learning rate: 0.00991
2026-08-08 00:10:45.766099: train_loss -0.8894
2026-08-08 00:10:45.766904: val_loss -0.9041
2026-08-08 00:10:45.767209: Pseudo dice [np.float32(0.9235), np.float32(0.9618), np.float32(0.9655)]
2026-08-08 00:10:45.767459: Epoch time: 24.16 s
2026-08-08 00:10:45.767902: Yayy! New best EMA pseudo Dice: 0.850600004196167
2026-08-08 00:10:46.186793: 
2026-08-08 00:10:46.187157: Epoch 11
2026-08-08 00:10:46.187602: Current learning rate: 0.0099
2026-08-08 00:11:10.354290: train_loss -0.8956
2026-08-08 00:11:10.354685: val_loss -0.9046
2026-08-08 00:11:10.355502: Pseudo dice [np.float32(0.9259), np.float32(0.9625), np.float32(0.9638)]
2026-08-08 00:11:10.356352: Epoch time: 24.17 s
2026-08-08 00:11:10.356560: Yayy! New best EMA pseudo Dice: 0.8605999946594238
2026-08-08 00:11:10.778991: 
2026-08-08 00:11:10.779216: Epoch 12
2026-08-08 00:11:10.779501: Current learning rate: 0.00989
2026-08-08 00:11:34.939298: train_loss -0.8972
2026-08-08 00:11:34.939701: val_loss -0.901
2026-08-08 00:11:34.940109: Pseudo dice [np.float32(0.9225), np.float32(0.963), np.float32(0.9623)]
2026-08-08 00:11:34.940382: Epoch time: 24.16 s
2026-08-08 00:11:34.940817: Yayy! New best EMA pseudo Dice: 0.8694999814033508
2026-08-08 00:11:35.359512: 
2026-08-08 00:11:35.359739: Epoch 13
2026-08-08 00:11:35.360346: Current learning rate: 0.00988
2026-08-08 00:11:59.522039: train_loss -0.9029
2026-08-08 00:11:59.522523: val_loss -0.9115
2026-08-08 00:11:59.523498: Pseudo dice [np.float32(0.9317), np.float32(0.9638), np.float32(0.9634)]
2026-08-08 00:11:59.523848: Epoch time: 24.16 s
2026-08-08 00:11:59.524027: Yayy! New best EMA pseudo Dice: 0.8777999877929688
2026-08-08 00:11:59.950513: 
2026-08-08 00:11:59.950742: Epoch 14
2026-08-08 00:11:59.950935: Current learning rate: 0.00987
2026-08-08 00:12:24.111470: train_loss -0.9045
2026-08-08 00:12:24.111869: val_loss -0.9157
2026-08-08 00:12:24.112497: Pseudo dice [np.float32(0.936), np.float32(0.9678), np.float32(0.9638)]
2026-08-08 00:12:24.113007: Epoch time: 24.16 s
2026-08-08 00:12:24.113301: Yayy! New best EMA pseudo Dice: 0.8855999708175659
2026-08-08 00:12:24.747292: 
2026-08-08 00:12:24.747535: Epoch 15
2026-08-08 00:12:24.748566: Current learning rate: 0.00986
2026-08-08 00:12:48.917570: train_loss -0.9038
2026-08-08 00:12:48.917983: val_loss -0.9161
2026-08-08 00:12:48.918527: Pseudo dice [np.float32(0.9353), np.float32(0.967), np.float32(0.9652)]
2026-08-08 00:12:48.918821: Epoch time: 24.17 s
2026-08-08 00:12:48.919023: Yayy! New best EMA pseudo Dice: 0.8925999999046326
2026-08-08 00:12:49.353123: 
2026-08-08 00:12:49.353438: Epoch 16
2026-08-08 00:12:49.353650: Current learning rate: 0.00986
2026-08-08 00:13:13.517194: train_loss -0.9086
2026-08-08 00:13:13.517578: val_loss -0.9245
2026-08-08 00:13:13.518063: Pseudo dice [np.float32(0.9425), np.float32(0.9693), np.float32(0.9681)]
2026-08-08 00:13:13.519153: Epoch time: 24.16 s
2026-08-08 00:13:13.519514: Yayy! New best EMA pseudo Dice: 0.899399995803833
2026-08-08 00:13:13.950038: 
2026-08-08 00:13:13.950258: Epoch 17
2026-08-08 00:13:13.950393: Current learning rate: 0.00985
2026-08-08 00:13:38.110197: train_loss -0.9132
2026-08-08 00:13:38.110597: val_loss -0.9219
2026-08-08 00:13:38.110899: Pseudo dice [np.float32(0.9424), np.float32(0.9681), np.float32(0.9644)]
2026-08-08 00:13:38.111702: Epoch time: 24.16 s
2026-08-08 00:13:38.112071: Yayy! New best EMA pseudo Dice: 0.9053000211715698
2026-08-08 00:13:38.546047: 
2026-08-08 00:13:38.546267: Epoch 18
2026-08-08 00:13:38.546412: Current learning rate: 0.00984
2026-08-08 00:14:02.709802: train_loss -0.9128
2026-08-08 00:14:02.710200: val_loss -0.9168
2026-08-08 00:14:02.710540: Pseudo dice [np.float32(0.9351), np.float32(0.9671), np.float32(0.9645)]
2026-08-08 00:14:02.710839: Epoch time: 24.16 s
2026-08-08 00:14:02.711102: Yayy! New best EMA pseudo Dice: 0.9103000164031982
2026-08-08 00:14:03.139464: 
2026-08-08 00:14:03.139796: Epoch 19
2026-08-08 00:14:03.140247: Current learning rate: 0.00983
2026-08-08 00:14:27.298799: train_loss -0.9126
2026-08-08 00:14:27.299172: val_loss -0.9188
2026-08-08 00:14:27.301097: Pseudo dice [np.float32(0.9389), np.float32(0.968), np.float32(0.9659)]
2026-08-08 00:14:27.301672: Epoch time: 24.16 s
2026-08-08 00:14:27.301862: Yayy! New best EMA pseudo Dice: 0.9150000214576721
2026-08-08 00:14:27.731480: 
2026-08-08 00:14:27.731707: Epoch 20
2026-08-08 00:14:27.731937: Current learning rate: 0.00982
2026-08-08 00:14:51.895118: train_loss -0.9147
2026-08-08 00:14:51.895499: val_loss -0.9264
2026-08-08 00:14:51.895949: Pseudo dice [np.float32(0.9448), np.float32(0.9704), np.float32(0.9653)]
2026-08-08 00:14:51.896208: Epoch time: 24.16 s
2026-08-08 00:14:51.896456: Yayy! New best EMA pseudo Dice: 0.9194999933242798
2026-08-08 00:14:52.344205: 
2026-08-08 00:14:52.344417: Epoch 21
2026-08-08 00:14:52.344552: Current learning rate: 0.00981
2026-08-08 00:15:16.515158: train_loss -0.9173
2026-08-08 00:15:16.515596: val_loss -0.926
2026-08-08 00:15:16.515971: Pseudo dice [np.float32(0.9456), np.float32(0.9677), np.float32(0.9684)]
2026-08-08 00:15:16.516353: Epoch time: 24.17 s
2026-08-08 00:15:16.516620: Yayy! New best EMA pseudo Dice: 0.9236000180244446
2026-08-08 00:15:16.937653: 
2026-08-08 00:15:16.937869: Epoch 22
2026-08-08 00:15:16.938003: Current learning rate: 0.0098
2026-08-08 00:15:41.097045: train_loss -0.9146
2026-08-08 00:15:41.097437: val_loss -0.9296
2026-08-08 00:15:41.097979: Pseudo dice [np.float32(0.9483), np.float32(0.9698), np.float32(0.9672)]
2026-08-08 00:15:41.098498: Epoch time: 24.16 s
2026-08-08 00:15:41.098757: Yayy! New best EMA pseudo Dice: 0.9275000095367432
2026-08-08 00:15:41.521189: 
2026-08-08 00:15:41.521441: Epoch 23
2026-08-08 00:15:41.522295: Current learning rate: 0.00979
2026-08-08 00:16:05.682718: train_loss -0.9173
2026-08-08 00:16:05.683203: val_loss -0.9273
2026-08-08 00:16:05.683933: Pseudo dice [np.float32(0.946), np.float32(0.9706), np.float32(0.9675)]
2026-08-08 00:16:05.684295: Epoch time: 24.16 s
2026-08-08 00:16:05.684546: Yayy! New best EMA pseudo Dice: 0.930899977684021
2026-08-08 00:16:06.105030: 
2026-08-08 00:16:06.105246: Epoch 24
2026-08-08 00:16:06.105378: Current learning rate: 0.00978
2026-08-08 00:16:30.267677: train_loss -0.9187
2026-08-08 00:16:30.268052: val_loss -0.9292
2026-08-08 00:16:30.268559: Pseudo dice [np.float32(0.9483), np.float32(0.9708), np.float32(0.967)]
2026-08-08 00:16:30.268814: Epoch time: 24.16 s
2026-08-08 00:16:30.269032: Yayy! New best EMA pseudo Dice: 0.9340000152587891
2026-08-08 00:16:30.695361: 
2026-08-08 00:16:30.695575: Epoch 25
2026-08-08 00:16:30.695710: Current learning rate: 0.00977
2026-08-08 00:16:54.858269: train_loss -0.9213
2026-08-08 00:16:54.858664: val_loss -0.9334
2026-08-08 00:16:54.858845: Pseudo dice [np.float32(0.9517), np.float32(0.9717), np.float32(0.9677)]
2026-08-08 00:16:54.860260: Epoch time: 24.16 s
2026-08-08 00:16:54.860460: Yayy! New best EMA pseudo Dice: 0.9369000196456909
2026-08-08 00:16:55.282198: 
2026-08-08 00:16:55.282406: Epoch 26
2026-08-08 00:16:55.282629: Current learning rate: 0.00977
2026-08-08 00:17:19.450698: train_loss -0.9203
2026-08-08 00:17:19.451248: val_loss -0.9241
2026-08-08 00:17:19.451527: Pseudo dice [np.float32(0.9458), np.float32(0.9662), np.float32(0.9635)]
2026-08-08 00:17:19.451821: Epoch time: 24.17 s
2026-08-08 00:17:19.451940: Yayy! New best EMA pseudo Dice: 0.9391000270843506
2026-08-08 00:17:19.872713: 
2026-08-08 00:17:19.872924: Epoch 27
2026-08-08 00:17:19.873058: Current learning rate: 0.00976
2026-08-08 00:17:44.035517: train_loss -0.9214
2026-08-08 00:17:44.035931: val_loss -0.9272
2026-08-08 00:17:44.036119: Pseudo dice [np.float32(0.9458), np.float32(0.9715), np.float32(0.9663)]
2026-08-08 00:17:44.036411: Epoch time: 24.16 s
2026-08-08 00:17:44.036708: Yayy! New best EMA pseudo Dice: 0.9412999749183655
2026-08-08 00:17:44.680733: 
2026-08-08 00:17:44.680970: Epoch 28
2026-08-08 00:17:44.681978: Current learning rate: 0.00975
2026-08-08 00:18:08.850257: train_loss -0.9214
2026-08-08 00:18:08.850642: val_loss -0.9336
2026-08-08 00:18:08.851154: Pseudo dice [np.float32(0.9524), np.float32(0.9717), np.float32(0.967)]
2026-08-08 00:18:08.851486: Epoch time: 24.17 s
2026-08-08 00:18:08.851769: Yayy! New best EMA pseudo Dice: 0.9434999823570251
2026-08-08 00:18:09.271043: 
2026-08-08 00:18:09.271269: Epoch 29
2026-08-08 00:18:09.271720: Current learning rate: 0.00974
2026-08-08 00:18:33.443268: train_loss -0.9216
2026-08-08 00:18:33.444280: val_loss -0.9227
2026-08-08 00:18:33.444708: Pseudo dice [np.float32(0.946), np.float32(0.9667), np.float32(0.9606)]
2026-08-08 00:18:33.444953: Epoch time: 24.17 s
2026-08-08 00:18:33.445063: Yayy! New best EMA pseudo Dice: 0.9449999928474426
2026-08-08 00:18:33.865308: 
2026-08-08 00:18:33.865521: Epoch 30
2026-08-08 00:18:33.865668: Current learning rate: 0.00973
2026-08-08 00:18:58.031622: train_loss -0.9241
2026-08-08 00:18:58.032180: val_loss -0.9315
2026-08-08 00:18:58.032353: Pseudo dice [np.float32(0.9498), np.float32(0.9701), np.float32(0.9674)]
2026-08-08 00:18:58.033226: Epoch time: 24.17 s
2026-08-08 00:18:58.033463: Yayy! New best EMA pseudo Dice: 0.9466999769210815
2026-08-08 00:18:58.458137: 
2026-08-08 00:18:58.458346: Epoch 31
2026-08-08 00:18:58.458610: Current learning rate: 0.00972
2026-08-08 00:19:22.625077: train_loss -0.9233
2026-08-08 00:19:22.625450: val_loss -0.9347
2026-08-08 00:19:22.625803: Pseudo dice [np.float32(0.953), np.float32(0.9725), np.float32(0.9662)]
2026-08-08 00:19:22.626100: Epoch time: 24.17 s
2026-08-08 00:19:22.626559: Yayy! New best EMA pseudo Dice: 0.9484000205993652
2026-08-08 00:19:23.062024: 
2026-08-08 00:19:23.062244: Epoch 32
2026-08-08 00:19:23.062603: Current learning rate: 0.00971
2026-08-08 00:19:47.232352: train_loss -0.9246
2026-08-08 00:19:47.232730: val_loss -0.9322
2026-08-08 00:19:47.233010: Pseudo dice [np.float32(0.9484), np.float32(0.972), np.float32(0.9704)]
2026-08-08 00:19:47.233453: Epoch time: 24.17 s
2026-08-08 00:19:47.233701: Yayy! New best EMA pseudo Dice: 0.9498999714851379
2026-08-08 00:19:47.657420: 
2026-08-08 00:19:47.657777: Epoch 33
2026-08-08 00:19:47.657972: Current learning rate: 0.0097
2026-08-08 00:20:11.823954: train_loss -0.9247
2026-08-08 00:20:11.824346: val_loss -0.934
2026-08-08 00:20:11.824633: Pseudo dice [np.float32(0.95), np.float32(0.972), np.float32(0.9695)]
2026-08-08 00:20:11.824815: Epoch time: 24.17 s
2026-08-08 00:20:11.825196: Yayy! New best EMA pseudo Dice: 0.9513000249862671
2026-08-08 00:20:12.249485: 
2026-08-08 00:20:12.249737: Epoch 34
2026-08-08 00:20:12.249941: Current learning rate: 0.00969
2026-08-08 00:20:36.429126: train_loss -0.9253
2026-08-08 00:20:36.429517: val_loss -0.929
2026-08-08 00:20:36.430329: Pseudo dice [np.float32(0.9467), np.float32(0.9721), np.float32(0.965)]
2026-08-08 00:20:36.431031: Epoch time: 24.18 s
2026-08-08 00:20:36.431402: Yayy! New best EMA pseudo Dice: 0.9523000121116638
2026-08-08 00:20:36.856130: 
2026-08-08 00:20:36.856341: Epoch 35
2026-08-08 00:20:36.856700: Current learning rate: 0.00968
2026-08-08 00:21:01.022153: train_loss -0.9277
2026-08-08 00:21:01.022537: val_loss -0.9357
2026-08-08 00:21:01.023293: Pseudo dice [np.float32(0.9527), np.float32(0.972), np.float32(0.9692)]
2026-08-08 00:21:01.023594: Epoch time: 24.17 s
2026-08-08 00:21:01.023708: Yayy! New best EMA pseudo Dice: 0.9535999894142151
2026-08-08 00:21:01.449908: 
2026-08-08 00:21:01.450290: Epoch 36
2026-08-08 00:21:01.450422: Current learning rate: 0.00968
2026-08-08 00:21:25.618826: train_loss -0.9236
2026-08-08 00:21:25.619230: val_loss -0.9354
2026-08-08 00:21:25.619411: Pseudo dice [np.float32(0.9521), np.float32(0.9719), np.float32(0.9696)]
2026-08-08 00:21:25.621917: Epoch time: 24.17 s
2026-08-08 00:21:25.622173: Yayy! New best EMA pseudo Dice: 0.9546999931335449
2026-08-08 00:21:26.052354: 
2026-08-08 00:21:26.052594: Epoch 37
2026-08-08 00:21:26.052786: Current learning rate: 0.00967
2026-08-08 00:21:50.217958: train_loss -0.9281
2026-08-08 00:21:50.218418: val_loss -0.9376
2026-08-08 00:21:50.218770: Pseudo dice [np.float32(0.9542), np.float32(0.9725), np.float32(0.9705)]
2026-08-08 00:21:50.220163: Epoch time: 24.17 s
2026-08-08 00:21:50.221133: Yayy! New best EMA pseudo Dice: 0.9557999968528748
2026-08-08 00:21:50.663189: 
2026-08-08 00:21:50.663414: Epoch 38
2026-08-08 00:21:50.663667: Current learning rate: 0.00966
2026-08-08 00:22:14.840351: train_loss -0.928
2026-08-08 00:22:14.840744: val_loss -0.9278
2026-08-08 00:22:14.841656: Pseudo dice [np.float32(0.9447), np.float32(0.9712), np.float32(0.9659)]
2026-08-08 00:22:14.842745: Epoch time: 24.18 s
2026-08-08 00:22:14.842932: Yayy! New best EMA pseudo Dice: 0.9562000036239624
2026-08-08 00:22:15.276403: 
2026-08-08 00:22:15.276628: Epoch 39
2026-08-08 00:22:15.277441: Current learning rate: 0.00965
2026-08-08 00:22:39.438906: train_loss -0.9267
2026-08-08 00:22:39.440002: val_loss -0.9324
2026-08-08 00:22:39.440794: Pseudo dice [np.float32(0.9489), np.float32(0.9713), np.float32(0.9682)]
2026-08-08 00:22:39.441099: Epoch time: 24.16 s
2026-08-08 00:22:39.441323: Yayy! New best EMA pseudo Dice: 0.9569000005722046
2026-08-08 00:22:39.883091: 
2026-08-08 00:22:39.883351: Epoch 40
2026-08-08 00:22:39.883560: Current learning rate: 0.00964
2026-08-08 00:23:04.055392: train_loss -0.9284
2026-08-08 00:23:04.055835: val_loss -0.9387
2026-08-08 00:23:04.056233: Pseudo dice [np.float32(0.9565), np.float32(0.9736), np.float32(0.969)]
2026-08-08 00:23:04.056694: Epoch time: 24.17 s
2026-08-08 00:23:04.056948: Yayy! New best EMA pseudo Dice: 0.9578999876976013
2026-08-08 00:23:04.714590: 
2026-08-08 00:23:04.714814: Epoch 41
2026-08-08 00:23:04.714952: Current learning rate: 0.00963
2026-08-08 00:23:28.880873: train_loss -0.9279
2026-08-08 00:23:28.881250: val_loss -0.9138
2026-08-08 00:23:28.881633: Pseudo dice [np.float32(0.9277), np.float32(0.9693), np.float32(0.9664)]
2026-08-08 00:23:28.882018: Epoch time: 24.17 s
2026-08-08 00:23:29.291589: 
2026-08-08 00:23:29.291894: Epoch 42
2026-08-08 00:23:29.293708: Current learning rate: 0.00962
2026-08-08 00:23:53.467037: train_loss -0.9297
2026-08-08 00:23:53.467413: val_loss -0.9378
2026-08-08 00:23:53.467591: Pseudo dice [np.float32(0.9531), np.float32(0.9731), np.float32(0.9705)]
2026-08-08 00:23:53.468667: Epoch time: 24.18 s
2026-08-08 00:23:53.469082: Yayy! New best EMA pseudo Dice: 0.958299994468689
2026-08-08 00:23:53.890323: 
2026-08-08 00:23:53.890541: Epoch 43
2026-08-08 00:23:53.890787: Current learning rate: 0.00961
2026-08-08 00:24:18.052949: train_loss -0.9285
2026-08-08 00:24:18.053418: val_loss -0.9388
2026-08-08 00:24:18.055486: Pseudo dice [np.float32(0.9546), np.float32(0.9737), np.float32(0.9711)]
2026-08-08 00:24:18.055695: Epoch time: 24.16 s
2026-08-08 00:24:18.055882: Yayy! New best EMA pseudo Dice: 0.9591000080108643
2026-08-08 00:24:18.479186: 
2026-08-08 00:24:18.479393: Epoch 44
2026-08-08 00:24:18.479610: Current learning rate: 0.0096
2026-08-08 00:24:42.642560: train_loss -0.9305
2026-08-08 00:24:42.642960: val_loss -0.9394
2026-08-08 00:24:42.643613: Pseudo dice [np.float32(0.9566), np.float32(0.9733), np.float32(0.9693)]
2026-08-08 00:24:42.644925: Epoch time: 24.16 s
2026-08-08 00:24:42.646417: Yayy! New best EMA pseudo Dice: 0.9599000215530396
2026-08-08 00:24:43.069241: 
2026-08-08 00:24:43.069467: Epoch 45
2026-08-08 00:24:43.070166: Current learning rate: 0.00959
2026-08-08 00:25:07.230685: train_loss -0.9292
2026-08-08 00:25:07.231269: val_loss -0.9405
2026-08-08 00:25:07.231528: Pseudo dice [np.float32(0.9557), np.float32(0.9743), np.float32(0.9707)]
2026-08-08 00:25:07.231741: Epoch time: 24.16 s
2026-08-08 00:25:07.231861: Yayy! New best EMA pseudo Dice: 0.9606000185012817
2026-08-08 00:25:07.651195: 
2026-08-08 00:25:07.651436: Epoch 46
2026-08-08 00:25:07.651571: Current learning rate: 0.00959
2026-08-08 00:25:31.824632: train_loss -0.9325
2026-08-08 00:25:31.825159: val_loss -0.9374
2026-08-08 00:25:31.825337: Pseudo dice [np.float32(0.9526), np.float32(0.9733), np.float32(0.9682)]
2026-08-08 00:25:31.825744: Epoch time: 24.17 s
2026-08-08 00:25:31.825937: Yayy! New best EMA pseudo Dice: 0.9610000252723694
2026-08-08 00:25:32.238235: 
2026-08-08 00:25:32.238674: Epoch 47
2026-08-08 00:25:32.239459: Current learning rate: 0.00958
2026-08-08 00:25:56.412387: train_loss -0.9291
2026-08-08 00:25:56.412772: val_loss -0.9336
2026-08-08 00:25:56.413038: Pseudo dice [np.float32(0.9516), np.float32(0.9726), np.float32(0.9656)]
2026-08-08 00:25:56.413416: Epoch time: 24.17 s
2026-08-08 00:25:56.413709: Yayy! New best EMA pseudo Dice: 0.9611999988555908
2026-08-08 00:25:56.835739: 
2026-08-08 00:25:56.836030: Epoch 48
2026-08-08 00:25:56.836240: Current learning rate: 0.00957
2026-08-08 00:26:21.003361: train_loss -0.9299
2026-08-08 00:26:21.003774: val_loss -0.9361
2026-08-08 00:26:21.004335: Pseudo dice [np.float32(0.9524), np.float32(0.9723), np.float32(0.9704)]
2026-08-08 00:26:21.005287: Epoch time: 24.17 s
2026-08-08 00:26:21.005635: Yayy! New best EMA pseudo Dice: 0.9616000056266785
2026-08-08 00:26:21.423379: 
2026-08-08 00:26:21.423594: Epoch 49
2026-08-08 00:26:21.424268: Current learning rate: 0.00956
2026-08-08 00:26:45.600162: train_loss -0.931
2026-08-08 00:26:45.600547: val_loss -0.9352
2026-08-08 00:26:45.601702: Pseudo dice [np.float32(0.9518), np.float32(0.9718), np.float32(0.9697)]
2026-08-08 00:26:45.602357: Epoch time: 24.18 s
2026-08-08 00:26:45.616361: Yayy! New best EMA pseudo Dice: 0.961899995803833
2026-08-08 00:26:46.031593: 
2026-08-08 00:26:46.031839: Epoch 50
2026-08-08 00:26:46.032390: Current learning rate: 0.00955
2026-08-08 00:27:10.196879: train_loss -0.9307
2026-08-08 00:27:10.197257: val_loss -0.9362
2026-08-08 00:27:10.197709: Pseudo dice [np.float32(0.9533), np.float32(0.9722), np.float32(0.9694)]
2026-08-08 00:27:10.197959: Epoch time: 24.17 s
2026-08-08 00:27:10.198422: Yayy! New best EMA pseudo Dice: 0.9621999859809875
2026-08-08 00:27:10.616564: 
2026-08-08 00:27:10.616817: Epoch 51
2026-08-08 00:27:10.617052: Current learning rate: 0.00954
2026-08-08 00:27:34.785858: train_loss -0.9331
2026-08-08 00:27:34.786237: val_loss -0.9384
2026-08-08 00:27:34.786714: Pseudo dice [np.float32(0.9544), np.float32(0.9732), np.float32(0.9687)]
2026-08-08 00:27:34.787014: Epoch time: 24.17 s
2026-08-08 00:27:34.788282: Yayy! New best EMA pseudo Dice: 0.9624999761581421
2026-08-08 00:27:35.222074: 
2026-08-08 00:27:35.222301: Epoch 52
2026-08-08 00:27:35.222430: Current learning rate: 0.00953
2026-08-08 00:27:59.389379: train_loss -0.9332
2026-08-08 00:27:59.390457: val_loss -0.9413
2026-08-08 00:27:59.391616: Pseudo dice [np.float32(0.9574), np.float32(0.9743), np.float32(0.9698)]
2026-08-08 00:27:59.391856: Epoch time: 24.17 s
2026-08-08 00:27:59.392071: Yayy! New best EMA pseudo Dice: 0.9629999995231628
2026-08-08 00:27:59.809710: 
2026-08-08 00:27:59.809940: Epoch 53
2026-08-08 00:27:59.811674: Current learning rate: 0.00952
2026-08-08 00:28:23.971214: train_loss -0.9336
2026-08-08 00:28:23.971598: val_loss -0.9404
2026-08-08 00:28:23.972866: Pseudo dice [np.float32(0.9578), np.float32(0.9737), np.float32(0.9677)]
2026-08-08 00:28:23.973614: Epoch time: 24.16 s
2026-08-08 00:28:23.973746: Yayy! New best EMA pseudo Dice: 0.9632999897003174
2026-08-08 00:28:24.617762: 
2026-08-08 00:28:24.617980: Epoch 54
2026-08-08 00:28:24.618115: Current learning rate: 0.00951
2026-08-08 00:28:48.794739: train_loss -0.931
2026-08-08 00:28:48.795909: val_loss -0.9358
2026-08-08 00:28:48.796779: Pseudo dice [np.float32(0.9526), np.float32(0.9725), np.float32(0.9672)]
2026-08-08 00:28:48.797067: Epoch time: 24.18 s
2026-08-08 00:28:48.797297: Yayy! New best EMA pseudo Dice: 0.9634000062942505
2026-08-08 00:28:49.230152: 
2026-08-08 00:28:49.230963: Epoch 55
2026-08-08 00:28:49.231091: Current learning rate: 0.0095
2026-08-08 00:29:13.402511: train_loss -0.9329
2026-08-08 00:29:13.402969: val_loss -0.9406
2026-08-08 00:29:13.403236: Pseudo dice [np.float32(0.9561), np.float32(0.9742), np.float32(0.9699)]
2026-08-08 00:29:13.403396: Epoch time: 24.17 s
2026-08-08 00:29:13.403509: Yayy! New best EMA pseudo Dice: 0.963699996471405
2026-08-08 00:29:13.829763: 
2026-08-08 00:29:13.829974: Epoch 56
2026-08-08 00:29:13.830104: Current learning rate: 0.00949
2026-08-08 00:29:38.014328: train_loss -0.934
2026-08-08 00:29:38.014724: val_loss -0.9238
2026-08-08 00:29:38.014993: Pseudo dice [np.float32(0.9447), np.float32(0.9698), np.float32(0.9599)]
2026-08-08 00:29:38.015787: Epoch time: 24.18 s
2026-08-08 00:29:38.419022: 
2026-08-08 00:29:38.419228: Epoch 57
2026-08-08 00:29:38.419369: Current learning rate: 0.00949
2026-08-08 00:30:02.584938: train_loss -0.9337
2026-08-08 00:30:02.585331: val_loss -0.942
2026-08-08 00:30:02.585832: Pseudo dice [np.float32(0.9571), np.float32(0.9739), np.float32(0.9711)]
2026-08-08 00:30:02.586806: Epoch time: 24.17 s
2026-08-08 00:30:02.987869: 
2026-08-08 00:30:02.988082: Epoch 58
2026-08-08 00:30:02.988210: Current learning rate: 0.00948
2026-08-08 00:30:27.157147: train_loss -0.9312
2026-08-08 00:30:27.158432: val_loss -0.8616
2026-08-08 00:30:27.158885: Pseudo dice [np.float32(0.8705), np.float32(0.9683), np.float32(0.9542)]
2026-08-08 00:30:27.159107: Epoch time: 24.17 s
2026-08-08 00:30:27.569504: 
2026-08-08 00:30:27.569720: Epoch 59
2026-08-08 00:30:27.569853: Current learning rate: 0.00947
2026-08-08 00:30:51.725679: train_loss -0.9335
2026-08-08 00:30:51.726159: val_loss -0.9121
2026-08-08 00:30:51.726438: Pseudo dice [np.float32(0.9195), np.float32(0.972), np.float32(0.9661)]
2026-08-08 00:30:51.726690: Epoch time: 24.16 s
2026-08-08 00:30:52.130308: 
2026-08-08 00:30:52.130514: Epoch 60
2026-08-08 00:30:52.130796: Current learning rate: 0.00946
2026-08-08 00:31:16.299316: train_loss -0.9328
2026-08-08 00:31:16.299708: val_loss -0.9412
2026-08-08 00:31:16.299883: Pseudo dice [np.float32(0.9559), np.float32(0.9743), np.float32(0.9716)]
2026-08-08 00:31:16.300173: Epoch time: 24.17 s
2026-08-08 00:31:16.706583: 
2026-08-08 00:31:16.707396: Epoch 61
2026-08-08 00:31:16.707857: Current learning rate: 0.00945
2026-08-08 00:31:40.874418: train_loss -0.9343
2026-08-08 00:31:40.874801: val_loss -0.8995
2026-08-08 00:31:40.875115: Pseudo dice [np.float32(0.9096), np.float32(0.9718), np.float32(0.9641)]
2026-08-08 00:31:40.875281: Epoch time: 24.17 s
2026-08-08 00:31:41.281303: 
2026-08-08 00:31:41.281523: Epoch 62
2026-08-08 00:31:41.281739: Current learning rate: 0.00944
2026-08-08 00:32:05.452380: train_loss -0.9343
2026-08-08 00:32:05.452779: val_loss -0.942
2026-08-08 00:32:05.453155: Pseudo dice [np.float32(0.9571), np.float32(0.974), np.float32(0.9713)]
2026-08-08 00:32:05.453569: Epoch time: 24.17 s
2026-08-08 00:32:05.864924: 
2026-08-08 00:32:05.865136: Epoch 63
2026-08-08 00:32:05.865775: Current learning rate: 0.00943
2026-08-08 00:32:30.040179: train_loss -0.9323
2026-08-08 00:32:30.040614: val_loss -0.9398
2026-08-08 00:32:30.040988: Pseudo dice [np.float32(0.9562), np.float32(0.9736), np.float32(0.9706)]
2026-08-08 00:32:30.041227: Epoch time: 24.18 s
2026-08-08 00:32:30.450856: 
2026-08-08 00:32:30.451101: Epoch 64
2026-08-08 00:32:30.451234: Current learning rate: 0.00942
2026-08-08 00:32:54.616444: train_loss -0.9343
2026-08-08 00:32:54.616990: val_loss -0.9079
2026-08-08 00:32:54.617834: Pseudo dice [np.float32(0.9262), np.float32(0.9681), np.float32(0.9607)]
2026-08-08 00:32:54.618185: Epoch time: 24.17 s
2026-08-08 00:32:55.028000: 
2026-08-08 00:32:55.028211: Epoch 65
2026-08-08 00:32:55.028345: Current learning rate: 0.00941
2026-08-08 00:33:19.199036: train_loss -0.9339
2026-08-08 00:33:19.199431: val_loss -0.9407
2026-08-08 00:33:19.199781: Pseudo dice [np.float32(0.9552), np.float32(0.9745), np.float32(0.9723)]
2026-08-08 00:33:19.200380: Epoch time: 24.17 s
2026-08-08 00:33:19.830453: 
2026-08-08 00:33:19.830683: Epoch 66
2026-08-08 00:33:19.830882: Current learning rate: 0.0094
2026-08-08 00:33:43.999664: train_loss -0.9327
2026-08-08 00:33:44.000112: val_loss -0.9374
2026-08-08 00:33:44.000419: Pseudo dice [np.float32(0.956), np.float32(0.9727), np.float32(0.9657)]
2026-08-08 00:33:44.000726: Epoch time: 24.17 s
2026-08-08 00:33:44.418818: 
2026-08-08 00:33:44.419064: Epoch 67
2026-08-08 00:33:44.419545: Current learning rate: 0.00939
2026-08-08 00:34:08.589679: train_loss -0.9329
2026-08-08 00:34:08.590064: val_loss -0.9404
2026-08-08 00:34:08.590402: Pseudo dice [np.float32(0.9577), np.float32(0.9743), np.float32(0.9661)]
2026-08-08 00:34:08.590697: Epoch time: 24.17 s
2026-08-08 00:34:09.001030: 
2026-08-08 00:34:09.001268: Epoch 68
2026-08-08 00:34:09.001479: Current learning rate: 0.00939
2026-08-08 00:34:33.169053: train_loss -0.9338
2026-08-08 00:34:33.169502: val_loss -0.9095
2026-08-08 00:34:33.169816: Pseudo dice [np.float32(0.9341), np.float32(0.9649), np.float32(0.9503)]
2026-08-08 00:34:33.170089: Epoch time: 24.17 s
2026-08-08 00:34:33.587319: 
2026-08-08 00:34:33.587536: Epoch 69
2026-08-08 00:34:33.588084: Current learning rate: 0.00938
2026-08-08 00:34:57.753390: train_loss -0.9345
2026-08-08 00:34:57.753998: val_loss -0.9141
2026-08-08 00:34:57.754628: Pseudo dice [np.float32(0.9244), np.float32(0.9711), np.float32(0.9666)]
2026-08-08 00:34:57.754909: Epoch time: 24.17 s
2026-08-08 00:34:58.173318: 
2026-08-08 00:34:58.173531: Epoch 70
2026-08-08 00:34:58.173751: Current learning rate: 0.00937
2026-08-08 00:35:22.337317: train_loss -0.9349
2026-08-08 00:35:22.337734: val_loss -0.9349
2026-08-08 00:35:22.338038: Pseudo dice [np.float32(0.9519), np.float32(0.9733), np.float32(0.9672)]
2026-08-08 00:35:22.338333: Epoch time: 24.16 s
2026-08-08 00:35:22.757851: 
2026-08-08 00:35:22.758066: Epoch 71
2026-08-08 00:35:22.758548: Current learning rate: 0.00936
2026-08-08 00:35:46.928527: train_loss -0.937
2026-08-08 00:35:46.928918: val_loss -0.9446
2026-08-08 00:35:46.930653: Pseudo dice [np.float32(0.96), np.float32(0.9754), np.float32(0.9712)]
2026-08-08 00:35:46.930999: Epoch time: 24.17 s
2026-08-08 00:35:47.342529: 
2026-08-08 00:35:47.342753: Epoch 72
2026-08-08 00:35:47.343224: Current learning rate: 0.00935
2026-08-08 00:36:11.510813: train_loss -0.9337
2026-08-08 00:36:11.511340: val_loss -0.9383
2026-08-08 00:36:11.511698: Pseudo dice [np.float32(0.9548), np.float32(0.973), np.float32(0.9683)]
2026-08-08 00:36:11.511981: Epoch time: 24.17 s
2026-08-08 00:36:11.922233: 
2026-08-08 00:36:11.922442: Epoch 73
2026-08-08 00:36:11.922724: Current learning rate: 0.00934
2026-08-08 00:36:36.100391: train_loss -0.9372
2026-08-08 00:36:36.100885: val_loss -0.9425
2026-08-08 00:36:36.101061: Pseudo dice [np.float32(0.9576), np.float32(0.9742), np.float32(0.9714)]
2026-08-08 00:36:36.101228: Epoch time: 24.18 s
2026-08-08 00:36:36.510530: 
2026-08-08 00:36:36.510747: Epoch 74
2026-08-08 00:36:36.510941: Current learning rate: 0.00933
2026-08-08 00:37:00.685512: train_loss -0.9337
2026-08-08 00:37:00.686001: val_loss -0.8252
2026-08-08 00:37:00.686323: Pseudo dice [np.float32(0.8485), np.float32(0.9727), np.float32(0.9673)]
2026-08-08 00:37:00.686549: Epoch time: 24.18 s
2026-08-08 00:37:01.102011: 
2026-08-08 00:37:01.102224: Epoch 75
2026-08-08 00:37:01.103580: Current learning rate: 0.00932
2026-08-08 00:37:25.276595: train_loss -0.936
2026-08-08 00:37:25.276978: val_loss -0.9282
2026-08-08 00:37:25.277454: Pseudo dice [np.float32(0.9439), np.float32(0.9735), np.float32(0.9653)]
2026-08-08 00:37:25.277919: Epoch time: 24.17 s
2026-08-08 00:37:25.692069: 
2026-08-08 00:37:25.692405: Epoch 76
2026-08-08 00:37:25.692867: Current learning rate: 0.00931
2026-08-08 00:37:49.865000: train_loss -0.936
2026-08-08 00:37:49.865394: val_loss -0.9428
2026-08-08 00:37:49.865694: Pseudo dice [np.float32(0.958), np.float32(0.9745), np.float32(0.9703)]
2026-08-08 00:37:49.865970: Epoch time: 24.17 s
2026-08-08 00:37:50.279595: 
2026-08-08 00:37:50.280335: Epoch 77
2026-08-08 00:37:50.280712: Current learning rate: 0.0093
2026-08-08 00:38:14.448738: train_loss -0.9366
2026-08-08 00:38:14.449263: val_loss -0.9423
2026-08-08 00:38:14.449658: Pseudo dice [np.float32(0.958), np.float32(0.9745), np.float32(0.9694)]
2026-08-08 00:38:14.449964: Epoch time: 24.17 s
2026-08-08 00:38:15.084741: 
2026-08-08 00:38:15.084962: Epoch 78
2026-08-08 00:38:15.085658: Current learning rate: 0.0093
2026-08-08 00:38:39.253887: train_loss -0.9386
2026-08-08 00:38:39.254272: val_loss -0.9422
2026-08-08 00:38:39.255175: Pseudo dice [np.float32(0.9576), np.float32(0.9745), np.float32(0.9708)]
2026-08-08 00:38:39.255617: Epoch time: 24.17 s
2026-08-08 00:38:39.676155: 
2026-08-08 00:38:39.676369: Epoch 79
2026-08-08 00:38:39.676511: Current learning rate: 0.00929
2026-08-08 00:39:03.840632: train_loss -0.9354
2026-08-08 00:39:03.841060: val_loss -0.9416
2026-08-08 00:39:03.841305: Pseudo dice [np.float32(0.9583), np.float32(0.974), np.float32(0.9679)]
2026-08-08 00:39:03.841648: Epoch time: 24.16 s
2026-08-08 00:39:04.253224: 
2026-08-08 00:39:04.253435: Epoch 80
2026-08-08 00:39:04.253578: Current learning rate: 0.00928
2026-08-08 00:39:28.418353: train_loss -0.9364
2026-08-08 00:39:28.418747: val_loss -0.9431
2026-08-08 00:39:28.419412: Pseudo dice [np.float32(0.9587), np.float32(0.9746), np.float32(0.9698)]
2026-08-08 00:39:28.419715: Epoch time: 24.17 s
2026-08-08 00:39:28.846392: 
2026-08-08 00:39:28.846759: Epoch 81
2026-08-08 00:39:28.847186: Current learning rate: 0.00927
2026-08-08 00:39:53.020927: train_loss -0.936
2026-08-08 00:39:53.021299: val_loss -0.9388
2026-08-08 00:39:53.021773: Pseudo dice [np.float32(0.9537), np.float32(0.9741), np.float32(0.9717)]
2026-08-08 00:39:53.023312: Epoch time: 24.17 s
2026-08-08 00:39:53.440181: 
2026-08-08 00:39:53.441127: Epoch 82
2026-08-08 00:39:53.442218: Current learning rate: 0.00926
2026-08-08 00:40:17.614865: train_loss -0.9373
2026-08-08 00:40:17.615270: val_loss -0.9228
2026-08-08 00:40:17.615785: Pseudo dice [np.float32(0.9308), np.float32(0.9744), np.float32(0.9684)]
2026-08-08 00:40:17.616663: Epoch time: 24.17 s
2026-08-08 00:40:18.017410: 
2026-08-08 00:40:18.017634: Epoch 83
2026-08-08 00:40:18.017907: Current learning rate: 0.00925
2026-08-08 00:40:42.189553: train_loss -0.9364
2026-08-08 00:40:42.190076: val_loss -0.9348
2026-08-08 00:40:42.190238: Pseudo dice [np.float32(0.9514), np.float32(0.9733), np.float32(0.9673)]
2026-08-08 00:40:42.190531: Epoch time: 24.17 s
2026-08-08 00:40:42.594351: 
2026-08-08 00:40:42.594570: Epoch 84
2026-08-08 00:40:42.594707: Current learning rate: 0.00924
2026-08-08 00:41:06.753431: train_loss -0.938
2026-08-08 00:41:06.753828: val_loss -0.9392
2026-08-08 00:41:06.754841: Pseudo dice [np.float32(0.9589), np.float32(0.9733), np.float32(0.9629)]
2026-08-08 00:41:06.755139: Epoch time: 24.16 s
2026-08-08 00:41:07.159443: 
2026-08-08 00:41:07.159665: Epoch 85
2026-08-08 00:41:07.159803: Current learning rate: 0.00923
2026-08-08 00:41:31.324428: train_loss -0.9369
2026-08-08 00:41:31.325034: val_loss -0.9409
2026-08-08 00:41:31.325973: Pseudo dice [np.float32(0.9577), np.float32(0.9737), np.float32(0.9703)]
2026-08-08 00:41:31.326575: Epoch time: 24.17 s
2026-08-08 00:41:31.736474: 
2026-08-08 00:41:31.736688: Epoch 86
2026-08-08 00:41:31.736821: Current learning rate: 0.00922
2026-08-08 00:41:55.908465: train_loss -0.9376
2026-08-08 00:41:55.908875: val_loss -0.9431
2026-08-08 00:41:55.909229: Pseudo dice [np.float32(0.9595), np.float32(0.9745), np.float32(0.9703)]
2026-08-08 00:41:55.909598: Epoch time: 24.17 s
2026-08-08 00:41:56.311200: 
2026-08-08 00:41:56.311603: Epoch 87
2026-08-08 00:41:56.312172: Current learning rate: 0.00921
2026-08-08 00:42:20.486801: train_loss -0.9365
2026-08-08 00:42:20.487320: val_loss -0.941
2026-08-08 00:42:20.487772: Pseudo dice [np.float32(0.9575), np.float32(0.9742), np.float32(0.9699)]
2026-08-08 00:42:20.488120: Epoch time: 24.18 s
2026-08-08 00:42:20.488314: Yayy! New best EMA pseudo Dice: 0.9639999866485596
2026-08-08 00:42:20.911812: 
2026-08-08 00:42:20.912309: Epoch 88
2026-08-08 00:42:20.912516: Current learning rate: 0.0092
2026-08-08 00:42:45.081311: train_loss -0.9376
2026-08-08 00:42:45.081738: val_loss -0.9412
2026-08-08 00:42:45.082093: Pseudo dice [np.float32(0.9556), np.float32(0.9744), np.float32(0.9705)]
2026-08-08 00:42:45.082403: Epoch time: 24.17 s
2026-08-08 00:42:45.082634: Yayy! New best EMA pseudo Dice: 0.9642999768257141
2026-08-08 00:42:45.507346: 
2026-08-08 00:42:45.507561: Epoch 89
2026-08-08 00:42:45.507835: Current learning rate: 0.0092
2026-08-08 00:43:09.674703: train_loss -0.9375
2026-08-08 00:43:09.675128: val_loss -0.7514
2026-08-08 00:43:09.675539: Pseudo dice [np.float32(0.7951), np.float32(0.9724), np.float32(0.9618)]
2026-08-08 00:43:09.675849: Epoch time: 24.17 s
2026-08-08 00:43:10.304281: 
2026-08-08 00:43:10.304503: Epoch 90
2026-08-08 00:43:10.304757: Current learning rate: 0.00919
2026-08-08 00:43:34.476143: train_loss -0.9364
2026-08-08 00:43:34.476515: val_loss -0.9313
2026-08-08 00:43:34.476691: Pseudo dice [np.float32(0.9429), np.float32(0.9737), np.float32(0.9693)]
2026-08-08 00:43:34.476854: Epoch time: 24.17 s
2026-08-08 00:43:34.887565: 
2026-08-08 00:43:34.888443: Epoch 91
2026-08-08 00:43:34.889197: Current learning rate: 0.00918
2026-08-08 00:43:59.053419: train_loss -0.9358
2026-08-08 00:43:59.053900: val_loss -0.9437
2026-08-08 00:43:59.054159: Pseudo dice [np.float32(0.9594), np.float32(0.9742), np.float32(0.9724)]
2026-08-08 00:43:59.054337: Epoch time: 24.17 s
2026-08-08 00:43:59.458668: 
2026-08-08 00:43:59.458887: Epoch 92
2026-08-08 00:43:59.459195: Current learning rate: 0.00917
2026-08-08 00:44:23.632679: train_loss -0.935
2026-08-08 00:44:23.633057: val_loss -0.9397
2026-08-08 00:44:23.633714: Pseudo dice [np.float32(0.9577), np.float32(0.9728), np.float32(0.9682)]
2026-08-08 00:44:23.634038: Epoch time: 24.17 s
2026-08-08 00:44:24.044738: 
2026-08-08 00:44:24.044959: Epoch 93
2026-08-08 00:44:24.045490: Current learning rate: 0.00916
2026-08-08 00:44:48.215419: train_loss -0.9366
2026-08-08 00:44:48.215832: val_loss -0.9341
2026-08-08 00:44:48.216244: Pseudo dice [np.float32(0.9507), np.float32(0.9727), np.float32(0.9686)]
2026-08-08 00:44:48.216645: Epoch time: 24.17 s
2026-08-08 00:44:48.611212: 
2026-08-08 00:44:48.611543: Epoch 94
2026-08-08 00:44:48.611941: Current learning rate: 0.00915
2026-08-08 00:45:12.793049: train_loss -0.939
2026-08-08 00:45:12.793603: val_loss -0.9306
2026-08-08 00:45:12.794510: Pseudo dice [np.float32(0.9434), np.float32(0.9744), np.float32(0.9714)]
2026-08-08 00:45:12.795220: Epoch time: 24.18 s
2026-08-08 00:45:13.190149: 
2026-08-08 00:45:13.190365: Epoch 95
2026-08-08 00:45:13.190699: Current learning rate: 0.00914
2026-08-08 00:45:37.356236: train_loss -0.9391
2026-08-08 00:45:37.356661: val_loss -0.9322
2026-08-08 00:45:37.357438: Pseudo dice [np.float32(0.9475), np.float32(0.9724), np.float32(0.9708)]
2026-08-08 00:45:37.357996: Epoch time: 24.17 s
2026-08-08 00:45:37.765005: 
2026-08-08 00:45:37.765223: Epoch 96
2026-08-08 00:45:37.765651: Current learning rate: 0.00913
2026-08-08 00:46:01.936327: train_loss -0.9369
2026-08-08 00:46:01.936713: val_loss -0.8986
2026-08-08 00:46:01.937003: Pseudo dice [np.float32(0.9055), np.float32(0.9737), np.float32(0.9619)]
2026-08-08 00:46:01.937289: Epoch time: 24.17 s
2026-08-08 00:46:02.343666: 
2026-08-08 00:46:02.343878: Epoch 97
2026-08-08 00:46:02.344011: Current learning rate: 0.00912
2026-08-08 00:46:26.514953: train_loss -0.9397
2026-08-08 00:46:26.515552: val_loss -0.9448
2026-08-08 00:46:26.516114: Pseudo dice [np.float32(0.9606), np.float32(0.9754), np.float32(0.9709)]
2026-08-08 00:46:26.516423: Epoch time: 24.17 s
2026-08-08 00:46:26.925628: 
2026-08-08 00:46:26.925989: Epoch 98
2026-08-08 00:46:26.926662: Current learning rate: 0.00911
2026-08-08 00:46:51.103527: train_loss -0.9377
2026-08-08 00:46:51.103968: val_loss -0.9436
2026-08-08 00:46:51.104144: Pseudo dice [np.float32(0.9592), np.float32(0.9749), np.float32(0.9691)]
2026-08-08 00:46:51.104609: Epoch time: 24.18 s
2026-08-08 00:46:51.505731: 
2026-08-08 00:46:51.505947: Epoch 99
2026-08-08 00:46:51.506211: Current learning rate: 0.0091
2026-08-08 00:47:15.676689: train_loss -0.9358
2026-08-08 00:47:15.677057: val_loss -0.9413
2026-08-08 00:47:15.677357: Pseudo dice [np.float32(0.9563), np.float32(0.974), np.float32(0.9727)]
2026-08-08 00:47:15.677545: Epoch time: 24.17 s
2026-08-08 00:47:16.100763: 
2026-08-08 00:47:16.101293: Epoch 100
2026-08-08 00:47:16.101576: Current learning rate: 0.0091
2026-08-08 00:47:40.272664: train_loss -0.9361
2026-08-08 00:47:40.273076: val_loss -0.9419
2026-08-08 00:47:40.273249: Pseudo dice [np.float32(0.9592), np.float32(0.974), np.float32(0.9694)]
2026-08-08 00:47:40.274732: Epoch time: 24.17 s
2026-08-08 00:47:40.679622: 
2026-08-08 00:47:40.679843: Epoch 101
2026-08-08 00:47:40.680005: Current learning rate: 0.00909
2026-08-08 00:48:04.847852: train_loss -0.9368
2026-08-08 00:48:04.848386: val_loss -0.9408
2026-08-08 00:48:04.848850: Pseudo dice [np.float32(0.9576), np.float32(0.9739), np.float32(0.9688)]
2026-08-08 00:48:04.849536: Epoch time: 24.17 s
2026-08-08 00:48:05.253414: 
2026-08-08 00:48:05.253636: Epoch 102
2026-08-08 00:48:05.254366: Current learning rate: 0.00908
2026-08-08 00:48:29.431269: train_loss -0.9385
2026-08-08 00:48:29.431686: val_loss -0.9317
2026-08-08 00:48:29.432403: Pseudo dice [np.float32(0.9493), np.float32(0.9684), np.float32(0.9698)]
2026-08-08 00:48:29.432675: Epoch time: 24.18 s
2026-08-08 00:48:30.066978: 
2026-08-08 00:48:30.067216: Epoch 103
2026-08-08 00:48:30.067386: Current learning rate: 0.00907
2026-08-08 00:48:54.247371: train_loss -0.9365
2026-08-08 00:48:54.247859: val_loss -0.8178
2026-08-08 00:48:54.248137: Pseudo dice [np.float32(0.8498), np.float32(0.9724), np.float32(0.9631)]
2026-08-08 00:48:54.248421: Epoch time: 24.18 s
2026-08-08 00:48:54.644550: 
2026-08-08 00:48:54.644809: Epoch 104
2026-08-08 00:48:54.645112: Current learning rate: 0.00906
2026-08-08 00:49:18.815330: train_loss -0.9377
2026-08-08 00:49:18.816055: val_loss -0.9377
2026-08-08 00:49:18.817265: Pseudo dice [np.float32(0.9549), np.float32(0.9723), np.float32(0.9688)]
2026-08-08 00:49:18.817710: Epoch time: 24.17 s
2026-08-08 00:49:19.221420: 
2026-08-08 00:49:19.221674: Epoch 105
2026-08-08 00:49:19.221806: Current learning rate: 0.00905
2026-08-08 00:49:43.387407: train_loss -0.9367
2026-08-08 00:49:43.387789: val_loss -0.9394
2026-08-08 00:49:43.387964: Pseudo dice [np.float32(0.9567), np.float32(0.9745), np.float32(0.9671)]
2026-08-08 00:49:43.388188: Epoch time: 24.17 s
2026-08-08 00:49:43.790545: 
2026-08-08 00:49:43.790759: Epoch 106
2026-08-08 00:49:43.790964: Current learning rate: 0.00904
2026-08-08 00:50:07.958914: train_loss -0.9387
2026-08-08 00:50:07.959286: val_loss -0.9421
2026-08-08 00:50:07.959689: Pseudo dice [np.float32(0.9579), np.float32(0.9736), np.float32(0.9701)]
2026-08-08 00:50:07.959953: Epoch time: 24.17 s
2026-08-08 00:50:08.369855: 
2026-08-08 00:50:08.370510: Epoch 107
2026-08-08 00:50:08.370655: Current learning rate: 0.00903
2026-08-08 00:50:32.531981: train_loss -0.9401
2026-08-08 00:50:32.532485: val_loss -0.9014
2026-08-08 00:50:32.534027: Pseudo dice [np.float32(0.9124), np.float32(0.9745), np.float32(0.9689)]
2026-08-08 00:50:32.534454: Epoch time: 24.16 s
2026-08-08 00:50:32.935123: 
2026-08-08 00:50:32.935346: Epoch 108
2026-08-08 00:50:32.935595: Current learning rate: 0.00902
2026-08-08 00:50:57.108216: train_loss -0.9399
2026-08-08 00:50:57.109437: val_loss -0.945
2026-08-08 00:50:57.109809: Pseudo dice [np.float32(0.9599), np.float32(0.9749), np.float32(0.9725)]
2026-08-08 00:50:57.110120: Epoch time: 24.17 s
2026-08-08 00:50:57.518029: 
2026-08-08 00:50:57.518418: Epoch 109
2026-08-08 00:50:57.518751: Current learning rate: 0.00901
2026-08-08 00:51:21.690048: train_loss -0.9387
2026-08-08 00:51:21.690550: val_loss -0.944
2026-08-08 00:51:21.690918: Pseudo dice [np.float32(0.9595), np.float32(0.9748), np.float32(0.9717)]
2026-08-08 00:51:21.691233: Epoch time: 24.17 s
2026-08-08 00:51:22.096731: 
2026-08-08 00:51:22.097016: Epoch 110
2026-08-08 00:51:22.097214: Current learning rate: 0.009
2026-08-08 00:51:46.271332: train_loss -0.9377
2026-08-08 00:51:46.271734: val_loss -0.9462
2026-08-08 00:51:46.271924: Pseudo dice [np.float32(0.9613), np.float32(0.9756), np.float32(0.9726)]
2026-08-08 00:51:46.272202: Epoch time: 24.17 s
2026-08-08 00:51:46.684291: 
2026-08-08 00:51:46.684510: Epoch 111
2026-08-08 00:51:46.684657: Current learning rate: 0.009
2026-08-08 00:52:10.858610: train_loss -0.9388
2026-08-08 00:52:10.859169: val_loss -0.943
2026-08-08 00:52:10.859591: Pseudo dice [np.float32(0.9592), np.float32(0.9734), np.float32(0.9713)]
2026-08-08 00:52:10.860048: Epoch time: 24.17 s
2026-08-08 00:52:11.259042: 
2026-08-08 00:52:11.259301: Epoch 112
2026-08-08 00:52:11.259438: Current learning rate: 0.00899
2026-08-08 00:52:35.433179: train_loss -0.9382
2026-08-08 00:52:35.433589: val_loss -0.9426
2026-08-08 00:52:35.433885: Pseudo dice [np.float32(0.9578), np.float32(0.9749), np.float32(0.9717)]
2026-08-08 00:52:35.434072: Epoch time: 24.17 s
2026-08-08 00:52:35.834850: 
2026-08-08 00:52:35.835071: Epoch 113
2026-08-08 00:52:35.835336: Current learning rate: 0.00898
2026-08-08 00:53:00.008492: train_loss -0.939
2026-08-08 00:53:00.009103: val_loss -0.9054
2026-08-08 00:53:00.009922: Pseudo dice [np.float32(0.9104), np.float32(0.9741), np.float32(0.9701)]
2026-08-08 00:53:00.010206: Epoch time: 24.17 s
2026-08-08 00:53:00.421328: 
2026-08-08 00:53:00.421558: Epoch 114
2026-08-08 00:53:00.422452: Current learning rate: 0.00897
2026-08-08 00:53:24.588797: train_loss -0.9401
2026-08-08 00:53:24.589388: val_loss -0.9421
2026-08-08 00:53:24.590568: Pseudo dice [np.float32(0.9569), np.float32(0.9745), np.float32(0.9711)]
2026-08-08 00:53:24.590772: Epoch time: 24.17 s
2026-08-08 00:53:24.992330: 
2026-08-08 00:53:24.992539: Epoch 115
2026-08-08 00:53:24.992674: Current learning rate: 0.00896
2026-08-08 00:53:49.157852: train_loss -0.9393
2026-08-08 00:53:49.158223: val_loss -0.9147
2026-08-08 00:53:49.158776: Pseudo dice [np.float32(0.9269), np.float32(0.971), np.float32(0.9677)]
2026-08-08 00:53:49.159579: Epoch time: 24.17 s
2026-08-08 00:53:49.800691: 
2026-08-08 00:53:49.801125: Epoch 116
2026-08-08 00:53:49.801558: Current learning rate: 0.00895
2026-08-08 00:54:13.958112: train_loss -0.9364
2026-08-08 00:54:13.958501: val_loss -0.9431
2026-08-08 00:54:13.958917: Pseudo dice [np.float32(0.9591), np.float32(0.9748), np.float32(0.9702)]
2026-08-08 00:54:13.960268: Epoch time: 24.16 s
2026-08-08 00:54:14.374867: 
2026-08-08 00:54:14.375182: Epoch 117
2026-08-08 00:54:14.376019: Current learning rate: 0.00894
2026-08-08 00:54:38.543819: train_loss -0.9399
2026-08-08 00:54:38.544523: val_loss -0.9436
2026-08-08 00:54:38.545646: Pseudo dice [np.float32(0.9571), np.float32(0.976), np.float32(0.9724)]
2026-08-08 00:54:38.546460: Epoch time: 24.17 s
2026-08-08 00:54:38.959270: 
2026-08-08 00:54:38.959501: Epoch 118
2026-08-08 00:54:38.959695: Current learning rate: 0.00893
2026-08-08 00:55:03.121775: train_loss -0.9401
2026-08-08 00:55:03.122211: val_loss -0.9408
2026-08-08 00:55:03.122497: Pseudo dice [np.float32(0.9561), np.float32(0.9745), np.float32(0.9706)]
2026-08-08 00:55:03.122763: Epoch time: 24.16 s
2026-08-08 00:55:03.531036: 
2026-08-08 00:55:03.531255: Epoch 119
2026-08-08 00:55:03.531456: Current learning rate: 0.00892
2026-08-08 00:55:27.698419: train_loss -0.9388
2026-08-08 00:55:27.698869: val_loss -0.9405
2026-08-08 00:55:27.699263: Pseudo dice [np.float32(0.9561), np.float32(0.9744), np.float32(0.9718)]
2026-08-08 00:55:27.699574: Epoch time: 24.17 s
2026-08-08 00:55:28.111459: 
2026-08-08 00:55:28.111688: Epoch 120
2026-08-08 00:55:28.112257: Current learning rate: 0.00891
2026-08-08 00:55:52.280681: train_loss -0.9384
2026-08-08 00:55:52.281069: val_loss -0.937
2026-08-08 00:55:52.281355: Pseudo dice [np.float32(0.9512), np.float32(0.9754), np.float32(0.9707)]
2026-08-08 00:55:52.281754: Epoch time: 24.17 s
2026-08-08 00:55:52.282015: Yayy! New best EMA pseudo Dice: 0.9642999768257141
2026-08-08 00:55:52.706903: 
2026-08-08 00:55:52.707115: Epoch 121
2026-08-08 00:55:52.707609: Current learning rate: 0.0089
2026-08-08 00:56:16.877112: train_loss -0.939
2026-08-08 00:56:16.877503: val_loss -0.9466
2026-08-08 00:56:16.879024: Pseudo dice [np.float32(0.9615), np.float32(0.9755), np.float32(0.9728)]
2026-08-08 00:56:16.879323: Epoch time: 24.17 s
2026-08-08 00:56:16.879543: Yayy! New best EMA pseudo Dice: 0.964900016784668
2026-08-08 00:56:17.311744: 
2026-08-08 00:56:17.311982: Epoch 122
2026-08-08 00:56:17.312186: Current learning rate: 0.00889
2026-08-08 00:56:41.477965: train_loss -0.9385
2026-08-08 00:56:41.478395: val_loss -0.9408
2026-08-08 00:56:41.478681: Pseudo dice [np.float32(0.957), np.float32(0.9736), np.float32(0.9691)]
2026-08-08 00:56:41.478850: Epoch time: 24.17 s
2026-08-08 00:56:41.478964: Yayy! New best EMA pseudo Dice: 0.9650999903678894
2026-08-08 00:56:41.909887: 
2026-08-08 00:56:41.910184: Epoch 123
2026-08-08 00:56:41.910378: Current learning rate: 0.00889
2026-08-08 00:57:06.076930: train_loss -0.9394
2026-08-08 00:57:06.077309: val_loss -0.9465
2026-08-08 00:57:06.077722: Pseudo dice [np.float32(0.9621), np.float32(0.9759), np.float32(0.9713)]
2026-08-08 00:57:06.078053: Epoch time: 24.17 s
2026-08-08 00:57:06.078296: Yayy! New best EMA pseudo Dice: 0.965499997138977
2026-08-08 00:57:06.507633: 
2026-08-08 00:57:06.507854: Epoch 124
2026-08-08 00:57:06.508095: Current learning rate: 0.00888
2026-08-08 00:57:30.679305: train_loss -0.941
2026-08-08 00:57:30.679716: val_loss -0.94
2026-08-08 00:57:30.680074: Pseudo dice [np.float32(0.9555), np.float32(0.9744), np.float32(0.9691)]
2026-08-08 00:57:30.680423: Epoch time: 24.17 s
2026-08-08 00:57:30.680566: Yayy! New best EMA pseudo Dice: 0.9656000137329102
2026-08-08 00:57:31.103863: 
2026-08-08 00:57:31.104218: Epoch 125
2026-08-08 00:57:31.104457: Current learning rate: 0.00887
2026-08-08 00:57:55.272586: train_loss -0.9412
2026-08-08 00:57:55.273051: val_loss -0.9424
2026-08-08 00:57:55.273484: Pseudo dice [np.float32(0.9578), np.float32(0.9752), np.float32(0.9702)]
2026-08-08 00:57:55.273754: Epoch time: 24.17 s
2026-08-08 00:57:55.273906: Yayy! New best EMA pseudo Dice: 0.9657999873161316
2026-08-08 00:57:55.699495: 
2026-08-08 00:57:55.699805: Epoch 126
2026-08-08 00:57:55.699939: Current learning rate: 0.00886
2026-08-08 00:58:19.866316: train_loss -0.9394
2026-08-08 00:58:19.866717: val_loss -0.9151
2026-08-08 00:58:19.866890: Pseudo dice [np.float32(0.9284), np.float32(0.974), np.float32(0.9632)]
2026-08-08 00:58:19.867171: Epoch time: 24.17 s
2026-08-08 00:58:20.280748: 
2026-08-08 00:58:20.280959: Epoch 127
2026-08-08 00:58:20.281154: Current learning rate: 0.00885
2026-08-08 00:58:44.457374: train_loss -0.9404
2026-08-08 00:58:44.457775: val_loss -0.9416
2026-08-08 00:58:44.458494: Pseudo dice [np.float32(0.9569), np.float32(0.9746), np.float32(0.9713)]
2026-08-08 00:58:44.458818: Epoch time: 24.18 s
2026-08-08 00:58:44.864620: 
2026-08-08 00:58:44.864898: Epoch 128
2026-08-08 00:58:44.865217: Current learning rate: 0.00884
2026-08-08 00:59:09.035257: train_loss -0.94
2026-08-08 00:59:09.035654: val_loss -0.9464
2026-08-08 00:59:09.036292: Pseudo dice [np.float32(0.9606), np.float32(0.9756), np.float32(0.9729)]
2026-08-08 00:59:09.036669: Epoch time: 24.17 s
2026-08-08 00:59:09.684686: 
2026-08-08 00:59:09.684903: Epoch 129
2026-08-08 00:59:09.685038: Current learning rate: 0.00883
2026-08-08 00:59:33.855900: train_loss -0.9392
2026-08-08 00:59:33.856277: val_loss -0.946
2026-08-08 00:59:33.856546: Pseudo dice [np.float32(0.9615), np.float32(0.9755), np.float32(0.9705)]
2026-08-08 00:59:33.856808: Epoch time: 24.17 s
2026-08-08 00:59:33.857434: Yayy! New best EMA pseudo Dice: 0.9659000039100647
2026-08-08 00:59:34.289389: 
2026-08-08 00:59:34.289931: Epoch 130
2026-08-08 00:59:34.290117: Current learning rate: 0.00882
2026-08-08 00:59:58.460653: train_loss -0.9405
2026-08-08 00:59:58.461078: val_loss -0.946
2026-08-08 00:59:58.461434: Pseudo dice [np.float32(0.9613), np.float32(0.976), np.float32(0.9722)]
2026-08-08 00:59:58.462055: Epoch time: 24.17 s
2026-08-08 00:59:58.462528: Yayy! New best EMA pseudo Dice: 0.9663000106811523
2026-08-08 00:59:58.896126: 
2026-08-08 00:59:58.896339: Epoch 131
2026-08-08 00:59:58.896635: Current learning rate: 0.00881
2026-08-08 01:00:23.069692: train_loss -0.9392
2026-08-08 01:00:23.070095: val_loss -0.945
2026-08-08 01:00:23.070535: Pseudo dice [np.float32(0.9624), np.float32(0.9749), np.float32(0.9696)]
2026-08-08 01:00:23.070843: Epoch time: 24.17 s
2026-08-08 01:00:23.071193: Yayy! New best EMA pseudo Dice: 0.9664999842643738
2026-08-08 01:00:23.498045: 
2026-08-08 01:00:23.498303: Epoch 132
2026-08-08 01:00:23.498532: Current learning rate: 0.0088
2026-08-08 01:00:47.664080: train_loss -0.9401
2026-08-08 01:00:47.664482: val_loss -0.9471
2026-08-08 01:00:47.664936: Pseudo dice [np.float32(0.9616), np.float32(0.9756), np.float32(0.9716)]
2026-08-08 01:00:47.665207: Epoch time: 24.17 s
2026-08-08 01:00:47.665477: Yayy! New best EMA pseudo Dice: 0.9667999744415283
2026-08-08 01:00:48.096433: 
2026-08-08 01:00:48.096650: Epoch 133
2026-08-08 01:00:48.097189: Current learning rate: 0.00879
2026-08-08 01:01:12.268846: train_loss -0.9394
2026-08-08 01:01:12.269480: val_loss -0.9211
2026-08-08 01:01:12.269920: Pseudo dice [np.float32(0.9376), np.float32(0.9711), np.float32(0.9628)]
2026-08-08 01:01:12.270143: Epoch time: 24.17 s
2026-08-08 01:01:12.686221: 
2026-08-08 01:01:12.686445: Epoch 134
2026-08-08 01:01:12.686785: Current learning rate: 0.00879
2026-08-08 01:01:36.850035: train_loss -0.9401
2026-08-08 01:01:36.850402: val_loss -0.943
2026-08-08 01:01:36.850688: Pseudo dice [np.float32(0.9571), np.float32(0.9741), np.float32(0.9731)]
2026-08-08 01:01:36.850945: Epoch time: 24.16 s
2026-08-08 01:01:37.268366: 
2026-08-08 01:01:37.268971: Epoch 135
2026-08-08 01:01:37.269167: Current learning rate: 0.00878
2026-08-08 01:02:01.435798: train_loss -0.9386
2026-08-08 01:02:01.436177: val_loss -0.9437
2026-08-08 01:02:01.436514: Pseudo dice [np.float32(0.9597), np.float32(0.9748), np.float32(0.9698)]
2026-08-08 01:02:01.436925: Epoch time: 24.17 s
2026-08-08 01:02:01.850749: 
2026-08-08 01:02:01.851022: Epoch 136
2026-08-08 01:02:01.851260: Current learning rate: 0.00877
2026-08-08 01:02:26.022819: train_loss -0.9391
2026-08-08 01:02:26.023319: val_loss -0.9418
2026-08-08 01:02:26.023588: Pseudo dice [np.float32(0.958), np.float32(0.9742), np.float32(0.9694)]
2026-08-08 01:02:26.023873: Epoch time: 24.17 s
2026-08-08 01:02:26.437469: 
2026-08-08 01:02:26.437775: Epoch 137
2026-08-08 01:02:26.437911: Current learning rate: 0.00876
2026-08-08 01:02:50.608929: train_loss -0.9415
2026-08-08 01:02:50.609400: val_loss -0.9461
2026-08-08 01:02:50.609721: Pseudo dice [np.float32(0.9612), np.float32(0.9762), np.float32(0.9711)]
2026-08-08 01:02:50.609980: Epoch time: 24.17 s
2026-08-08 01:02:51.033825: 
2026-08-08 01:02:51.034068: Epoch 138
2026-08-08 01:02:51.034514: Current learning rate: 0.00875
2026-08-08 01:03:15.217450: train_loss -0.9394
2026-08-08 01:03:15.217948: val_loss -0.9427
2026-08-08 01:03:15.218478: Pseudo dice [np.float32(0.9592), np.float32(0.9752), np.float32(0.9691)]
2026-08-08 01:03:15.218729: Epoch time: 24.18 s
2026-08-08 01:03:15.641282: 
2026-08-08 01:03:15.641494: Epoch 139
2026-08-08 01:03:15.641695: Current learning rate: 0.00874
2026-08-08 01:03:39.815399: train_loss -0.9392
2026-08-08 01:03:39.815805: val_loss -0.9211
2026-08-08 01:03:39.816072: Pseudo dice [np.float32(0.939), np.float32(0.9663), np.float32(0.9665)]
2026-08-08 01:03:39.816606: Epoch time: 24.17 s
2026-08-08 01:03:40.229035: 
2026-08-08 01:03:40.229247: Epoch 140
2026-08-08 01:03:40.229670: Current learning rate: 0.00873
2026-08-08 01:04:04.408768: train_loss -0.9376
2026-08-08 01:04:04.409154: val_loss -0.945
2026-08-08 01:04:04.409331: Pseudo dice [np.float32(0.9597), np.float32(0.9756), np.float32(0.9714)]
2026-08-08 01:04:04.409743: Epoch time: 24.18 s
2026-08-08 01:04:05.047204: 
2026-08-08 01:04:05.047436: Epoch 141
2026-08-08 01:04:05.047716: Current learning rate: 0.00872
2026-08-08 01:04:29.220307: train_loss -0.9397
2026-08-08 01:04:29.220684: val_loss -0.9452
2026-08-08 01:04:29.220995: Pseudo dice [np.float32(0.9617), np.float32(0.9756), np.float32(0.9696)]
2026-08-08 01:04:29.221620: Epoch time: 24.17 s
2026-08-08 01:04:29.642375: 
2026-08-08 01:04:29.642591: Epoch 142
2026-08-08 01:04:29.643107: Current learning rate: 0.00871
2026-08-08 01:04:53.822886: train_loss -0.9416
2026-08-08 01:04:53.823285: val_loss -0.9464
2026-08-08 01:04:53.823577: Pseudo dice [np.float32(0.9605), np.float32(0.976), np.float32(0.972)]
2026-08-08 01:04:53.823832: Epoch time: 24.18 s
2026-08-08 01:04:54.236159: 
2026-08-08 01:04:54.236364: Epoch 143
2026-08-08 01:04:54.236578: Current learning rate: 0.0087
2026-08-08 01:05:18.410714: train_loss -0.9421
2026-08-08 01:05:18.411395: val_loss -0.9168
2026-08-08 01:05:18.411762: Pseudo dice [np.float32(0.9243), np.float32(0.9746), np.float32(0.9714)]
2026-08-08 01:05:18.412054: Epoch time: 24.17 s
2026-08-08 01:05:18.833792: 
2026-08-08 01:05:18.834405: Epoch 144
2026-08-08 01:05:18.834628: Current learning rate: 0.00869
2026-08-08 01:05:43.008233: train_loss -0.9401
2026-08-08 01:05:43.008617: val_loss -0.9465
2026-08-08 01:05:43.010487: Pseudo dice [np.float32(0.9608), np.float32(0.9764), np.float32(0.9723)]
2026-08-08 01:05:43.010849: Epoch time: 24.17 s
2026-08-08 01:05:43.433014: 
2026-08-08 01:05:43.433222: Epoch 145
2026-08-08 01:05:43.433466: Current learning rate: 0.00868
2026-08-08 01:06:07.610301: train_loss -0.9404
2026-08-08 01:06:07.610796: val_loss -0.9448
2026-08-08 01:06:07.610967: Pseudo dice [np.float32(0.9608), np.float32(0.9756), np.float32(0.9696)]
2026-08-08 01:06:07.611160: Epoch time: 24.18 s
2026-08-08 01:06:08.029708: 
2026-08-08 01:06:08.030195: Epoch 146
2026-08-08 01:06:08.030958: Current learning rate: 0.00868
2026-08-08 01:06:32.202088: train_loss -0.9407
2026-08-08 01:06:32.202535: val_loss -0.9476
2026-08-08 01:06:32.203374: Pseudo dice [np.float32(0.962), np.float32(0.9759), np.float32(0.9723)]
2026-08-08 01:06:32.203850: Epoch time: 24.17 s
2026-08-08 01:06:32.623525: 
2026-08-08 01:06:32.623777: Epoch 147
2026-08-08 01:06:32.624171: Current learning rate: 0.00867
2026-08-08 01:06:56.796906: train_loss -0.9418
2026-08-08 01:06:56.797303: val_loss -0.9443
2026-08-08 01:06:56.797959: Pseudo dice [np.float32(0.9596), np.float32(0.9753), np.float32(0.9704)]
2026-08-08 01:06:56.798590: Epoch time: 24.17 s
2026-08-08 01:06:56.798729: Yayy! New best EMA pseudo Dice: 0.9668999910354614
2026-08-08 01:06:57.232982: 
2026-08-08 01:06:57.233654: Epoch 148
2026-08-08 01:06:57.233935: Current learning rate: 0.00866
2026-08-08 01:07:21.409241: train_loss -0.9416
2026-08-08 01:07:21.409621: val_loss -0.9412
2026-08-08 01:07:21.410166: Pseudo dice [np.float32(0.9596), np.float32(0.9727), np.float32(0.9668)]
2026-08-08 01:07:21.411961: Epoch time: 24.18 s
2026-08-08 01:07:21.828658: 
2026-08-08 01:07:21.828876: Epoch 149
2026-08-08 01:07:21.829119: Current learning rate: 0.00865
2026-08-08 01:07:46.007348: train_loss -0.9411
2026-08-08 01:07:46.007748: val_loss -0.8544
2026-08-08 01:07:46.007925: Pseudo dice [np.float32(0.8591), np.float32(0.9704), np.float32(0.9585)]
2026-08-08 01:07:46.008091: Epoch time: 24.18 s
2026-08-08 01:07:46.448900: 
2026-08-08 01:07:46.449153: Epoch 150
2026-08-08 01:07:46.449283: Current learning rate: 0.00864
2026-08-08 01:08:10.625179: train_loss -0.9386
2026-08-08 01:08:10.625687: val_loss -0.9405
2026-08-08 01:08:10.625872: Pseudo dice [np.float32(0.9577), np.float32(0.9739), np.float32(0.9694)]
2026-08-08 01:08:10.626141: Epoch time: 24.18 s
2026-08-08 01:08:11.045859: 
2026-08-08 01:08:11.046137: Epoch 151
2026-08-08 01:08:11.046269: Current learning rate: 0.00863
2026-08-08 01:08:35.211416: train_loss -0.9403
2026-08-08 01:08:35.211996: val_loss -0.9455
2026-08-08 01:08:35.212712: Pseudo dice [np.float32(0.9623), np.float32(0.9751), np.float32(0.969)]
2026-08-08 01:08:35.212979: Epoch time: 24.17 s
2026-08-08 01:08:35.634962: 
2026-08-08 01:08:35.635174: Epoch 152
2026-08-08 01:08:35.636208: Current learning rate: 0.00862
2026-08-08 01:08:59.808671: train_loss -0.94
2026-08-08 01:08:59.809062: val_loss -0.9479
2026-08-08 01:08:59.809657: Pseudo dice [np.float32(0.9622), np.float32(0.9763), np.float32(0.9734)]
2026-08-08 01:08:59.810075: Epoch time: 24.17 s
2026-08-08 01:09:00.446294: 
2026-08-08 01:09:00.446548: Epoch 153
2026-08-08 01:09:00.446810: Current learning rate: 0.00861
2026-08-08 01:09:24.619969: train_loss -0.9411
2026-08-08 01:09:24.620503: val_loss -0.9441
2026-08-08 01:09:24.620834: Pseudo dice [np.float32(0.9591), np.float32(0.9743), np.float32(0.9726)]
2026-08-08 01:09:24.621005: Epoch time: 24.17 s
2026-08-08 01:09:25.037607: 
2026-08-08 01:09:25.037823: Epoch 154
2026-08-08 01:09:25.038369: Current learning rate: 0.0086
2026-08-08 01:09:49.208995: train_loss -0.9414
2026-08-08 01:09:49.209403: val_loss -0.9483
2026-08-08 01:09:49.209734: Pseudo dice [np.float32(0.9629), np.float32(0.9761), np.float32(0.9734)]
2026-08-08 01:09:49.209939: Epoch time: 24.17 s
2026-08-08 01:09:49.631042: 
2026-08-08 01:09:49.631256: Epoch 155
2026-08-08 01:09:49.631454: Current learning rate: 0.00859
2026-08-08 01:10:13.811974: train_loss -0.9407
2026-08-08 01:10:13.812525: val_loss -0.9452
2026-08-08 01:10:13.813118: Pseudo dice [np.float32(0.9605), np.float32(0.9751), np.float32(0.9712)]
2026-08-08 01:10:13.813912: Epoch time: 24.18 s
2026-08-08 01:10:14.236215: 
2026-08-08 01:10:14.236435: Epoch 156
2026-08-08 01:10:14.236806: Current learning rate: 0.00858
2026-08-08 01:10:38.420823: train_loss -0.9421
2026-08-08 01:10:38.421299: val_loss -0.9455
2026-08-08 01:10:38.421557: Pseudo dice [np.float32(0.9616), np.float32(0.9755), np.float32(0.9701)]
2026-08-08 01:10:38.422007: Epoch time: 24.18 s
2026-08-08 01:10:38.841806: 
2026-08-08 01:10:38.842338: Epoch 157
2026-08-08 01:10:38.843661: Current learning rate: 0.00858
2026-08-08 01:11:03.026071: train_loss -0.9426
2026-08-08 01:11:03.026457: val_loss -0.9369
2026-08-08 01:11:03.027241: Pseudo dice [np.float32(0.9509), np.float32(0.9737), np.float32(0.9707)]
2026-08-08 01:11:03.027590: Epoch time: 24.18 s
2026-08-08 01:11:03.451689: 
2026-08-08 01:11:03.451909: Epoch 158
2026-08-08 01:11:03.452058: Current learning rate: 0.00857
2026-08-08 01:11:27.623942: train_loss -0.9395
2026-08-08 01:11:27.624456: val_loss -0.9453
2026-08-08 01:11:27.624635: Pseudo dice [np.float32(0.9601), np.float32(0.9757), np.float32(0.9722)]
2026-08-08 01:11:27.624883: Epoch time: 24.17 s
2026-08-08 01:11:28.051528: 
2026-08-08 01:11:28.051749: Epoch 159
2026-08-08 01:11:28.051885: Current learning rate: 0.00856
2026-08-08 01:11:52.228099: train_loss -0.94
2026-08-08 01:11:52.228715: val_loss -0.9468
2026-08-08 01:11:52.228891: Pseudo dice [np.float32(0.9607), np.float32(0.9754), np.float32(0.973)]
2026-08-08 01:11:52.229153: Epoch time: 24.18 s
2026-08-08 01:11:52.653375: 
2026-08-08 01:11:52.653595: Epoch 160
2026-08-08 01:11:52.653791: Current learning rate: 0.00855
2026-08-08 01:12:16.835140: train_loss -0.9424
2026-08-08 01:12:16.835562: val_loss -0.9451
2026-08-08 01:12:16.836030: Pseudo dice [np.float32(0.9602), np.float32(0.9757), np.float32(0.972)]
2026-08-08 01:12:16.836306: Epoch time: 24.18 s
2026-08-08 01:12:16.836467: Yayy! New best EMA pseudo Dice: 0.9671000242233276
2026-08-08 01:12:17.275792: 
2026-08-08 01:12:17.276052: Epoch 161
2026-08-08 01:12:17.276604: Current learning rate: 0.00854
2026-08-08 01:12:41.451601: train_loss -0.9417
2026-08-08 01:12:41.452105: val_loss -0.9455
2026-08-08 01:12:41.452432: Pseudo dice [np.float32(0.9603), np.float32(0.976), np.float32(0.9697)]
2026-08-08 01:12:41.452703: Epoch time: 24.18 s
2026-08-08 01:12:41.453364: Yayy! New best EMA pseudo Dice: 0.967199981212616
2026-08-08 01:12:41.893972: 
2026-08-08 01:12:41.894403: Epoch 162
2026-08-08 01:12:41.895009: Current learning rate: 0.00853
2026-08-08 01:13:06.060760: train_loss -0.9395
2026-08-08 01:13:06.061927: val_loss -0.9447
2026-08-08 01:13:06.062318: Pseudo dice [np.float32(0.9584), np.float32(0.9753), np.float32(0.9724)]
2026-08-08 01:13:06.062527: Epoch time: 24.17 s
2026-08-08 01:13:06.062751: Yayy! New best EMA pseudo Dice: 0.9674000144004822
2026-08-08 01:13:06.506325: 
2026-08-08 01:13:06.506563: Epoch 163
2026-08-08 01:13:06.506968: Current learning rate: 0.00852
2026-08-08 01:13:30.680548: train_loss -0.9418
2026-08-08 01:13:30.680936: val_loss -0.9457
2026-08-08 01:13:30.681374: Pseudo dice [np.float32(0.9607), np.float32(0.9756), np.float32(0.9723)]
2026-08-08 01:13:30.681704: Epoch time: 24.17 s
2026-08-08 01:13:30.681872: Yayy! New best EMA pseudo Dice: 0.9675999879837036
2026-08-08 01:13:31.127883: 
2026-08-08 01:13:31.128139: Epoch 164
2026-08-08 01:13:31.128341: Current learning rate: 0.00851
2026-08-08 01:13:55.302761: train_loss -0.9435
2026-08-08 01:13:55.303551: val_loss -0.9468
2026-08-08 01:13:55.304118: Pseudo dice [np.float32(0.9614), np.float32(0.9756), np.float32(0.9733)]
2026-08-08 01:13:55.304635: Epoch time: 24.18 s
2026-08-08 01:13:55.304868: Yayy! New best EMA pseudo Dice: 0.9678000211715698
2026-08-08 01:13:55.966454: 
2026-08-08 01:13:55.966749: Epoch 165
2026-08-08 01:13:55.967003: Current learning rate: 0.0085
2026-08-08 01:14:20.139758: train_loss -0.94
2026-08-08 01:14:20.140438: val_loss -0.9453
2026-08-08 01:14:20.140864: Pseudo dice [np.float32(0.9615), np.float32(0.9753), np.float32(0.9699)]
2026-08-08 01:14:20.141161: Epoch time: 24.17 s
2026-08-08 01:14:20.141288: Yayy! New best EMA pseudo Dice: 0.9678999781608582
2026-08-08 01:14:20.571357: 
2026-08-08 01:14:20.571590: Epoch 166
2026-08-08 01:14:20.571798: Current learning rate: 0.00849
2026-08-08 01:14:44.736903: train_loss -0.9418
2026-08-08 01:14:44.737292: val_loss -0.9457
2026-08-08 01:14:44.738360: Pseudo dice [np.float32(0.96), np.float32(0.9758), np.float32(0.9717)]
2026-08-08 01:14:44.739456: Epoch time: 24.17 s
2026-08-08 01:14:44.739911: Yayy! New best EMA pseudo Dice: 0.9681000113487244
2026-08-08 01:14:45.171822: 
2026-08-08 01:14:45.172035: Epoch 167
2026-08-08 01:14:45.172570: Current learning rate: 0.00848
2026-08-08 01:15:09.345521: train_loss -0.9416
2026-08-08 01:15:09.345931: val_loss -0.9475
2026-08-08 01:15:09.346241: Pseudo dice [np.float32(0.9616), np.float32(0.9761), np.float32(0.9722)]
2026-08-08 01:15:09.346472: Epoch time: 24.17 s
2026-08-08 01:15:09.346617: Yayy! New best EMA pseudo Dice: 0.9682999849319458
2026-08-08 01:15:09.787156: 
2026-08-08 01:15:09.787513: Epoch 168
2026-08-08 01:15:09.787752: Current learning rate: 0.00847
2026-08-08 01:15:33.957650: train_loss -0.9415
2026-08-08 01:15:33.958035: val_loss -0.9481
2026-08-08 01:15:33.958396: Pseudo dice [np.float32(0.9626), np.float32(0.9769), np.float32(0.9712)]
2026-08-08 01:15:33.958766: Epoch time: 24.17 s
2026-08-08 01:15:33.958908: Yayy! New best EMA pseudo Dice: 0.968500018119812
2026-08-08 01:15:34.396159: 
2026-08-08 01:15:34.396381: Epoch 169
2026-08-08 01:15:34.396774: Current learning rate: 0.00847
2026-08-08 01:15:58.561870: train_loss -0.9423
2026-08-08 01:15:58.563400: val_loss -0.9468
2026-08-08 01:15:58.563735: Pseudo dice [np.float32(0.961), np.float32(0.9762), np.float32(0.9732)]
2026-08-08 01:15:58.563977: Epoch time: 24.17 s
2026-08-08 01:15:58.564129: Yayy! New best EMA pseudo Dice: 0.9685999751091003
2026-08-08 01:15:59.003497: 
2026-08-08 01:15:59.003932: Epoch 170
2026-08-08 01:15:59.004549: Current learning rate: 0.00846
2026-08-08 01:16:23.172688: train_loss -0.9423
2026-08-08 01:16:23.173084: val_loss -0.9474
2026-08-08 01:16:23.173667: Pseudo dice [np.float32(0.9632), np.float32(0.9756), np.float32(0.972)]
2026-08-08 01:16:23.174021: Epoch time: 24.17 s
2026-08-08 01:16:23.174175: Yayy! New best EMA pseudo Dice: 0.9688000082969666
2026-08-08 01:16:23.616119: 
2026-08-08 01:16:23.616354: Epoch 171
2026-08-08 01:16:23.616706: Current learning rate: 0.00845
2026-08-08 01:16:47.781441: train_loss -0.941
2026-08-08 01:16:47.781832: val_loss -0.9445
2026-08-08 01:16:47.782314: Pseudo dice [np.float32(0.9583), np.float32(0.9755), np.float32(0.9728)]
2026-08-08 01:16:47.782579: Epoch time: 24.17 s
2026-08-08 01:16:47.782830: Yayy! New best EMA pseudo Dice: 0.9688000082969666
2026-08-08 01:16:48.221146: 
2026-08-08 01:16:48.221366: Epoch 172
2026-08-08 01:16:48.222244: Current learning rate: 0.00844
2026-08-08 01:17:12.396935: train_loss -0.9405
2026-08-08 01:17:12.397854: val_loss -0.9446
2026-08-08 01:17:12.398699: Pseudo dice [np.float32(0.9585), np.float32(0.9758), np.float32(0.9726)]
2026-08-08 01:17:12.398962: Epoch time: 24.18 s
2026-08-08 01:17:12.399081: Yayy! New best EMA pseudo Dice: 0.9688000082969666
2026-08-08 01:17:12.844392: 
2026-08-08 01:17:12.845052: Epoch 173
2026-08-08 01:17:12.845210: Current learning rate: 0.00843
2026-08-08 01:17:37.017975: train_loss -0.942
2026-08-08 01:17:37.018407: val_loss -0.8766
2026-08-08 01:17:37.019407: Pseudo dice [np.float32(0.8898), np.float32(0.9759), np.float32(0.9683)]
2026-08-08 01:17:37.019807: Epoch time: 24.17 s
2026-08-08 01:17:37.442356: 
2026-08-08 01:17:37.442563: Epoch 174
2026-08-08 01:17:37.443043: Current learning rate: 0.00842
2026-08-08 01:18:01.613676: train_loss -0.9411
2026-08-08 01:18:01.614064: val_loss -0.9439
2026-08-08 01:18:01.614357: Pseudo dice [np.float32(0.9596), np.float32(0.9753), np.float32(0.9713)]
2026-08-08 01:18:01.615118: Epoch time: 24.17 s
2026-08-08 01:18:02.046711: 
2026-08-08 01:18:02.046941: Epoch 175
2026-08-08 01:18:02.047685: Current learning rate: 0.00841
2026-08-08 01:18:26.223278: train_loss -0.941
2026-08-08 01:18:26.223800: val_loss -0.9452
2026-08-08 01:18:26.224483: Pseudo dice [np.float32(0.9613), np.float32(0.9761), np.float32(0.9718)]
2026-08-08 01:18:26.224954: Epoch time: 24.18 s
2026-08-08 01:18:26.642003: 
2026-08-08 01:18:26.642209: Epoch 176
2026-08-08 01:18:26.642482: Current learning rate: 0.0084
2026-08-08 01:18:50.819888: train_loss -0.9416
2026-08-08 01:18:50.820271: val_loss -0.9458
2026-08-08 01:18:50.821734: Pseudo dice [np.float32(0.9599), np.float32(0.976), np.float32(0.9726)]
2026-08-08 01:18:50.822304: Epoch time: 24.18 s
2026-08-08 01:18:51.467391: 
2026-08-08 01:18:51.467704: Epoch 177
2026-08-08 01:18:51.467845: Current learning rate: 0.00839
2026-08-08 01:19:15.634308: train_loss -0.9418
2026-08-08 01:19:15.634705: val_loss -0.9471
2026-08-08 01:19:15.635323: Pseudo dice [np.float32(0.9615), np.float32(0.9758), np.float32(0.9724)]
2026-08-08 01:19:15.635642: Epoch time: 24.17 s
2026-08-08 01:19:16.063194: 
2026-08-08 01:19:16.063455: Epoch 178
2026-08-08 01:19:16.063683: Current learning rate: 0.00838
2026-08-08 01:19:40.236227: train_loss -0.9422
2026-08-08 01:19:40.236613: val_loss -0.9463
2026-08-08 01:19:40.237020: Pseudo dice [np.float32(0.9614), np.float32(0.976), np.float32(0.9718)]
2026-08-08 01:19:40.237187: Epoch time: 24.17 s
2026-08-08 01:19:40.653160: 
2026-08-08 01:19:40.654019: Epoch 179
2026-08-08 01:19:40.654305: Current learning rate: 0.00837
2026-08-08 01:20:04.831976: train_loss -0.9436
2026-08-08 01:20:04.832453: val_loss -0.9472
2026-08-08 01:20:04.832771: Pseudo dice [np.float32(0.961), np.float32(0.9763), np.float32(0.973)]
2026-08-08 01:20:04.833056: Epoch time: 24.18 s
2026-08-08 01:20:05.247469: 
2026-08-08 01:20:05.247695: Epoch 180
2026-08-08 01:20:05.248410: Current learning rate: 0.00836
2026-08-08 01:20:29.423280: train_loss -0.9409
2026-08-08 01:20:29.423859: val_loss -0.9452
2026-08-08 01:20:29.425662: Pseudo dice [np.float32(0.9604), np.float32(0.9761), np.float32(0.9698)]
2026-08-08 01:20:29.425904: Epoch time: 24.18 s
2026-08-08 01:20:29.848021: 
2026-08-08 01:20:29.848275: Epoch 181
2026-08-08 01:20:29.848759: Current learning rate: 0.00836
2026-08-08 01:20:54.027026: train_loss -0.9414
2026-08-08 01:20:54.027469: val_loss -0.9439
2026-08-08 01:20:54.028086: Pseudo dice [np.float32(0.9601), np.float32(0.9751), np.float32(0.9706)]
2026-08-08 01:20:54.028355: Epoch time: 24.18 s
2026-08-08 01:20:54.446030: 
2026-08-08 01:20:54.446250: Epoch 182
2026-08-08 01:20:54.447163: Current learning rate: 0.00835
2026-08-08 01:21:18.619952: train_loss -0.9423
2026-08-08 01:21:18.620612: val_loss -0.9444
2026-08-08 01:21:18.621002: Pseudo dice [np.float32(0.9582), np.float32(0.9748), np.float32(0.9734)]
2026-08-08 01:21:18.622254: Epoch time: 24.17 s
2026-08-08 01:21:19.042998: 
2026-08-08 01:21:19.043273: Epoch 183
2026-08-08 01:21:19.043513: Current learning rate: 0.00834
2026-08-08 01:21:43.219270: train_loss -0.9412
2026-08-08 01:21:43.219857: val_loss -0.9354
2026-08-08 01:21:43.220389: Pseudo dice [np.float32(0.9481), np.float32(0.9755), np.float32(0.9699)]
2026-08-08 01:21:43.220635: Epoch time: 24.18 s
2026-08-08 01:21:43.636194: 
2026-08-08 01:21:43.636411: Epoch 184
2026-08-08 01:21:43.636541: Current learning rate: 0.00833
2026-08-08 01:22:07.816897: train_loss -0.942
2026-08-08 01:22:07.817286: val_loss -0.9434
2026-08-08 01:22:07.817464: Pseudo dice [np.float32(0.9591), np.float32(0.9751), np.float32(0.9711)]
2026-08-08 01:22:07.817969: Epoch time: 24.18 s
2026-08-08 01:22:08.239483: 
2026-08-08 01:22:08.239768: Epoch 185
2026-08-08 01:22:08.239898: Current learning rate: 0.00832
2026-08-08 01:22:32.424280: train_loss -0.942
2026-08-08 01:22:32.425677: val_loss -0.9456
2026-08-08 01:22:32.425975: Pseudo dice [np.float32(0.9612), np.float32(0.9753), np.float32(0.9717)]
2026-08-08 01:22:32.426225: Epoch time: 24.18 s
2026-08-08 01:22:32.839277: 
2026-08-08 01:22:32.839530: Epoch 186
2026-08-08 01:22:32.839951: Current learning rate: 0.00831
2026-08-08 01:22:57.018243: train_loss -0.9426
2026-08-08 01:22:57.018646: val_loss -0.9457
2026-08-08 01:22:57.020083: Pseudo dice [np.float32(0.9598), np.float32(0.975), np.float32(0.973)]
2026-08-08 01:22:57.020432: Epoch time: 24.18 s
2026-08-08 01:22:57.442934: 
2026-08-08 01:22:57.443418: Epoch 187
2026-08-08 01:22:57.443595: Current learning rate: 0.0083
2026-08-08 01:23:21.608468: train_loss -0.943
2026-08-08 01:23:21.608896: val_loss -0.9454
2026-08-08 01:23:21.609075: Pseudo dice [np.float32(0.9601), np.float32(0.976), np.float32(0.9715)]
2026-08-08 01:23:21.609493: Epoch time: 24.17 s
2026-08-08 01:23:22.025247: 
2026-08-08 01:23:22.025469: Epoch 188
2026-08-08 01:23:22.025721: Current learning rate: 0.00829
2026-08-08 01:23:46.197331: train_loss -0.9421
2026-08-08 01:23:46.198431: val_loss -0.939
2026-08-08 01:23:46.199181: Pseudo dice [np.float32(0.9518), np.float32(0.9751), np.float32(0.9697)]
2026-08-08 01:23:46.199415: Epoch time: 24.17 s
2026-08-08 01:23:46.844255: 
2026-08-08 01:23:46.844849: Epoch 189
2026-08-08 01:23:46.845547: Current learning rate: 0.00828
2026-08-08 01:24:11.019489: train_loss -0.9426
2026-08-08 01:24:11.019880: val_loss -0.9362
2026-08-08 01:24:11.020080: Pseudo dice [np.float32(0.9525), np.float32(0.974), np.float32(0.9655)]
2026-08-08 01:24:11.021067: Epoch time: 24.18 s
2026-08-08 01:24:11.434553: 
2026-08-08 01:24:11.435326: Epoch 190
2026-08-08 01:24:11.435522: Current learning rate: 0.00827
2026-08-08 01:24:35.603694: train_loss -0.9421
2026-08-08 01:24:35.604108: val_loss -0.8319
2026-08-08 01:24:35.604423: Pseudo dice [np.float32(0.8563), np.float32(0.9758), np.float32(0.9701)]
2026-08-08 01:24:35.604643: Epoch time: 24.17 s
2026-08-08 01:24:36.028843: 
2026-08-08 01:24:36.029474: Epoch 191
2026-08-08 01:24:36.029724: Current learning rate: 0.00826
2026-08-08 01:25:00.208889: train_loss -0.9424
2026-08-08 01:25:00.209384: val_loss -0.9254
2026-08-08 01:25:00.209888: Pseudo dice [np.float32(0.9368), np.float32(0.9729), np.float32(0.9663)]
2026-08-08 01:25:00.210187: Epoch time: 24.18 s
2026-08-08 01:25:00.631560: 
2026-08-08 01:25:00.631780: Epoch 192
2026-08-08 01:25:00.632236: Current learning rate: 0.00825
2026-08-08 01:25:24.800303: train_loss -0.9408
2026-08-08 01:25:24.800697: val_loss -0.7174
2026-08-08 01:25:24.801240: Pseudo dice [np.float32(0.7782), np.float32(0.9655), np.float32(0.9618)]
2026-08-08 01:25:24.802762: Epoch time: 24.17 s
2026-08-08 01:25:25.222566: 
2026-08-08 01:25:25.222779: Epoch 193
2026-08-08 01:25:25.222914: Current learning rate: 0.00824
2026-08-08 01:25:49.397516: train_loss -0.9418
2026-08-08 01:25:49.397903: val_loss -0.9434
2026-08-08 01:25:49.398087: Pseudo dice [np.float32(0.958), np.float32(0.9754), np.float32(0.9711)]
2026-08-08 01:25:49.398269: Epoch time: 24.18 s
2026-08-08 01:25:49.822678: 
2026-08-08 01:25:49.822894: Epoch 194
2026-08-08 01:25:49.823023: Current learning rate: 0.00824
2026-08-08 01:26:13.999351: train_loss -0.943
2026-08-08 01:26:13.999833: val_loss -0.9428
2026-08-08 01:26:14.000182: Pseudo dice [np.float32(0.9584), np.float32(0.9734), np.float32(0.9704)]
2026-08-08 01:26:14.001407: Epoch time: 24.18 s
2026-08-08 01:26:14.424199: 
2026-08-08 01:26:14.424413: Epoch 195
2026-08-08 01:26:14.424665: Current learning rate: 0.00823
2026-08-08 01:26:38.600057: train_loss -0.9399
2026-08-08 01:26:38.600458: val_loss -0.946
2026-08-08 01:26:38.600909: Pseudo dice [np.float32(0.9611), np.float32(0.9756), np.float32(0.9715)]
2026-08-08 01:26:38.602075: Epoch time: 24.18 s
2026-08-08 01:26:39.024342: 
2026-08-08 01:26:39.024631: Epoch 196
2026-08-08 01:26:39.024763: Current learning rate: 0.00822
2026-08-08 01:27:03.198826: train_loss -0.9419
2026-08-08 01:27:03.199221: val_loss -0.9373
2026-08-08 01:27:03.200187: Pseudo dice [np.float32(0.9502), np.float32(0.9749), np.float32(0.9728)]
2026-08-08 01:27:03.200634: Epoch time: 24.17 s
2026-08-08 01:27:03.629575: 
2026-08-08 01:27:03.629843: Epoch 197
2026-08-08 01:27:03.629977: Current learning rate: 0.00821
2026-08-08 01:27:27.807485: train_loss -0.9422
2026-08-08 01:27:27.807919: val_loss -0.9399
2026-08-08 01:27:27.808288: Pseudo dice [np.float32(0.9557), np.float32(0.973), np.float32(0.9707)]
2026-08-08 01:27:27.808574: Epoch time: 24.18 s
2026-08-08 01:27:28.233694: 
2026-08-08 01:27:28.233905: Epoch 198
2026-08-08 01:27:28.234034: Current learning rate: 0.0082
2026-08-08 01:27:52.413027: train_loss -0.9417
2026-08-08 01:27:52.413456: val_loss -0.9463
2026-08-08 01:27:52.414442: Pseudo dice [np.float32(0.9603), np.float32(0.9757), np.float32(0.9725)]
2026-08-08 01:27:52.415114: Epoch time: 24.18 s
2026-08-08 01:27:52.834738: 
2026-08-08 01:27:52.834955: Epoch 199
2026-08-08 01:27:52.835348: Current learning rate: 0.00819
2026-08-08 01:28:17.003956: train_loss -0.9426
2026-08-08 01:28:17.004478: val_loss -0.9446
2026-08-08 01:28:17.004793: Pseudo dice [np.float32(0.9586), np.float32(0.976), np.float32(0.9724)]
2026-08-08 01:28:17.004956: Epoch time: 24.17 s
2026-08-08 01:28:17.454004: 
2026-08-08 01:28:17.454466: Epoch 200
2026-08-08 01:28:17.454804: Current learning rate: 0.00818
2026-08-08 01:28:41.633413: train_loss -0.9416
2026-08-08 01:28:41.634092: val_loss -0.9042
2026-08-08 01:28:41.636456: Pseudo dice [np.float32(0.9131), np.float32(0.9743), np.float32(0.9637)]
2026-08-08 01:28:41.636694: Epoch time: 24.18 s
2026-08-08 01:28:42.291313: 
2026-08-08 01:28:42.291531: Epoch 201
2026-08-08 01:28:42.292038: Current learning rate: 0.00817
2026-08-08 01:29:06.466444: train_loss -0.9413
2026-08-08 01:29:06.466980: val_loss -0.9205
2026-08-08 01:29:06.468017: Pseudo dice [np.float32(0.9292), np.float32(0.9737), np.float32(0.9703)]
2026-08-08 01:29:06.469169: Epoch time: 24.18 s
2026-08-08 01:29:06.899639: 
2026-08-08 01:29:06.899853: Epoch 202
2026-08-08 01:29:06.900088: Current learning rate: 0.00816
2026-08-08 01:29:31.073237: train_loss -0.9389
2026-08-08 01:29:31.073624: val_loss -0.9438
2026-08-08 01:29:31.073851: Pseudo dice [np.float32(0.959), np.float32(0.9747), np.float32(0.9711)]
2026-08-08 01:29:31.074374: Epoch time: 24.17 s
2026-08-08 01:29:31.505215: 
2026-08-08 01:29:31.505445: Epoch 203
2026-08-08 01:29:31.505590: Current learning rate: 0.00815
2026-08-08 01:29:55.672199: train_loss -0.9421
2026-08-08 01:29:55.672654: val_loss -0.9269
2026-08-08 01:29:55.673227: Pseudo dice [np.float32(0.936), np.float32(0.9752), np.float32(0.9703)]
2026-08-08 01:29:55.673598: Epoch time: 24.17 s
2026-08-08 01:29:56.109125: 
2026-08-08 01:29:56.109574: Epoch 204
2026-08-08 01:29:56.110095: Current learning rate: 0.00814
2026-08-08 01:30:20.281211: train_loss -0.9423
2026-08-08 01:30:20.281936: val_loss -0.9425
2026-08-08 01:30:20.282133: Pseudo dice [np.float32(0.9578), np.float32(0.9756), np.float32(0.9698)]
2026-08-08 01:30:20.282317: Epoch time: 24.17 s
2026-08-08 01:30:20.702691: 
2026-08-08 01:30:20.702900: Epoch 205
2026-08-08 01:30:20.703229: Current learning rate: 0.00813
2026-08-08 01:30:44.877008: train_loss -0.943
2026-08-08 01:30:44.877392: val_loss -0.9495
2026-08-08 01:30:44.877852: Pseudo dice [np.float32(0.9631), np.float32(0.9767), np.float32(0.9743)]
2026-08-08 01:30:44.878182: Epoch time: 24.17 s
2026-08-08 01:30:45.288525: 
2026-08-08 01:30:45.288824: Epoch 206
2026-08-08 01:30:45.289095: Current learning rate: 0.00813
2026-08-08 01:31:09.466442: train_loss -0.9431
2026-08-08 01:31:09.467094: val_loss -0.9487
2026-08-08 01:31:09.467526: Pseudo dice [np.float32(0.9634), np.float32(0.9767), np.float32(0.9723)]
2026-08-08 01:31:09.467737: Epoch time: 24.18 s
2026-08-08 01:31:09.876410: 
2026-08-08 01:31:09.876647: Epoch 207
2026-08-08 01:31:09.876838: Current learning rate: 0.00812
2026-08-08 01:31:34.054419: train_loss -0.9424
2026-08-08 01:31:34.054865: val_loss -0.9476
2026-08-08 01:31:34.055176: Pseudo dice [np.float32(0.9619), np.float32(0.9761), np.float32(0.9719)]
2026-08-08 01:31:34.056141: Epoch time: 24.18 s
2026-08-08 01:31:34.460218: 
2026-08-08 01:31:34.460477: Epoch 208
2026-08-08 01:31:34.460737: Current learning rate: 0.00811
2026-08-08 01:31:58.631385: train_loss -0.9441
2026-08-08 01:31:58.631775: val_loss -0.9472
2026-08-08 01:31:58.632293: Pseudo dice [np.float32(0.9615), np.float32(0.9768), np.float32(0.9722)]
2026-08-08 01:31:58.632903: Epoch time: 24.17 s
2026-08-08 01:31:59.054622: 
2026-08-08 01:31:59.055164: Epoch 209
2026-08-08 01:31:59.055316: Current learning rate: 0.0081
2026-08-08 01:32:23.233979: train_loss -0.9405
2026-08-08 01:32:23.234365: val_loss -0.9244
2026-08-08 01:32:23.234855: Pseudo dice [np.float32(0.9359), np.float32(0.9748), np.float32(0.9721)]
2026-08-08 01:32:23.235368: Epoch time: 24.18 s
2026-08-08 01:32:23.644034: 
2026-08-08 01:32:23.644242: Epoch 210
2026-08-08 01:32:23.644369: Current learning rate: 0.00809
2026-08-08 01:32:47.814612: train_loss -0.9414
2026-08-08 01:32:47.815426: val_loss -0.9469
2026-08-08 01:32:47.816180: Pseudo dice [np.float32(0.9622), np.float32(0.976), np.float32(0.97)]
2026-08-08 01:32:47.816488: Epoch time: 24.17 s
2026-08-08 01:32:48.225991: 
2026-08-08 01:32:48.226215: Epoch 211
2026-08-08 01:32:48.226583: Current learning rate: 0.00808
2026-08-08 01:33:12.404715: train_loss -0.9418
2026-08-08 01:33:12.405182: val_loss -0.9458
2026-08-08 01:33:12.405839: Pseudo dice [np.float32(0.9599), np.float32(0.9751), np.float32(0.9727)]
2026-08-08 01:33:12.406225: Epoch time: 24.18 s
2026-08-08 01:33:12.811953: 
2026-08-08 01:33:12.812161: Epoch 212
2026-08-08 01:33:12.812366: Current learning rate: 0.00807
2026-08-08 01:33:36.990521: train_loss -0.9406
2026-08-08 01:33:36.990926: val_loss -0.9443
2026-08-08 01:33:36.991403: Pseudo dice [np.float32(0.9594), np.float32(0.9748), np.float32(0.9716)]
2026-08-08 01:33:36.991672: Epoch time: 24.18 s
2026-08-08 01:33:37.624618: 
2026-08-08 01:33:37.624872: Epoch 213
2026-08-08 01:33:37.625137: Current learning rate: 0.00806
2026-08-08 01:34:01.804485: train_loss -0.9406
2026-08-08 01:34:01.804911: val_loss -0.9394
2026-08-08 01:34:01.805332: Pseudo dice [np.float32(0.9566), np.float32(0.9744), np.float32(0.9698)]
2026-08-08 01:34:01.805508: Epoch time: 24.18 s
2026-08-08 01:34:02.215640: 
2026-08-08 01:34:02.215856: Epoch 214
2026-08-08 01:34:02.216097: Current learning rate: 0.00805
2026-08-08 01:34:26.388169: train_loss -0.9402
2026-08-08 01:34:26.388543: val_loss -0.9458
2026-08-08 01:34:26.389393: Pseudo dice [np.float32(0.9605), np.float32(0.9763), np.float32(0.9719)]
2026-08-08 01:34:26.389873: Epoch time: 24.17 s
2026-08-08 01:34:26.805406: 
2026-08-08 01:34:26.805636: Epoch 215
2026-08-08 01:34:26.805767: Current learning rate: 0.00804
2026-08-08 01:34:50.972070: train_loss -0.9405
2026-08-08 01:34:50.972559: val_loss -0.9381
2026-08-08 01:34:50.973652: Pseudo dice [np.float32(0.9533), np.float32(0.9735), np.float32(0.9699)]
2026-08-08 01:34:50.973949: Epoch time: 24.17 s
2026-08-08 01:34:51.380021: 
2026-08-08 01:34:51.380242: Epoch 216
2026-08-08 01:34:51.380542: Current learning rate: 0.00803
2026-08-08 01:35:15.547743: train_loss -0.942
2026-08-08 01:35:15.548139: val_loss -0.9386
2026-08-08 01:35:15.548542: Pseudo dice [np.float32(0.9535), np.float32(0.9742), np.float32(0.9686)]
2026-08-08 01:35:15.548786: Epoch time: 24.17 s
2026-08-08 01:35:15.955605: 
2026-08-08 01:35:15.955825: Epoch 217
2026-08-08 01:35:15.956023: Current learning rate: 0.00802
2026-08-08 01:35:40.127589: train_loss -0.9425
2026-08-08 01:35:40.128031: val_loss -0.9437
2026-08-08 01:35:40.128466: Pseudo dice [np.float32(0.9577), np.float32(0.9761), np.float32(0.9721)]
2026-08-08 01:35:40.128723: Epoch time: 24.17 s
2026-08-08 01:35:40.534195: 
2026-08-08 01:35:40.534408: Epoch 218
2026-08-08 01:35:40.534669: Current learning rate: 0.00801
2026-08-08 01:36:04.704692: train_loss -0.9429
2026-08-08 01:36:04.705079: val_loss -0.9418
2026-08-08 01:36:04.705496: Pseudo dice [np.float32(0.9577), np.float32(0.9734), np.float32(0.9692)]
2026-08-08 01:36:04.705829: Epoch time: 24.17 s
2026-08-08 01:36:05.107625: 
2026-08-08 01:36:05.107916: Epoch 219
2026-08-08 01:36:05.108113: Current learning rate: 0.00801
2026-08-08 01:36:29.280991: train_loss -0.9435
2026-08-08 01:36:29.281382: val_loss -0.9462
2026-08-08 01:36:29.281883: Pseudo dice [np.float32(0.9607), np.float32(0.9758), np.float32(0.9713)]
2026-08-08 01:36:29.282458: Epoch time: 24.17 s
2026-08-08 01:36:29.685797: 
2026-08-08 01:36:29.686016: Epoch 220
2026-08-08 01:36:29.686223: Current learning rate: 0.008
2026-08-08 01:36:53.851850: train_loss -0.9423
2026-08-08 01:36:53.852237: val_loss -0.9462
2026-08-08 01:36:53.852551: Pseudo dice [np.float32(0.9621), np.float32(0.9755), np.float32(0.97)]
2026-08-08 01:36:53.852951: Epoch time: 24.17 s
2026-08-08 01:36:54.263380: 
2026-08-08 01:36:54.263602: Epoch 221
2026-08-08 01:36:54.264321: Current learning rate: 0.00799
2026-08-08 01:37:18.435616: train_loss -0.9429
2026-08-08 01:37:18.436957: val_loss -0.947
2026-08-08 01:37:18.437431: Pseudo dice [np.float32(0.9615), np.float32(0.9757), np.float32(0.9724)]
2026-08-08 01:37:18.437712: Epoch time: 24.17 s
2026-08-08 01:37:18.852069: 
2026-08-08 01:37:18.852285: Epoch 222
2026-08-08 01:37:18.852643: Current learning rate: 0.00798
2026-08-08 01:37:43.029431: train_loss -0.9439
2026-08-08 01:37:43.029827: val_loss -0.9472
2026-08-08 01:37:43.030104: Pseudo dice [np.float32(0.9628), np.float32(0.9764), np.float32(0.9714)]
2026-08-08 01:37:43.031217: Epoch time: 24.18 s
2026-08-08 01:37:43.431027: 
2026-08-08 01:37:43.431236: Epoch 223
2026-08-08 01:37:43.431478: Current learning rate: 0.00797
2026-08-08 01:38:07.603040: train_loss -0.9428
2026-08-08 01:38:07.603447: val_loss -0.9468
2026-08-08 01:38:07.603745: Pseudo dice [np.float32(0.9625), np.float32(0.9757), np.float32(0.9708)]
2026-08-08 01:38:07.604098: Epoch time: 24.17 s
2026-08-08 01:38:08.006732: 
2026-08-08 01:38:08.007071: Epoch 224
2026-08-08 01:38:08.007383: Current learning rate: 0.00796
2026-08-08 01:38:32.186822: train_loss -0.943
2026-08-08 01:38:32.187349: val_loss -0.9492
2026-08-08 01:38:32.187795: Pseudo dice [np.float32(0.9635), np.float32(0.9769), np.float32(0.9728)]
2026-08-08 01:38:32.188072: Epoch time: 24.18 s
2026-08-08 01:38:32.597472: 
2026-08-08 01:38:32.597686: Epoch 225
2026-08-08 01:38:32.597818: Current learning rate: 0.00795
2026-08-08 01:38:56.768914: train_loss -0.9423
2026-08-08 01:38:56.769313: val_loss -0.9356
2026-08-08 01:38:56.770638: Pseudo dice [np.float32(0.9487), np.float32(0.9752), np.float32(0.9705)]
2026-08-08 01:38:56.770916: Epoch time: 24.17 s
2026-08-08 01:38:57.391254: 
2026-08-08 01:38:57.391475: Epoch 226
2026-08-08 01:38:57.391670: Current learning rate: 0.00794
2026-08-08 01:39:21.563898: train_loss -0.9426
2026-08-08 01:39:21.564516: val_loss -0.948
2026-08-08 01:39:21.564886: Pseudo dice [np.float32(0.9628), np.float32(0.9762), np.float32(0.9722)]
2026-08-08 01:39:21.565136: Epoch time: 24.17 s
2026-08-08 01:39:21.963017: 
2026-08-08 01:39:21.963308: Epoch 227
2026-08-08 01:39:21.963444: Current learning rate: 0.00793
2026-08-08 01:39:46.130274: train_loss -0.9426
2026-08-08 01:39:46.130663: val_loss -0.948
2026-08-08 01:39:46.132413: Pseudo dice [np.float32(0.962), np.float32(0.9767), np.float32(0.9723)]
2026-08-08 01:39:46.133455: Epoch time: 24.17 s
2026-08-08 01:39:46.539257: 
2026-08-08 01:39:46.540073: Epoch 228
2026-08-08 01:39:46.540523: Current learning rate: 0.00792
2026-08-08 01:40:10.718948: train_loss -0.9423
2026-08-08 01:40:10.719345: val_loss -0.9452
2026-08-08 01:40:10.719706: Pseudo dice [np.float32(0.9595), np.float32(0.975), np.float32(0.9735)]
2026-08-08 01:40:10.719884: Epoch time: 24.18 s
2026-08-08 01:40:11.120801: 
2026-08-08 01:40:11.121023: Epoch 229
2026-08-08 01:40:11.121343: Current learning rate: 0.00791
2026-08-08 01:40:35.285270: train_loss -0.9421
2026-08-08 01:40:35.285661: val_loss -0.9476
2026-08-08 01:40:35.285861: Pseudo dice [np.float32(0.9634), np.float32(0.9756), np.float32(0.9712)]
2026-08-08 01:40:35.286977: Epoch time: 24.16 s
2026-08-08 01:40:35.690924: 
2026-08-08 01:40:35.691141: Epoch 230
2026-08-08 01:40:35.691280: Current learning rate: 0.0079
2026-08-08 01:40:59.861929: train_loss -0.943
2026-08-08 01:40:59.862335: val_loss -0.9471
2026-08-08 01:40:59.862840: Pseudo dice [np.float32(0.9622), np.float32(0.9756), np.float32(0.9715)]
2026-08-08 01:40:59.863082: Epoch time: 24.17 s
2026-08-08 01:41:00.259146: 
2026-08-08 01:41:00.259357: Epoch 231
2026-08-08 01:41:00.259492: Current learning rate: 0.00789
2026-08-08 01:41:24.435077: train_loss -0.9439
2026-08-08 01:41:24.436190: val_loss -0.949
2026-08-08 01:41:24.436577: Pseudo dice [np.float32(0.9636), np.float32(0.9765), np.float32(0.9733)]
2026-08-08 01:41:24.436898: Epoch time: 24.18 s
2026-08-08 01:41:24.437083: Yayy! New best EMA pseudo Dice: 0.9689000248908997
2026-08-08 01:41:24.866996: 
2026-08-08 01:41:24.867209: Epoch 232
2026-08-08 01:41:24.867526: Current learning rate: 0.00789
2026-08-08 01:41:49.036005: train_loss -0.9437
2026-08-08 01:41:49.036745: val_loss -0.9491
2026-08-08 01:41:49.037085: Pseudo dice [np.float32(0.9634), np.float32(0.9763), np.float32(0.9726)]
2026-08-08 01:41:49.037504: Epoch time: 24.17 s
2026-08-08 01:41:49.037772: Yayy! New best EMA pseudo Dice: 0.9690999984741211
2026-08-08 01:41:49.464600: 
2026-08-08 01:41:49.464827: Epoch 233
2026-08-08 01:41:49.465078: Current learning rate: 0.00788
2026-08-08 01:42:13.642575: train_loss -0.9431
2026-08-08 01:42:13.642975: val_loss -0.9488
2026-08-08 01:42:13.643249: Pseudo dice [np.float32(0.9635), np.float32(0.9763), np.float32(0.9721)]
2026-08-08 01:42:13.643700: Epoch time: 24.18 s
2026-08-08 01:42:13.643996: Yayy! New best EMA pseudo Dice: 0.9692999720573425
2026-08-08 01:42:14.069680: 
2026-08-08 01:42:14.069899: Epoch 234
2026-08-08 01:42:14.071080: Current learning rate: 0.00787
2026-08-08 01:42:38.245198: train_loss -0.9432
2026-08-08 01:42:38.246083: val_loss -0.9405
2026-08-08 01:42:38.246664: Pseudo dice [np.float32(0.9535), np.float32(0.9754), np.float32(0.9722)]
2026-08-08 01:42:38.246957: Epoch time: 24.18 s
2026-08-08 01:42:38.647646: 
2026-08-08 01:42:38.647875: Epoch 235
2026-08-08 01:42:38.648100: Current learning rate: 0.00786
2026-08-08 01:43:02.814635: train_loss -0.9431
2026-08-08 01:43:02.815022: val_loss -0.9474
2026-08-08 01:43:02.815329: Pseudo dice [np.float32(0.963), np.float32(0.9761), np.float32(0.9709)]
2026-08-08 01:43:02.816746: Epoch time: 24.17 s
2026-08-08 01:43:03.218995: 
2026-08-08 01:43:03.219207: Epoch 236
2026-08-08 01:43:03.219543: Current learning rate: 0.00785
2026-08-08 01:43:27.388965: train_loss -0.943
2026-08-08 01:43:27.390039: val_loss -0.9456
2026-08-08 01:43:27.390236: Pseudo dice [np.float32(0.9606), np.float32(0.9754), np.float32(0.9716)]
2026-08-08 01:43:27.390657: Epoch time: 24.17 s
2026-08-08 01:43:27.792004: 
2026-08-08 01:43:27.792233: Epoch 237
2026-08-08 01:43:27.792428: Current learning rate: 0.00784
2026-08-08 01:43:51.962517: train_loss -0.9419
2026-08-08 01:43:51.963224: val_loss -0.9484
2026-08-08 01:43:51.963692: Pseudo dice [np.float32(0.962), np.float32(0.9758), np.float32(0.9738)]
2026-08-08 01:43:51.964082: Epoch time: 24.17 s
2026-08-08 01:43:51.964259: Yayy! New best EMA pseudo Dice: 0.9692999720573425
2026-08-08 01:43:52.387798: 
2026-08-08 01:43:52.388155: Epoch 238
2026-08-08 01:43:52.388735: Current learning rate: 0.00783
2026-08-08 01:44:16.557142: train_loss -0.9437
2026-08-08 01:44:16.557677: val_loss -0.9464
2026-08-08 01:44:16.558578: Pseudo dice [np.float32(0.9612), np.float32(0.9756), np.float32(0.9731)]
2026-08-08 01:44:16.559043: Epoch time: 24.17 s
2026-08-08 01:44:16.559297: Yayy! New best EMA pseudo Dice: 0.9692999720573425
2026-08-08 01:44:17.213754: 
2026-08-08 01:44:17.214559: Epoch 239
2026-08-08 01:44:17.215386: Current learning rate: 0.00782
2026-08-08 01:44:41.390099: train_loss -0.942
2026-08-08 01:44:41.390816: val_loss -0.9483
2026-08-08 01:44:41.391860: Pseudo dice [np.float32(0.9635), np.float32(0.9765), np.float32(0.9716)]
2026-08-08 01:44:41.392159: Epoch time: 24.18 s
2026-08-08 01:44:41.392417: Yayy! New best EMA pseudo Dice: 0.9695000052452087
2026-08-08 01:44:41.817209: 
2026-08-08 01:44:41.817568: Epoch 240
2026-08-08 01:44:41.818303: Current learning rate: 0.00781
2026-08-08 01:45:05.999075: train_loss -0.942
2026-08-08 01:45:05.999474: val_loss -0.9481
2026-08-08 01:45:06.000761: Pseudo dice [np.float32(0.9633), np.float32(0.9757), np.float32(0.9719)]
2026-08-08 01:45:06.001086: Epoch time: 24.18 s
2026-08-08 01:45:06.001317: Yayy! New best EMA pseudo Dice: 0.9696000218391418
2026-08-08 01:45:06.430492: 
2026-08-08 01:45:06.430820: Epoch 241
2026-08-08 01:45:06.431164: Current learning rate: 0.0078
2026-08-08 01:45:30.610098: train_loss -0.9428
2026-08-08 01:45:30.610468: val_loss -0.9488
2026-08-08 01:45:30.610744: Pseudo dice [np.float32(0.9625), np.float32(0.9763), np.float32(0.9727)]
2026-08-08 01:45:30.611052: Epoch time: 24.18 s
2026-08-08 01:45:30.611287: Yayy! New best EMA pseudo Dice: 0.9696000218391418
2026-08-08 01:45:31.046113: 
2026-08-08 01:45:31.046326: Epoch 242
2026-08-08 01:45:31.046468: Current learning rate: 0.00779
2026-08-08 01:45:55.231791: train_loss -0.9422
2026-08-08 01:45:55.232187: val_loss -0.9432
2026-08-08 01:45:55.232524: Pseudo dice [np.float32(0.9599), np.float32(0.975), np.float32(0.9687)]
2026-08-08 01:45:55.232907: Epoch time: 24.19 s
2026-08-08 01:45:55.643601: 
2026-08-08 01:45:55.643976: Epoch 243
2026-08-08 01:45:55.644578: Current learning rate: 0.00778
2026-08-08 01:46:19.814726: train_loss -0.9414
2026-08-08 01:46:19.815152: val_loss -0.9303
2026-08-08 01:46:19.815639: Pseudo dice [np.float32(0.9466), np.float32(0.9718), np.float32(0.9675)]
2026-08-08 01:46:19.815944: Epoch time: 24.17 s
2026-08-08 01:46:20.223580: 
2026-08-08 01:46:20.223792: Epoch 244
2026-08-08 01:46:20.223993: Current learning rate: 0.00777
2026-08-08 01:46:44.401033: train_loss -0.9426
2026-08-08 01:46:44.401416: val_loss -0.9489
2026-08-08 01:46:44.401846: Pseudo dice [np.float32(0.9629), np.float32(0.9767), np.float32(0.9729)]
2026-08-08 01:46:44.402158: Epoch time: 24.18 s
2026-08-08 01:46:44.807781: 
2026-08-08 01:46:44.808119: Epoch 245
2026-08-08 01:46:44.808314: Current learning rate: 0.00777
2026-08-08 01:47:08.984992: train_loss -0.9426
2026-08-08 01:47:08.985368: val_loss -0.9468
2026-08-08 01:47:08.985650: Pseudo dice [np.float32(0.9622), np.float32(0.976), np.float32(0.9719)]
2026-08-08 01:47:08.986435: Epoch time: 24.18 s
2026-08-08 01:47:09.396389: 
2026-08-08 01:47:09.396681: Epoch 246
2026-08-08 01:47:09.396818: Current learning rate: 0.00776
2026-08-08 01:47:33.561999: train_loss -0.943
2026-08-08 01:47:33.562384: val_loss -0.9442
2026-08-08 01:47:33.562559: Pseudo dice [np.float32(0.9597), np.float32(0.9746), np.float32(0.9701)]
2026-08-08 01:47:33.562731: Epoch time: 24.17 s
2026-08-08 01:47:33.975936: 
2026-08-08 01:47:33.976167: Epoch 247
2026-08-08 01:47:33.976415: Current learning rate: 0.00775
2026-08-08 01:47:58.141253: train_loss -0.942
2026-08-08 01:47:58.141653: val_loss -0.9044
2026-08-08 01:47:58.141950: Pseudo dice [np.float32(0.9104), np.float32(0.9748), np.float32(0.9688)]
2026-08-08 01:47:58.142219: Epoch time: 24.17 s
2026-08-08 01:47:58.547233: 
2026-08-08 01:47:58.547455: Epoch 248
2026-08-08 01:47:58.547664: Current learning rate: 0.00774
2026-08-08 01:48:22.719608: train_loss -0.9414
2026-08-08 01:48:22.719985: val_loss -0.9427
2026-08-08 01:48:22.720748: Pseudo dice [np.float32(0.9574), np.float32(0.9753), np.float32(0.9726)]
2026-08-08 01:48:22.721075: Epoch time: 24.17 s
2026-08-08 01:48:23.124365: 
2026-08-08 01:48:23.124796: Epoch 249
2026-08-08 01:48:23.124933: Current learning rate: 0.00773
2026-08-08 01:48:47.298418: train_loss -0.9417
2026-08-08 01:48:47.298852: val_loss -0.9448
2026-08-08 01:48:47.299028: Pseudo dice [np.float32(0.9614), np.float32(0.9749), np.float32(0.9694)]
2026-08-08 01:48:47.299632: Epoch time: 24.17 s
2026-08-08 01:48:47.731619: 
2026-08-08 01:48:47.731947: Epoch 250
2026-08-08 01:48:47.732193: Current learning rate: 0.00772
2026-08-08 01:49:11.907028: train_loss -0.9434
2026-08-08 01:49:11.907403: val_loss -0.7716
2026-08-08 01:49:11.908136: Pseudo dice [np.float32(0.8057), np.float32(0.9746), np.float32(0.9722)]
2026-08-08 01:49:11.908499: Epoch time: 24.18 s
2026-08-08 01:49:12.314459: 
2026-08-08 01:49:12.314893: Epoch 251
2026-08-08 01:49:12.315105: Current learning rate: 0.00771
2026-08-08 01:49:36.498906: train_loss -0.9424
2026-08-08 01:49:36.499293: val_loss -0.9371
2026-08-08 01:49:36.499578: Pseudo dice [np.float32(0.9555), np.float32(0.9735), np.float32(0.9656)]
2026-08-08 01:49:36.499959: Epoch time: 24.18 s
2026-08-08 01:49:37.140795: 
2026-08-08 01:49:37.141019: Epoch 252
2026-08-08 01:49:37.141163: Current learning rate: 0.0077
2026-08-08 01:50:01.311055: train_loss -0.9401
2026-08-08 01:50:01.311444: val_loss -0.946
2026-08-08 01:50:01.312286: Pseudo dice [np.float32(0.9617), np.float32(0.9752), np.float32(0.9715)]
2026-08-08 01:50:01.312813: Epoch time: 24.17 s
2026-08-08 01:50:01.718372: 
2026-08-08 01:50:01.718696: Epoch 253
2026-08-08 01:50:01.718899: Current learning rate: 0.00769
2026-08-08 01:50:25.887707: train_loss -0.9433
2026-08-08 01:50:25.888077: val_loss -0.9486
2026-08-08 01:50:25.888467: Pseudo dice [np.float32(0.9626), np.float32(0.9762), np.float32(0.9739)]
2026-08-08 01:50:25.888760: Epoch time: 24.17 s
2026-08-08 01:50:26.291390: 
2026-08-08 01:50:26.291605: Epoch 254
2026-08-08 01:50:26.291736: Current learning rate: 0.00768
2026-08-08 01:50:50.464569: train_loss -0.9427
2026-08-08 01:50:50.466367: val_loss -0.9439
2026-08-08 01:50:50.466628: Pseudo dice [np.float32(0.9597), np.float32(0.9745), np.float32(0.9706)]
2026-08-08 01:50:50.466881: Epoch time: 24.17 s
2026-08-08 01:50:50.876222: 
2026-08-08 01:50:50.876467: Epoch 255
2026-08-08 01:50:50.876707: Current learning rate: 0.00767
2026-08-08 01:51:15.053684: train_loss -0.9418
2026-08-08 01:51:15.054083: val_loss -0.9473
2026-08-08 01:51:15.054254: Pseudo dice [np.float32(0.961), np.float32(0.976), np.float32(0.9728)]
2026-08-08 01:51:15.054524: Epoch time: 24.18 s
2026-08-08 01:51:15.458368: 
2026-08-08 01:51:15.458587: Epoch 256
2026-08-08 01:51:15.458923: Current learning rate: 0.00766
2026-08-08 01:51:39.637198: train_loss -0.9421
2026-08-08 01:51:39.638257: val_loss -0.9487
2026-08-08 01:51:39.638720: Pseudo dice [np.float32(0.9635), np.float32(0.9767), np.float32(0.9712)]
2026-08-08 01:51:39.639181: Epoch time: 24.18 s
2026-08-08 01:51:40.052383: 
2026-08-08 01:51:40.052603: Epoch 257
2026-08-08 01:51:40.052836: Current learning rate: 0.00765
2026-08-08 01:52:04.227032: train_loss -0.9441
2026-08-08 01:52:04.227430: val_loss -0.9342
2026-08-08 01:52:04.227815: Pseudo dice [np.float32(0.9476), np.float32(0.9762), np.float32(0.9714)]
2026-08-08 01:52:04.228319: Epoch time: 24.17 s
2026-08-08 01:52:04.641299: 
2026-08-08 01:52:04.641506: Epoch 258
2026-08-08 01:52:04.642142: Current learning rate: 0.00764
2026-08-08 01:52:28.810005: train_loss -0.9439
2026-08-08 01:52:28.810423: val_loss -0.9265
2026-08-08 01:52:28.810892: Pseudo dice [np.float32(0.9355), np.float32(0.9753), np.float32(0.973)]
2026-08-08 01:52:28.811169: Epoch time: 24.17 s
2026-08-08 01:52:29.216607: 
2026-08-08 01:52:29.216833: Epoch 259
2026-08-08 01:52:29.217119: Current learning rate: 0.00764
2026-08-08 01:52:53.381629: train_loss -0.9423
2026-08-08 01:52:53.382103: val_loss -0.8118
2026-08-08 01:52:53.382407: Pseudo dice [np.float32(0.8218), np.float32(0.9757), np.float32(0.9701)]
2026-08-08 01:52:53.382620: Epoch time: 24.17 s
2026-08-08 01:52:53.785831: 
2026-08-08 01:52:53.786259: Epoch 260
2026-08-08 01:52:53.786448: Current learning rate: 0.00763
2026-08-08 01:53:17.958946: train_loss -0.9434
2026-08-08 01:53:17.959348: val_loss -0.9482
2026-08-08 01:53:17.959801: Pseudo dice [np.float32(0.9628), np.float32(0.9762), np.float32(0.9727)]
2026-08-08 01:53:17.960196: Epoch time: 24.17 s
2026-08-08 01:53:18.361253: 
2026-08-08 01:53:18.361562: Epoch 261
2026-08-08 01:53:18.362011: Current learning rate: 0.00762
2026-08-08 01:53:42.535970: train_loss -0.9423
2026-08-08 01:53:42.536450: val_loss -0.9356
2026-08-08 01:53:42.536723: Pseudo dice [np.float32(0.9523), np.float32(0.9696), np.float32(0.9714)]
2026-08-08 01:53:42.537003: Epoch time: 24.17 s
2026-08-08 01:53:42.947687: 
2026-08-08 01:53:42.947915: Epoch 262
2026-08-08 01:53:42.948041: Current learning rate: 0.00761
2026-08-08 01:54:07.120798: train_loss -0.9445
2026-08-08 01:54:07.121192: val_loss -0.9471
2026-08-08 01:54:07.121849: Pseudo dice [np.float32(0.9618), np.float32(0.9754), np.float32(0.9722)]
2026-08-08 01:54:07.123153: Epoch time: 24.17 s
2026-08-08 01:54:07.534354: 
2026-08-08 01:54:07.534589: Epoch 263
2026-08-08 01:54:07.534855: Current learning rate: 0.0076
2026-08-08 01:54:31.712514: train_loss -0.9432
2026-08-08 01:54:31.713775: val_loss -0.9378
2026-08-08 01:54:31.714030: Pseudo dice [np.float32(0.9547), np.float32(0.9735), np.float32(0.9659)]
2026-08-08 01:54:31.715319: Epoch time: 24.18 s
2026-08-08 01:54:32.127046: 
2026-08-08 01:54:32.127281: Epoch 264
2026-08-08 01:54:32.128798: Current learning rate: 0.00759
2026-08-08 01:54:56.308378: train_loss -0.943
2026-08-08 01:54:56.308767: val_loss -0.9466
2026-08-08 01:54:56.309195: Pseudo dice [np.float32(0.9624), np.float32(0.9757), np.float32(0.9692)]
2026-08-08 01:54:56.309629: Epoch time: 24.18 s
2026-08-08 01:54:56.942608: 
2026-08-08 01:54:56.942906: Epoch 265
2026-08-08 01:54:56.943037: Current learning rate: 0.00758
2026-08-08 01:55:21.118010: train_loss -0.9427
2026-08-08 01:55:21.118526: val_loss -0.9463
2026-08-08 01:55:21.119112: Pseudo dice [np.float32(0.962), np.float32(0.9747), np.float32(0.9705)]
2026-08-08 01:55:21.119532: Epoch time: 24.18 s
2026-08-08 01:55:21.530265: 
2026-08-08 01:55:21.531129: Epoch 266
2026-08-08 01:55:21.532868: Current learning rate: 0.00757
2026-08-08 01:55:45.706620: train_loss -0.9426
2026-08-08 01:55:45.707004: val_loss -0.9469
2026-08-08 01:55:45.707281: Pseudo dice [np.float32(0.9616), np.float32(0.9761), np.float32(0.9719)]
2026-08-08 01:55:45.707443: Epoch time: 24.18 s
2026-08-08 01:55:46.120751: 
2026-08-08 01:55:46.120982: Epoch 267
2026-08-08 01:55:46.121230: Current learning rate: 0.00756
2026-08-08 01:56:10.294459: train_loss -0.9435
2026-08-08 01:56:10.294922: val_loss -0.9463
2026-08-08 01:56:10.295372: Pseudo dice [np.float32(0.9612), np.float32(0.976), np.float32(0.9731)]
2026-08-08 01:56:10.295650: Epoch time: 24.17 s
2026-08-08 01:56:10.703864: 
2026-08-08 01:56:10.704230: Epoch 268
2026-08-08 01:56:10.704497: Current learning rate: 0.00755
2026-08-08 01:56:34.880155: train_loss -0.9439
2026-08-08 01:56:34.881079: val_loss -0.949
2026-08-08 01:56:34.881721: Pseudo dice [np.float32(0.9629), np.float32(0.9767), np.float32(0.9729)]
2026-08-08 01:56:34.882049: Epoch time: 24.18 s
2026-08-08 01:56:35.298035: 
2026-08-08 01:56:35.298271: Epoch 269
2026-08-08 01:56:35.298509: Current learning rate: 0.00754
2026-08-08 01:56:59.469671: train_loss -0.9441
2026-08-08 01:56:59.470070: val_loss -0.9482
2026-08-08 01:56:59.470368: Pseudo dice [np.float32(0.9627), np.float32(0.9757), np.float32(0.9723)]
2026-08-08 01:56:59.470697: Epoch time: 24.17 s
2026-08-08 01:56:59.881536: 
2026-08-08 01:56:59.881752: Epoch 270
2026-08-08 01:56:59.881942: Current learning rate: 0.00753
2026-08-08 01:57:24.061467: train_loss -0.9442
2026-08-08 01:57:24.061999: val_loss -0.9399
2026-08-08 01:57:24.062627: Pseudo dice [np.float32(0.9512), np.float32(0.9762), np.float32(0.9712)]
2026-08-08 01:57:24.062956: Epoch time: 24.18 s
2026-08-08 01:57:24.462818: 
2026-08-08 01:57:24.463092: Epoch 271
2026-08-08 01:57:24.463225: Current learning rate: 0.00752
2026-08-08 01:57:48.645651: train_loss -0.9434
2026-08-08 01:57:48.646112: val_loss -0.943
2026-08-08 01:57:48.646791: Pseudo dice [np.float32(0.9585), np.float32(0.9739), np.float32(0.9719)]
2026-08-08 01:57:48.647089: Epoch time: 24.18 s
2026-08-08 01:57:49.055131: 
2026-08-08 01:57:49.055348: Epoch 272
2026-08-08 01:57:49.055477: Current learning rate: 0.00751
2026-08-08 01:58:13.233428: train_loss -0.9431
2026-08-08 01:58:13.233849: val_loss -0.9429
2026-08-08 01:58:13.234179: Pseudo dice [np.float32(0.9598), np.float32(0.9751), np.float32(0.9664)]
2026-08-08 01:58:13.234478: Epoch time: 24.18 s
2026-08-08 01:58:13.646171: 
2026-08-08 01:58:13.646385: Epoch 273
2026-08-08 01:58:13.647162: Current learning rate: 0.00751
2026-08-08 01:58:37.829234: train_loss -0.9422
2026-08-08 01:58:37.829717: val_loss -0.9447
2026-08-08 01:58:37.830221: Pseudo dice [np.float32(0.9603), np.float32(0.9757), np.float32(0.9701)]
2026-08-08 01:58:37.831618: Epoch time: 24.18 s
2026-08-08 01:58:38.242103: 
2026-08-08 01:58:38.242352: Epoch 274
2026-08-08 01:58:38.242570: Current learning rate: 0.0075
2026-08-08 01:59:02.417351: train_loss -0.9427
2026-08-08 01:59:02.417745: val_loss -0.9488
2026-08-08 01:59:02.418277: Pseudo dice [np.float32(0.9633), np.float32(0.9763), np.float32(0.974)]
2026-08-08 01:59:02.419342: Epoch time: 24.18 s
2026-08-08 01:59:02.828039: 
2026-08-08 01:59:02.828359: Epoch 275
2026-08-08 01:59:02.828647: Current learning rate: 0.00749
2026-08-08 01:59:27.000970: train_loss -0.943
2026-08-08 01:59:27.001364: val_loss -0.9486
2026-08-08 01:59:27.001688: Pseudo dice [np.float32(0.9631), np.float32(0.9762), np.float32(0.9737)]
2026-08-08 01:59:27.001860: Epoch time: 24.17 s
2026-08-08 01:59:27.411496: 
2026-08-08 01:59:27.411729: Epoch 276
2026-08-08 01:59:27.412160: Current learning rate: 0.00748
2026-08-08 01:59:51.583885: train_loss -0.9445
2026-08-08 01:59:51.584943: val_loss -0.9446
2026-08-08 01:59:51.585559: Pseudo dice [np.float32(0.9595), np.float32(0.9764), np.float32(0.9721)]
2026-08-08 01:59:51.585964: Epoch time: 24.17 s
2026-08-08 01:59:52.001032: 
2026-08-08 01:59:52.001252: Epoch 277
2026-08-08 01:59:52.001466: Current learning rate: 0.00747
2026-08-08 02:00:16.176419: train_loss -0.9451
2026-08-08 02:00:16.176812: val_loss -0.9501
2026-08-08 02:00:16.177094: Pseudo dice [np.float32(0.9643), np.float32(0.9768), np.float32(0.9726)]
2026-08-08 02:00:16.177385: Epoch time: 24.18 s
2026-08-08 02:00:16.815372: 
2026-08-08 02:00:16.815601: Epoch 278
2026-08-08 02:00:16.815796: Current learning rate: 0.00746
2026-08-08 02:00:40.983217: train_loss -0.9433
2026-08-08 02:00:40.983597: val_loss -0.9503
2026-08-08 02:00:40.983861: Pseudo dice [np.float32(0.9646), np.float32(0.9773), np.float32(0.9727)]
2026-08-08 02:00:40.984027: Epoch time: 24.17 s
2026-08-08 02:00:41.398851: 
2026-08-08 02:00:41.399070: Epoch 279
2026-08-08 02:00:41.399364: Current learning rate: 0.00745
2026-08-08 02:01:05.570137: train_loss -0.943
2026-08-08 02:01:05.570836: val_loss -0.9127
2026-08-08 02:01:05.571507: Pseudo dice [np.float32(0.9257), np.float32(0.9699), np.float32(0.9672)]
2026-08-08 02:01:05.572504: Epoch time: 24.17 s
2026-08-08 02:01:05.987091: 
2026-08-08 02:01:05.987359: Epoch 280
2026-08-08 02:01:05.988290: Current learning rate: 0.00744
2026-08-08 02:01:30.153962: train_loss -0.9421
2026-08-08 02:01:30.154362: val_loss -0.9399
2026-08-08 02:01:30.154834: Pseudo dice [np.float32(0.9548), np.float32(0.9739), np.float32(0.97)]
2026-08-08 02:01:30.155691: Epoch time: 24.17 s
2026-08-08 02:01:30.568253: 
2026-08-08 02:01:30.568465: Epoch 281
2026-08-08 02:01:30.568706: Current learning rate: 0.00743
2026-08-08 02:01:54.737505: train_loss -0.9423
2026-08-08 02:01:54.737908: val_loss -0.9487
2026-08-08 02:01:54.738371: Pseudo dice [np.float32(0.9635), np.float32(0.9764), np.float32(0.9731)]
2026-08-08 02:01:54.738664: Epoch time: 24.17 s
2026-08-08 02:01:55.143799: 
2026-08-08 02:01:55.144084: Epoch 282
2026-08-08 02:01:55.144214: Current learning rate: 0.00742
2026-08-08 02:02:19.316538: train_loss -0.9433
2026-08-08 02:02:19.316917: val_loss -0.9486
2026-08-08 02:02:19.317312: Pseudo dice [np.float32(0.9627), np.float32(0.9765), np.float32(0.9731)]
2026-08-08 02:02:19.317579: Epoch time: 24.17 s
2026-08-08 02:02:19.722778: 
2026-08-08 02:02:19.723094: Epoch 283
2026-08-08 02:02:19.723296: Current learning rate: 0.00741
2026-08-08 02:02:43.890280: train_loss -0.943
2026-08-08 02:02:43.890807: val_loss -0.9454
2026-08-08 02:02:43.891401: Pseudo dice [np.float32(0.9604), np.float32(0.9756), np.float32(0.9705)]
2026-08-08 02:02:43.891750: Epoch time: 24.17 s
2026-08-08 02:02:44.295848: 
2026-08-08 02:02:44.296291: Epoch 284
2026-08-08 02:02:44.296463: Current learning rate: 0.0074
2026-08-08 02:03:08.471098: train_loss -0.9437
2026-08-08 02:03:08.471494: val_loss -0.945
2026-08-08 02:03:08.471700: Pseudo dice [np.float32(0.9598), np.float32(0.9753), np.float32(0.9713)]
2026-08-08 02:03:08.472183: Epoch time: 24.18 s
2026-08-08 02:03:08.877543: 
2026-08-08 02:03:08.877778: Epoch 285
2026-08-08 02:03:08.878190: Current learning rate: 0.00739
2026-08-08 02:03:33.050821: train_loss -0.9423
2026-08-08 02:03:33.051205: val_loss -0.9469
2026-08-08 02:03:33.053458: Pseudo dice [np.float32(0.9618), np.float32(0.9759), np.float32(0.9718)]
2026-08-08 02:03:33.053955: Epoch time: 24.17 s
2026-08-08 02:03:33.469954: 
2026-08-08 02:03:33.470176: Epoch 286
2026-08-08 02:03:33.470696: Current learning rate: 0.00738
2026-08-08 02:03:57.638691: train_loss -0.9421
2026-08-08 02:03:57.639244: val_loss -0.9402
2026-08-08 02:03:57.639514: Pseudo dice [np.float32(0.9541), np.float32(0.9742), np.float32(0.9721)]
2026-08-08 02:03:57.639936: Epoch time: 24.17 s
2026-08-08 02:03:58.054136: 
2026-08-08 02:03:58.054346: Epoch 287
2026-08-08 02:03:58.054712: Current learning rate: 0.00738
2026-08-08 02:04:22.229697: train_loss -0.9443
2026-08-08 02:04:22.230092: val_loss -0.9474
2026-08-08 02:04:22.230494: Pseudo dice [np.float32(0.9623), np.float32(0.9758), np.float32(0.9719)]
2026-08-08 02:04:22.230711: Epoch time: 24.18 s
2026-08-08 02:04:22.645105: 
2026-08-08 02:04:22.645441: Epoch 288
2026-08-08 02:04:22.645654: Current learning rate: 0.00737
2026-08-08 02:04:46.820872: train_loss -0.9447
2026-08-08 02:04:46.821352: val_loss -0.9461
2026-08-08 02:04:46.821780: Pseudo dice [np.float32(0.962), np.float32(0.9751), np.float32(0.9695)]
2026-08-08 02:04:46.822262: Epoch time: 24.18 s
2026-08-08 02:04:47.232814: 
2026-08-08 02:04:47.233047: Epoch 289
2026-08-08 02:04:47.233291: Current learning rate: 0.00736
2026-08-08 02:05:11.409274: train_loss -0.9432
2026-08-08 02:05:11.409651: val_loss -0.9361
2026-08-08 02:05:11.409823: Pseudo dice [np.float32(0.9489), np.float32(0.9748), np.float32(0.9733)]
2026-08-08 02:05:11.410887: Epoch time: 24.18 s
2026-08-08 02:05:11.830180: 
2026-08-08 02:05:11.830392: Epoch 290
2026-08-08 02:05:11.830633: Current learning rate: 0.00735
2026-08-08 02:05:36.248330: train_loss -0.9436
2026-08-08 02:05:36.248713: val_loss -0.9494
2026-08-08 02:05:36.248950: Pseudo dice [np.float32(0.963), np.float32(0.9772), np.float32(0.9726)]
2026-08-08 02:05:36.249123: Epoch time: 24.42 s
2026-08-08 02:05:36.659164: 
2026-08-08 02:05:36.659386: Epoch 291
2026-08-08 02:05:36.660126: Current learning rate: 0.00734
2026-08-08 02:06:00.832135: train_loss -0.9442
2026-08-08 02:06:00.832541: val_loss -0.9449
2026-08-08 02:06:00.833872: Pseudo dice [np.float32(0.9614), np.float32(0.975), np.float32(0.9704)]
2026-08-08 02:06:00.834270: Epoch time: 24.17 s
2026-08-08 02:06:01.247091: 
2026-08-08 02:06:01.247424: Epoch 292
2026-08-08 02:06:01.247557: Current learning rate: 0.00733
2026-08-08 02:06:25.425744: train_loss -0.9442
2026-08-08 02:06:25.426168: val_loss -0.9482
2026-08-08 02:06:25.426549: Pseudo dice [np.float32(0.963), np.float32(0.976), np.float32(0.9728)]
2026-08-08 02:06:25.426767: Epoch time: 24.18 s
2026-08-08 02:06:25.833867: 
2026-08-08 02:06:25.834150: Epoch 293
2026-08-08 02:06:25.834364: Current learning rate: 0.00732
2026-08-08 02:06:50.002986: train_loss -0.9429
2026-08-08 02:06:50.003360: val_loss -0.9457
2026-08-08 02:06:50.003968: Pseudo dice [np.float32(0.961), np.float32(0.9749), np.float32(0.9724)]
2026-08-08 02:06:50.004244: Epoch time: 24.17 s
2026-08-08 02:06:50.412465: 
2026-08-08 02:06:50.412684: Epoch 294
2026-08-08 02:06:50.413093: Current learning rate: 0.00731
2026-08-08 02:07:14.579349: train_loss -0.9433
2026-08-08 02:07:14.579831: val_loss -0.9252
2026-08-08 02:07:14.580531: Pseudo dice [np.float32(0.9308), np.float32(0.9751), np.float32(0.9711)]
2026-08-08 02:07:14.580919: Epoch time: 24.17 s
2026-08-08 02:07:14.994161: 
2026-08-08 02:07:14.994367: Epoch 295
2026-08-08 02:07:14.994641: Current learning rate: 0.0073
2026-08-08 02:07:39.167962: train_loss -0.9432
2026-08-08 02:07:39.168351: val_loss -0.9481
2026-08-08 02:07:39.168806: Pseudo dice [np.float32(0.9629), np.float32(0.9763), np.float32(0.9721)]
2026-08-08 02:07:39.168988: Epoch time: 24.17 s
2026-08-08 02:07:39.600382: 
2026-08-08 02:07:39.601110: Epoch 296
2026-08-08 02:07:39.601742: Current learning rate: 0.00729
2026-08-08 02:08:03.767576: train_loss -0.9439
2026-08-08 02:08:03.768069: val_loss -0.9428
2026-08-08 02:08:03.768581: Pseudo dice [np.float32(0.9584), np.float32(0.9742), np.float32(0.9705)]
2026-08-08 02:08:03.768756: Epoch time: 24.17 s
2026-08-08 02:08:04.184376: 
2026-08-08 02:08:04.184591: Epoch 297
2026-08-08 02:08:04.184722: Current learning rate: 0.00728
2026-08-08 02:08:28.352515: train_loss -0.9438
2026-08-08 02:08:28.352907: val_loss -0.9464
2026-08-08 02:08:28.353271: Pseudo dice [np.float32(0.9623), np.float32(0.9751), np.float32(0.971)]
2026-08-08 02:08:28.353700: Epoch time: 24.17 s
2026-08-08 02:08:28.768073: 
2026-08-08 02:08:28.768303: Epoch 298
2026-08-08 02:08:28.768432: Current learning rate: 0.00727
2026-08-08 02:08:52.941309: train_loss -0.9449
2026-08-08 02:08:52.941753: val_loss -0.8831
2026-08-08 02:08:52.942067: Pseudo dice [np.float32(0.8979), np.float32(0.976), np.float32(0.9716)]
2026-08-08 02:08:52.942399: Epoch time: 24.17 s
2026-08-08 02:08:53.356007: 
2026-08-08 02:08:53.356217: Epoch 299
2026-08-08 02:08:53.356914: Current learning rate: 0.00726
2026-08-08 02:09:17.528651: train_loss -0.9453
2026-08-08 02:09:17.529037: val_loss -0.9487
2026-08-08 02:09:17.529320: Pseudo dice [np.float32(0.9639), np.float32(0.9765), np.float32(0.9713)]
2026-08-08 02:09:17.529783: Epoch time: 24.17 s
2026-08-08 02:09:17.963057: 
2026-08-08 02:09:17.963265: Epoch 300
2026-08-08 02:09:17.963395: Current learning rate: 0.00725
2026-08-08 02:09:42.133752: train_loss -0.9445
2026-08-08 02:09:42.134169: val_loss -0.9482
2026-08-08 02:09:42.134550: Pseudo dice [np.float32(0.962), np.float32(0.9769), np.float32(0.9735)]
2026-08-08 02:09:42.134825: Epoch time: 24.17 s
2026-08-08 02:09:42.551207: 
2026-08-08 02:09:42.551435: Epoch 301
2026-08-08 02:09:42.551580: Current learning rate: 0.00724
2026-08-08 02:10:06.721546: train_loss -0.9438
2026-08-08 02:10:06.722307: val_loss -0.9479
2026-08-08 02:10:06.722795: Pseudo dice [np.float32(0.963), np.float32(0.9763), np.float32(0.9725)]
2026-08-08 02:10:06.722989: Epoch time: 24.17 s
2026-08-08 02:10:07.134876: 
2026-08-08 02:10:07.135124: Epoch 302
2026-08-08 02:10:07.135258: Current learning rate: 0.00724
2026-08-08 02:10:31.313769: train_loss -0.9452
2026-08-08 02:10:31.314140: val_loss -0.9473
2026-08-08 02:10:31.314432: Pseudo dice [np.float32(0.9618), np.float32(0.9756), np.float32(0.9727)]
2026-08-08 02:10:31.314853: Epoch time: 24.18 s
2026-08-08 02:10:31.941307: 
2026-08-08 02:10:31.941643: Epoch 303
2026-08-08 02:10:31.941776: Current learning rate: 0.00723
2026-08-08 02:10:56.116064: train_loss -0.9438
2026-08-08 02:10:56.116431: val_loss -0.9476
2026-08-08 02:10:56.117608: Pseudo dice [np.float32(0.9626), np.float32(0.9758), np.float32(0.9714)]
2026-08-08 02:10:56.117982: Epoch time: 24.17 s
2026-08-08 02:10:56.530127: 
2026-08-08 02:10:56.530338: Epoch 304
2026-08-08 02:10:56.530476: Current learning rate: 0.00722
2026-08-08 02:11:20.711623: train_loss -0.9436
2026-08-08 02:11:20.712107: val_loss -0.9449
2026-08-08 02:11:20.714485: Pseudo dice [np.float32(0.9622), np.float32(0.9746), np.float32(0.9699)]
2026-08-08 02:11:20.714823: Epoch time: 24.18 s
2026-08-08 02:11:21.130784: 
2026-08-08 02:11:21.131210: Epoch 305
2026-08-08 02:11:21.131922: Current learning rate: 0.00721
2026-08-08 02:11:45.309856: train_loss -0.9418
2026-08-08 02:11:45.310413: val_loss -0.9488
2026-08-08 02:11:45.311114: Pseudo dice [np.float32(0.963), np.float32(0.9764), np.float32(0.9722)]
2026-08-08 02:11:45.311631: Epoch time: 24.18 s
2026-08-08 02:11:45.743520: 
2026-08-08 02:11:45.743738: Epoch 306
2026-08-08 02:11:45.743957: Current learning rate: 0.0072
2026-08-08 02:12:09.911673: train_loss -0.9426
2026-08-08 02:12:09.912075: val_loss -0.9493
2026-08-08 02:12:09.912652: Pseudo dice [np.float32(0.9633), np.float32(0.9768), np.float32(0.9732)]
2026-08-08 02:12:09.913585: Epoch time: 24.17 s
2026-08-08 02:12:10.323406: 
2026-08-08 02:12:10.323655: Epoch 307
2026-08-08 02:12:10.323886: Current learning rate: 0.00719
2026-08-08 02:12:34.499397: train_loss -0.9425
2026-08-08 02:12:34.500525: val_loss -0.9475
2026-08-08 02:12:34.500700: Pseudo dice [np.float32(0.9623), np.float32(0.9755), np.float32(0.9724)]
2026-08-08 02:12:34.500879: Epoch time: 24.18 s
2026-08-08 02:12:34.932085: 
2026-08-08 02:12:34.932295: Epoch 308
2026-08-08 02:12:34.933015: Current learning rate: 0.00718
2026-08-08 02:12:59.105599: train_loss -0.9435
2026-08-08 02:12:59.106063: val_loss -0.9483
2026-08-08 02:12:59.106393: Pseudo dice [np.float32(0.9627), np.float32(0.9765), np.float32(0.9724)]
2026-08-08 02:12:59.106740: Epoch time: 24.17 s
2026-08-08 02:12:59.527938: 
2026-08-08 02:12:59.528152: Epoch 309
2026-08-08 02:12:59.528435: Current learning rate: 0.00717
2026-08-08 02:13:23.702276: train_loss -0.946
2026-08-08 02:13:23.702659: val_loss -0.9501
2026-08-08 02:13:23.702968: Pseudo dice [np.float32(0.9642), np.float32(0.977), np.float32(0.9732)]
2026-08-08 02:13:23.703140: Epoch time: 24.17 s
2026-08-08 02:13:24.112644: 
2026-08-08 02:13:24.112860: Epoch 310
2026-08-08 02:13:24.113002: Current learning rate: 0.00716
2026-08-08 02:13:48.293164: train_loss -0.9442
2026-08-08 02:13:48.293623: val_loss -0.9364
2026-08-08 02:13:48.293912: Pseudo dice [np.float32(0.95), np.float32(0.9756), np.float32(0.9698)]
2026-08-08 02:13:48.294511: Epoch time: 24.18 s
2026-08-08 02:13:48.709684: 
2026-08-08 02:13:48.709895: Epoch 311
2026-08-08 02:13:48.710200: Current learning rate: 0.00715
2026-08-08 02:14:12.888564: train_loss -0.9421
2026-08-08 02:14:12.889151: val_loss -0.949
2026-08-08 02:14:12.890338: Pseudo dice [np.float32(0.963), np.float32(0.9767), np.float32(0.974)]
2026-08-08 02:14:12.890556: Epoch time: 24.18 s
2026-08-08 02:14:13.304591: 
2026-08-08 02:14:13.304803: Epoch 312
2026-08-08 02:14:13.304932: Current learning rate: 0.00714
2026-08-08 02:14:37.471782: train_loss -0.9441
2026-08-08 02:14:37.472411: val_loss -0.9227
2026-08-08 02:14:37.473546: Pseudo dice [np.float32(0.9335), np.float32(0.9754), np.float32(0.9672)]
2026-08-08 02:14:37.474251: Epoch time: 24.17 s
2026-08-08 02:14:37.894780: 
2026-08-08 02:14:37.894991: Epoch 313
2026-08-08 02:14:37.895128: Current learning rate: 0.00713
2026-08-08 02:15:02.071616: train_loss -0.9441
2026-08-08 02:15:02.072007: val_loss -0.9335
2026-08-08 02:15:02.072613: Pseudo dice [np.float32(0.9508), np.float32(0.9717), np.float32(0.967)]
2026-08-08 02:15:02.072985: Epoch time: 24.18 s
2026-08-08 02:15:02.484732: 
2026-08-08 02:15:02.484962: Epoch 314
2026-08-08 02:15:02.485288: Current learning rate: 0.00712
2026-08-08 02:15:26.656495: train_loss -0.9435
2026-08-08 02:15:26.657340: val_loss -0.9237
2026-08-08 02:15:26.657609: Pseudo dice [np.float32(0.9358), np.float32(0.974), np.float32(0.9735)]
2026-08-08 02:15:26.657970: Epoch time: 24.17 s
2026-08-08 02:15:27.302448: 
2026-08-08 02:15:27.302709: Epoch 315
2026-08-08 02:15:27.302977: Current learning rate: 0.00711
2026-08-08 02:15:51.482466: train_loss -0.944
2026-08-08 02:15:51.482861: val_loss -0.9473
2026-08-08 02:15:51.483046: Pseudo dice [np.float32(0.9624), np.float32(0.976), np.float32(0.9725)]
2026-08-08 02:15:51.483377: Epoch time: 24.18 s
2026-08-08 02:15:51.899099: 
2026-08-08 02:15:51.899386: Epoch 316
2026-08-08 02:15:51.899610: Current learning rate: 0.0071
2026-08-08 02:16:16.085609: train_loss -0.9442
2026-08-08 02:16:16.085983: val_loss -0.9446
2026-08-08 02:16:16.086481: Pseudo dice [np.float32(0.9587), np.float32(0.9757), np.float32(0.973)]
2026-08-08 02:16:16.086748: Epoch time: 24.19 s
2026-08-08 02:16:16.497054: 
2026-08-08 02:16:16.497273: Epoch 317
2026-08-08 02:16:16.497405: Current learning rate: 0.0071
2026-08-08 02:16:40.673420: train_loss -0.9438
2026-08-08 02:16:40.673805: val_loss -0.9493
2026-08-08 02:16:40.673974: Pseudo dice [np.float32(0.9637), np.float32(0.9761), np.float32(0.9736)]
2026-08-08 02:16:40.674137: Epoch time: 24.18 s
2026-08-08 02:16:41.092212: 
2026-08-08 02:16:41.092424: Epoch 318
2026-08-08 02:16:41.092637: Current learning rate: 0.00709
2026-08-08 02:17:05.263061: train_loss -0.9452
2026-08-08 02:17:05.263436: val_loss -0.9432
2026-08-08 02:17:05.264392: Pseudo dice [np.float32(0.9598), np.float32(0.9729), np.float32(0.9703)]
2026-08-08 02:17:05.264869: Epoch time: 24.17 s
2026-08-08 02:17:05.683632: 
2026-08-08 02:17:05.683848: Epoch 319
2026-08-08 02:17:05.684242: Current learning rate: 0.00708
2026-08-08 02:17:29.852256: train_loss -0.9439
2026-08-08 02:17:29.852648: val_loss -0.9476
2026-08-08 02:17:29.852971: Pseudo dice [np.float32(0.9613), np.float32(0.9763), np.float32(0.9733)]
2026-08-08 02:17:29.853288: Epoch time: 24.17 s
2026-08-08 02:17:30.270053: 
2026-08-08 02:17:30.270280: Epoch 320
2026-08-08 02:17:30.270686: Current learning rate: 0.00707
2026-08-08 02:17:54.444655: train_loss -0.9449
2026-08-08 02:17:54.445075: val_loss -0.9472
2026-08-08 02:17:54.445529: Pseudo dice [np.float32(0.9614), np.float32(0.9754), np.float32(0.973)]
2026-08-08 02:17:54.445968: Epoch time: 24.17 s
2026-08-08 02:17:54.863543: 
2026-08-08 02:17:54.863769: Epoch 321
2026-08-08 02:17:54.864323: Current learning rate: 0.00706
2026-08-08 02:18:19.045986: train_loss -0.9445
2026-08-08 02:18:19.046354: val_loss -0.9027
2026-08-08 02:18:19.046824: Pseudo dice [np.float32(0.9039), np.float32(0.9759), np.float32(0.9703)]
2026-08-08 02:18:19.047091: Epoch time: 24.18 s
2026-08-08 02:18:19.467661: 
2026-08-08 02:18:19.467878: Epoch 322
2026-08-08 02:18:19.468076: Current learning rate: 0.00705
2026-08-08 02:18:43.640952: train_loss -0.9442
2026-08-08 02:18:43.641358: val_loss -0.9471
2026-08-08 02:18:43.641688: Pseudo dice [np.float32(0.9627), np.float32(0.976), np.float32(0.9704)]
2026-08-08 02:18:43.641985: Epoch time: 24.17 s
2026-08-08 02:18:44.053862: 
2026-08-08 02:18:44.054081: Epoch 323
2026-08-08 02:18:44.054353: Current learning rate: 0.00704
2026-08-08 02:19:08.219774: train_loss -0.9441
2026-08-08 02:19:08.220166: val_loss -0.9486
2026-08-08 02:19:08.220850: Pseudo dice [np.float32(0.9629), np.float32(0.9761), np.float32(0.973)]
2026-08-08 02:19:08.221065: Epoch time: 24.17 s
2026-08-08 02:19:08.637630: 
2026-08-08 02:19:08.638159: Epoch 324
2026-08-08 02:19:08.638493: Current learning rate: 0.00703
2026-08-08 02:19:32.801957: train_loss -0.9445
2026-08-08 02:19:32.802329: val_loss -0.9466
2026-08-08 02:19:32.803561: Pseudo dice [np.float32(0.9603), np.float32(0.9759), np.float32(0.9733)]
2026-08-08 02:19:32.804397: Epoch time: 24.16 s
2026-08-08 02:19:33.220545: 
2026-08-08 02:19:33.220762: Epoch 325
2026-08-08 02:19:33.221028: Current learning rate: 0.00702
2026-08-08 02:19:57.390429: train_loss -0.9436
2026-08-08 02:19:57.390861: val_loss -0.9376
2026-08-08 02:19:57.391073: Pseudo dice [np.float32(0.9512), np.float32(0.9758), np.float32(0.9719)]
2026-08-08 02:19:57.391245: Epoch time: 24.17 s
2026-08-08 02:19:57.797360: 
2026-08-08 02:19:57.797570: Epoch 326
2026-08-08 02:19:57.797793: Current learning rate: 0.00701
2026-08-08 02:20:21.969076: train_loss -0.944
2026-08-08 02:20:21.970565: val_loss -0.9486
2026-08-08 02:20:21.971525: Pseudo dice [np.float32(0.9624), np.float32(0.9757), np.float32(0.9734)]
2026-08-08 02:20:21.971956: Epoch time: 24.17 s
2026-08-08 02:20:22.608326: 
2026-08-08 02:20:22.609012: Epoch 327
2026-08-08 02:20:22.609354: Current learning rate: 0.007
2026-08-08 02:20:46.778030: train_loss -0.9446
2026-08-08 02:20:46.778504: val_loss -0.8991
2026-08-08 02:20:46.780423: Pseudo dice [np.float32(0.9089), np.float32(0.971), np.float32(0.9654)]
2026-08-08 02:20:46.780794: Epoch time: 24.17 s
2026-08-08 02:20:47.194560: 
2026-08-08 02:20:47.195063: Epoch 328
2026-08-08 02:20:47.195208: Current learning rate: 0.00699
2026-08-08 02:21:11.363780: train_loss -0.9439
2026-08-08 02:21:11.364594: val_loss -0.9457
2026-08-08 02:21:11.364939: Pseudo dice [np.float32(0.9598), np.float32(0.9763), np.float32(0.9723)]
2026-08-08 02:21:11.365115: Epoch time: 24.17 s
2026-08-08 02:21:11.784147: 
2026-08-08 02:21:11.784373: Epoch 329
2026-08-08 02:21:11.784509: Current learning rate: 0.00698
2026-08-08 02:21:35.954781: train_loss -0.9444
2026-08-08 02:21:35.955158: val_loss -0.9485
2026-08-08 02:21:35.955522: Pseudo dice [np.float32(0.9629), np.float32(0.976), np.float32(0.9728)]
2026-08-08 02:21:35.955775: Epoch time: 24.17 s
2026-08-08 02:21:36.368841: 
2026-08-08 02:21:36.369101: Epoch 330
2026-08-08 02:21:36.369695: Current learning rate: 0.00697
2026-08-08 02:22:00.540173: train_loss -0.9449
2026-08-08 02:22:00.540558: val_loss -0.9379
2026-08-08 02:22:00.540845: Pseudo dice [np.float32(0.9544), np.float32(0.9753), np.float32(0.9666)]
2026-08-08 02:22:00.541155: Epoch time: 24.17 s
2026-08-08 02:22:00.952083: 
2026-08-08 02:22:00.952291: Epoch 331
2026-08-08 02:22:00.952822: Current learning rate: 0.00696
2026-08-08 02:22:25.129210: train_loss -0.945
2026-08-08 02:22:25.129768: val_loss -0.9437
2026-08-08 02:22:25.130261: Pseudo dice [np.float32(0.9604), np.float32(0.9749), np.float32(0.9694)]
2026-08-08 02:22:25.130542: Epoch time: 24.18 s
2026-08-08 02:22:25.540538: 
2026-08-08 02:22:25.540909: Epoch 332
2026-08-08 02:22:25.541138: Current learning rate: 0.00696
2026-08-08 02:22:49.714498: train_loss -0.9433
2026-08-08 02:22:49.715848: val_loss -0.8963
2026-08-08 02:22:49.716371: Pseudo dice [np.float32(0.8964), np.float32(0.975), np.float32(0.9688)]
2026-08-08 02:22:49.716802: Epoch time: 24.17 s
2026-08-08 02:22:50.132690: 
2026-08-08 02:22:50.132909: Epoch 333
2026-08-08 02:22:50.133162: Current learning rate: 0.00695
2026-08-08 02:23:14.301260: train_loss -0.9446
2026-08-08 02:23:14.301639: val_loss -0.9435
2026-08-08 02:23:14.301998: Pseudo dice [np.float32(0.9591), np.float32(0.9727), np.float32(0.9726)]
2026-08-08 02:23:14.302267: Epoch time: 24.17 s
2026-08-08 02:23:14.737494: 
2026-08-08 02:23:14.737710: Epoch 334
2026-08-08 02:23:14.737916: Current learning rate: 0.00694
2026-08-08 02:23:38.908779: train_loss -0.9433
2026-08-08 02:23:38.909179: val_loss -0.9456
2026-08-08 02:23:38.909393: Pseudo dice [np.float32(0.9606), np.float32(0.9754), np.float32(0.9718)]
2026-08-08 02:23:38.910053: Epoch time: 24.17 s
2026-08-08 02:23:39.326813: 
2026-08-08 02:23:39.327032: Epoch 335
2026-08-08 02:23:39.327336: Current learning rate: 0.00693
2026-08-08 02:24:03.499788: train_loss -0.945
2026-08-08 02:24:03.500202: val_loss -0.9476
2026-08-08 02:24:03.500535: Pseudo dice [np.float32(0.9634), np.float32(0.9762), np.float32(0.9719)]
2026-08-08 02:24:03.500889: Epoch time: 24.17 s
2026-08-08 02:24:03.918455: 
2026-08-08 02:24:03.918994: Epoch 336
2026-08-08 02:24:03.919588: Current learning rate: 0.00692
2026-08-08 02:24:28.098398: train_loss -0.9448
2026-08-08 02:24:28.098845: val_loss -0.9408
2026-08-08 02:24:28.099180: Pseudo dice [np.float32(0.9565), np.float32(0.9723), np.float32(0.9719)]
2026-08-08 02:24:28.099480: Epoch time: 24.18 s
2026-08-08 02:24:28.515026: 
2026-08-08 02:24:28.515380: Epoch 337
2026-08-08 02:24:28.515583: Current learning rate: 0.00691
2026-08-08 02:24:52.688696: train_loss -0.9434
2026-08-08 02:24:52.689149: val_loss -0.9264
2026-08-08 02:24:52.689522: Pseudo dice [np.float32(0.9541), np.float32(0.9744), np.float32(0.9473)]
2026-08-08 02:24:52.689978: Epoch time: 24.17 s
2026-08-08 02:24:53.107662: 
2026-08-08 02:24:53.107903: Epoch 338
2026-08-08 02:24:53.108195: Current learning rate: 0.0069
2026-08-08 02:25:17.288343: train_loss -0.9453
2026-08-08 02:25:17.288757: val_loss -0.9508
2026-08-08 02:25:17.289144: Pseudo dice [np.float32(0.9645), np.float32(0.977), np.float32(0.9737)]
2026-08-08 02:25:17.289354: Epoch time: 24.18 s
2026-08-08 02:25:17.713067: 
2026-08-08 02:25:17.713435: Epoch 339
2026-08-08 02:25:17.713602: Current learning rate: 0.00689
2026-08-08 02:25:41.882861: train_loss -0.9446
2026-08-08 02:25:41.883254: val_loss -0.9487
2026-08-08 02:25:41.883729: Pseudo dice [np.float32(0.9636), np.float32(0.9765), np.float32(0.9724)]
2026-08-08 02:25:41.884089: Epoch time: 24.17 s
2026-08-08 02:25:42.550603: 
2026-08-08 02:25:42.550821: Epoch 340
2026-08-08 02:25:42.551714: Current learning rate: 0.00688
2026-08-08 02:26:06.723163: train_loss -0.9447
2026-08-08 02:26:06.723527: val_loss -0.9483
2026-08-08 02:26:06.723789: Pseudo dice [np.float32(0.9618), np.float32(0.9768), np.float32(0.9739)]
2026-08-08 02:26:06.724268: Epoch time: 24.17 s
2026-08-08 02:26:07.148767: 
2026-08-08 02:26:07.148983: Epoch 341
2026-08-08 02:26:07.149189: Current learning rate: 0.00687
2026-08-08 02:26:31.328077: train_loss -0.9444
2026-08-08 02:26:31.328476: val_loss -0.9486
2026-08-08 02:26:31.328883: Pseudo dice [np.float32(0.9625), np.float32(0.9767), np.float32(0.9728)]
2026-08-08 02:26:31.329156: Epoch time: 24.18 s
2026-08-08 02:26:31.746213: 
2026-08-08 02:26:31.746462: Epoch 342
2026-08-08 02:26:31.746679: Current learning rate: 0.00686
2026-08-08 02:26:55.928994: train_loss -0.9434
2026-08-08 02:26:55.929403: val_loss -0.9479
2026-08-08 02:26:55.929796: Pseudo dice [np.float32(0.9631), np.float32(0.9763), np.float32(0.9709)]
2026-08-08 02:26:55.929968: Epoch time: 24.18 s
2026-08-08 02:26:56.357748: 
2026-08-08 02:26:56.357969: Epoch 343
2026-08-08 02:26:56.358510: Current learning rate: 0.00685
2026-08-08 02:27:20.534135: train_loss -0.9452
2026-08-08 02:27:20.535127: val_loss -0.9491
2026-08-08 02:27:20.536338: Pseudo dice [np.float32(0.9633), np.float32(0.9767), np.float32(0.9733)]
2026-08-08 02:27:20.536649: Epoch time: 24.18 s
2026-08-08 02:27:20.972278: 
2026-08-08 02:27:20.972491: Epoch 344
2026-08-08 02:27:20.972946: Current learning rate: 0.00684
2026-08-08 02:27:45.148674: train_loss -0.9446
2026-08-08 02:27:45.149129: val_loss -0.9494
2026-08-08 02:27:45.149564: Pseudo dice [np.float32(0.9637), np.float32(0.9765), np.float32(0.9735)]
2026-08-08 02:27:45.149868: Epoch time: 24.18 s
2026-08-08 02:27:45.576135: 
2026-08-08 02:27:45.576355: Epoch 345
2026-08-08 02:27:45.577056: Current learning rate: 0.00683
2026-08-08 02:28:09.744134: train_loss -0.9441
2026-08-08 02:28:09.745315: val_loss -0.7985
2026-08-08 02:28:09.745700: Pseudo dice [np.float32(0.8192), np.float32(0.9751), np.float32(0.9721)]
2026-08-08 02:28:09.746029: Epoch time: 24.17 s
2026-08-08 02:28:10.164085: 
2026-08-08 02:28:10.164298: Epoch 346
2026-08-08 02:28:10.164462: Current learning rate: 0.00682
2026-08-08 02:28:34.336637: train_loss -0.9441
2026-08-08 02:28:34.337495: val_loss -0.9485
2026-08-08 02:28:34.338694: Pseudo dice [np.float32(0.9622), np.float32(0.9761), np.float32(0.9733)]
2026-08-08 02:28:34.339100: Epoch time: 24.17 s
2026-08-08 02:28:34.761410: 
2026-08-08 02:28:34.762358: Epoch 347
2026-08-08 02:28:34.762814: Current learning rate: 0.00681
2026-08-08 02:28:58.943500: train_loss -0.9453
2026-08-08 02:28:58.943901: val_loss -0.9486
2026-08-08 02:28:58.945458: Pseudo dice [np.float32(0.963), np.float32(0.9764), np.float32(0.9727)]
2026-08-08 02:28:58.945835: Epoch time: 24.18 s
2026-08-08 02:28:59.369260: 
2026-08-08 02:28:59.369699: Epoch 348
2026-08-08 02:28:59.369953: Current learning rate: 0.0068
2026-08-08 02:29:23.553709: train_loss -0.9437
2026-08-08 02:29:23.554119: val_loss -0.9442
2026-08-08 02:29:23.555449: Pseudo dice [np.float32(0.9618), np.float32(0.9761), np.float32(0.9666)]
2026-08-08 02:29:23.555736: Epoch time: 24.18 s
2026-08-08 02:29:23.972308: 
2026-08-08 02:29:23.972522: Epoch 349
2026-08-08 02:29:23.972654: Current learning rate: 0.0068
2026-08-08 02:29:48.145198: train_loss -0.9438
2026-08-08 02:29:48.145710: val_loss -0.9484
2026-08-08 02:29:48.146020: Pseudo dice [np.float32(0.9637), np.float32(0.9761), np.float32(0.9719)]
2026-08-08 02:29:48.146180: Epoch time: 24.17 s
2026-08-08 02:29:48.596101: 
2026-08-08 02:29:48.596316: Epoch 350
2026-08-08 02:29:48.596446: Current learning rate: 0.00679
2026-08-08 02:30:12.773701: train_loss -0.9439
2026-08-08 02:30:12.774497: val_loss -0.9162
2026-08-08 02:30:12.775628: Pseudo dice [np.float32(0.92), np.float32(0.9753), np.float32(0.967)]
2026-08-08 02:30:12.775852: Epoch time: 24.18 s
2026-08-08 02:30:13.200329: 
2026-08-08 02:30:13.200560: Epoch 351
2026-08-08 02:30:13.200778: Current learning rate: 0.00678
2026-08-08 02:30:37.376164: train_loss -0.9445
2026-08-08 02:30:37.376565: val_loss -0.9486
2026-08-08 02:30:37.377361: Pseudo dice [np.float32(0.9634), np.float32(0.9761), np.float32(0.9724)]
2026-08-08 02:30:37.377705: Epoch time: 24.18 s
2026-08-08 02:30:38.027062: 
2026-08-08 02:30:38.027275: Epoch 352
2026-08-08 02:30:38.027411: Current learning rate: 0.00677
2026-08-08 02:31:02.198932: train_loss -0.9435
2026-08-08 02:31:02.199316: val_loss -0.9476
2026-08-08 02:31:02.199665: Pseudo dice [np.float32(0.962), np.float32(0.9761), np.float32(0.9731)]
2026-08-08 02:31:02.199883: Epoch time: 24.17 s
2026-08-08 02:31:02.620522: 
2026-08-08 02:31:02.620740: Epoch 353
2026-08-08 02:31:02.620870: Current learning rate: 0.00676
2026-08-08 02:31:26.801235: train_loss -0.9461
2026-08-08 02:31:26.801619: val_loss -0.9304
2026-08-08 02:31:26.802300: Pseudo dice [np.float32(0.9458), np.float32(0.9737), np.float32(0.965)]
2026-08-08 02:31:26.802540: Epoch time: 24.18 s
2026-08-08 02:31:27.223361: 
2026-08-08 02:31:27.223581: Epoch 354
2026-08-08 02:31:27.223776: Current learning rate: 0.00675
2026-08-08 02:31:51.395655: train_loss -0.9444
2026-08-08 02:31:51.396044: val_loss -0.9452
2026-08-08 02:31:51.396590: Pseudo dice [np.float32(0.9615), np.float32(0.9754), np.float32(0.9689)]
2026-08-08 02:31:51.396942: Epoch time: 24.17 s
2026-08-08 02:31:51.814644: 
2026-08-08 02:31:51.814884: Epoch 355
2026-08-08 02:31:51.815104: Current learning rate: 0.00674
2026-08-08 02:32:15.987377: train_loss -0.9452
2026-08-08 02:32:15.988143: val_loss -0.8854
2026-08-08 02:32:15.988888: Pseudo dice [np.float32(0.9028), np.float32(0.9747), np.float32(0.9698)]
2026-08-08 02:32:15.989442: Epoch time: 24.17 s
2026-08-08 02:32:16.413910: 
2026-08-08 02:32:16.414154: Epoch 356
2026-08-08 02:32:16.414292: Current learning rate: 0.00673
2026-08-08 02:32:40.586322: train_loss -0.9443
2026-08-08 02:32:40.586729: val_loss -0.9501
2026-08-08 02:32:40.587426: Pseudo dice [np.float32(0.9643), np.float32(0.9769), np.float32(0.9738)]
2026-08-08 02:32:40.587786: Epoch time: 24.17 s
2026-08-08 02:32:41.005176: 
2026-08-08 02:32:41.005395: Epoch 357
2026-08-08 02:32:41.005706: Current learning rate: 0.00672
2026-08-08 02:33:05.182070: train_loss -0.9428
2026-08-08 02:33:05.182454: val_loss -0.9472
2026-08-08 02:33:05.183516: Pseudo dice [np.float32(0.9623), np.float32(0.9761), np.float32(0.9712)]
2026-08-08 02:33:05.184741: Epoch time: 24.18 s
2026-08-08 02:33:05.602839: 
2026-08-08 02:33:05.603047: Epoch 358
2026-08-08 02:33:05.603176: Current learning rate: 0.00671
2026-08-08 02:33:29.772930: train_loss -0.9447
2026-08-08 02:33:29.773580: val_loss -0.9496
2026-08-08 02:33:29.774412: Pseudo dice [np.float32(0.9639), np.float32(0.9767), np.float32(0.9727)]
2026-08-08 02:33:29.774858: Epoch time: 24.17 s
2026-08-08 02:33:30.189715: 
2026-08-08 02:33:30.189940: Epoch 359
2026-08-08 02:33:30.190137: Current learning rate: 0.0067
2026-08-08 02:33:54.359945: train_loss -0.946
2026-08-08 02:33:54.360364: val_loss -0.9465
2026-08-08 02:33:54.361023: Pseudo dice [np.float32(0.9629), np.float32(0.975), np.float32(0.9706)]
2026-08-08 02:33:54.361384: Epoch time: 24.17 s
2026-08-08 02:33:54.777056: 
2026-08-08 02:33:54.777351: Epoch 360
2026-08-08 02:33:54.777796: Current learning rate: 0.00669
2026-08-08 02:34:18.948313: train_loss -0.9458
2026-08-08 02:34:18.948722: val_loss -0.9488
2026-08-08 02:34:18.948918: Pseudo dice [np.float32(0.9633), np.float32(0.9769), np.float32(0.9717)]
2026-08-08 02:34:18.949420: Epoch time: 24.17 s
2026-08-08 02:34:19.367951: 
2026-08-08 02:34:19.368160: Epoch 361
2026-08-08 02:34:19.368294: Current learning rate: 0.00668
2026-08-08 02:34:43.539516: train_loss -0.9456
2026-08-08 02:34:43.539908: val_loss -0.9486
2026-08-08 02:34:43.540100: Pseudo dice [np.float32(0.9637), np.float32(0.9762), np.float32(0.9719)]
2026-08-08 02:34:43.540532: Epoch time: 24.17 s
2026-08-08 02:34:43.966412: 
2026-08-08 02:34:43.966635: Epoch 362
2026-08-08 02:34:43.966763: Current learning rate: 0.00667
2026-08-08 02:35:08.137203: train_loss -0.9455
2026-08-08 02:35:08.137582: val_loss -0.9502
2026-08-08 02:35:08.137887: Pseudo dice [np.float32(0.9642), np.float32(0.9766), np.float32(0.975)]
2026-08-08 02:35:08.138059: Epoch time: 24.17 s
2026-08-08 02:35:08.551486: 
2026-08-08 02:35:08.551973: Epoch 363
2026-08-08 02:35:08.552290: Current learning rate: 0.00666
2026-08-08 02:35:32.725929: train_loss -0.9435
2026-08-08 02:35:32.726315: val_loss -0.9468
2026-08-08 02:35:32.726637: Pseudo dice [np.float32(0.9608), np.float32(0.9767), np.float32(0.972)]
2026-08-08 02:35:32.726976: Epoch time: 24.17 s
2026-08-08 02:35:33.376049: 
2026-08-08 02:35:33.376334: Epoch 364
2026-08-08 02:35:33.376474: Current learning rate: 0.00665
2026-08-08 02:35:57.549079: train_loss -0.9445
2026-08-08 02:35:57.549453: val_loss -0.951
2026-08-08 02:35:57.549802: Pseudo dice [np.float32(0.9651), np.float32(0.9772), np.float32(0.9738)]
2026-08-08 02:35:57.550038: Epoch time: 24.17 s
2026-08-08 02:35:57.968598: 
2026-08-08 02:35:57.969172: Epoch 365
2026-08-08 02:35:57.969363: Current learning rate: 0.00665
2026-08-08 02:36:22.136860: train_loss -0.9452
2026-08-08 02:36:22.137353: val_loss -0.9494
2026-08-08 02:36:22.137617: Pseudo dice [np.float32(0.9637), np.float32(0.9763), np.float32(0.973)]
2026-08-08 02:36:22.137917: Epoch time: 24.17 s
2026-08-08 02:36:22.561259: 
2026-08-08 02:36:22.561471: Epoch 366
2026-08-08 02:36:22.561689: Current learning rate: 0.00664
2026-08-08 02:36:46.738684: train_loss -0.9452
2026-08-08 02:36:46.739178: val_loss -0.9497
2026-08-08 02:36:46.741510: Pseudo dice [np.float32(0.963), np.float32(0.9774), np.float32(0.9743)]
2026-08-08 02:36:46.742081: Epoch time: 24.18 s
2026-08-08 02:36:47.172307: 
2026-08-08 02:36:47.172536: Epoch 367
2026-08-08 02:36:47.173635: Current learning rate: 0.00663
2026-08-08 02:37:11.348343: train_loss -0.9446
2026-08-08 02:37:11.348818: val_loss -0.9501
2026-08-08 02:37:11.349597: Pseudo dice [np.float32(0.9637), np.float32(0.9767), np.float32(0.9743)]
2026-08-08 02:37:11.349896: Epoch time: 24.18 s
2026-08-08 02:37:11.776394: 
2026-08-08 02:37:11.776613: Epoch 368
2026-08-08 02:37:11.777262: Current learning rate: 0.00662
2026-08-08 02:37:35.950263: train_loss -0.9443
2026-08-08 02:37:35.950923: val_loss -0.9481
2026-08-08 02:37:35.951423: Pseudo dice [np.float32(0.9628), np.float32(0.9763), np.float32(0.9713)]
2026-08-08 02:37:35.952215: Epoch time: 24.17 s
2026-08-08 02:37:36.376091: 
2026-08-08 02:37:36.376333: Epoch 369
2026-08-08 02:37:36.376549: Current learning rate: 0.00661
2026-08-08 02:38:00.553192: train_loss -0.944
2026-08-08 02:38:00.553621: val_loss -0.9385
2026-08-08 02:38:00.553802: Pseudo dice [np.float32(0.9545), np.float32(0.9734), np.float32(0.972)]
2026-08-08 02:38:00.553973: Epoch time: 24.18 s
2026-08-08 02:38:00.975801: 
2026-08-08 02:38:00.976025: Epoch 370
2026-08-08 02:38:00.976354: Current learning rate: 0.0066
2026-08-08 02:38:25.149023: train_loss -0.9431
2026-08-08 02:38:25.149407: val_loss -0.944
2026-08-08 02:38:25.149839: Pseudo dice [np.float32(0.9603), np.float32(0.9752), np.float32(0.9687)]
2026-08-08 02:38:25.150116: Epoch time: 24.17 s
2026-08-08 02:38:25.568383: 
2026-08-08 02:38:25.568588: Epoch 371
2026-08-08 02:38:25.568718: Current learning rate: 0.00659
2026-08-08 02:38:49.752484: train_loss -0.945
2026-08-08 02:38:49.752881: val_loss -0.9494
2026-08-08 02:38:49.753576: Pseudo dice [np.float32(0.9638), np.float32(0.9766), np.float32(0.9728)]
2026-08-08 02:38:49.754204: Epoch time: 24.18 s
2026-08-08 02:38:50.179581: 
2026-08-08 02:38:50.179830: Epoch 372
2026-08-08 02:38:50.179966: Current learning rate: 0.00658
2026-08-08 02:39:14.349156: train_loss -0.946
2026-08-08 02:39:14.349538: val_loss -0.9466
2026-08-08 02:39:14.350208: Pseudo dice [np.float32(0.9609), np.float32(0.9758), np.float32(0.972)]
2026-08-08 02:39:14.350597: Epoch time: 24.17 s
2026-08-08 02:39:14.779144: 
2026-08-08 02:39:14.779353: Epoch 373
2026-08-08 02:39:14.779488: Current learning rate: 0.00657
2026-08-08 02:39:38.952192: train_loss -0.9446
2026-08-08 02:39:38.952587: val_loss -0.9484
2026-08-08 02:39:38.952765: Pseudo dice [np.float32(0.9627), np.float32(0.9764), np.float32(0.9717)]
2026-08-08 02:39:38.953603: Epoch time: 24.17 s
2026-08-08 02:39:39.370795: 
2026-08-08 02:39:39.371020: Epoch 374
2026-08-08 02:39:39.371294: Current learning rate: 0.00656
2026-08-08 02:40:03.546544: train_loss -0.9453
2026-08-08 02:40:03.546978: val_loss -0.9493
2026-08-08 02:40:03.547269: Pseudo dice [np.float32(0.9634), np.float32(0.9771), np.float32(0.9721)]
2026-08-08 02:40:03.547622: Epoch time: 24.18 s
2026-08-08 02:40:03.972838: 
2026-08-08 02:40:03.973049: Epoch 375
2026-08-08 02:40:03.973185: Current learning rate: 0.00655
2026-08-08 02:40:28.140637: train_loss -0.9456
2026-08-08 02:40:28.141037: val_loss -0.9482
2026-08-08 02:40:28.141489: Pseudo dice [np.float32(0.9631), np.float32(0.9767), np.float32(0.9736)]
2026-08-08 02:40:28.141910: Epoch time: 24.17 s
2026-08-08 02:40:28.785362: 
2026-08-08 02:40:28.785583: Epoch 376
2026-08-08 02:40:28.785826: Current learning rate: 0.00654
2026-08-08 02:40:52.948364: train_loss -0.9457
2026-08-08 02:40:52.948844: val_loss -0.9423
2026-08-08 02:40:52.949471: Pseudo dice [np.float32(0.9594), np.float32(0.9751), np.float32(0.968)]
2026-08-08 02:40:52.949765: Epoch time: 24.16 s
2026-08-08 02:40:53.369895: 
2026-08-08 02:40:53.370104: Epoch 377
2026-08-08 02:40:53.370233: Current learning rate: 0.00653
2026-08-08 02:41:17.539604: train_loss -0.9456
2026-08-08 02:41:17.540013: val_loss -0.9512
2026-08-08 02:41:17.540372: Pseudo dice [np.float32(0.9649), np.float32(0.9774), np.float32(0.9737)]
2026-08-08 02:41:17.540639: Epoch time: 24.17 s
2026-08-08 02:41:17.955051: 
2026-08-08 02:41:17.955279: Epoch 378
2026-08-08 02:41:17.955509: Current learning rate: 0.00652
2026-08-08 02:41:42.125266: train_loss -0.9462
2026-08-08 02:41:42.126341: val_loss -0.9474
2026-08-08 02:41:42.126644: Pseudo dice [np.float32(0.9613), np.float32(0.9757), np.float32(0.9727)]
2026-08-08 02:41:42.126992: Epoch time: 24.17 s
2026-08-08 02:41:42.127160: Yayy! New best EMA pseudo Dice: 0.9696000218391418
2026-08-08 02:41:42.567640: 
2026-08-08 02:41:42.567850: Epoch 379
2026-08-08 02:41:42.568048: Current learning rate: 0.00651
2026-08-08 02:42:06.733358: train_loss -0.9451
2026-08-08 02:42:06.733780: val_loss -0.948
2026-08-08 02:42:06.734173: Pseudo dice [np.float32(0.963), np.float32(0.976), np.float32(0.9713)]
2026-08-08 02:42:06.735345: Epoch time: 24.17 s
2026-08-08 02:42:06.735548: Yayy! New best EMA pseudo Dice: 0.9696999788284302
2026-08-08 02:42:07.183026: 
2026-08-08 02:42:07.183239: Epoch 380
2026-08-08 02:42:07.183368: Current learning rate: 0.0065
2026-08-08 02:42:31.357270: train_loss -0.9456
2026-08-08 02:42:31.357758: val_loss -0.9499
2026-08-08 02:42:31.357951: Pseudo dice [np.float32(0.9637), np.float32(0.9761), np.float32(0.9742)]
2026-08-08 02:42:31.358220: Epoch time: 24.17 s
2026-08-08 02:42:31.358561: Yayy! New best EMA pseudo Dice: 0.9699000120162964
2026-08-08 02:42:31.799471: 
2026-08-08 02:42:31.799689: Epoch 381
2026-08-08 02:42:31.799922: Current learning rate: 0.00649
2026-08-08 02:42:55.967936: train_loss -0.9454
2026-08-08 02:42:55.968306: val_loss -0.9499
2026-08-08 02:42:55.968603: Pseudo dice [np.float32(0.9647), np.float32(0.9766), np.float32(0.9724)]
2026-08-08 02:42:55.969068: Epoch time: 24.17 s
2026-08-08 02:42:55.969373: Yayy! New best EMA pseudo Dice: 0.9700000286102295
2026-08-08 02:42:56.411410: 
2026-08-08 02:42:56.411622: Epoch 382
2026-08-08 02:42:56.411816: Current learning rate: 0.00648
2026-08-08 02:43:20.581387: train_loss -0.9448
2026-08-08 02:43:20.581793: val_loss -0.9492
2026-08-08 02:43:20.582237: Pseudo dice [np.float32(0.9635), np.float32(0.9769), np.float32(0.9715)]
2026-08-08 02:43:20.582494: Epoch time: 24.17 s
2026-08-08 02:43:20.582936: Yayy! New best EMA pseudo Dice: 0.9700999855995178
2026-08-08 02:43:21.031380: 
2026-08-08 02:43:21.031769: Epoch 383
2026-08-08 02:43:21.032354: Current learning rate: 0.00648
2026-08-08 02:43:45.202860: train_loss -0.9454
2026-08-08 02:43:45.203234: val_loss -0.95
2026-08-08 02:43:45.203413: Pseudo dice [np.float32(0.9639), np.float32(0.9763), np.float32(0.9749)]
2026-08-08 02:43:45.203986: Epoch time: 24.17 s
2026-08-08 02:43:45.204512: Yayy! New best EMA pseudo Dice: 0.9702000021934509
2026-08-08 02:43:45.654346: 
2026-08-08 02:43:45.654559: Epoch 384
2026-08-08 02:43:45.654697: Current learning rate: 0.00647
2026-08-08 02:44:09.824289: train_loss -0.9442
2026-08-08 02:44:09.824727: val_loss -0.9483
2026-08-08 02:44:09.825039: Pseudo dice [np.float32(0.9639), np.float32(0.9761), np.float32(0.9717)]
2026-08-08 02:44:09.825199: Epoch time: 24.17 s
2026-08-08 02:44:09.825312: Yayy! New best EMA pseudo Dice: 0.970300018787384
2026-08-08 02:44:10.272088: 
2026-08-08 02:44:10.272300: Epoch 385
2026-08-08 02:44:10.272435: Current learning rate: 0.00646
2026-08-08 02:44:34.456605: train_loss -0.945
2026-08-08 02:44:34.457014: val_loss -0.9439
2026-08-08 02:44:34.457325: Pseudo dice [np.float32(0.9613), np.float32(0.975), np.float32(0.9675)]
2026-08-08 02:44:34.457863: Epoch time: 24.18 s
2026-08-08 02:44:34.880474: 
2026-08-08 02:44:34.880690: Epoch 386
2026-08-08 02:44:34.880886: Current learning rate: 0.00645
2026-08-08 02:44:59.056489: train_loss -0.9449
2026-08-08 02:44:59.057418: val_loss -0.9457
2026-08-08 02:44:59.058147: Pseudo dice [np.float32(0.961), np.float32(0.9756), np.float32(0.9711)]
2026-08-08 02:44:59.058553: Epoch time: 24.18 s
2026-08-08 02:44:59.706475: 
2026-08-08 02:44:59.706709: Epoch 387
2026-08-08 02:44:59.706853: Current learning rate: 0.00644
2026-08-08 02:45:23.885278: train_loss -0.9449
2026-08-08 02:45:23.885696: val_loss -0.9486
2026-08-08 02:45:23.886473: Pseudo dice [np.float32(0.9631), np.float32(0.9762), np.float32(0.9726)]
2026-08-08 02:45:23.886769: Epoch time: 24.18 s
2026-08-08 02:45:24.312191: 
2026-08-08 02:45:24.312486: Epoch 388
2026-08-08 02:45:24.312728: Current learning rate: 0.00643
2026-08-08 02:45:48.483205: train_loss -0.945
2026-08-08 02:45:48.483593: val_loss -0.9452
2026-08-08 02:45:48.483770: Pseudo dice [np.float32(0.9603), np.float32(0.9754), np.float32(0.9713)]
2026-08-08 02:45:48.484065: Epoch time: 24.17 s
2026-08-08 02:45:48.910912: 
2026-08-08 02:45:48.911122: Epoch 389
2026-08-08 02:45:48.911399: Current learning rate: 0.00642
2026-08-08 02:46:13.086284: train_loss -0.9456
2026-08-08 02:46:13.086666: val_loss -0.9474
2026-08-08 02:46:13.087446: Pseudo dice [np.float32(0.9634), np.float32(0.9755), np.float32(0.9716)]
2026-08-08 02:46:13.087984: Epoch time: 24.18 s
2026-08-08 02:46:13.518925: 
2026-08-08 02:46:13.519348: Epoch 390
2026-08-08 02:46:13.519559: Current learning rate: 0.00641
2026-08-08 02:46:37.694286: train_loss -0.945
2026-08-08 02:46:37.694885: val_loss -0.9465
2026-08-08 02:46:37.695066: Pseudo dice [np.float32(0.9596), np.float32(0.976), np.float32(0.9731)]
2026-08-08 02:46:37.695456: Epoch time: 24.18 s
2026-08-08 02:46:38.117599: 
2026-08-08 02:46:38.117811: Epoch 391
2026-08-08 02:46:38.117942: Current learning rate: 0.0064
2026-08-08 02:47:02.289780: train_loss -0.9447
2026-08-08 02:47:02.290162: val_loss -0.9518
2026-08-08 02:47:02.290587: Pseudo dice [np.float32(0.9657), np.float32(0.9774), np.float32(0.9746)]
2026-08-08 02:47:02.290789: Epoch time: 24.17 s
2026-08-08 02:47:02.714298: 
2026-08-08 02:47:02.715213: Epoch 392
2026-08-08 02:47:02.715433: Current learning rate: 0.00639
2026-08-08 02:47:26.887517: train_loss -0.9461
2026-08-08 02:47:26.887904: val_loss -0.9499
2026-08-08 02:47:26.888183: Pseudo dice [np.float32(0.9647), np.float32(0.9769), np.float32(0.9709)]
2026-08-08 02:47:26.888353: Epoch time: 24.17 s
2026-08-08 02:47:27.312822: 
2026-08-08 02:47:27.313046: Epoch 393
2026-08-08 02:47:27.313298: Current learning rate: 0.00638
2026-08-08 02:47:51.492359: train_loss -0.9447
2026-08-08 02:47:51.492752: val_loss -0.9478
2026-08-08 02:47:51.493088: Pseudo dice [np.float32(0.9629), np.float32(0.9764), np.float32(0.9711)]
2026-08-08 02:47:51.493554: Epoch time: 24.18 s
2026-08-08 02:47:51.910417: 
2026-08-08 02:47:51.910635: Epoch 394
2026-08-08 02:47:51.911021: Current learning rate: 0.00637
2026-08-08 02:48:16.088103: train_loss -0.9447
2026-08-08 02:48:16.088479: val_loss -0.9481
2026-08-08 02:48:16.088944: Pseudo dice [np.float32(0.9626), np.float32(0.9764), np.float32(0.9729)]
2026-08-08 02:48:16.089336: Epoch time: 24.18 s
2026-08-08 02:48:16.089700: Yayy! New best EMA pseudo Dice: 0.970300018787384
2026-08-08 02:48:16.536363: 
2026-08-08 02:48:16.536581: Epoch 395
2026-08-08 02:48:16.536714: Current learning rate: 0.00636
2026-08-08 02:48:40.714738: train_loss -0.9448
2026-08-08 02:48:40.715151: val_loss -0.949
2026-08-08 02:48:40.716148: Pseudo dice [np.float32(0.9637), np.float32(0.9765), np.float32(0.9721)]
2026-08-08 02:48:40.716713: Epoch time: 24.18 s
2026-08-08 02:48:40.717046: Yayy! New best EMA pseudo Dice: 0.970300018787384
2026-08-08 02:48:41.161732: 
2026-08-08 02:48:41.161961: Epoch 396
2026-08-08 02:48:41.162095: Current learning rate: 0.00635
2026-08-08 02:49:05.337138: train_loss -0.9446
2026-08-08 02:49:05.337523: val_loss -0.9498
2026-08-08 02:49:05.337876: Pseudo dice [np.float32(0.9636), np.float32(0.9771), np.float32(0.9741)]
2026-08-08 02:49:05.338223: Epoch time: 24.18 s
2026-08-08 02:49:05.338816: Yayy! New best EMA pseudo Dice: 0.9703999757766724
2026-08-08 02:49:05.793008: 
2026-08-08 02:49:05.793253: Epoch 397
2026-08-08 02:49:05.793500: Current learning rate: 0.00634
2026-08-08 02:49:29.964146: train_loss -0.945
2026-08-08 02:49:29.964563: val_loss -0.9471
2026-08-08 02:49:29.965096: Pseudo dice [np.float32(0.962), np.float32(0.9762), np.float32(0.9718)]
2026-08-08 02:49:29.965388: Epoch time: 24.17 s
2026-08-08 02:49:30.383884: 
2026-08-08 02:49:30.384152: Epoch 398
2026-08-08 02:49:30.384395: Current learning rate: 0.00633
2026-08-08 02:49:54.557682: train_loss -0.9454
2026-08-08 02:49:54.558103: val_loss -0.9372
2026-08-08 02:49:54.558501: Pseudo dice [np.float32(0.9521), np.float32(0.9733), np.float32(0.9689)]
2026-08-08 02:49:54.558871: Epoch time: 24.17 s
2026-08-08 02:49:55.209588: 
2026-08-08 02:49:55.209808: Epoch 399
2026-08-08 02:49:55.210068: Current learning rate: 0.00632
2026-08-08 02:50:19.374865: train_loss -0.9463
2026-08-08 02:50:19.375246: val_loss -0.9484
2026-08-08 02:50:19.375599: Pseudo dice [np.float32(0.9633), np.float32(0.9766), np.float32(0.9724)]
2026-08-08 02:50:19.375932: Epoch time: 24.17 s
2026-08-08 02:50:19.833421: 
2026-08-08 02:50:19.833658: Epoch 400
2026-08-08 02:50:19.834110: Current learning rate: 0.00631
2026-08-08 02:50:44.005808: train_loss -0.9457
2026-08-08 02:50:44.006212: val_loss -0.9506
2026-08-08 02:50:44.006400: Pseudo dice [np.float32(0.9648), np.float32(0.977), np.float32(0.974)]
2026-08-08 02:50:44.006778: Epoch time: 24.17 s
2026-08-08 02:50:44.430666: 
2026-08-08 02:50:44.430895: Epoch 401
2026-08-08 02:50:44.431105: Current learning rate: 0.0063
2026-08-08 02:51:08.601070: train_loss -0.9453
2026-08-08 02:51:08.601540: val_loss -0.8735
2026-08-08 02:51:08.601773: Pseudo dice [np.float32(0.8887), np.float32(0.9761), np.float32(0.974)]
2026-08-08 02:51:08.601994: Epoch time: 24.17 s
2026-08-08 02:51:09.030258: 
2026-08-08 02:51:09.030470: Epoch 402
2026-08-08 02:51:09.030721: Current learning rate: 0.0063
2026-08-08 02:51:33.199005: train_loss -0.9454
2026-08-08 02:51:33.199481: val_loss -0.9493
2026-08-08 02:51:33.199949: Pseudo dice [np.float32(0.9635), np.float32(0.9765), np.float32(0.9736)]
2026-08-08 02:51:33.200252: Epoch time: 24.17 s
2026-08-08 02:51:33.621652: 
2026-08-08 02:51:33.621869: Epoch 403
2026-08-08 02:51:33.622070: Current learning rate: 0.00629
2026-08-08 02:51:57.795485: train_loss -0.9438
2026-08-08 02:51:57.796088: val_loss -0.9487
2026-08-08 02:51:57.796724: Pseudo dice [np.float32(0.9633), np.float32(0.9757), np.float32(0.9737)]
2026-08-08 02:51:57.796966: Epoch time: 24.17 s
2026-08-08 02:51:58.219350: 
2026-08-08 02:51:58.219564: Epoch 404
2026-08-08 02:51:58.219829: Current learning rate: 0.00628
2026-08-08 02:52:22.390836: train_loss -0.9461
2026-08-08 02:52:22.391248: val_loss -0.9196
2026-08-08 02:52:22.391681: Pseudo dice [np.float32(0.9257), np.float32(0.9752), np.float32(0.9692)]
2026-08-08 02:52:22.391922: Epoch time: 24.17 s
2026-08-08 02:52:22.809552: 
2026-08-08 02:52:22.809800: Epoch 405
2026-08-08 02:52:22.809990: Current learning rate: 0.00627
2026-08-08 02:52:46.985240: train_loss -0.9454
2026-08-08 02:52:46.985624: val_loss -0.946
2026-08-08 02:52:46.986566: Pseudo dice [np.float32(0.9616), np.float32(0.9758), np.float32(0.9704)]
2026-08-08 02:52:46.986925: Epoch time: 24.18 s
2026-08-08 02:52:47.417766: 
2026-08-08 02:52:47.417983: Epoch 406
2026-08-08 02:52:47.419499: Current learning rate: 0.00626
2026-08-08 02:53:11.592589: train_loss -0.9466
2026-08-08 02:53:11.593001: val_loss -0.9482
2026-08-08 02:53:11.593312: Pseudo dice [np.float32(0.9629), np.float32(0.9759), np.float32(0.9733)]
2026-08-08 02:53:11.593577: Epoch time: 24.17 s
2026-08-08 02:53:12.007945: 
2026-08-08 02:53:12.008161: Epoch 407
2026-08-08 02:53:12.008356: Current learning rate: 0.00625
2026-08-08 02:53:36.187516: train_loss -0.9456
2026-08-08 02:53:36.187910: val_loss -0.9433
2026-08-08 02:53:36.188245: Pseudo dice [np.float32(0.9592), np.float32(0.9747), np.float32(0.9696)]
2026-08-08 02:53:36.188533: Epoch time: 24.18 s
2026-08-08 02:53:36.612318: 
2026-08-08 02:53:36.612550: Epoch 408
2026-08-08 02:53:36.612811: Current learning rate: 0.00624
2026-08-08 02:54:00.787046: train_loss -0.9463
2026-08-08 02:54:00.787648: val_loss -0.9478
2026-08-08 02:54:00.788526: Pseudo dice [np.float32(0.962), np.float32(0.9757), np.float32(0.9733)]
2026-08-08 02:54:00.788868: Epoch time: 24.17 s
2026-08-08 02:54:01.210515: 
2026-08-08 02:54:01.210732: Epoch 409
2026-08-08 02:54:01.211245: Current learning rate: 0.00623
2026-08-08 02:54:25.382875: train_loss -0.946
2026-08-08 02:54:25.383291: val_loss -0.9503
2026-08-08 02:54:25.383635: Pseudo dice [np.float32(0.9647), np.float32(0.9765), np.float32(0.9733)]
2026-08-08 02:54:25.383935: Epoch time: 24.17 s
2026-08-08 02:54:25.804791: 
2026-08-08 02:54:25.805047: Epoch 410
2026-08-08 02:54:25.805251: Current learning rate: 0.00622
2026-08-08 02:54:49.981132: train_loss -0.9457
2026-08-08 02:54:49.981514: val_loss -0.9485
2026-08-08 02:54:49.981977: Pseudo dice [np.float32(0.9622), np.float32(0.9761), np.float32(0.9734)]
2026-08-08 02:54:49.982388: Epoch time: 24.18 s
2026-08-08 02:54:50.629478: 
2026-08-08 02:54:50.629884: Epoch 411
2026-08-08 02:54:50.630144: Current learning rate: 0.00621
2026-08-08 02:55:14.794492: train_loss -0.9452
2026-08-08 02:55:14.794932: val_loss -0.9398
2026-08-08 02:55:14.795107: Pseudo dice [np.float32(0.9559), np.float32(0.9747), np.float32(0.9681)]
2026-08-08 02:55:14.795685: Epoch time: 24.17 s
2026-08-08 02:55:15.206156: 
2026-08-08 02:55:15.206369: Epoch 412
2026-08-08 02:55:15.206615: Current learning rate: 0.0062
2026-08-08 02:55:39.373525: train_loss -0.9446
2026-08-08 02:55:39.373914: val_loss -0.9368
2026-08-08 02:55:39.374091: Pseudo dice [np.float32(0.9504), np.float32(0.9751), np.float32(0.9706)]
2026-08-08 02:55:39.374489: Epoch time: 24.17 s
2026-08-08 02:55:39.787059: 
2026-08-08 02:55:39.787274: Epoch 413
2026-08-08 02:55:39.787492: Current learning rate: 0.00619
2026-08-08 02:56:03.954789: train_loss -0.9464
2026-08-08 02:56:03.955219: val_loss -0.9475
2026-08-08 02:56:03.955609: Pseudo dice [np.float32(0.9627), np.float32(0.9761), np.float32(0.9714)]
2026-08-08 02:56:03.955910: Epoch time: 24.17 s
2026-08-08 02:56:04.364440: 
2026-08-08 02:56:04.364888: Epoch 414
2026-08-08 02:56:04.365148: Current learning rate: 0.00618
2026-08-08 02:56:28.540118: train_loss -0.9459
2026-08-08 02:56:28.540523: val_loss -0.949
2026-08-08 02:56:28.541392: Pseudo dice [np.float32(0.9638), np.float32(0.9763), np.float32(0.9739)]
2026-08-08 02:56:28.541773: Epoch time: 24.18 s
2026-08-08 02:56:28.946763: 
2026-08-08 02:56:28.947099: Epoch 415
2026-08-08 02:56:28.947458: Current learning rate: 0.00617
2026-08-08 02:56:53.122665: train_loss -0.9443
2026-08-08 02:56:53.123087: val_loss -0.9504
2026-08-08 02:56:53.123715: Pseudo dice [np.float32(0.9641), np.float32(0.9764), np.float32(0.9736)]
2026-08-08 02:56:53.123942: Epoch time: 24.18 s
2026-08-08 02:56:53.532034: 
2026-08-08 02:56:53.532250: Epoch 416
2026-08-08 02:56:53.532452: Current learning rate: 0.00616
2026-08-08 02:57:17.710530: train_loss -0.9455
2026-08-08 02:57:17.710930: val_loss -0.928
2026-08-08 02:57:17.711336: Pseudo dice [np.float32(0.9413), np.float32(0.9758), np.float32(0.969)]
2026-08-08 02:57:17.711612: Epoch time: 24.18 s
2026-08-08 02:57:18.119905: 
2026-08-08 02:57:18.120141: Epoch 417
2026-08-08 02:57:18.120533: Current learning rate: 0.00615
2026-08-08 02:57:42.299246: train_loss -0.9453
2026-08-08 02:57:42.299634: val_loss -0.9495
2026-08-08 02:57:42.300123: Pseudo dice [np.float32(0.9638), np.float32(0.9775), np.float32(0.9732)]
2026-08-08 02:57:42.300923: Epoch time: 24.18 s
2026-08-08 02:57:42.711286: 
2026-08-08 02:57:42.711517: Epoch 418
2026-08-08 02:57:42.712092: Current learning rate: 0.00614
2026-08-08 02:58:06.897691: train_loss -0.9438
2026-08-08 02:58:06.898081: val_loss -0.9429
2026-08-08 02:58:06.898366: Pseudo dice [np.float32(0.9561), np.float32(0.9755), np.float32(0.974)]
2026-08-08 02:58:06.898748: Epoch time: 24.19 s
2026-08-08 02:58:07.307939: 
2026-08-08 02:58:07.308155: Epoch 419
2026-08-08 02:58:07.308392: Current learning rate: 0.00613
2026-08-08 02:58:31.482711: train_loss -0.9461
2026-08-08 02:58:31.483190: val_loss -0.9497
2026-08-08 02:58:31.483661: Pseudo dice [np.float32(0.9642), np.float32(0.9764), np.float32(0.9723)]
2026-08-08 02:58:31.484127: Epoch time: 24.17 s
2026-08-08 02:58:31.894008: 
2026-08-08 02:58:31.894231: Epoch 420
2026-08-08 02:58:31.894382: Current learning rate: 0.00612
2026-08-08 02:58:56.067197: train_loss -0.9467
2026-08-08 02:58:56.067583: val_loss -0.9506
2026-08-08 02:58:56.068069: Pseudo dice [np.float32(0.9646), np.float32(0.9768), np.float32(0.9737)]
2026-08-08 02:58:56.068479: Epoch time: 24.17 s
2026-08-08 02:58:56.483896: 
2026-08-08 02:58:56.484159: Epoch 421
2026-08-08 02:58:56.484365: Current learning rate: 0.00612
2026-08-08 02:59:20.661641: train_loss -0.9457
2026-08-08 02:59:20.662044: val_loss -0.9509
2026-08-08 02:59:20.662684: Pseudo dice [np.float32(0.9646), np.float32(0.9771), np.float32(0.9742)]
2026-08-08 02:59:20.662974: Epoch time: 24.18 s
2026-08-08 02:59:21.072817: 
2026-08-08 02:59:21.073039: Epoch 422
2026-08-08 02:59:21.073170: Current learning rate: 0.00611
2026-08-08 02:59:45.251786: train_loss -0.9457
2026-08-08 02:59:45.252200: val_loss -0.9336
2026-08-08 02:59:45.252476: Pseudo dice [np.float32(0.947), np.float32(0.9738), np.float32(0.9711)]
2026-08-08 02:59:45.252820: Epoch time: 24.18 s
2026-08-08 02:59:45.663323: 
2026-08-08 02:59:45.663547: Epoch 423
2026-08-08 02:59:45.663831: Current learning rate: 0.0061
2026-08-08 03:00:09.841593: train_loss -0.9451
2026-08-08 03:00:09.841981: val_loss -0.949
2026-08-08 03:00:09.842990: Pseudo dice [np.float32(0.9654), np.float32(0.9762), np.float32(0.9702)]
2026-08-08 03:00:09.843383: Epoch time: 24.18 s
2026-08-08 03:00:10.484693: 
2026-08-08 03:00:10.484964: Epoch 424
2026-08-08 03:00:10.485207: Current learning rate: 0.00609
2026-08-08 03:00:34.662526: train_loss -0.9461
2026-08-08 03:00:34.662997: val_loss -0.9486
2026-08-08 03:00:34.663176: Pseudo dice [np.float32(0.9625), np.float32(0.9752), np.float32(0.9739)]
2026-08-08 03:00:34.663597: Epoch time: 24.18 s
2026-08-08 03:00:35.068375: 
2026-08-08 03:00:35.068861: Epoch 425
2026-08-08 03:00:35.069196: Current learning rate: 0.00608
2026-08-08 03:00:59.246007: train_loss -0.9462
2026-08-08 03:00:59.246367: val_loss -0.8327
2026-08-08 03:00:59.246538: Pseudo dice [np.float32(0.8572), np.float32(0.9742), np.float32(0.9696)]
2026-08-08 03:00:59.248431: Epoch time: 24.18 s
2026-08-08 03:00:59.663888: 
2026-08-08 03:00:59.665141: Epoch 426
2026-08-08 03:00:59.665897: Current learning rate: 0.00607
2026-08-08 03:01:23.844968: train_loss -0.9459
2026-08-08 03:01:23.845359: val_loss -0.9477
2026-08-08 03:01:23.845536: Pseudo dice [np.float32(0.9619), np.float32(0.9765), np.float32(0.9714)]
2026-08-08 03:01:23.845893: Epoch time: 24.18 s
2026-08-08 03:01:24.254353: 
2026-08-08 03:01:24.254561: Epoch 427
2026-08-08 03:01:24.254912: Current learning rate: 0.00606
2026-08-08 03:01:48.433617: train_loss -0.9456
2026-08-08 03:01:48.434060: val_loss -0.9489
2026-08-08 03:01:48.436387: Pseudo dice [np.float32(0.9638), np.float32(0.9756), np.float32(0.9732)]
2026-08-08 03:01:48.437006: Epoch time: 24.18 s
2026-08-08 03:01:48.850445: 
2026-08-08 03:01:48.850660: Epoch 428
2026-08-08 03:01:48.850789: Current learning rate: 0.00605
2026-08-08 03:02:13.027269: train_loss -0.9464
2026-08-08 03:02:13.027759: val_loss -0.9478
2026-08-08 03:02:13.027934: Pseudo dice [np.float32(0.9635), np.float32(0.9764), np.float32(0.9703)]
2026-08-08 03:02:13.028142: Epoch time: 24.18 s
2026-08-08 03:02:13.441228: 
2026-08-08 03:02:13.441514: Epoch 429
2026-08-08 03:02:13.441653: Current learning rate: 0.00604
2026-08-08 03:02:37.608238: train_loss -0.9455
2026-08-08 03:02:37.608642: val_loss -0.95
2026-08-08 03:02:37.609837: Pseudo dice [np.float32(0.9638), np.float32(0.9769), np.float32(0.9731)]
2026-08-08 03:02:37.610242: Epoch time: 24.17 s
2026-08-08 03:02:38.026295: 
2026-08-08 03:02:38.026590: Epoch 430
2026-08-08 03:02:38.027311: Current learning rate: 0.00603
2026-08-08 03:03:02.194272: train_loss -0.9461
2026-08-08 03:03:02.194659: val_loss -0.9499
2026-08-08 03:03:02.194982: Pseudo dice [np.float32(0.9638), np.float32(0.9766), np.float32(0.9738)]
2026-08-08 03:03:02.195420: Epoch time: 24.17 s
2026-08-08 03:03:02.601751: 
2026-08-08 03:03:02.601996: Epoch 431
2026-08-08 03:03:02.602305: Current learning rate: 0.00602
2026-08-08 03:03:26.782699: train_loss -0.9462
2026-08-08 03:03:26.783143: val_loss -0.9427
2026-08-08 03:03:26.783503: Pseudo dice [np.float32(0.959), np.float32(0.9751), np.float32(0.9684)]
2026-08-08 03:03:26.783721: Epoch time: 24.18 s
2026-08-08 03:03:27.196019: 
2026-08-08 03:03:27.196507: Epoch 432
2026-08-08 03:03:27.197031: Current learning rate: 0.00601
2026-08-08 03:03:51.374703: train_loss -0.9477
2026-08-08 03:03:51.375137: val_loss -0.9474
2026-08-08 03:03:51.375616: Pseudo dice [np.float32(0.9622), np.float32(0.9751), np.float32(0.9719)]
2026-08-08 03:03:51.376018: Epoch time: 24.18 s
2026-08-08 03:03:51.783337: 
2026-08-08 03:03:51.783713: Epoch 433
2026-08-08 03:03:51.784353: Current learning rate: 0.006
2026-08-08 03:04:15.958308: train_loss -0.9458
2026-08-08 03:04:15.958721: val_loss -0.9483
2026-08-08 03:04:15.959150: Pseudo dice [np.float32(0.9625), np.float32(0.9759), np.float32(0.9728)]
2026-08-08 03:04:15.959459: Epoch time: 24.18 s
2026-08-08 03:04:16.371542: 
2026-08-08 03:04:16.371885: Epoch 434
2026-08-08 03:04:16.372084: Current learning rate: 0.00599
2026-08-08 03:04:40.545739: train_loss -0.9451
2026-08-08 03:04:40.546126: val_loss -0.9504
2026-08-08 03:04:40.546436: Pseudo dice [np.float32(0.9644), np.float32(0.9771), np.float32(0.9734)]
2026-08-08 03:04:40.546721: Epoch time: 24.17 s
2026-08-08 03:04:40.962091: 
2026-08-08 03:04:40.962327: Epoch 435
2026-08-08 03:04:40.962582: Current learning rate: 0.00598
2026-08-08 03:05:05.129337: train_loss -0.946
2026-08-08 03:05:05.130065: val_loss -0.9468
2026-08-08 03:05:05.130489: Pseudo dice [np.float32(0.9622), np.float32(0.9759), np.float32(0.9706)]
2026-08-08 03:05:05.131494: Epoch time: 24.17 s
2026-08-08 03:05:05.550502: 
2026-08-08 03:05:05.551043: Epoch 436
2026-08-08 03:05:05.551174: Current learning rate: 0.00597
2026-08-08 03:05:29.724091: train_loss -0.9455
2026-08-08 03:05:29.724443: val_loss -0.946
2026-08-08 03:05:29.724977: Pseudo dice [np.float32(0.9612), np.float32(0.9759), np.float32(0.9701)]
2026-08-08 03:05:29.726326: Epoch time: 24.17 s
2026-08-08 03:05:30.370270: 
2026-08-08 03:05:30.370650: Epoch 437
2026-08-08 03:05:30.370896: Current learning rate: 0.00596
2026-08-08 03:05:54.539713: train_loss -0.9455
2026-08-08 03:05:54.540096: val_loss -0.9497
2026-08-08 03:05:54.540567: Pseudo dice [np.float32(0.9641), np.float32(0.9763), np.float32(0.9742)]
2026-08-08 03:05:54.540845: Epoch time: 24.17 s
2026-08-08 03:05:54.949419: 
2026-08-08 03:05:54.949681: Epoch 438
2026-08-08 03:05:54.949892: Current learning rate: 0.00595
2026-08-08 03:06:19.119700: train_loss -0.9465
2026-08-08 03:06:19.120083: val_loss -0.9501
2026-08-08 03:06:19.121927: Pseudo dice [np.float32(0.9638), np.float32(0.9772), np.float32(0.9733)]
2026-08-08 03:06:19.122540: Epoch time: 24.17 s
2026-08-08 03:06:19.530618: 
2026-08-08 03:06:19.530828: Epoch 439
2026-08-08 03:06:19.530957: Current learning rate: 0.00594
2026-08-08 03:06:43.707624: train_loss -0.9457
2026-08-08 03:06:43.708006: val_loss -0.9497
2026-08-08 03:06:43.708808: Pseudo dice [np.float32(0.964), np.float32(0.9769), np.float32(0.9735)]
2026-08-08 03:06:43.709649: Epoch time: 24.18 s
2026-08-08 03:06:44.119328: 
2026-08-08 03:06:44.119776: Epoch 440
2026-08-08 03:06:44.120088: Current learning rate: 0.00593
2026-08-08 03:07:08.294775: train_loss -0.9466
2026-08-08 03:07:08.295167: val_loss -0.9513
2026-08-08 03:07:08.295476: Pseudo dice [np.float32(0.9651), np.float32(0.9777), np.float32(0.9739)]
2026-08-08 03:07:08.296687: Epoch time: 24.18 s
2026-08-08 03:07:08.704032: 
2026-08-08 03:07:08.704250: Epoch 441
2026-08-08 03:07:08.704487: Current learning rate: 0.00592
2026-08-08 03:07:32.879492: train_loss -0.9468
2026-08-08 03:07:32.879886: val_loss -0.9504
2026-08-08 03:07:32.880189: Pseudo dice [np.float32(0.9637), np.float32(0.977), np.float32(0.9744)]
2026-08-08 03:07:32.880368: Epoch time: 24.18 s
2026-08-08 03:07:33.289603: 
2026-08-08 03:07:33.289817: Epoch 442
2026-08-08 03:07:33.290064: Current learning rate: 0.00592
2026-08-08 03:07:57.466218: train_loss -0.9457
2026-08-08 03:07:57.466621: val_loss -0.9511
2026-08-08 03:07:57.467695: Pseudo dice [np.float32(0.965), np.float32(0.9772), np.float32(0.9735)]
2026-08-08 03:07:57.467927: Epoch time: 24.18 s
2026-08-08 03:07:57.886452: 
2026-08-08 03:07:57.886686: Epoch 443
2026-08-08 03:07:57.887096: Current learning rate: 0.00591
2026-08-08 03:08:22.058383: train_loss -0.9467
2026-08-08 03:08:22.058801: val_loss -0.9501
2026-08-08 03:08:22.059285: Pseudo dice [np.float32(0.9637), np.float32(0.9771), np.float32(0.9737)]
2026-08-08 03:08:22.059744: Epoch time: 24.17 s
2026-08-08 03:08:22.463177: 
2026-08-08 03:08:22.464113: Epoch 444
2026-08-08 03:08:22.464563: Current learning rate: 0.0059
2026-08-08 03:08:46.643599: train_loss -0.9456
2026-08-08 03:08:46.643987: val_loss -0.9469
2026-08-08 03:08:46.645025: Pseudo dice [np.float32(0.9619), np.float32(0.9759), np.float32(0.9718)]
2026-08-08 03:08:46.646133: Epoch time: 24.18 s
2026-08-08 03:08:47.053291: 
2026-08-08 03:08:47.053504: Epoch 445
2026-08-08 03:08:47.053696: Current learning rate: 0.00589
2026-08-08 03:09:11.231982: train_loss -0.945
2026-08-08 03:09:11.232412: val_loss -0.9013
2026-08-08 03:09:11.232822: Pseudo dice [np.float32(0.9092), np.float32(0.9755), np.float32(0.9719)]
2026-08-08 03:09:11.233328: Epoch time: 24.18 s
2026-08-08 03:09:11.634425: 
2026-08-08 03:09:11.634652: Epoch 446
2026-08-08 03:09:11.635173: Current learning rate: 0.00588
2026-08-08 03:09:35.804855: train_loss -0.9472
2026-08-08 03:09:35.805336: val_loss -0.9508
2026-08-08 03:09:35.806934: Pseudo dice [np.float32(0.965), np.float32(0.9772), np.float32(0.9734)]
2026-08-08 03:09:35.807592: Epoch time: 24.17 s
2026-08-08 03:09:36.210484: 
2026-08-08 03:09:36.211178: Epoch 447
2026-08-08 03:09:36.211390: Current learning rate: 0.00587
2026-08-08 03:10:00.378896: train_loss -0.9462
2026-08-08 03:10:00.379799: val_loss -0.95
2026-08-08 03:10:00.380447: Pseudo dice [np.float32(0.9636), np.float32(0.9767), np.float32(0.9734)]
2026-08-08 03:10:00.380808: Epoch time: 24.17 s
2026-08-08 03:10:00.788906: 
2026-08-08 03:10:00.789125: Epoch 448
2026-08-08 03:10:00.789593: Current learning rate: 0.00586
2026-08-08 03:10:24.957482: train_loss -0.9461
2026-08-08 03:10:24.957898: val_loss -0.9472
2026-08-08 03:10:24.958349: Pseudo dice [np.float32(0.9632), np.float32(0.9754), np.float32(0.9718)]
2026-08-08 03:10:24.958577: Epoch time: 24.17 s
2026-08-08 03:10:25.364366: 
2026-08-08 03:10:25.364591: Epoch 449
2026-08-08 03:10:25.364717: Current learning rate: 0.00585
2026-08-08 03:10:49.537129: train_loss -0.9468
2026-08-08 03:10:49.537510: val_loss -0.9485
2026-08-08 03:10:49.537916: Pseudo dice [np.float32(0.964), np.float32(0.9767), np.float32(0.9706)]
2026-08-08 03:10:49.538531: Epoch time: 24.17 s
2026-08-08 03:10:50.193450: 
2026-08-08 03:10:50.193676: Epoch 450
2026-08-08 03:10:50.193944: Current learning rate: 0.00584
2026-08-08 03:11:14.371294: train_loss -0.9446
2026-08-08 03:11:14.371666: val_loss -0.9442
2026-08-08 03:11:14.372450: Pseudo dice [np.float32(0.9598), np.float32(0.9745), np.float32(0.9726)]
2026-08-08 03:11:14.373578: Epoch time: 24.18 s
2026-08-08 03:11:14.777083: 
2026-08-08 03:11:14.777290: Epoch 451
2026-08-08 03:11:14.777490: Current learning rate: 0.00583
2026-08-08 03:11:38.951570: train_loss -0.9449
2026-08-08 03:11:38.952005: val_loss -0.9488
2026-08-08 03:11:38.952512: Pseudo dice [np.float32(0.9634), np.float32(0.9766), np.float32(0.9725)]
2026-08-08 03:11:38.952756: Epoch time: 24.17 s
2026-08-08 03:11:39.360373: 
2026-08-08 03:11:39.361040: Epoch 452
2026-08-08 03:11:39.361185: Current learning rate: 0.00582
2026-08-08 03:12:03.537492: train_loss -0.9453
2026-08-08 03:12:03.537881: val_loss -0.9476
2026-08-08 03:12:03.538087: Pseudo dice [np.float32(0.962), np.float32(0.9757), np.float32(0.9723)]
2026-08-08 03:12:03.538268: Epoch time: 24.18 s
2026-08-08 03:12:03.946533: 
2026-08-08 03:12:03.946969: Epoch 453
2026-08-08 03:12:03.947206: Current learning rate: 0.00581
2026-08-08 03:12:28.126775: train_loss -0.9453
2026-08-08 03:12:28.127277: val_loss -0.9509
2026-08-08 03:12:28.127586: Pseudo dice [np.float32(0.9645), np.float32(0.977), np.float32(0.974)]
2026-08-08 03:12:28.129083: Epoch time: 24.18 s
2026-08-08 03:12:28.541385: 
2026-08-08 03:12:28.541905: Epoch 454
2026-08-08 03:12:28.542377: Current learning rate: 0.0058
2026-08-08 03:12:52.709717: train_loss -0.9461
2026-08-08 03:12:52.710143: val_loss -0.9494
2026-08-08 03:12:52.710536: Pseudo dice [np.float32(0.963), np.float32(0.9762), np.float32(0.9745)]
2026-08-08 03:12:52.710835: Epoch time: 24.17 s
2026-08-08 03:12:53.113768: 
2026-08-08 03:12:53.113981: Epoch 455
2026-08-08 03:12:53.114118: Current learning rate: 0.00579
2026-08-08 03:13:17.288272: train_loss -0.9466
2026-08-08 03:13:17.288648: val_loss -0.9476
2026-08-08 03:13:17.289550: Pseudo dice [np.float32(0.9621), np.float32(0.9764), np.float32(0.9725)]
2026-08-08 03:13:17.290471: Epoch time: 24.17 s
2026-08-08 03:13:17.700953: 
2026-08-08 03:13:17.701370: Epoch 456
2026-08-08 03:13:17.702281: Current learning rate: 0.00578
2026-08-08 03:13:41.880955: train_loss -0.947
2026-08-08 03:13:41.881327: val_loss -0.9516
2026-08-08 03:13:41.882252: Pseudo dice [np.float32(0.9653), np.float32(0.9774), np.float32(0.9741)]
2026-08-08 03:13:41.882671: Epoch time: 24.18 s
2026-08-08 03:13:42.295809: 
2026-08-08 03:13:42.296389: Epoch 457
2026-08-08 03:13:42.296692: Current learning rate: 0.00577
2026-08-08 03:14:06.475041: train_loss -0.9448
2026-08-08 03:14:06.475421: val_loss -0.9496
2026-08-08 03:14:06.475731: Pseudo dice [np.float32(0.9642), np.float32(0.9765), np.float32(0.9733)]
2026-08-08 03:14:06.476733: Epoch time: 24.18 s
2026-08-08 03:14:06.891869: 
2026-08-08 03:14:06.892097: Epoch 458
2026-08-08 03:14:06.892246: Current learning rate: 0.00576
2026-08-08 03:14:31.066889: train_loss -0.947
2026-08-08 03:14:31.067271: val_loss -0.9498
2026-08-08 03:14:31.067969: Pseudo dice [np.float32(0.9642), np.float32(0.977), np.float32(0.9719)]
2026-08-08 03:14:31.068359: Epoch time: 24.18 s
2026-08-08 03:14:31.480362: 
2026-08-08 03:14:31.480772: Epoch 459
2026-08-08 03:14:31.480903: Current learning rate: 0.00575
2026-08-08 03:14:55.655555: train_loss -0.9474
2026-08-08 03:14:55.656107: val_loss -0.9508
2026-08-08 03:14:55.656394: Pseudo dice [np.float32(0.9645), np.float32(0.977), np.float32(0.9739)]
2026-08-08 03:14:55.656706: Epoch time: 24.18 s
2026-08-08 03:14:55.656852: Yayy! New best EMA pseudo Dice: 0.9704999923706055
2026-08-08 03:14:56.086086: 
2026-08-08 03:14:56.086297: Epoch 460
2026-08-08 03:14:56.086563: Current learning rate: 0.00574
2026-08-08 03:15:20.266022: train_loss -0.9473
2026-08-08 03:15:20.266440: val_loss -0.9482
2026-08-08 03:15:20.266752: Pseudo dice [np.float32(0.9624), np.float32(0.9762), np.float32(0.9727)]
2026-08-08 03:15:20.267039: Epoch time: 24.18 s
2026-08-08 03:15:20.674235: 
2026-08-08 03:15:20.674448: Epoch 461
2026-08-08 03:15:20.674585: Current learning rate: 0.00573
2026-08-08 03:15:44.850668: train_loss -0.9471
2026-08-08 03:15:44.851402: val_loss -0.9506
2026-08-08 03:15:44.853375: Pseudo dice [np.float32(0.9647), np.float32(0.9773), np.float32(0.9728)]
2026-08-08 03:15:44.853961: Epoch time: 24.18 s
2026-08-08 03:15:44.854138: Yayy! New best EMA pseudo Dice: 0.9706000089645386
2026-08-08 03:15:45.286443: 
2026-08-08 03:15:45.286688: Epoch 462
2026-08-08 03:15:45.286957: Current learning rate: 0.00572
2026-08-08 03:16:09.462563: train_loss -0.9465
2026-08-08 03:16:09.462948: val_loss -0.949
2026-08-08 03:16:09.463187: Pseudo dice [np.float32(0.9637), np.float32(0.9767), np.float32(0.973)]
2026-08-08 03:16:09.463745: Epoch time: 24.18 s
2026-08-08 03:16:09.464042: Yayy! New best EMA pseudo Dice: 0.9706000089645386
2026-08-08 03:16:10.127537: 
2026-08-08 03:16:10.127791: Epoch 463
2026-08-08 03:16:10.127922: Current learning rate: 0.00571
2026-08-08 03:16:34.304755: train_loss -0.946
2026-08-08 03:16:34.305156: val_loss -0.951
2026-08-08 03:16:34.305566: Pseudo dice [np.float32(0.9646), np.float32(0.9775), np.float32(0.9746)]
2026-08-08 03:16:34.305852: Epoch time: 24.18 s
2026-08-08 03:16:34.306509: Yayy! New best EMA pseudo Dice: 0.97079998254776
2026-08-08 03:16:34.737131: 
2026-08-08 03:16:34.737460: Epoch 464
2026-08-08 03:16:34.737693: Current learning rate: 0.0057
2026-08-08 03:16:58.919158: train_loss -0.9464
2026-08-08 03:16:58.919783: val_loss -0.9489
2026-08-08 03:16:58.920587: Pseudo dice [np.float32(0.9625), np.float32(0.9768), np.float32(0.9726)]
2026-08-08 03:16:58.920841: Epoch time: 24.18 s
2026-08-08 03:16:59.323904: 
2026-08-08 03:16:59.324117: Epoch 465
2026-08-08 03:16:59.324252: Current learning rate: 0.0057
2026-08-08 03:17:23.492008: train_loss -0.9467
2026-08-08 03:17:23.492396: val_loss -0.9447
2026-08-08 03:17:23.492775: Pseudo dice [np.float32(0.9578), np.float32(0.9766), np.float32(0.9729)]
2026-08-08 03:17:23.493063: Epoch time: 24.17 s
2026-08-08 03:17:23.892554: 
2026-08-08 03:17:23.892872: Epoch 466
2026-08-08 03:17:23.893075: Current learning rate: 0.00569
2026-08-08 03:17:48.078776: train_loss -0.9462
2026-08-08 03:17:48.079410: val_loss -0.9497
2026-08-08 03:17:48.079756: Pseudo dice [np.float32(0.9642), np.float32(0.9769), np.float32(0.9718)]
2026-08-08 03:17:48.080082: Epoch time: 24.19 s
2026-08-08 03:17:48.485686: 
2026-08-08 03:17:48.485910: Epoch 467
2026-08-08 03:17:48.486498: Current learning rate: 0.00568
2026-08-08 03:18:12.669157: train_loss -0.9453
2026-08-08 03:18:12.670537: val_loss -0.9488
2026-08-08 03:18:12.670782: Pseudo dice [np.float32(0.9641), np.float32(0.9765), np.float32(0.9712)]
2026-08-08 03:18:12.671016: Epoch time: 24.18 s
2026-08-08 03:18:13.074991: 
2026-08-08 03:18:13.075299: Epoch 468
2026-08-08 03:18:13.075439: Current learning rate: 0.00567
2026-08-08 03:18:37.242675: train_loss -0.9456
2026-08-08 03:18:37.243057: val_loss -0.9452
2026-08-08 03:18:37.243331: Pseudo dice [np.float32(0.9595), np.float32(0.9757), np.float32(0.9711)]
2026-08-08 03:18:37.243507: Epoch time: 24.17 s
2026-08-08 03:18:37.645176: 
2026-08-08 03:18:37.645383: Epoch 469
2026-08-08 03:18:37.645518: Current learning rate: 0.00566
2026-08-08 03:19:01.820729: train_loss -0.9458
2026-08-08 03:19:01.821135: val_loss -0.948
2026-08-08 03:19:01.821721: Pseudo dice [np.float32(0.9625), np.float32(0.9758), np.float32(0.973)]
2026-08-08 03:19:01.822014: Epoch time: 24.18 s
2026-08-08 03:19:02.229079: 
2026-08-08 03:19:02.229363: Epoch 470
2026-08-08 03:19:02.229781: Current learning rate: 0.00565
2026-08-08 03:19:26.399773: train_loss -0.9464
2026-08-08 03:19:26.400303: val_loss -0.9508
2026-08-08 03:19:26.401399: Pseudo dice [np.float32(0.9644), np.float32(0.9772), np.float32(0.9745)]
2026-08-08 03:19:26.402002: Epoch time: 24.17 s
2026-08-08 03:19:26.806722: 
2026-08-08 03:19:26.807050: Epoch 471
2026-08-08 03:19:26.807189: Current learning rate: 0.00564
2026-08-08 03:19:50.980368: train_loss -0.9463
2026-08-08 03:19:50.981285: val_loss -0.9419
2026-08-08 03:19:50.982536: Pseudo dice [np.float32(0.9572), np.float32(0.9729), np.float32(0.9725)]
2026-08-08 03:19:50.982903: Epoch time: 24.17 s
2026-08-08 03:19:51.391066: 
2026-08-08 03:19:51.392252: Epoch 472
2026-08-08 03:19:51.392522: Current learning rate: 0.00563
2026-08-08 03:20:15.569028: train_loss -0.9466
2026-08-08 03:20:15.569451: val_loss -0.9493
2026-08-08 03:20:15.569724: Pseudo dice [np.float32(0.9636), np.float32(0.9769), np.float32(0.9728)]
2026-08-08 03:20:15.570026: Epoch time: 24.18 s
2026-08-08 03:20:15.975018: 
2026-08-08 03:20:15.975240: Epoch 473
2026-08-08 03:20:15.975653: Current learning rate: 0.00562
2026-08-08 03:20:40.157390: train_loss -0.9458
2026-08-08 03:20:40.157845: val_loss -0.9504
2026-08-08 03:20:40.158019: Pseudo dice [np.float32(0.9639), np.float32(0.977), np.float32(0.973)]
2026-08-08 03:20:40.158452: Epoch time: 24.18 s
2026-08-08 03:20:40.563202: 
2026-08-08 03:20:40.563538: Epoch 474
2026-08-08 03:20:40.563784: Current learning rate: 0.00561
2026-08-08 03:21:04.741032: train_loss -0.947
2026-08-08 03:21:04.741639: val_loss -0.9507
2026-08-08 03:21:04.741951: Pseudo dice [np.float32(0.964), np.float32(0.9774), np.float32(0.9734)]
2026-08-08 03:21:04.742120: Epoch time: 24.18 s
2026-08-08 03:21:05.144552: 
2026-08-08 03:21:05.144772: Epoch 475
2026-08-08 03:21:05.144915: Current learning rate: 0.0056
2026-08-08 03:21:29.320661: train_loss -0.9474
2026-08-08 03:21:29.321070: val_loss -0.9472
2026-08-08 03:21:29.321484: Pseudo dice [np.float32(0.9616), np.float32(0.9765), np.float32(0.9715)]
2026-08-08 03:21:29.321794: Epoch time: 24.18 s
2026-08-08 03:21:29.727119: 
2026-08-08 03:21:29.727335: Epoch 476
2026-08-08 03:21:29.727483: Current learning rate: 0.00559
2026-08-08 03:21:53.905573: train_loss -0.9463
2026-08-08 03:21:53.907021: val_loss -0.9495
2026-08-08 03:21:53.907288: Pseudo dice [np.float32(0.9649), np.float32(0.9758), np.float32(0.9728)]
2026-08-08 03:21:53.907633: Epoch time: 24.18 s
2026-08-08 03:21:54.546439: 
2026-08-08 03:21:54.546671: Epoch 477
2026-08-08 03:21:54.546833: Current learning rate: 0.00558
2026-08-08 03:22:18.722435: train_loss -0.947
2026-08-08 03:22:18.723596: val_loss -0.9506
2026-08-08 03:22:18.723967: Pseudo dice [np.float32(0.9645), np.float32(0.977), np.float32(0.973)]
2026-08-08 03:22:18.724132: Epoch time: 24.18 s
2026-08-08 03:22:19.134200: 
2026-08-08 03:22:19.134453: Epoch 478
2026-08-08 03:22:19.135183: Current learning rate: 0.00557
2026-08-08 03:22:43.304436: train_loss -0.9457
2026-08-08 03:22:43.304944: val_loss -0.9484
2026-08-08 03:22:43.305124: Pseudo dice [np.float32(0.9638), np.float32(0.9761), np.float32(0.9717)]
2026-08-08 03:22:43.305291: Epoch time: 24.17 s
2026-08-08 03:22:43.712086: 
2026-08-08 03:22:43.712303: Epoch 479
2026-08-08 03:22:43.712502: Current learning rate: 0.00556
2026-08-08 03:23:07.887983: train_loss -0.9462
2026-08-08 03:23:07.888358: val_loss -0.9463
2026-08-08 03:23:07.889003: Pseudo dice [np.float32(0.9615), np.float32(0.9758), np.float32(0.9717)]
2026-08-08 03:23:07.889491: Epoch time: 24.18 s
2026-08-08 03:23:08.305882: 
2026-08-08 03:23:08.306093: Epoch 480
2026-08-08 03:23:08.306299: Current learning rate: 0.00555
2026-08-08 03:23:32.489153: train_loss -0.9467
2026-08-08 03:23:32.489582: val_loss -0.9418
2026-08-08 03:23:32.490248: Pseudo dice [np.float32(0.9539), np.float32(0.9764), np.float32(0.9741)]
2026-08-08 03:23:32.490588: Epoch time: 24.18 s
2026-08-08 03:23:32.895172: 
2026-08-08 03:23:32.895530: Epoch 481
2026-08-08 03:23:32.895865: Current learning rate: 0.00554
2026-08-08 03:23:57.082252: train_loss -0.9464
2026-08-08 03:23:57.082731: val_loss -0.8703
2026-08-08 03:23:57.083167: Pseudo dice [np.float32(0.8832), np.float32(0.9722), np.float32(0.9615)]
2026-08-08 03:23:57.083435: Epoch time: 24.19 s
2026-08-08 03:23:57.491159: 
2026-08-08 03:23:57.491466: Epoch 482
2026-08-08 03:23:57.491687: Current learning rate: 0.00553
2026-08-08 03:24:21.667723: train_loss -0.9463
2026-08-08 03:24:21.668215: val_loss -0.9513
2026-08-08 03:24:21.669314: Pseudo dice [np.float32(0.9644), np.float32(0.978), np.float32(0.9738)]
2026-08-08 03:24:21.669598: Epoch time: 24.18 s
2026-08-08 03:24:22.082631: 
2026-08-08 03:24:22.082866: Epoch 483
2026-08-08 03:24:22.083180: Current learning rate: 0.00552
2026-08-08 03:24:46.263950: train_loss -0.9465
2026-08-08 03:24:46.264343: val_loss -0.944
2026-08-08 03:24:46.265637: Pseudo dice [np.float32(0.958), np.float32(0.9749), np.float32(0.9718)]
2026-08-08 03:24:46.265887: Epoch time: 24.18 s
2026-08-08 03:24:46.690152: 
2026-08-08 03:24:46.690478: Epoch 484
2026-08-08 03:24:46.691098: Current learning rate: 0.00551
2026-08-08 03:25:10.870631: train_loss -0.9468
2026-08-08 03:25:10.871032: val_loss -0.9493
2026-08-08 03:25:10.871499: Pseudo dice [np.float32(0.9642), np.float32(0.9764), np.float32(0.9717)]
2026-08-08 03:25:10.871927: Epoch time: 24.18 s
2026-08-08 03:25:11.278784: 
2026-08-08 03:25:11.279007: Epoch 485
2026-08-08 03:25:11.279212: Current learning rate: 0.0055
2026-08-08 03:25:35.460080: train_loss -0.9476
2026-08-08 03:25:35.460579: val_loss -0.9511
2026-08-08 03:25:35.460762: Pseudo dice [np.float32(0.9645), np.float32(0.9769), np.float32(0.9746)]
2026-08-08 03:25:35.463192: Epoch time: 24.18 s
2026-08-08 03:25:35.873027: 
2026-08-08 03:25:35.873261: Epoch 486
2026-08-08 03:25:35.873557: Current learning rate: 0.00549
2026-08-08 03:26:00.044816: train_loss -0.9478
2026-08-08 03:26:00.045237: val_loss -0.9468
2026-08-08 03:26:00.045427: Pseudo dice [np.float32(0.9615), np.float32(0.9761), np.float32(0.9716)]
2026-08-08 03:26:00.045987: Epoch time: 24.17 s
2026-08-08 03:26:00.449326: 
2026-08-08 03:26:00.449549: Epoch 487
2026-08-08 03:26:00.450518: Current learning rate: 0.00548
2026-08-08 03:26:24.626058: train_loss -0.9458
2026-08-08 03:26:24.626477: val_loss -0.9238
2026-08-08 03:26:24.626962: Pseudo dice [np.float32(0.9338), np.float32(0.9743), np.float32(0.9698)]
2026-08-08 03:26:24.627245: Epoch time: 24.18 s
2026-08-08 03:26:25.032027: 
2026-08-08 03:26:25.032233: Epoch 488
2026-08-08 03:26:25.032517: Current learning rate: 0.00547
2026-08-08 03:26:49.205707: train_loss -0.947
2026-08-08 03:26:49.206139: val_loss -0.9488
2026-08-08 03:26:49.206312: Pseudo dice [np.float32(0.9628), np.float32(0.9767), np.float32(0.9741)]
2026-08-08 03:26:49.206733: Epoch time: 24.17 s
2026-08-08 03:26:49.612544: 
2026-08-08 03:26:49.612836: Epoch 489
2026-08-08 03:26:49.613042: Current learning rate: 0.00546
2026-08-08 03:27:13.786040: train_loss -0.9467
2026-08-08 03:27:13.786420: val_loss -0.9063
2026-08-08 03:27:13.786742: Pseudo dice [np.float32(0.9165), np.float32(0.9719), np.float32(0.9695)]
2026-08-08 03:27:13.787081: Epoch time: 24.17 s
2026-08-08 03:27:14.430782: 
2026-08-08 03:27:14.431040: Epoch 490
2026-08-08 03:27:14.431182: Current learning rate: 0.00546
2026-08-08 03:27:38.601965: train_loss -0.9469
2026-08-08 03:27:38.602345: val_loss -0.9486
2026-08-08 03:27:38.602803: Pseudo dice [np.float32(0.9634), np.float32(0.9768), np.float32(0.9709)]
2026-08-08 03:27:38.603364: Epoch time: 24.17 s
2026-08-08 03:27:39.014403: 
2026-08-08 03:27:39.014619: Epoch 491
2026-08-08 03:27:39.014988: Current learning rate: 0.00545
2026-08-08 03:28:03.184680: train_loss -0.9471
2026-08-08 03:28:03.185107: val_loss -0.9516
2026-08-08 03:28:03.185284: Pseudo dice [np.float32(0.9651), np.float32(0.9774), np.float32(0.9739)]
2026-08-08 03:28:03.185774: Epoch time: 24.17 s
2026-08-08 03:28:03.590803: 
2026-08-08 03:28:03.591021: Epoch 492
2026-08-08 03:28:03.591298: Current learning rate: 0.00544
2026-08-08 03:28:27.770221: train_loss -0.946
2026-08-08 03:28:27.770624: val_loss -0.9331
2026-08-08 03:28:27.770803: Pseudo dice [np.float32(0.947), np.float32(0.9762), np.float32(0.9695)]
2026-08-08 03:28:27.771194: Epoch time: 24.18 s
2026-08-08 03:28:28.186024: 
2026-08-08 03:28:28.186396: Epoch 493
2026-08-08 03:28:28.186532: Current learning rate: 0.00543
2026-08-08 03:28:52.355342: train_loss -0.9464
2026-08-08 03:28:52.355713: val_loss -0.9271
2026-08-08 03:28:52.356107: Pseudo dice [np.float32(0.9372), np.float32(0.9761), np.float32(0.9721)]
2026-08-08 03:28:52.356716: Epoch time: 24.17 s
2026-08-08 03:28:52.763864: 
2026-08-08 03:28:52.764222: Epoch 494
2026-08-08 03:28:52.764575: Current learning rate: 0.00542
2026-08-08 03:29:16.938449: train_loss -0.9474
2026-08-08 03:29:16.938969: val_loss -0.9503
2026-08-08 03:29:16.939251: Pseudo dice [np.float32(0.9642), np.float32(0.9771), np.float32(0.9733)]
2026-08-08 03:29:16.939491: Epoch time: 24.17 s
2026-08-08 03:29:17.343714: 
2026-08-08 03:29:17.343945: Epoch 495
2026-08-08 03:29:17.344148: Current learning rate: 0.00541
2026-08-08 03:29:41.516583: train_loss -0.9475
2026-08-08 03:29:41.516970: val_loss -0.9419
2026-08-08 03:29:41.518235: Pseudo dice [np.float32(0.9573), np.float32(0.9759), np.float32(0.9677)]
2026-08-08 03:29:41.518669: Epoch time: 24.17 s
2026-08-08 03:29:41.927666: 
2026-08-08 03:29:41.927877: Epoch 496
2026-08-08 03:29:41.928102: Current learning rate: 0.0054
2026-08-08 03:30:06.107337: train_loss -0.9471
2026-08-08 03:30:06.107735: val_loss -0.949
2026-08-08 03:30:06.108788: Pseudo dice [np.float32(0.9641), np.float32(0.9762), np.float32(0.9714)]
2026-08-08 03:30:06.109030: Epoch time: 24.18 s
2026-08-08 03:30:06.515786: 
2026-08-08 03:30:06.516001: Epoch 497
2026-08-08 03:30:06.516366: Current learning rate: 0.00539
2026-08-08 03:30:30.694158: train_loss -0.9477
2026-08-08 03:30:30.694827: val_loss -0.951
2026-08-08 03:30:30.695407: Pseudo dice [np.float32(0.9651), np.float32(0.9771), np.float32(0.9735)]
2026-08-08 03:30:30.696326: Epoch time: 24.18 s
2026-08-08 03:30:31.113178: 
2026-08-08 03:30:31.113396: Epoch 498
2026-08-08 03:30:31.113651: Current learning rate: 0.00538
2026-08-08 03:30:55.291051: train_loss -0.9462
2026-08-08 03:30:55.291443: val_loss -0.9418
2026-08-08 03:30:55.292514: Pseudo dice [np.float32(0.9576), np.float32(0.9735), np.float32(0.9701)]
2026-08-08 03:30:55.292778: Epoch time: 24.18 s
2026-08-08 03:30:55.697557: 
2026-08-08 03:30:55.697985: Epoch 499
2026-08-08 03:30:55.698252: Current learning rate: 0.00537
2026-08-08 03:31:19.875340: train_loss -0.9483
2026-08-08 03:31:19.875745: val_loss -0.9525
2026-08-08 03:31:19.876282: Pseudo dice [np.float32(0.9659), np.float32(0.9776), np.float32(0.9745)]
2026-08-08 03:31:19.876543: Epoch time: 24.18 s
2026-08-08 03:31:20.307884: 
2026-08-08 03:31:20.308172: Epoch 500
2026-08-08 03:31:20.308320: Current learning rate: 0.00536
2026-08-08 03:31:44.488758: train_loss -0.947
2026-08-08 03:31:44.489150: val_loss -0.9488
2026-08-08 03:31:44.490206: Pseudo dice [np.float32(0.9629), np.float32(0.9768), np.float32(0.9723)]
2026-08-08 03:31:44.491206: Epoch time: 24.18 s
2026-08-08 03:31:44.903390: 
2026-08-08 03:31:44.903619: Epoch 501
2026-08-08 03:31:44.903840: Current learning rate: 0.00535
2026-08-08 03:32:09.081655: train_loss -0.9472
2026-08-08 03:32:09.082543: val_loss -0.9476
2026-08-08 03:32:09.082845: Pseudo dice [np.float32(0.9621), np.float32(0.9765), np.float32(0.9714)]
2026-08-08 03:32:09.083161: Epoch time: 24.18 s
2026-08-08 03:32:09.717835: 
2026-08-08 03:32:09.718053: Epoch 502
2026-08-08 03:32:09.718269: Current learning rate: 0.00534
2026-08-08 03:32:33.894368: train_loss -0.9464
2026-08-08 03:32:33.896575: val_loss -0.9507
2026-08-08 03:32:33.897514: Pseudo dice [np.float32(0.9653), np.float32(0.9765), np.float32(0.9736)]
2026-08-08 03:32:33.897870: Epoch time: 24.18 s
2026-08-08 03:32:34.307280: 
2026-08-08 03:32:34.307492: Epoch 503
2026-08-08 03:32:34.307632: Current learning rate: 0.00533
2026-08-08 03:32:58.489090: train_loss -0.9469
2026-08-08 03:32:58.490038: val_loss -0.9508
2026-08-08 03:32:58.490415: Pseudo dice [np.float32(0.9646), np.float32(0.9768), np.float32(0.9737)]
2026-08-08 03:32:58.490732: Epoch time: 24.18 s
2026-08-08 03:32:58.903622: 
2026-08-08 03:32:58.903838: Epoch 504
2026-08-08 03:32:58.903972: Current learning rate: 0.00532
2026-08-08 03:33:23.084006: train_loss -0.9464
2026-08-08 03:33:23.084477: val_loss -0.9494
2026-08-08 03:33:23.084745: Pseudo dice [np.float32(0.9629), np.float32(0.977), np.float32(0.974)]
2026-08-08 03:33:23.084919: Epoch time: 24.18 s
2026-08-08 03:33:23.490901: 
2026-08-08 03:33:23.491126: Epoch 505
2026-08-08 03:33:23.491627: Current learning rate: 0.00531
2026-08-08 03:33:47.668917: train_loss -0.9468
2026-08-08 03:33:47.669332: val_loss -0.9504
2026-08-08 03:33:47.669655: Pseudo dice [np.float32(0.9647), np.float32(0.9772), np.float32(0.9731)]
2026-08-08 03:33:47.669988: Epoch time: 24.18 s
2026-08-08 03:33:48.091456: 
2026-08-08 03:33:48.091805: Epoch 506
2026-08-08 03:33:48.092665: Current learning rate: 0.0053
2026-08-08 03:34:12.277150: train_loss -0.9466
2026-08-08 03:34:12.277543: val_loss -0.9488
2026-08-08 03:34:12.278380: Pseudo dice [np.float32(0.9635), np.float32(0.9767), np.float32(0.9723)]
2026-08-08 03:34:12.278673: Epoch time: 24.19 s
2026-08-08 03:34:12.691159: 
2026-08-08 03:34:12.691377: Epoch 507
2026-08-08 03:34:12.691642: Current learning rate: 0.00529
2026-08-08 03:34:36.867217: train_loss -0.9465
2026-08-08 03:34:36.867771: val_loss -0.947
2026-08-08 03:34:36.867958: Pseudo dice [np.float32(0.9626), np.float32(0.977), np.float32(0.97)]
2026-08-08 03:34:36.868132: Epoch time: 24.18 s
2026-08-08 03:34:37.276467: 
2026-08-08 03:34:37.276722: Epoch 508
2026-08-08 03:34:37.276938: Current learning rate: 0.00528
2026-08-08 03:35:01.453584: train_loss -0.9469
2026-08-08 03:35:01.453981: val_loss -0.9503
2026-08-08 03:35:01.454428: Pseudo dice [np.float32(0.9646), np.float32(0.9765), np.float32(0.9735)]
2026-08-08 03:35:01.454750: Epoch time: 24.18 s
2026-08-08 03:35:01.868445: 
2026-08-08 03:35:01.868662: Epoch 509
2026-08-08 03:35:01.869241: Current learning rate: 0.00527
2026-08-08 03:35:26.050377: train_loss -0.9479
2026-08-08 03:35:26.050760: val_loss -0.9507
2026-08-08 03:35:26.052664: Pseudo dice [np.float32(0.965), np.float32(0.9769), np.float32(0.9731)]
2026-08-08 03:35:26.052911: Epoch time: 24.18 s
2026-08-08 03:35:26.469581: 
2026-08-08 03:35:26.470095: Epoch 510
2026-08-08 03:35:26.470984: Current learning rate: 0.00526
2026-08-08 03:35:50.651574: train_loss -0.9477
2026-08-08 03:35:50.651959: val_loss -0.9421
2026-08-08 03:35:50.652419: Pseudo dice [np.float32(0.9564), np.float32(0.9747), np.float32(0.9697)]
2026-08-08 03:35:50.652749: Epoch time: 24.18 s
2026-08-08 03:35:51.067756: 
2026-08-08 03:35:51.067973: Epoch 511
2026-08-08 03:35:51.068451: Current learning rate: 0.00525
2026-08-08 03:36:15.254067: train_loss -0.9472
2026-08-08 03:36:15.254465: val_loss -0.951
2026-08-08 03:36:15.254816: Pseudo dice [np.float32(0.9652), np.float32(0.9766), np.float32(0.9737)]
2026-08-08 03:36:15.255143: Epoch time: 24.19 s
2026-08-08 03:36:15.669255: 
2026-08-08 03:36:15.669465: Epoch 512
2026-08-08 03:36:15.671070: Current learning rate: 0.00524
2026-08-08 03:36:39.853536: train_loss -0.9471
2026-08-08 03:36:39.853942: val_loss -0.9512
2026-08-08 03:36:39.854505: Pseudo dice [np.float32(0.9654), np.float32(0.977), np.float32(0.973)]
2026-08-08 03:36:39.854746: Epoch time: 24.18 s
2026-08-08 03:36:40.267753: 
2026-08-08 03:36:40.267989: Epoch 513
2026-08-08 03:36:40.268124: Current learning rate: 0.00523
2026-08-08 03:37:04.450442: train_loss -0.9474
2026-08-08 03:37:04.450833: val_loss -0.9494
2026-08-08 03:37:04.451009: Pseudo dice [np.float32(0.9637), np.float32(0.9766), np.float32(0.9741)]
2026-08-08 03:37:04.451513: Epoch time: 24.18 s
2026-08-08 03:37:04.863330: 
2026-08-08 03:37:04.863540: Epoch 514
2026-08-08 03:37:04.863800: Current learning rate: 0.00522
2026-08-08 03:37:29.041919: train_loss -0.9475
2026-08-08 03:37:29.042329: val_loss -0.9511
2026-08-08 03:37:29.042639: Pseudo dice [np.float32(0.9651), np.float32(0.9775), np.float32(0.9732)]
2026-08-08 03:37:29.043000: Epoch time: 24.18 s
2026-08-08 03:37:29.680281: 
2026-08-08 03:37:29.680589: Epoch 515
2026-08-08 03:37:29.680872: Current learning rate: 0.00521
2026-08-08 03:37:53.858299: train_loss -0.9472
2026-08-08 03:37:53.858685: val_loss -0.9495
2026-08-08 03:37:53.859596: Pseudo dice [np.float32(0.9643), np.float32(0.9761), np.float32(0.9725)]
2026-08-08 03:37:53.859989: Epoch time: 24.18 s
2026-08-08 03:37:54.272373: 
2026-08-08 03:37:54.272664: Epoch 516
2026-08-08 03:37:54.272936: Current learning rate: 0.0052
2026-08-08 03:38:18.448782: train_loss -0.947
2026-08-08 03:38:18.449207: val_loss -0.9505
2026-08-08 03:38:18.449662: Pseudo dice [np.float32(0.9652), np.float32(0.9771), np.float32(0.9727)]
2026-08-08 03:38:18.449927: Epoch time: 24.18 s
2026-08-08 03:38:18.861138: 
2026-08-08 03:38:18.861366: Epoch 517
2026-08-08 03:38:18.861997: Current learning rate: 0.00519
2026-08-08 03:38:43.035119: train_loss -0.9483
2026-08-08 03:38:43.035504: val_loss -0.9477
2026-08-08 03:38:43.035950: Pseudo dice [np.float32(0.9619), np.float32(0.9763), np.float32(0.9719)]
2026-08-08 03:38:43.036419: Epoch time: 24.17 s
2026-08-08 03:38:43.453093: 
2026-08-08 03:38:43.453314: Epoch 518
2026-08-08 03:38:43.453868: Current learning rate: 0.00518
2026-08-08 03:39:07.630801: train_loss -0.9473
2026-08-08 03:39:07.631181: val_loss -0.9441
2026-08-08 03:39:07.631360: Pseudo dice [np.float32(0.9604), np.float32(0.9746), np.float32(0.9694)]
2026-08-08 03:39:07.631794: Epoch time: 24.18 s
2026-08-08 03:39:08.047780: 
2026-08-08 03:39:08.047988: Epoch 519
2026-08-08 03:39:08.048121: Current learning rate: 0.00518
2026-08-08 03:39:32.218420: train_loss -0.9484
2026-08-08 03:39:32.218817: val_loss -0.9521
2026-08-08 03:39:32.219332: Pseudo dice [np.float32(0.9668), np.float32(0.9775), np.float32(0.9734)]
2026-08-08 03:39:32.219560: Epoch time: 24.17 s
2026-08-08 03:39:32.636107: 
2026-08-08 03:39:32.636331: Epoch 520
2026-08-08 03:39:32.636483: Current learning rate: 0.00517
2026-08-08 03:39:56.806631: train_loss -0.948
2026-08-08 03:39:56.807009: val_loss -0.9469
2026-08-08 03:39:56.807483: Pseudo dice [np.float32(0.963), np.float32(0.9752), np.float32(0.971)]
2026-08-08 03:39:56.807756: Epoch time: 24.17 s
2026-08-08 03:39:57.226203: 
2026-08-08 03:39:57.226417: Epoch 521
2026-08-08 03:39:57.226756: Current learning rate: 0.00516
2026-08-08 03:40:21.403324: train_loss -0.9457
2026-08-08 03:40:21.404117: val_loss -0.949
2026-08-08 03:40:21.405439: Pseudo dice [np.float32(0.9635), np.float32(0.9764), np.float32(0.9728)]
2026-08-08 03:40:21.405737: Epoch time: 24.18 s
2026-08-08 03:40:21.817580: 
2026-08-08 03:40:21.817798: Epoch 522
2026-08-08 03:40:21.818249: Current learning rate: 0.00515
2026-08-08 03:40:45.991649: train_loss -0.9463
2026-08-08 03:40:45.992210: val_loss -0.9474
2026-08-08 03:40:45.992984: Pseudo dice [np.float32(0.9621), np.float32(0.9762), np.float32(0.9726)]
2026-08-08 03:40:45.993485: Epoch time: 24.17 s
2026-08-08 03:40:46.405876: 
2026-08-08 03:40:46.406096: Epoch 523
2026-08-08 03:40:46.406230: Current learning rate: 0.00514
2026-08-08 03:41:10.571632: train_loss -0.9471
2026-08-08 03:41:10.572018: val_loss -0.9113
2026-08-08 03:41:10.572395: Pseudo dice [np.float32(0.9154), np.float32(0.9747), np.float32(0.9701)]
2026-08-08 03:41:10.572716: Epoch time: 24.17 s
2026-08-08 03:41:10.978410: 
2026-08-08 03:41:10.978770: Epoch 524
2026-08-08 03:41:10.979204: Current learning rate: 0.00513
2026-08-08 03:41:35.153793: train_loss -0.9482
2026-08-08 03:41:35.154201: val_loss -0.9525
2026-08-08 03:41:35.154465: Pseudo dice [np.float32(0.9655), np.float32(0.9775), np.float32(0.9743)]
2026-08-08 03:41:35.154748: Epoch time: 24.18 s
2026-08-08 03:41:35.565383: 
2026-08-08 03:41:35.565604: Epoch 525
2026-08-08 03:41:35.565738: Current learning rate: 0.00512
2026-08-08 03:41:59.744197: train_loss -0.948
2026-08-08 03:41:59.744581: val_loss -0.9481
2026-08-08 03:41:59.745453: Pseudo dice [np.float32(0.9641), np.float32(0.976), np.float32(0.97)]
2026-08-08 03:41:59.745710: Epoch time: 24.18 s
2026-08-08 03:42:00.158062: 
2026-08-08 03:42:00.158275: Epoch 526
2026-08-08 03:42:00.159259: Current learning rate: 0.00511
2026-08-08 03:42:24.328217: train_loss -0.9484
2026-08-08 03:42:24.328615: val_loss -0.9341
2026-08-08 03:42:24.328853: Pseudo dice [np.float32(0.9473), np.float32(0.9753), np.float32(0.9729)]
2026-08-08 03:42:24.329133: Epoch time: 24.17 s
2026-08-08 03:42:24.740240: 
2026-08-08 03:42:24.740587: Epoch 527
2026-08-08 03:42:24.740896: Current learning rate: 0.0051
2026-08-08 03:42:48.911878: train_loss -0.9471
2026-08-08 03:42:48.912282: val_loss -0.9499
2026-08-08 03:42:48.912648: Pseudo dice [np.float32(0.9647), np.float32(0.9767), np.float32(0.972)]
2026-08-08 03:42:48.912955: Epoch time: 24.17 s
2026-08-08 03:42:49.548242: 
2026-08-08 03:42:49.548457: Epoch 528
2026-08-08 03:42:49.548689: Current learning rate: 0.00509
2026-08-08 03:43:13.720974: train_loss -0.9475
2026-08-08 03:43:13.721344: val_loss -0.9505
2026-08-08 03:43:13.721635: Pseudo dice [np.float32(0.9645), np.float32(0.9769), np.float32(0.9733)]
2026-08-08 03:43:13.721904: Epoch time: 24.17 s
2026-08-08 03:43:14.131434: 
2026-08-08 03:43:14.131772: Epoch 529
2026-08-08 03:43:14.131900: Current learning rate: 0.00508
2026-08-08 03:43:38.305798: train_loss -0.9479
2026-08-08 03:43:38.306276: val_loss -0.9502
2026-08-08 03:43:38.306965: Pseudo dice [np.float32(0.9641), np.float32(0.9771), np.float32(0.9733)]
2026-08-08 03:43:38.307220: Epoch time: 24.17 s
2026-08-08 03:43:38.723681: 
2026-08-08 03:43:38.724087: Epoch 530
2026-08-08 03:43:38.724581: Current learning rate: 0.00507
2026-08-08 03:44:02.906308: train_loss -0.948
2026-08-08 03:44:02.906689: val_loss -0.9509
2026-08-08 03:44:02.906977: Pseudo dice [np.float32(0.9655), np.float32(0.9773), np.float32(0.9726)]
2026-08-08 03:44:02.907150: Epoch time: 24.18 s
2026-08-08 03:44:03.324912: 
2026-08-08 03:44:03.325171: Epoch 531
2026-08-08 03:44:03.325308: Current learning rate: 0.00506
2026-08-08 03:44:27.504587: train_loss -0.948
2026-08-08 03:44:27.504988: val_loss -0.9274
2026-08-08 03:44:27.505412: Pseudo dice [np.float32(0.9385), np.float32(0.9748), np.float32(0.9719)]
2026-08-08 03:44:27.505861: Epoch time: 24.18 s
2026-08-08 03:44:27.917866: 
2026-08-08 03:44:27.918243: Epoch 532
2026-08-08 03:44:27.918460: Current learning rate: 0.00505
2026-08-08 03:44:52.092775: train_loss -0.9476
2026-08-08 03:44:52.093163: val_loss -0.949
2026-08-08 03:44:52.094296: Pseudo dice [np.float32(0.9632), np.float32(0.977), np.float32(0.9715)]
2026-08-08 03:44:52.094546: Epoch time: 24.18 s
2026-08-08 03:44:52.503000: 
2026-08-08 03:44:52.503476: Epoch 533
2026-08-08 03:44:52.503844: Current learning rate: 0.00504
2026-08-08 03:45:16.680456: train_loss -0.9472
2026-08-08 03:45:16.680848: val_loss -0.9432
2026-08-08 03:45:16.681679: Pseudo dice [np.float32(0.9587), np.float32(0.9753), np.float32(0.9703)]
2026-08-08 03:45:16.681988: Epoch time: 24.18 s
2026-08-08 03:45:17.092382: 
2026-08-08 03:45:17.092616: Epoch 534
2026-08-08 03:45:17.092746: Current learning rate: 0.00503
2026-08-08 03:45:41.272414: train_loss -0.9483
2026-08-08 03:45:41.272830: val_loss -0.9498
2026-08-08 03:45:41.273645: Pseudo dice [np.float32(0.9639), np.float32(0.9766), np.float32(0.9732)]
2026-08-08 03:45:41.273923: Epoch time: 24.18 s
2026-08-08 03:45:41.684641: 
2026-08-08 03:45:41.684894: Epoch 535
2026-08-08 03:45:41.685367: Current learning rate: 0.00502
2026-08-08 03:46:05.857811: train_loss -0.9478
2026-08-08 03:46:05.858201: val_loss -0.9499
2026-08-08 03:46:05.858496: Pseudo dice [np.float32(0.9642), np.float32(0.9772), np.float32(0.9735)]
2026-08-08 03:46:05.858781: Epoch time: 24.17 s
2026-08-08 03:46:06.269170: 
2026-08-08 03:46:06.269465: Epoch 536
2026-08-08 03:46:06.269605: Current learning rate: 0.00501
2026-08-08 03:46:30.450465: train_loss -0.9474
2026-08-08 03:46:30.450861: val_loss -0.9511
2026-08-08 03:46:30.451402: Pseudo dice [np.float32(0.9653), np.float32(0.9773), np.float32(0.9722)]
2026-08-08 03:46:30.451821: Epoch time: 24.18 s
2026-08-08 03:46:30.867738: 
2026-08-08 03:46:30.867945: Epoch 537
2026-08-08 03:46:30.868132: Current learning rate: 0.005
2026-08-08 03:46:55.039495: train_loss -0.9476
2026-08-08 03:46:55.039869: val_loss -0.9468
2026-08-08 03:46:55.040134: Pseudo dice [np.float32(0.9617), np.float32(0.9762), np.float32(0.971)]
2026-08-08 03:46:55.040399: Epoch time: 24.17 s
2026-08-08 03:46:55.461211: 
2026-08-08 03:46:55.461438: Epoch 538
2026-08-08 03:46:55.461650: Current learning rate: 0.00499
2026-08-08 03:47:19.636417: train_loss -0.9473
2026-08-08 03:47:19.636880: val_loss -0.9498
2026-08-08 03:47:19.637194: Pseudo dice [np.float32(0.9645), np.float32(0.9765), np.float32(0.9737)]
2026-08-08 03:47:19.637374: Epoch time: 24.18 s
2026-08-08 03:47:20.044381: 
2026-08-08 03:47:20.044678: Epoch 539
2026-08-08 03:47:20.044882: Current learning rate: 0.00498
2026-08-08 03:47:44.218312: train_loss -0.9467
2026-08-08 03:47:44.218704: val_loss -0.951
2026-08-08 03:47:44.219204: Pseudo dice [np.float32(0.9649), np.float32(0.9772), np.float32(0.974)]
2026-08-08 03:47:44.220057: Epoch time: 24.17 s
2026-08-08 03:47:44.634669: 
2026-08-08 03:47:44.635062: Epoch 540
2026-08-08 03:47:44.635427: Current learning rate: 0.00497
2026-08-08 03:48:08.807861: train_loss -0.9472
2026-08-08 03:48:08.808464: val_loss -0.9485
2026-08-08 03:48:08.809486: Pseudo dice [np.float32(0.9635), np.float32(0.9762), np.float32(0.9728)]
2026-08-08 03:48:08.810110: Epoch time: 24.17 s
2026-08-08 03:48:09.444773: 
2026-08-08 03:48:09.444992: Epoch 541
2026-08-08 03:48:09.445418: Current learning rate: 0.00496
2026-08-08 03:48:33.610447: train_loss -0.9469
2026-08-08 03:48:33.610840: val_loss -0.9048
2026-08-08 03:48:33.612382: Pseudo dice [np.float32(0.9077), np.float32(0.9762), np.float32(0.9719)]
2026-08-08 03:48:33.612730: Epoch time: 24.17 s
2026-08-08 03:48:34.021013: 
2026-08-08 03:48:34.021233: Epoch 542
2026-08-08 03:48:34.021803: Current learning rate: 0.00495
2026-08-08 03:48:58.188690: train_loss -0.9471
2026-08-08 03:48:58.189524: val_loss -0.9492
2026-08-08 03:48:58.190420: Pseudo dice [np.float32(0.9642), np.float32(0.9763), np.float32(0.9704)]
2026-08-08 03:48:58.190661: Epoch time: 24.17 s
2026-08-08 03:48:58.600530: 
2026-08-08 03:48:58.600746: Epoch 543
2026-08-08 03:48:58.600876: Current learning rate: 0.00494
2026-08-08 03:49:22.771331: train_loss -0.9477
2026-08-08 03:49:22.771715: val_loss -0.9432
2026-08-08 03:49:22.773069: Pseudo dice [np.float32(0.9559), np.float32(0.9762), np.float32(0.9733)]
2026-08-08 03:49:22.773696: Epoch time: 24.17 s
2026-08-08 03:49:23.179991: 
2026-08-08 03:49:23.180199: Epoch 544
2026-08-08 03:49:23.180328: Current learning rate: 0.00493
2026-08-08 03:49:47.348330: train_loss -0.9472
2026-08-08 03:49:47.348931: val_loss -0.9503
2026-08-08 03:49:47.349232: Pseudo dice [np.float32(0.9649), np.float32(0.9769), np.float32(0.9719)]
2026-08-08 03:49:47.349479: Epoch time: 24.17 s
2026-08-08 03:49:47.760321: 
2026-08-08 03:49:47.760796: Epoch 545
2026-08-08 03:49:47.761297: Current learning rate: 0.00492
2026-08-08 03:50:11.933885: train_loss -0.9466
2026-08-08 03:50:11.934324: val_loss -0.9513
2026-08-08 03:50:11.934627: Pseudo dice [np.float32(0.9651), np.float32(0.9768), np.float32(0.9745)]
2026-08-08 03:50:11.934915: Epoch time: 24.17 s
2026-08-08 03:50:12.351688: 
2026-08-08 03:50:12.352535: Epoch 546
2026-08-08 03:50:12.353684: Current learning rate: 0.00491
2026-08-08 03:50:36.521205: train_loss -0.947
2026-08-08 03:50:36.521589: val_loss -0.9445
2026-08-08 03:50:36.522750: Pseudo dice [np.float32(0.9606), np.float32(0.9754), np.float32(0.9693)]
2026-08-08 03:50:36.523360: Epoch time: 24.17 s
2026-08-08 03:50:36.940891: 
2026-08-08 03:50:36.941146: Epoch 547
2026-08-08 03:50:36.941274: Current learning rate: 0.0049
2026-08-08 03:51:01.110714: train_loss -0.9475
2026-08-08 03:51:01.111104: val_loss -0.9505
2026-08-08 03:51:01.111709: Pseudo dice [np.float32(0.9645), np.float32(0.9769), np.float32(0.9732)]
2026-08-08 03:51:01.112003: Epoch time: 24.17 s
2026-08-08 03:51:01.519264: 
2026-08-08 03:51:01.519477: Epoch 548
2026-08-08 03:51:01.519614: Current learning rate: 0.00489
2026-08-08 03:51:25.692378: train_loss -0.9469
2026-08-08 03:51:25.692782: val_loss -0.9336
2026-08-08 03:51:25.692962: Pseudo dice [np.float32(0.9453), np.float32(0.9764), np.float32(0.9712)]
2026-08-08 03:51:25.693245: Epoch time: 24.17 s
2026-08-08 03:51:26.104128: 
2026-08-08 03:51:26.104383: Epoch 549
2026-08-08 03:51:26.105147: Current learning rate: 0.00488
2026-08-08 03:51:50.278854: train_loss -0.9476
2026-08-08 03:51:50.279326: val_loss -0.9507
2026-08-08 03:51:50.279628: Pseudo dice [np.float32(0.965), np.float32(0.9772), np.float32(0.9728)]
2026-08-08 03:51:50.280043: Epoch time: 24.17 s
2026-08-08 03:51:50.718425: 
2026-08-08 03:51:50.718703: Epoch 550
2026-08-08 03:51:50.718903: Current learning rate: 0.00487
2026-08-08 03:52:14.901239: train_loss -0.9465
2026-08-08 03:52:14.901646: val_loss -0.9506
2026-08-08 03:52:14.901960: Pseudo dice [np.float32(0.9656), np.float32(0.9768), np.float32(0.9726)]
2026-08-08 03:52:14.902300: Epoch time: 24.18 s
2026-08-08 03:52:15.315140: 
2026-08-08 03:52:15.315353: Epoch 551
2026-08-08 03:52:15.315614: Current learning rate: 0.00486
2026-08-08 03:52:39.485564: train_loss -0.9474
2026-08-08 03:52:39.486036: val_loss -0.9487
2026-08-08 03:52:39.486490: Pseudo dice [np.float32(0.9656), np.float32(0.9766), np.float32(0.9675)]
2026-08-08 03:52:39.486717: Epoch time: 24.17 s
2026-08-08 03:52:39.892829: 
2026-08-08 03:52:39.893083: Epoch 552
2026-08-08 03:52:39.893529: Current learning rate: 0.00485
2026-08-08 03:53:04.068485: train_loss -0.9479
2026-08-08 03:53:04.069026: val_loss -0.9503
2026-08-08 03:53:04.069221: Pseudo dice [np.float32(0.9639), np.float32(0.9772), np.float32(0.973)]
2026-08-08 03:53:04.069528: Epoch time: 24.18 s
2026-08-08 03:53:04.478074: 
2026-08-08 03:53:04.478288: Epoch 553
2026-08-08 03:53:04.478505: Current learning rate: 0.00484
2026-08-08 03:53:28.659858: train_loss -0.9484
2026-08-08 03:53:28.660272: val_loss -0.9268
2026-08-08 03:53:28.660789: Pseudo dice [np.float32(0.931), np.float32(0.9771), np.float32(0.9733)]
2026-08-08 03:53:28.661150: Epoch time: 24.18 s
2026-08-08 03:53:29.300163: 
2026-08-08 03:53:29.300444: Epoch 554
2026-08-08 03:53:29.300645: Current learning rate: 0.00484
2026-08-08 03:53:53.467707: train_loss -0.9467
2026-08-08 03:53:53.468096: val_loss -0.9451
2026-08-08 03:53:53.468596: Pseudo dice [np.float32(0.9584), np.float32(0.977), np.float32(0.9727)]
2026-08-08 03:53:53.468869: Epoch time: 24.17 s
2026-08-08 03:53:53.880133: 
2026-08-08 03:53:53.880345: Epoch 555
2026-08-08 03:53:53.880479: Current learning rate: 0.00483
2026-08-08 03:54:18.053057: train_loss -0.9476
2026-08-08 03:54:18.053452: val_loss -0.95
2026-08-08 03:54:18.053808: Pseudo dice [np.float32(0.9643), np.float32(0.9769), np.float32(0.9729)]
2026-08-08 03:54:18.053981: Epoch time: 24.17 s
2026-08-08 03:54:18.461286: 
2026-08-08 03:54:18.461502: Epoch 556
2026-08-08 03:54:18.461648: Current learning rate: 0.00482
2026-08-08 03:54:42.637795: train_loss -0.9489
2026-08-08 03:54:42.638190: val_loss -0.9493
2026-08-08 03:54:42.638725: Pseudo dice [np.float32(0.9631), np.float32(0.9773), np.float32(0.9727)]
2026-08-08 03:54:42.639551: Epoch time: 24.18 s
2026-08-08 03:54:43.058384: 
2026-08-08 03:54:43.058958: Epoch 557
2026-08-08 03:54:43.059492: Current learning rate: 0.00481
2026-08-08 03:55:07.234692: train_loss -0.9479
2026-08-08 03:55:07.235089: val_loss -0.947
2026-08-08 03:55:07.235466: Pseudo dice [np.float32(0.9603), np.float32(0.9764), np.float32(0.973)]
2026-08-08 03:55:07.235851: Epoch time: 24.18 s
2026-08-08 03:55:07.647454: 
2026-08-08 03:55:07.647725: Epoch 558
2026-08-08 03:55:07.647944: Current learning rate: 0.0048
2026-08-08 03:55:31.812248: train_loss -0.9477
2026-08-08 03:55:31.813391: val_loss -0.9497
2026-08-08 03:55:31.814447: Pseudo dice [np.float32(0.9648), np.float32(0.9765), np.float32(0.9715)]
2026-08-08 03:55:31.814877: Epoch time: 24.16 s
2026-08-08 03:55:32.231420: 
2026-08-08 03:55:32.231636: Epoch 559
2026-08-08 03:55:32.231767: Current learning rate: 0.00479
2026-08-08 03:55:56.404387: train_loss -0.9476
2026-08-08 03:55:56.404788: val_loss -0.9448
2026-08-08 03:55:56.405560: Pseudo dice [np.float32(0.9618), np.float32(0.9749), np.float32(0.9683)]
2026-08-08 03:55:56.405941: Epoch time: 24.17 s
2026-08-08 03:55:56.813347: 
2026-08-08 03:55:56.813556: Epoch 560
2026-08-08 03:55:56.813695: Current learning rate: 0.00478
2026-08-08 03:56:20.986562: train_loss -0.9468
2026-08-08 03:56:20.986978: val_loss -0.9398
2026-08-08 03:56:20.987376: Pseudo dice [np.float32(0.957), np.float32(0.9711), np.float32(0.9681)]
2026-08-08 03:56:20.987607: Epoch time: 24.17 s
2026-08-08 03:56:21.399556: 
2026-08-08 03:56:21.400070: Epoch 561
2026-08-08 03:56:21.400312: Current learning rate: 0.00477
2026-08-08 03:56:45.568718: train_loss -0.9469
2026-08-08 03:56:45.569122: val_loss -0.9498
2026-08-08 03:56:45.569506: Pseudo dice [np.float32(0.9644), np.float32(0.9766), np.float32(0.9729)]
2026-08-08 03:56:45.569803: Epoch time: 24.17 s
2026-08-08 03:56:45.979212: 
2026-08-08 03:56:45.979450: Epoch 562
2026-08-08 03:56:45.980075: Current learning rate: 0.00476
2026-08-08 03:57:10.154065: train_loss -0.9467
2026-08-08 03:57:10.154539: val_loss -0.9504
2026-08-08 03:57:10.154830: Pseudo dice [np.float32(0.9641), np.float32(0.977), np.float32(0.9735)]
2026-08-08 03:57:10.155408: Epoch time: 24.18 s
2026-08-08 03:57:10.567164: 
2026-08-08 03:57:10.567389: Epoch 563
2026-08-08 03:57:10.567719: Current learning rate: 0.00475
2026-08-08 03:57:34.744787: train_loss -0.947
2026-08-08 03:57:34.745552: val_loss -0.9508
2026-08-08 03:57:34.747158: Pseudo dice [np.float32(0.9652), np.float32(0.977), np.float32(0.9733)]
2026-08-08 03:57:34.748220: Epoch time: 24.18 s
2026-08-08 03:57:35.166937: 
2026-08-08 03:57:35.167294: Epoch 564
2026-08-08 03:57:35.167742: Current learning rate: 0.00474
2026-08-08 03:57:59.338779: train_loss -0.9472
2026-08-08 03:57:59.339592: val_loss -0.951
2026-08-08 03:57:59.339945: Pseudo dice [np.float32(0.9658), np.float32(0.9773), np.float32(0.9722)]
2026-08-08 03:57:59.340208: Epoch time: 24.17 s
2026-08-08 03:57:59.756724: 
2026-08-08 03:57:59.756955: Epoch 565
2026-08-08 03:57:59.757163: Current learning rate: 0.00473
2026-08-08 03:58:23.933989: train_loss -0.9488
2026-08-08 03:58:23.934367: val_loss -0.9481
2026-08-08 03:58:23.934591: Pseudo dice [np.float32(0.9609), np.float32(0.9763), np.float32(0.9719)]
2026-08-08 03:58:23.934999: Epoch time: 24.18 s
2026-08-08 03:58:24.566509: 
2026-08-08 03:58:24.566733: Epoch 566
2026-08-08 03:58:24.566982: Current learning rate: 0.00472
2026-08-08 03:58:48.753802: train_loss -0.9476
2026-08-08 03:58:48.754184: val_loss -0.9501
2026-08-08 03:58:48.754360: Pseudo dice [np.float32(0.9642), np.float32(0.977), np.float32(0.9745)]
2026-08-08 03:58:48.754741: Epoch time: 24.19 s
2026-08-08 03:58:49.180326: 
2026-08-08 03:58:49.180615: Epoch 567
2026-08-08 03:58:49.180830: Current learning rate: 0.00471
2026-08-08 03:59:13.358526: train_loss -0.9475
2026-08-08 03:59:13.359339: val_loss -0.9498
2026-08-08 03:59:13.359700: Pseudo dice [np.float32(0.964), np.float32(0.9769), np.float32(0.9732)]
2026-08-08 03:59:13.360040: Epoch time: 24.18 s
2026-08-08 03:59:13.780360: 
2026-08-08 03:59:13.780606: Epoch 568
2026-08-08 03:59:13.780738: Current learning rate: 0.0047
2026-08-08 03:59:37.953889: train_loss -0.9485
2026-08-08 03:59:37.955441: val_loss -0.9383
2026-08-08 03:59:37.955807: Pseudo dice [np.float32(0.9498), np.float32(0.9753), np.float32(0.9742)]
2026-08-08 03:59:37.956044: Epoch time: 24.17 s
2026-08-08 03:59:38.370662: 
2026-08-08 03:59:38.370879: Epoch 569
2026-08-08 03:59:38.371128: Current learning rate: 0.00469
2026-08-08 04:00:02.549670: train_loss -0.9465
2026-08-08 04:00:02.550057: val_loss -0.9434
2026-08-08 04:00:02.550330: Pseudo dice [np.float32(0.9589), np.float32(0.9754), np.float32(0.9705)]
2026-08-08 04:00:02.551533: Epoch time: 24.18 s
2026-08-08 04:00:02.964373: 
2026-08-08 04:00:02.964621: Epoch 570
2026-08-08 04:00:02.964759: Current learning rate: 0.00468
2026-08-08 04:00:27.141766: train_loss -0.947
2026-08-08 04:00:27.142227: val_loss -0.9498
2026-08-08 04:00:27.142506: Pseudo dice [np.float32(0.9647), np.float32(0.9767), np.float32(0.9726)]
2026-08-08 04:00:27.142673: Epoch time: 24.18 s
2026-08-08 04:00:27.557706: 
2026-08-08 04:00:27.557928: Epoch 571
2026-08-08 04:00:27.558333: Current learning rate: 0.00467
2026-08-08 04:00:51.731831: train_loss -0.9487
2026-08-08 04:00:51.733147: val_loss -0.9506
2026-08-08 04:00:51.734077: Pseudo dice [np.float32(0.9645), np.float32(0.9771), np.float32(0.9741)]
2026-08-08 04:00:51.734502: Epoch time: 24.17 s
2026-08-08 04:00:52.142772: 
2026-08-08 04:00:52.142994: Epoch 572
2026-08-08 04:00:52.143231: Current learning rate: 0.00466
2026-08-08 04:01:16.321093: train_loss -0.9489
2026-08-08 04:01:16.321622: val_loss -0.9511
2026-08-08 04:01:16.321797: Pseudo dice [np.float32(0.9651), np.float32(0.9772), np.float32(0.9738)]
2026-08-08 04:01:16.322636: Epoch time: 24.18 s
2026-08-08 04:01:16.740850: 
2026-08-08 04:01:16.741096: Epoch 573
2026-08-08 04:01:16.741238: Current learning rate: 0.00465
2026-08-08 04:01:40.918293: train_loss -0.9479
2026-08-08 04:01:40.918691: val_loss -0.952
2026-08-08 04:01:40.919110: Pseudo dice [np.float32(0.9656), np.float32(0.9772), np.float32(0.9736)]
2026-08-08 04:01:40.919647: Epoch time: 24.18 s
2026-08-08 04:01:41.335947: 
2026-08-08 04:01:41.336165: Epoch 574
2026-08-08 04:01:41.337203: Current learning rate: 0.00464
2026-08-08 04:02:05.516285: train_loss -0.9494
2026-08-08 04:02:05.516700: val_loss -0.9518
2026-08-08 04:02:05.517160: Pseudo dice [np.float32(0.9659), np.float32(0.9771), np.float32(0.974)]
2026-08-08 04:02:05.517336: Epoch time: 24.18 s
2026-08-08 04:02:05.938699: 
2026-08-08 04:02:05.938967: Epoch 575
2026-08-08 04:02:05.939188: Current learning rate: 0.00463
2026-08-08 04:02:30.105993: train_loss -0.9481
2026-08-08 04:02:30.106375: val_loss -0.9503
2026-08-08 04:02:30.107394: Pseudo dice [np.float32(0.9647), np.float32(0.9772), np.float32(0.9732)]
2026-08-08 04:02:30.107901: Epoch time: 24.17 s
2026-08-08 04:02:30.528242: 
2026-08-08 04:02:30.528460: Epoch 576
2026-08-08 04:02:30.528766: Current learning rate: 0.00462
2026-08-08 04:02:54.707062: train_loss -0.9474
2026-08-08 04:02:54.707433: val_loss -0.9503
2026-08-08 04:02:54.709580: Pseudo dice [np.float32(0.9641), np.float32(0.9772), np.float32(0.9739)]
2026-08-08 04:02:54.710715: Epoch time: 24.18 s
2026-08-08 04:02:54.710945: Yayy! New best EMA pseudo Dice: 0.97079998254776
2026-08-08 04:02:55.163876: 
2026-08-08 04:02:55.164109: Epoch 577
2026-08-08 04:02:55.164661: Current learning rate: 0.00461
2026-08-08 04:03:19.340406: train_loss -0.948
2026-08-08 04:03:19.340795: val_loss -0.9512
2026-08-08 04:03:19.340988: Pseudo dice [np.float32(0.9649), np.float32(0.9771), np.float32(0.9737)]
2026-08-08 04:03:19.341289: Epoch time: 24.18 s
2026-08-08 04:03:19.342037: Yayy! New best EMA pseudo Dice: 0.9708999991416931
2026-08-08 04:03:19.798097: 
2026-08-08 04:03:19.798313: Epoch 578
2026-08-08 04:03:19.799134: Current learning rate: 0.0046
2026-08-08 04:03:43.968134: train_loss -0.9479
2026-08-08 04:03:43.968701: val_loss -0.9508
2026-08-08 04:03:43.968882: Pseudo dice [np.float32(0.9649), np.float32(0.9768), np.float32(0.9737)]
2026-08-08 04:03:43.969052: Epoch time: 24.17 s
2026-08-08 04:03:43.969423: Yayy! New best EMA pseudo Dice: 0.9710000157356262
2026-08-08 04:03:44.643351: 
2026-08-08 04:03:44.643570: Epoch 579
2026-08-08 04:03:44.643776: Current learning rate: 0.00459
2026-08-08 04:04:08.808273: train_loss -0.9486
2026-08-08 04:04:08.808769: val_loss -0.9502
2026-08-08 04:04:08.809222: Pseudo dice [np.float32(0.9647), np.float32(0.9768), np.float32(0.9728)]
2026-08-08 04:04:08.809495: Epoch time: 24.17 s
2026-08-08 04:04:08.809647: Yayy! New best EMA pseudo Dice: 0.9710999727249146
2026-08-08 04:04:09.258288: 
2026-08-08 04:04:09.258497: Epoch 580
2026-08-08 04:04:09.258694: Current learning rate: 0.00458
2026-08-08 04:04:33.422281: train_loss -0.9468
2026-08-08 04:04:33.423475: val_loss -0.9347
2026-08-08 04:04:33.423833: Pseudo dice [np.float32(0.9477), np.float32(0.9761), np.float32(0.9725)]
2026-08-08 04:04:33.424743: Epoch time: 24.16 s
2026-08-08 04:04:33.839649: 
2026-08-08 04:04:33.839867: Epoch 581
2026-08-08 04:04:33.840022: Current learning rate: 0.00457
2026-08-08 04:04:58.006919: train_loss -0.9462
2026-08-08 04:04:58.007334: val_loss -0.9511
2026-08-08 04:04:58.007823: Pseudo dice [np.float32(0.9653), np.float32(0.9776), np.float32(0.9722)]
2026-08-08 04:04:58.008253: Epoch time: 24.17 s
2026-08-08 04:04:58.432356: 
2026-08-08 04:04:58.432604: Epoch 582
2026-08-08 04:04:58.432881: Current learning rate: 0.00456
2026-08-08 04:05:22.597168: train_loss -0.9473
2026-08-08 04:05:22.597556: val_loss -0.9167
2026-08-08 04:05:22.598419: Pseudo dice [np.float32(0.9168), np.float32(0.9764), np.float32(0.9742)]
2026-08-08 04:05:22.598838: Epoch time: 24.16 s
2026-08-08 04:05:23.017838: 
2026-08-08 04:05:23.018055: Epoch 583
2026-08-08 04:05:23.018266: Current learning rate: 0.00455
2026-08-08 04:05:47.188601: train_loss -0.9471
2026-08-08 04:05:47.188986: val_loss -0.9488
2026-08-08 04:05:47.189268: Pseudo dice [np.float32(0.9639), np.float32(0.9763), np.float32(0.972)]
2026-08-08 04:05:47.189443: Epoch time: 24.17 s
2026-08-08 04:05:47.600013: 
2026-08-08 04:05:47.600218: Epoch 584
2026-08-08 04:05:47.600519: Current learning rate: 0.00454
2026-08-08 04:06:11.774231: train_loss -0.9478
2026-08-08 04:06:11.774634: val_loss -0.9513
2026-08-08 04:06:11.775126: Pseudo dice [np.float32(0.9649), np.float32(0.9769), np.float32(0.9735)]
2026-08-08 04:06:11.775429: Epoch time: 24.17 s
2026-08-08 04:06:12.186919: 
2026-08-08 04:06:12.187136: Epoch 585
2026-08-08 04:06:12.187277: Current learning rate: 0.00453
2026-08-08 04:06:36.357389: train_loss -0.9487
2026-08-08 04:06:36.357881: val_loss -0.9498
2026-08-08 04:06:36.358068: Pseudo dice [np.float32(0.9641), np.float32(0.9767), np.float32(0.9721)]
2026-08-08 04:06:36.358907: Epoch time: 24.17 s
2026-08-08 04:06:36.778536: 
2026-08-08 04:06:36.778760: Epoch 586
2026-08-08 04:06:36.778967: Current learning rate: 0.00452
2026-08-08 04:07:00.948049: train_loss -0.9483
2026-08-08 04:07:00.948517: val_loss -0.9522
2026-08-08 04:07:00.948920: Pseudo dice [np.float32(0.9653), np.float32(0.9779), np.float32(0.9739)]
2026-08-08 04:07:00.949502: Epoch time: 24.17 s
2026-08-08 04:07:01.366858: 
2026-08-08 04:07:01.367076: Epoch 587
2026-08-08 04:07:01.367321: Current learning rate: 0.00451
2026-08-08 04:07:25.537072: train_loss -0.948
2026-08-08 04:07:25.537659: val_loss -0.953
2026-08-08 04:07:25.538492: Pseudo dice [np.float32(0.9662), np.float32(0.9781), np.float32(0.9744)]
2026-08-08 04:07:25.539319: Epoch time: 24.17 s
2026-08-08 04:07:25.959181: 
2026-08-08 04:07:25.959395: Epoch 588
2026-08-08 04:07:25.959702: Current learning rate: 0.0045
2026-08-08 04:07:50.133299: train_loss -0.9462
2026-08-08 04:07:50.133708: val_loss -0.9507
2026-08-08 04:07:50.133884: Pseudo dice [np.float32(0.965), np.float32(0.977), np.float32(0.9737)]
2026-08-08 04:07:50.134053: Epoch time: 24.17 s
2026-08-08 04:07:50.554502: 
2026-08-08 04:07:50.554728: Epoch 589
2026-08-08 04:07:50.554934: Current learning rate: 0.00449
2026-08-08 04:08:14.729515: train_loss -0.9486
2026-08-08 04:08:14.730388: val_loss -0.9506
2026-08-08 04:08:14.730747: Pseudo dice [np.float32(0.9645), np.float32(0.9771), np.float32(0.9733)]
2026-08-08 04:08:14.732369: Epoch time: 24.18 s
2026-08-08 04:08:15.152017: 
2026-08-08 04:08:15.152521: Epoch 590
2026-08-08 04:08:15.153011: Current learning rate: 0.00448
2026-08-08 04:08:39.336390: train_loss -0.9483
2026-08-08 04:08:39.336781: val_loss -0.9356
2026-08-08 04:08:39.336964: Pseudo dice [np.float32(0.9472), np.float32(0.9768), np.float32(0.9737)]
2026-08-08 04:08:39.337453: Epoch time: 24.18 s
2026-08-08 04:08:39.970117: 
2026-08-08 04:08:39.970335: Epoch 591
2026-08-08 04:08:39.970918: Current learning rate: 0.00447
2026-08-08 04:09:04.151820: train_loss -0.9481
2026-08-08 04:09:04.152205: val_loss -0.9493
2026-08-08 04:09:04.152726: Pseudo dice [np.float32(0.9637), np.float32(0.977), np.float32(0.9717)]
2026-08-08 04:09:04.153106: Epoch time: 24.18 s
2026-08-08 04:09:04.566294: 
2026-08-08 04:09:04.566514: Epoch 592
2026-08-08 04:09:04.566654: Current learning rate: 0.00446
2026-08-08 04:09:28.744415: train_loss -0.9481
2026-08-08 04:09:28.744825: val_loss -0.9517
2026-08-08 04:09:28.745194: Pseudo dice [np.float32(0.9652), np.float32(0.9778), np.float32(0.9736)]
2026-08-08 04:09:28.745354: Epoch time: 24.18 s
2026-08-08 04:09:29.164356: 
2026-08-08 04:09:29.164567: Epoch 593
2026-08-08 04:09:29.165733: Current learning rate: 0.00445
2026-08-08 04:09:53.340700: train_loss -0.9489
2026-08-08 04:09:53.341088: val_loss -0.9526
2026-08-08 04:09:53.341514: Pseudo dice [np.float32(0.9655), np.float32(0.9773), np.float32(0.9747)]
2026-08-08 04:09:53.341840: Epoch time: 24.18 s
2026-08-08 04:09:53.754377: 
2026-08-08 04:09:53.754601: Epoch 594
2026-08-08 04:09:53.754737: Current learning rate: 0.00444
2026-08-08 04:10:17.935387: train_loss -0.9479
2026-08-08 04:10:17.935801: val_loss -0.9494
2026-08-08 04:10:17.936069: Pseudo dice [np.float32(0.9634), np.float32(0.9759), np.float32(0.9731)]
2026-08-08 04:10:17.936407: Epoch time: 24.18 s
2026-08-08 04:10:18.358640: 
2026-08-08 04:10:18.358974: Epoch 595
2026-08-08 04:10:18.359162: Current learning rate: 0.00443
2026-08-08 04:10:42.525508: train_loss -0.9486
2026-08-08 04:10:42.526715: val_loss -0.951
2026-08-08 04:10:42.526998: Pseudo dice [np.float32(0.9657), np.float32(0.9767), np.float32(0.9724)]
2026-08-08 04:10:42.527172: Epoch time: 24.17 s
2026-08-08 04:10:42.943072: 
2026-08-08 04:10:42.943335: Epoch 596
2026-08-08 04:10:42.944160: Current learning rate: 0.00442
2026-08-08 04:11:07.130234: train_loss -0.9489
2026-08-08 04:11:07.130727: val_loss -0.9371
2026-08-08 04:11:07.131181: Pseudo dice [np.float32(0.951), np.float32(0.9748), np.float32(0.9703)]
2026-08-08 04:11:07.131403: Epoch time: 24.19 s
2026-08-08 04:11:07.552736: 
2026-08-08 04:11:07.553080: Epoch 597
2026-08-08 04:11:07.553310: Current learning rate: 0.00441
2026-08-08 04:11:31.725568: train_loss -0.9482
2026-08-08 04:11:31.725950: val_loss -0.9509
2026-08-08 04:11:31.726240: Pseudo dice [np.float32(0.9653), np.float32(0.9769), np.float32(0.973)]
2026-08-08 04:11:31.726540: Epoch time: 24.17 s
2026-08-08 04:11:32.140799: 
2026-08-08 04:11:32.141049: Epoch 598
2026-08-08 04:11:32.141262: Current learning rate: 0.0044
2026-08-08 04:11:56.321496: train_loss -0.9475
2026-08-08 04:11:56.321883: val_loss -0.932
2026-08-08 04:11:56.322072: Pseudo dice [np.float32(0.9451), np.float32(0.9758), np.float32(0.9675)]
2026-08-08 04:11:56.322706: Epoch time: 24.18 s
2026-08-08 04:11:56.734934: 
2026-08-08 04:11:56.735143: Epoch 599
2026-08-08 04:11:56.735421: Current learning rate: 0.00439
2026-08-08 04:12:20.914892: train_loss -0.9487
2026-08-08 04:12:20.915261: val_loss -0.9501
2026-08-08 04:12:20.915740: Pseudo dice [np.float32(0.9641), np.float32(0.9772), np.float32(0.9727)]
2026-08-08 04:12:20.915983: Epoch time: 24.18 s
2026-08-08 04:12:21.361282: 
2026-08-08 04:12:21.361633: Epoch 600
2026-08-08 04:12:21.361808: Current learning rate: 0.00438
2026-08-08 04:12:45.537729: train_loss -0.9486
2026-08-08 04:12:45.538158: val_loss -0.9509
2026-08-08 04:12:45.539235: Pseudo dice [np.float32(0.9652), np.float32(0.9773), np.float32(0.9732)]
2026-08-08 04:12:45.539786: Epoch time: 24.18 s
2026-08-08 04:12:45.951526: 
2026-08-08 04:12:45.952003: Epoch 601
2026-08-08 04:12:45.952314: Current learning rate: 0.00437
2026-08-08 04:13:10.125325: train_loss -0.9473
2026-08-08 04:13:10.125703: val_loss -0.9493
2026-08-08 04:13:10.125999: Pseudo dice [np.float32(0.9643), np.float32(0.9768), np.float32(0.9712)]
2026-08-08 04:13:10.126346: Epoch time: 24.17 s
2026-08-08 04:13:10.541898: 
2026-08-08 04:13:10.542109: Epoch 602
2026-08-08 04:13:10.542488: Current learning rate: 0.00436
2026-08-08 04:13:34.716402: train_loss -0.9486
2026-08-08 04:13:34.717004: val_loss -0.9517
2026-08-08 04:13:34.717575: Pseudo dice [np.float32(0.9649), np.float32(0.9775), np.float32(0.9744)]
2026-08-08 04:13:34.718512: Epoch time: 24.17 s
2026-08-08 04:13:35.137732: 
2026-08-08 04:13:35.138440: Epoch 603
2026-08-08 04:13:35.138713: Current learning rate: 0.00435
2026-08-08 04:13:59.308293: train_loss -0.9476
2026-08-08 04:13:59.308688: val_loss -0.9506
2026-08-08 04:13:59.308983: Pseudo dice [np.float32(0.9641), np.float32(0.9768), np.float32(0.973)]
2026-08-08 04:13:59.309284: Epoch time: 24.17 s
2026-08-08 04:13:59.954605: 
2026-08-08 04:13:59.955081: Epoch 604
2026-08-08 04:13:59.955597: Current learning rate: 0.00434
2026-08-08 04:14:24.120463: train_loss -0.9498
2026-08-08 04:14:24.120863: val_loss -0.9518
2026-08-08 04:14:24.121035: Pseudo dice [np.float32(0.9667), np.float32(0.9777), np.float32(0.9725)]
2026-08-08 04:14:24.121609: Epoch time: 24.17 s
2026-08-08 04:14:24.540629: 
2026-08-08 04:14:24.540849: Epoch 605
2026-08-08 04:14:24.541253: Current learning rate: 0.00433
2026-08-08 04:14:48.718205: train_loss -0.9483
2026-08-08 04:14:48.718587: val_loss -0.9508
2026-08-08 04:14:48.718854: Pseudo dice [np.float32(0.9644), np.float32(0.9769), np.float32(0.9734)]
2026-08-08 04:14:48.719029: Epoch time: 24.18 s
2026-08-08 04:14:49.135985: 
2026-08-08 04:14:49.136237: Epoch 606
2026-08-08 04:14:49.136567: Current learning rate: 0.00432
2026-08-08 04:15:13.308789: train_loss -0.9478
2026-08-08 04:15:13.309314: val_loss -0.9483
2026-08-08 04:15:13.309681: Pseudo dice [np.float32(0.9632), np.float32(0.9764), np.float32(0.9726)]
2026-08-08 04:15:13.309973: Epoch time: 24.17 s
2026-08-08 04:15:13.720632: 
2026-08-08 04:15:13.720856: Epoch 607
2026-08-08 04:15:13.720989: Current learning rate: 0.00431
2026-08-08 04:15:37.891790: train_loss -0.9485
2026-08-08 04:15:37.892164: val_loss -0.9505
2026-08-08 04:15:37.892514: Pseudo dice [np.float32(0.9641), np.float32(0.9767), np.float32(0.974)]
2026-08-08 04:15:37.892810: Epoch time: 24.17 s
2026-08-08 04:15:38.311411: 
2026-08-08 04:15:38.311811: Epoch 608
2026-08-08 04:15:38.312564: Current learning rate: 0.0043
2026-08-08 04:16:02.486300: train_loss -0.9486
2026-08-08 04:16:02.486690: val_loss -0.9521
2026-08-08 04:16:02.486980: Pseudo dice [np.float32(0.9657), np.float32(0.9772), np.float32(0.9745)]
2026-08-08 04:16:02.488388: Epoch time: 24.18 s
2026-08-08 04:16:02.903110: 
2026-08-08 04:16:02.903354: Epoch 609
2026-08-08 04:16:02.903563: Current learning rate: 0.00429
2026-08-08 04:16:27.082908: train_loss -0.9487
2026-08-08 04:16:27.083322: val_loss -0.9517
2026-08-08 04:16:27.083712: Pseudo dice [np.float32(0.9653), np.float32(0.9771), np.float32(0.974)]
2026-08-08 04:16:27.083918: Epoch time: 24.18 s
2026-08-08 04:16:27.493868: 
2026-08-08 04:16:27.494225: Epoch 610
2026-08-08 04:16:27.494543: Current learning rate: 0.00429
2026-08-08 04:16:51.677074: train_loss -0.948
2026-08-08 04:16:51.677935: val_loss -0.95
2026-08-08 04:16:51.679286: Pseudo dice [np.float32(0.9644), np.float32(0.9771), np.float32(0.9727)]
2026-08-08 04:16:51.679561: Epoch time: 24.18 s
2026-08-08 04:16:51.679747: Yayy! New best EMA pseudo Dice: 0.9710999727249146
2026-08-08 04:16:52.126155: 
2026-08-08 04:16:52.126587: Epoch 611
2026-08-08 04:16:52.127316: Current learning rate: 0.00428
2026-08-08 04:17:16.309007: train_loss -0.9483
2026-08-08 04:17:16.309525: val_loss -0.9489
2026-08-08 04:17:16.310144: Pseudo dice [np.float32(0.9626), np.float32(0.9767), np.float32(0.9737)]
2026-08-08 04:17:16.310451: Epoch time: 24.18 s
2026-08-08 04:17:16.723077: 
2026-08-08 04:17:16.723445: Epoch 612
2026-08-08 04:17:16.723830: Current learning rate: 0.00427
2026-08-08 04:17:40.905547: train_loss -0.9474
2026-08-08 04:17:40.905981: val_loss -0.9493
2026-08-08 04:17:40.906399: Pseudo dice [np.float32(0.9637), np.float32(0.9763), np.float32(0.9732)]
2026-08-08 04:17:40.906670: Epoch time: 24.18 s
2026-08-08 04:17:41.324171: 
2026-08-08 04:17:41.324388: Epoch 613
2026-08-08 04:17:41.324728: Current learning rate: 0.00426
2026-08-08 04:18:05.501928: train_loss -0.9477
2026-08-08 04:18:05.502300: val_loss -0.9501
2026-08-08 04:18:05.502617: Pseudo dice [np.float32(0.9638), np.float32(0.977), np.float32(0.9732)]
2026-08-08 04:18:05.502857: Epoch time: 24.18 s
2026-08-08 04:18:05.503230: Yayy! New best EMA pseudo Dice: 0.9710999727249146
2026-08-08 04:18:05.946666: 
2026-08-08 04:18:05.947092: Epoch 614
2026-08-08 04:18:05.947375: Current learning rate: 0.00425
2026-08-08 04:18:30.123964: train_loss -0.9489
2026-08-08 04:18:30.124366: val_loss -0.9481
2026-08-08 04:18:30.125136: Pseudo dice [np.float32(0.9626), np.float32(0.9772), np.float32(0.974)]
2026-08-08 04:18:30.125389: Epoch time: 24.18 s
2026-08-08 04:18:30.125646: Yayy! New best EMA pseudo Dice: 0.9710999727249146
2026-08-08 04:18:30.572371: 
2026-08-08 04:18:30.572591: Epoch 615
2026-08-08 04:18:30.572886: Current learning rate: 0.00424
2026-08-08 04:18:54.744255: train_loss -0.9495
2026-08-08 04:18:54.745103: val_loss -0.9076
2026-08-08 04:18:54.745445: Pseudo dice [np.float32(0.9142), np.float32(0.9737), np.float32(0.966)]
2026-08-08 04:18:54.746148: Epoch time: 24.17 s
2026-08-08 04:18:55.397839: 
2026-08-08 04:18:55.398054: Epoch 616
2026-08-08 04:18:55.398267: Current learning rate: 0.00423
2026-08-08 04:19:19.570625: train_loss -0.9485
2026-08-08 04:19:19.571092: val_loss -0.9515
2026-08-08 04:19:19.571503: Pseudo dice [np.float32(0.9646), np.float32(0.9776), np.float32(0.9745)]
2026-08-08 04:19:19.571797: Epoch time: 24.17 s
2026-08-08 04:19:19.989273: 
2026-08-08 04:19:19.989488: Epoch 617
2026-08-08 04:19:19.989627: Current learning rate: 0.00422
2026-08-08 04:19:44.163375: train_loss -0.9486
2026-08-08 04:19:44.164225: val_loss -0.9499
2026-08-08 04:19:44.164600: Pseudo dice [np.float32(0.9651), np.float32(0.9763), np.float32(0.9711)]
2026-08-08 04:19:44.164906: Epoch time: 24.17 s
2026-08-08 04:19:44.582288: 
2026-08-08 04:19:44.582502: Epoch 618
2026-08-08 04:19:44.582645: Current learning rate: 0.00421
2026-08-08 04:20:08.754907: train_loss -0.9493
2026-08-08 04:20:08.755321: val_loss -0.9511
2026-08-08 04:20:08.755514: Pseudo dice [np.float32(0.9659), np.float32(0.9776), np.float32(0.9716)]
2026-08-08 04:20:08.755877: Epoch time: 24.17 s
2026-08-08 04:20:09.172932: 
2026-08-08 04:20:09.173221: Epoch 619
2026-08-08 04:20:09.173537: Current learning rate: 0.0042
2026-08-08 04:20:33.353014: train_loss -0.948
2026-08-08 04:20:33.353516: val_loss -0.9513
2026-08-08 04:20:33.354286: Pseudo dice [np.float32(0.9658), np.float32(0.9774), np.float32(0.9723)]
2026-08-08 04:20:33.354821: Epoch time: 24.18 s
2026-08-08 04:20:33.773580: 
2026-08-08 04:20:33.773794: Epoch 620
2026-08-08 04:20:33.773925: Current learning rate: 0.00419
2026-08-08 04:20:57.946746: train_loss -0.9489
2026-08-08 04:20:57.947122: val_loss -0.9506
2026-08-08 04:20:57.948399: Pseudo dice [np.float32(0.9642), np.float32(0.9765), np.float32(0.974)]
2026-08-08 04:20:57.948718: Epoch time: 24.17 s
2026-08-08 04:20:58.367968: 
2026-08-08 04:20:58.368213: Epoch 621
2026-08-08 04:20:58.368540: Current learning rate: 0.00418
2026-08-08 04:21:22.531713: train_loss -0.9482
2026-08-08 04:21:22.532102: val_loss -0.9499
2026-08-08 04:21:22.532445: Pseudo dice [np.float32(0.9649), np.float32(0.9772), np.float32(0.9719)]
2026-08-08 04:21:22.532825: Epoch time: 24.16 s
2026-08-08 04:21:22.952135: 
2026-08-08 04:21:22.952342: Epoch 622
2026-08-08 04:21:22.952475: Current learning rate: 0.00417
2026-08-08 04:21:47.128162: train_loss -0.9489
2026-08-08 04:21:47.128577: val_loss -0.9503
2026-08-08 04:21:47.129446: Pseudo dice [np.float32(0.9654), np.float32(0.977), np.float32(0.9714)]
2026-08-08 04:21:47.130431: Epoch time: 24.18 s
2026-08-08 04:21:47.554972: 
2026-08-08 04:21:47.555252: Epoch 623
2026-08-08 04:21:47.555408: Current learning rate: 0.00416
2026-08-08 04:22:11.731840: train_loss -0.949
2026-08-08 04:22:11.732234: val_loss -0.9503
2026-08-08 04:22:11.732431: Pseudo dice [np.float32(0.964), np.float32(0.9767), np.float32(0.9733)]
2026-08-08 04:22:11.732921: Epoch time: 24.18 s
2026-08-08 04:22:12.152534: 
2026-08-08 04:22:12.152880: Epoch 624
2026-08-08 04:22:12.153298: Current learning rate: 0.00415
2026-08-08 04:22:36.325466: train_loss -0.9487
2026-08-08 04:22:36.325876: val_loss -0.9504
2026-08-08 04:22:36.326301: Pseudo dice [np.float32(0.9652), np.float32(0.9768), np.float32(0.9721)]
2026-08-08 04:22:36.326589: Epoch time: 24.17 s
2026-08-08 04:22:36.741715: 
2026-08-08 04:22:36.741925: Epoch 625
2026-08-08 04:22:36.742369: Current learning rate: 0.00414
2026-08-08 04:23:00.922578: train_loss -0.9487
2026-08-08 04:23:00.922954: val_loss -0.945
2026-08-08 04:23:00.923958: Pseudo dice [np.float32(0.9593), np.float32(0.976), np.float32(0.973)]
2026-08-08 04:23:00.924233: Epoch time: 24.18 s
2026-08-08 04:23:01.347198: 
2026-08-08 04:23:01.347457: Epoch 626
2026-08-08 04:23:01.347683: Current learning rate: 0.00413
2026-08-08 04:23:25.523514: train_loss -0.9481
2026-08-08 04:23:25.523960: val_loss -0.9498
2026-08-08 04:23:25.524311: Pseudo dice [np.float32(0.9646), np.float32(0.9763), np.float32(0.972)]
2026-08-08 04:23:25.524650: Epoch time: 24.18 s
2026-08-08 04:23:25.941397: 
2026-08-08 04:23:25.941849: Epoch 627
2026-08-08 04:23:25.942070: Current learning rate: 0.00412
2026-08-08 04:23:50.116536: train_loss -0.9477
2026-08-08 04:23:50.116930: val_loss -0.9496
2026-08-08 04:23:50.117411: Pseudo dice [np.float32(0.965), np.float32(0.9771), np.float32(0.971)]
2026-08-08 04:23:50.117722: Epoch time: 24.18 s
2026-08-08 04:23:50.530337: 
2026-08-08 04:23:50.530552: Epoch 628
2026-08-08 04:23:50.530771: Current learning rate: 0.00411
2026-08-08 04:24:14.702779: train_loss -0.9464
2026-08-08 04:24:14.703387: val_loss -0.9495
2026-08-08 04:24:14.704614: Pseudo dice [np.float32(0.9643), np.float32(0.9767), np.float32(0.9715)]
2026-08-08 04:24:14.930089: Epoch time: 24.17 s
2026-08-08 04:24:15.353285: 
2026-08-08 04:24:15.353502: Epoch 629
2026-08-08 04:24:15.353711: Current learning rate: 0.0041
2026-08-08 04:24:39.524620: train_loss -0.9487
2026-08-08 04:24:39.525018: val_loss -0.9515
2026-08-08 04:24:39.526466: Pseudo dice [np.float32(0.9657), np.float32(0.977), np.float32(0.9739)]
2026-08-08 04:24:39.526772: Epoch time: 24.17 s
2026-08-08 04:24:39.946747: 
2026-08-08 04:24:39.946961: Epoch 630
2026-08-08 04:24:39.947262: Current learning rate: 0.00409
2026-08-08 04:25:04.116580: train_loss -0.948
2026-08-08 04:25:04.116972: val_loss -0.9495
2026-08-08 04:25:04.117157: Pseudo dice [np.float32(0.963), np.float32(0.9775), np.float32(0.9735)]
2026-08-08 04:25:04.117527: Epoch time: 24.17 s
2026-08-08 04:25:04.537290: 
2026-08-08 04:25:04.537630: Epoch 631
2026-08-08 04:25:04.537911: Current learning rate: 0.00408
2026-08-08 04:25:28.713253: train_loss -0.9493
2026-08-08 04:25:28.713630: val_loss -0.9504
2026-08-08 04:25:28.713827: Pseudo dice [np.float32(0.9653), np.float32(0.9773), np.float32(0.9714)]
2026-08-08 04:25:28.714224: Epoch time: 24.18 s
2026-08-08 04:25:29.134676: 
2026-08-08 04:25:29.134927: Epoch 632
2026-08-08 04:25:29.135382: Current learning rate: 0.00407
2026-08-08 04:25:53.301621: train_loss -0.9488
2026-08-08 04:25:53.302618: val_loss -0.9525
2026-08-08 04:25:53.303911: Pseudo dice [np.float32(0.966), np.float32(0.9777), np.float32(0.9737)]
2026-08-08 04:25:53.304451: Epoch time: 24.17 s
2026-08-08 04:25:53.725594: 
2026-08-08 04:25:53.725824: Epoch 633
2026-08-08 04:25:53.726052: Current learning rate: 0.00406
2026-08-08 04:26:17.888839: train_loss -0.949
2026-08-08 04:26:17.889218: val_loss -0.9495
2026-08-08 04:26:17.889529: Pseudo dice [np.float32(0.9637), np.float32(0.9769), np.float32(0.9726)]
2026-08-08 04:26:17.891412: Epoch time: 24.16 s
2026-08-08 04:26:18.310464: 
2026-08-08 04:26:18.310681: Epoch 634
2026-08-08 04:26:18.311137: Current learning rate: 0.00405
2026-08-08 04:26:42.490730: train_loss -0.9485
2026-08-08 04:26:42.491381: val_loss -0.8647
2026-08-08 04:26:42.492513: Pseudo dice [np.float32(0.8911), np.float32(0.9763), np.float32(0.9726)]
2026-08-08 04:26:42.492892: Epoch time: 24.18 s
2026-08-08 04:26:42.918212: 
2026-08-08 04:26:42.918632: Epoch 635
2026-08-08 04:26:42.918883: Current learning rate: 0.00404
2026-08-08 04:27:07.099916: train_loss -0.9492
2026-08-08 04:27:07.100298: val_loss -0.9519
2026-08-08 04:27:07.100755: Pseudo dice [np.float32(0.9656), np.float32(0.9773), np.float32(0.9742)]
2026-08-08 04:27:07.100934: Epoch time: 24.18 s
2026-08-08 04:27:07.521114: 
2026-08-08 04:27:07.521330: Epoch 636
2026-08-08 04:27:07.521545: Current learning rate: 0.00403
2026-08-08 04:27:31.693138: train_loss -0.9496
2026-08-08 04:27:31.693936: val_loss -0.9498
2026-08-08 04:27:31.694544: Pseudo dice [np.float32(0.9643), np.float32(0.9765), np.float32(0.9735)]
2026-08-08 04:27:31.694787: Epoch time: 24.17 s
2026-08-08 04:27:32.115495: 
2026-08-08 04:27:32.115786: Epoch 637
2026-08-08 04:27:32.116000: Current learning rate: 0.00402
2026-08-08 04:27:56.291421: train_loss -0.9488
2026-08-08 04:27:56.291815: val_loss -0.9506
2026-08-08 04:27:56.292182: Pseudo dice [np.float32(0.9649), np.float32(0.9767), np.float32(0.9729)]
2026-08-08 04:27:56.292351: Epoch time: 24.18 s
2026-08-08 04:27:56.712303: 
2026-08-08 04:27:56.712513: Epoch 638
2026-08-08 04:27:56.712718: Current learning rate: 0.00401
2026-08-08 04:28:20.882823: train_loss -0.9493
2026-08-08 04:28:20.883448: val_loss -0.9531
2026-08-08 04:28:20.884305: Pseudo dice [np.float32(0.9669), np.float32(0.9777), np.float32(0.9749)]
2026-08-08 04:28:20.884607: Epoch time: 24.17 s
2026-08-08 04:28:21.303549: 
2026-08-08 04:28:21.303838: Epoch 639
2026-08-08 04:28:21.303969: Current learning rate: 0.004
2026-08-08 04:28:45.482951: train_loss -0.9484
2026-08-08 04:28:45.483331: val_loss -0.9503
2026-08-08 04:28:45.483734: Pseudo dice [np.float32(0.9639), np.float32(0.9767), np.float32(0.9738)]
2026-08-08 04:28:45.484069: Epoch time: 24.18 s
2026-08-08 04:28:45.895408: 
2026-08-08 04:28:45.895864: Epoch 640
2026-08-08 04:28:45.896019: Current learning rate: 0.00399
2026-08-08 04:29:10.072184: train_loss -0.9485
2026-08-08 04:29:10.072798: val_loss -0.9511
2026-08-08 04:29:10.073746: Pseudo dice [np.float32(0.9647), np.float32(0.9774), np.float32(0.973)]
2026-08-08 04:29:10.074433: Epoch time: 24.18 s
2026-08-08 04:29:10.718501: 
2026-08-08 04:29:10.719058: Epoch 641
2026-08-08 04:29:10.719348: Current learning rate: 0.00398
2026-08-08 04:29:34.889184: train_loss -0.9495
2026-08-08 04:29:34.889582: val_loss -0.9519
2026-08-08 04:29:34.890153: Pseudo dice [np.float32(0.966), np.float32(0.9769), np.float32(0.9731)]
2026-08-08 04:29:34.890420: Epoch time: 24.17 s
2026-08-08 04:29:35.302323: 
2026-08-08 04:29:35.302652: Epoch 642
2026-08-08 04:29:35.302784: Current learning rate: 0.00397
2026-08-08 04:29:59.482143: train_loss -0.9492
2026-08-08 04:29:59.482625: val_loss -0.9502
2026-08-08 04:29:59.483026: Pseudo dice [np.float32(0.965), np.float32(0.9768), np.float32(0.9732)]
2026-08-08 04:29:59.483403: Epoch time: 24.18 s
2026-08-08 04:29:59.903310: 
2026-08-08 04:29:59.903682: Epoch 643
2026-08-08 04:29:59.904800: Current learning rate: 0.00396
2026-08-08 04:30:24.085193: train_loss -0.9491
2026-08-08 04:30:24.085596: val_loss -0.9513
2026-08-08 04:30:24.086269: Pseudo dice [np.float32(0.9652), np.float32(0.9773), np.float32(0.9727)]
2026-08-08 04:30:24.086816: Epoch time: 24.18 s
2026-08-08 04:30:24.504853: 
2026-08-08 04:30:24.505118: Epoch 644
2026-08-08 04:30:24.505336: Current learning rate: 0.00395
2026-08-08 04:30:48.683373: train_loss -0.9486
2026-08-08 04:30:48.683776: val_loss -0.9499
2026-08-08 04:30:48.684265: Pseudo dice [np.float32(0.9637), np.float32(0.976), np.float32(0.9741)]
2026-08-08 04:30:48.684829: Epoch time: 24.18 s
2026-08-08 04:30:49.104378: 
2026-08-08 04:30:49.104594: Epoch 645
2026-08-08 04:30:49.104896: Current learning rate: 0.00394
2026-08-08 04:31:13.277636: train_loss -0.9493
2026-08-08 04:31:13.278068: val_loss -0.9511
2026-08-08 04:31:13.278772: Pseudo dice [np.float32(0.9651), np.float32(0.9772), np.float32(0.9731)]
2026-08-08 04:31:13.279062: Epoch time: 24.17 s
2026-08-08 04:31:13.697597: 
2026-08-08 04:31:13.697806: Epoch 646
2026-08-08 04:31:13.698020: Current learning rate: 0.00393
2026-08-08 04:31:37.876752: train_loss -0.9488
2026-08-08 04:31:37.877164: val_loss -0.9469
2026-08-08 04:31:37.877531: Pseudo dice [np.float32(0.9604), np.float32(0.977), np.float32(0.9731)]
2026-08-08 04:31:37.878040: Epoch time: 24.18 s
2026-08-08 04:31:38.296580: 
2026-08-08 04:31:38.297006: Epoch 647
2026-08-08 04:31:38.297233: Current learning rate: 0.00392
2026-08-08 04:32:02.474977: train_loss -0.9489
2026-08-08 04:32:02.475355: val_loss -0.9515
2026-08-08 04:32:02.475915: Pseudo dice [np.float32(0.9652), np.float32(0.9777), np.float32(0.9739)]
2026-08-08 04:32:02.476208: Epoch time: 24.18 s
2026-08-08 04:32:02.890639: 
2026-08-08 04:32:02.890856: Epoch 648
2026-08-08 04:32:02.891121: Current learning rate: 0.00391
2026-08-08 04:32:27.063366: train_loss -0.9488
2026-08-08 04:32:27.063765: val_loss -0.9533
2026-08-08 04:32:27.063949: Pseudo dice [np.float32(0.9669), np.float32(0.9776), np.float32(0.9752)]
2026-08-08 04:32:27.066029: Epoch time: 24.17 s
2026-08-08 04:32:27.486900: 
2026-08-08 04:32:27.487173: Epoch 649
2026-08-08 04:32:27.487458: Current learning rate: 0.0039
2026-08-08 04:32:51.663223: train_loss -0.9492
2026-08-08 04:32:51.663912: val_loss -0.9509
2026-08-08 04:32:51.664137: Pseudo dice [np.float32(0.9648), np.float32(0.9772), np.float32(0.973)]
2026-08-08 04:32:51.664411: Epoch time: 24.18 s
2026-08-08 04:32:51.700085: Yayy! New best EMA pseudo Dice: 0.9711999893188477
2026-08-08 04:32:52.142622: 
2026-08-08 04:32:52.142983: Epoch 650
2026-08-08 04:32:52.143245: Current learning rate: 0.00389
2026-08-08 04:33:16.314878: train_loss -0.9479
2026-08-08 04:33:16.315284: val_loss -0.906
2026-08-08 04:33:16.315861: Pseudo dice [np.float32(0.9122), np.float32(0.9741), np.float32(0.9719)]
2026-08-08 04:33:16.316279: Epoch time: 24.17 s
2026-08-08 04:33:16.733227: 
2026-08-08 04:33:16.734194: Epoch 651
2026-08-08 04:33:16.734409: Current learning rate: 0.00388
2026-08-08 04:33:40.906555: train_loss -0.9479
2026-08-08 04:33:40.906939: val_loss -0.9496
2026-08-08 04:33:40.907110: Pseudo dice [np.float32(0.9655), np.float32(0.9767), np.float32(0.9704)]
2026-08-08 04:33:40.907518: Epoch time: 24.17 s
2026-08-08 04:33:41.324387: 
2026-08-08 04:33:41.324604: Epoch 652
2026-08-08 04:33:41.325123: Current learning rate: 0.00387
2026-08-08 04:34:05.502106: train_loss -0.9492
2026-08-08 04:34:05.502582: val_loss -0.9505
2026-08-08 04:34:05.502761: Pseudo dice [np.float32(0.9645), np.float32(0.9768), np.float32(0.9734)]
2026-08-08 04:34:05.503340: Epoch time: 24.18 s
2026-08-08 04:34:06.149089: 
2026-08-08 04:34:06.149362: Epoch 653
2026-08-08 04:34:06.149684: Current learning rate: 0.00386
2026-08-08 04:34:30.322112: train_loss -0.9488
2026-08-08 04:34:30.322479: val_loss -0.9475
2026-08-08 04:34:30.322789: Pseudo dice [np.float32(0.9626), np.float32(0.9755), np.float32(0.9714)]
2026-08-08 04:34:30.323367: Epoch time: 24.17 s
2026-08-08 04:34:30.747459: 
2026-08-08 04:34:30.748511: Epoch 654
2026-08-08 04:34:30.748805: Current learning rate: 0.00385
2026-08-08 04:34:54.920269: train_loss -0.9484
2026-08-08 04:34:54.920893: val_loss -0.9518
2026-08-08 04:34:54.921427: Pseudo dice [np.float32(0.9661), np.float32(0.9775), np.float32(0.9734)]
2026-08-08 04:34:54.921935: Epoch time: 24.17 s
2026-08-08 04:34:55.331854: 
2026-08-08 04:34:55.332082: Epoch 655
2026-08-08 04:34:55.332546: Current learning rate: 0.00384
2026-08-08 04:35:19.508866: train_loss -0.9484
2026-08-08 04:35:19.509263: val_loss -0.9515
2026-08-08 04:35:19.509727: Pseudo dice [np.float32(0.9646), np.float32(0.9776), np.float32(0.9738)]
2026-08-08 04:35:19.510444: Epoch time: 24.18 s
2026-08-08 04:35:19.944382: 
2026-08-08 04:35:19.944625: Epoch 656
2026-08-08 04:35:19.944833: Current learning rate: 0.00383
2026-08-08 04:35:44.116435: train_loss -0.9484
2026-08-08 04:35:44.116840: val_loss -0.9429
2026-08-08 04:35:44.117660: Pseudo dice [np.float32(0.9586), np.float32(0.9757), np.float32(0.9704)]
2026-08-08 04:35:44.118065: Epoch time: 24.17 s
2026-08-08 04:35:44.540140: 
2026-08-08 04:35:44.540354: Epoch 657
2026-08-08 04:35:44.540569: Current learning rate: 0.00382
2026-08-08 04:36:08.717991: train_loss -0.948
2026-08-08 04:36:08.718377: val_loss -0.9521
2026-08-08 04:36:08.718765: Pseudo dice [np.float32(0.966), np.float32(0.9772), np.float32(0.9731)]
2026-08-08 04:36:08.719017: Epoch time: 24.18 s
2026-08-08 04:36:09.141638: 
2026-08-08 04:36:09.141848: Epoch 658
2026-08-08 04:36:09.142064: Current learning rate: 0.00381
2026-08-08 04:36:33.316242: train_loss -0.9484
2026-08-08 04:36:33.316630: val_loss -0.9512
2026-08-08 04:36:33.316912: Pseudo dice [np.float32(0.9666), np.float32(0.9774), np.float32(0.9726)]
2026-08-08 04:36:33.319639: Epoch time: 24.17 s
2026-08-08 04:36:33.739971: 
2026-08-08 04:36:33.740184: Epoch 659
2026-08-08 04:36:33.740545: Current learning rate: 0.0038
2026-08-08 04:36:57.915143: train_loss -0.9492
2026-08-08 04:36:57.915533: val_loss -0.9527
2026-08-08 04:36:57.915976: Pseudo dice [np.float32(0.9668), np.float32(0.9779), np.float32(0.974)]
2026-08-08 04:36:57.916143: Epoch time: 24.18 s
2026-08-08 04:36:58.331708: 
2026-08-08 04:36:58.332002: Epoch 660
2026-08-08 04:36:58.332780: Current learning rate: 0.00379
2026-08-08 04:37:22.510848: train_loss -0.9486
2026-08-08 04:37:22.511253: val_loss -0.949
2026-08-08 04:37:22.511717: Pseudo dice [np.float32(0.9641), np.float32(0.9762), np.float32(0.9709)]
2026-08-08 04:37:22.512346: Epoch time: 24.18 s
2026-08-08 04:37:22.930442: 
2026-08-08 04:37:22.930676: Epoch 661
2026-08-08 04:37:22.930808: Current learning rate: 0.00378
2026-08-08 04:37:47.101002: train_loss -0.949
2026-08-08 04:37:47.101397: val_loss -0.9492
2026-08-08 04:37:47.102810: Pseudo dice [np.float32(0.9651), np.float32(0.977), np.float32(0.9707)]
2026-08-08 04:37:47.103017: Epoch time: 24.17 s
2026-08-08 04:37:47.521992: 
2026-08-08 04:37:47.522236: Epoch 662
2026-08-08 04:37:47.522784: Current learning rate: 0.00377
2026-08-08 04:38:11.695923: train_loss -0.9491
2026-08-08 04:38:11.696315: val_loss -0.9498
2026-08-08 04:38:11.696919: Pseudo dice [np.float32(0.9648), np.float32(0.9765), np.float32(0.9714)]
2026-08-08 04:38:11.697713: Epoch time: 24.17 s
2026-08-08 04:38:12.119797: 
2026-08-08 04:38:12.120005: Epoch 663
2026-08-08 04:38:12.120279: Current learning rate: 0.00376
2026-08-08 04:38:36.291982: train_loss -0.9493
2026-08-08 04:38:36.292505: val_loss -0.9528
2026-08-08 04:38:36.292974: Pseudo dice [np.float32(0.9665), np.float32(0.9776), np.float32(0.974)]
2026-08-08 04:38:36.293288: Epoch time: 24.17 s
2026-08-08 04:38:36.711891: 
2026-08-08 04:38:36.712170: Epoch 664
2026-08-08 04:38:36.712446: Current learning rate: 0.00375
2026-08-08 04:39:00.875541: train_loss -0.9493
2026-08-08 04:39:00.876326: val_loss -0.9512
2026-08-08 04:39:00.877613: Pseudo dice [np.float32(0.9647), np.float32(0.9773), np.float32(0.9739)]
2026-08-08 04:39:00.878175: Epoch time: 24.16 s
2026-08-08 04:39:01.297692: 
2026-08-08 04:39:01.297954: Epoch 665
2026-08-08 04:39:01.298381: Current learning rate: 0.00374
2026-08-08 04:39:25.475056: train_loss -0.9484
2026-08-08 04:39:25.475718: val_loss -0.949
2026-08-08 04:39:25.475894: Pseudo dice [np.float32(0.9625), np.float32(0.9755), np.float32(0.9744)]
2026-08-08 04:39:25.476062: Epoch time: 24.18 s
2026-08-08 04:39:26.128737: 
2026-08-08 04:39:26.129073: Epoch 666
2026-08-08 04:39:26.129308: Current learning rate: 0.00373
2026-08-08 04:39:50.303698: train_loss -0.948
2026-08-08 04:39:50.304091: val_loss -0.9513
2026-08-08 04:39:50.304497: Pseudo dice [np.float32(0.9653), np.float32(0.9772), np.float32(0.9739)]
2026-08-08 04:39:50.305470: Epoch time: 24.18 s
2026-08-08 04:39:50.724600: 
2026-08-08 04:39:50.724821: Epoch 667
2026-08-08 04:39:50.725353: Current learning rate: 0.00372
2026-08-08 04:40:14.903861: train_loss -0.9487
2026-08-08 04:40:14.904294: val_loss -0.9514
2026-08-08 04:40:14.904642: Pseudo dice [np.float32(0.9651), np.float32(0.9774), np.float32(0.9735)]
2026-08-08 04:40:14.904925: Epoch time: 24.18 s
2026-08-08 04:40:14.905231: Yayy! New best EMA pseudo Dice: 0.9711999893188477
2026-08-08 04:40:15.364071: 
2026-08-08 04:40:15.364583: Epoch 668
2026-08-08 04:40:15.365249: Current learning rate: 0.00371
2026-08-08 04:40:39.532724: train_loss -0.9491
2026-08-08 04:40:39.533132: val_loss -0.9482
2026-08-08 04:40:39.533640: Pseudo dice [np.float32(0.9629), np.float32(0.9762), np.float32(0.9716)]
2026-08-08 04:40:39.534048: Epoch time: 24.17 s
2026-08-08 04:40:39.955697: 
2026-08-08 04:40:39.955932: Epoch 669
2026-08-08 04:40:39.956099: Current learning rate: 0.0037
2026-08-08 04:41:04.136611: train_loss -0.949
2026-08-08 04:41:04.137086: val_loss -0.952
2026-08-08 04:41:04.137408: Pseudo dice [np.float32(0.9659), np.float32(0.9774), np.float32(0.9739)]
2026-08-08 04:41:04.138245: Epoch time: 24.18 s
2026-08-08 04:41:04.138638: Yayy! New best EMA pseudo Dice: 0.9711999893188477
2026-08-08 04:41:04.588367: 
2026-08-08 04:41:04.588589: Epoch 670
2026-08-08 04:41:04.589467: Current learning rate: 0.00369
2026-08-08 04:41:28.765012: train_loss -0.9501
2026-08-08 04:41:28.765576: val_loss -0.9506
2026-08-08 04:41:28.765934: Pseudo dice [np.float32(0.9653), np.float32(0.9772), np.float32(0.9723)]
2026-08-08 04:41:28.766755: Epoch time: 24.18 s
2026-08-08 04:41:28.766881: Yayy! New best EMA pseudo Dice: 0.9713000059127808
2026-08-08 04:41:29.210558: 
2026-08-08 04:41:29.210912: Epoch 671
2026-08-08 04:41:29.211115: Current learning rate: 0.00368
2026-08-08 04:41:53.388062: train_loss -0.9491
2026-08-08 04:41:53.388453: val_loss -0.9511
2026-08-08 04:41:53.389490: Pseudo dice [np.float32(0.9644), np.float32(0.9777), np.float32(0.9735)]
2026-08-08 04:41:53.389939: Epoch time: 24.18 s
2026-08-08 04:41:53.390215: Yayy! New best EMA pseudo Dice: 0.9713000059127808
2026-08-08 04:41:53.845424: 
2026-08-08 04:41:53.845678: Epoch 672
2026-08-08 04:41:53.845906: Current learning rate: 0.00367
2026-08-08 04:42:18.014584: train_loss -0.949
2026-08-08 04:42:18.014957: val_loss -0.952
2026-08-08 04:42:18.015390: Pseudo dice [np.float32(0.9655), np.float32(0.9776), np.float32(0.9731)]
2026-08-08 04:42:18.016287: Epoch time: 24.17 s
2026-08-08 04:42:18.016701: Yayy! New best EMA pseudo Dice: 0.9714000225067139
2026-08-08 04:42:18.470534: 
2026-08-08 04:42:18.470752: Epoch 673
2026-08-08 04:42:18.470883: Current learning rate: 0.00366
2026-08-08 04:42:42.645941: train_loss -0.9496
2026-08-08 04:42:42.646354: val_loss -0.9528
2026-08-08 04:42:42.647464: Pseudo dice [np.float32(0.9662), np.float32(0.9778), np.float32(0.9742)]
2026-08-08 04:42:42.647852: Epoch time: 24.18 s
2026-08-08 04:42:42.648092: Yayy! New best EMA pseudo Dice: 0.9714999794960022
2026-08-08 04:42:43.094652: 
2026-08-08 04:42:43.094914: Epoch 674
2026-08-08 04:42:43.095200: Current learning rate: 0.00365
2026-08-08 04:43:07.268056: train_loss -0.95
2026-08-08 04:43:07.268450: val_loss -0.9522
2026-08-08 04:43:07.268816: Pseudo dice [np.float32(0.9661), np.float32(0.978), np.float32(0.9738)]
2026-08-08 04:43:07.269108: Epoch time: 24.17 s
2026-08-08 04:43:07.269486: Yayy! New best EMA pseudo Dice: 0.9715999960899353
2026-08-08 04:43:07.730017: 
2026-08-08 04:43:07.730250: Epoch 675
2026-08-08 04:43:07.730576: Current learning rate: 0.00364
2026-08-08 04:43:31.907934: train_loss -0.95
2026-08-08 04:43:31.908510: val_loss -0.9529
2026-08-08 04:43:31.908822: Pseudo dice [np.float32(0.9668), np.float32(0.9779), np.float32(0.9748)]
2026-08-08 04:43:31.909197: Epoch time: 24.18 s
2026-08-08 04:43:31.909604: Yayy! New best EMA pseudo Dice: 0.9718000292778015
2026-08-08 04:43:32.363457: 
2026-08-08 04:43:32.363975: Epoch 676
2026-08-08 04:43:32.364538: Current learning rate: 0.00363
2026-08-08 04:43:56.540865: train_loss -0.9502
2026-08-08 04:43:56.541271: val_loss -0.9502
2026-08-08 04:43:56.541711: Pseudo dice [np.float32(0.9646), np.float32(0.9763), np.float32(0.9728)]
2026-08-08 04:43:56.542055: Epoch time: 24.18 s
2026-08-08 04:43:56.960697: 
2026-08-08 04:43:56.960923: Epoch 677
2026-08-08 04:43:56.961154: Current learning rate: 0.00362
2026-08-08 04:44:21.133430: train_loss -0.9501
2026-08-08 04:44:21.133817: val_loss -0.9519
2026-08-08 04:44:21.134020: Pseudo dice [np.float32(0.9655), np.float32(0.9773), np.float32(0.9739)]
2026-08-08 04:44:21.134763: Epoch time: 24.17 s
2026-08-08 04:44:21.780753: 
2026-08-08 04:44:21.780978: Epoch 678
2026-08-08 04:44:21.781651: Current learning rate: 0.00361
2026-08-08 04:44:45.955222: train_loss -0.9493
2026-08-08 04:44:45.955600: val_loss -0.9511
2026-08-08 04:44:45.955886: Pseudo dice [np.float32(0.9658), np.float32(0.977), np.float32(0.9736)]
2026-08-08 04:44:45.956277: Epoch time: 24.17 s
2026-08-08 04:44:45.956539: Yayy! New best EMA pseudo Dice: 0.9718000292778015
2026-08-08 04:44:46.408906: 
2026-08-08 04:44:46.409124: Epoch 679
2026-08-08 04:44:46.409257: Current learning rate: 0.0036
2026-08-08 04:45:10.581569: train_loss -0.9501
2026-08-08 04:45:10.582050: val_loss -0.9502
2026-08-08 04:45:10.582718: Pseudo dice [np.float32(0.964), np.float32(0.9766), np.float32(0.9729)]
2026-08-08 04:45:10.583030: Epoch time: 24.17 s
2026-08-08 04:45:11.004297: 
2026-08-08 04:45:11.005074: Epoch 680
2026-08-08 04:45:11.006317: Current learning rate: 0.00359
2026-08-08 04:45:35.183750: train_loss -0.9488
2026-08-08 04:45:35.184167: val_loss -0.9517
2026-08-08 04:45:35.185284: Pseudo dice [np.float32(0.9659), np.float32(0.9774), np.float32(0.9727)]
2026-08-08 04:45:35.185808: Epoch time: 24.18 s
2026-08-08 04:45:35.612638: 
2026-08-08 04:45:35.612849: Epoch 681
2026-08-08 04:45:35.612980: Current learning rate: 0.00358
2026-08-08 04:45:59.776957: train_loss -0.9489
2026-08-08 04:45:59.778541: val_loss -0.9512
2026-08-08 04:45:59.778815: Pseudo dice [np.float32(0.9649), np.float32(0.9764), np.float32(0.9739)]
2026-08-08 04:45:59.779052: Epoch time: 24.16 s
2026-08-08 04:46:00.200015: 
2026-08-08 04:46:00.200231: Epoch 682
2026-08-08 04:46:00.200544: Current learning rate: 0.00357
2026-08-08 04:46:24.371709: train_loss -0.9496
2026-08-08 04:46:24.372432: val_loss -0.9528
2026-08-08 04:46:24.373586: Pseudo dice [np.float32(0.9666), np.float32(0.9783), np.float32(0.9731)]
2026-08-08 04:46:24.374531: Epoch time: 24.17 s
2026-08-08 04:46:24.374751: Yayy! New best EMA pseudo Dice: 0.9718999862670898
2026-08-08 04:46:24.827630: 
2026-08-08 04:46:24.827850: Epoch 683
2026-08-08 04:46:24.827985: Current learning rate: 0.00356
2026-08-08 04:46:48.992153: train_loss -0.95
2026-08-08 04:46:48.992785: val_loss -0.9506
2026-08-08 04:46:48.993058: Pseudo dice [np.float32(0.9651), np.float32(0.977), np.float32(0.9721)]
2026-08-08 04:46:48.993261: Epoch time: 24.16 s
2026-08-08 04:46:49.415918: 
2026-08-08 04:46:49.416128: Epoch 684
2026-08-08 04:46:49.416939: Current learning rate: 0.00355
2026-08-08 04:47:13.588726: train_loss -0.9485
2026-08-08 04:47:13.589111: val_loss -0.917
2026-08-08 04:47:13.589306: Pseudo dice [np.float32(0.9231), np.float32(0.9761), np.float32(0.9702)]
2026-08-08 04:47:13.589797: Epoch time: 24.17 s
2026-08-08 04:47:14.010144: 
2026-08-08 04:47:14.010354: Epoch 685
2026-08-08 04:47:14.010490: Current learning rate: 0.00354
2026-08-08 04:47:38.179865: train_loss -0.9497
2026-08-08 04:47:38.180413: val_loss -0.951
2026-08-08 04:47:38.180943: Pseudo dice [np.float32(0.9654), np.float32(0.9769), np.float32(0.9731)]
2026-08-08 04:47:38.181172: Epoch time: 24.17 s
2026-08-08 04:47:38.602570: 
2026-08-08 04:47:38.602825: Epoch 686
2026-08-08 04:47:38.603624: Current learning rate: 0.00353
2026-08-08 04:48:02.777309: train_loss -0.9502
2026-08-08 04:48:02.777708: val_loss -0.9439
2026-08-08 04:48:02.777886: Pseudo dice [np.float32(0.9576), np.float32(0.9768), np.float32(0.9716)]
2026-08-08 04:48:02.779407: Epoch time: 24.18 s
2026-08-08 04:48:03.197166: 
2026-08-08 04:48:03.197379: Epoch 687
2026-08-08 04:48:03.198036: Current learning rate: 0.00352
2026-08-08 04:48:27.374513: train_loss -0.9494
2026-08-08 04:48:27.374907: val_loss -0.9518
2026-08-08 04:48:27.375685: Pseudo dice [np.float32(0.9662), np.float32(0.9779), np.float32(0.973)]
2026-08-08 04:48:27.375982: Epoch time: 24.18 s
2026-08-08 04:48:27.796970: 
2026-08-08 04:48:27.797180: Epoch 688
2026-08-08 04:48:27.797497: Current learning rate: 0.00351
2026-08-08 04:48:51.972870: train_loss -0.9502
2026-08-08 04:48:51.973319: val_loss -0.9527
2026-08-08 04:48:51.973786: Pseudo dice [np.float32(0.966), np.float32(0.9776), np.float32(0.974)]
2026-08-08 04:48:51.974051: Epoch time: 24.18 s
2026-08-08 04:48:52.614349: 
2026-08-08 04:48:52.614592: Epoch 689
2026-08-08 04:48:52.614722: Current learning rate: 0.0035
2026-08-08 04:49:16.780625: train_loss -0.9496
2026-08-08 04:49:16.781000: val_loss -0.948
2026-08-08 04:49:16.781166: Pseudo dice [np.float32(0.9624), np.float32(0.9769), np.float32(0.9725)]
2026-08-08 04:49:16.781334: Epoch time: 24.17 s
2026-08-08 04:49:17.210987: 
2026-08-08 04:49:17.211196: Epoch 690
2026-08-08 04:49:17.211328: Current learning rate: 0.00349
2026-08-08 04:49:41.379694: train_loss -0.9491
2026-08-08 04:49:41.380215: val_loss -0.9442
2026-08-08 04:49:41.380823: Pseudo dice [np.float32(0.959), np.float32(0.9751), np.float32(0.9716)]
2026-08-08 04:49:41.381058: Epoch time: 24.17 s
2026-08-08 04:49:41.797272: 
2026-08-08 04:49:41.797491: Epoch 691
2026-08-08 04:49:41.797687: Current learning rate: 0.00348
2026-08-08 04:50:05.976974: train_loss -0.9474
2026-08-08 04:50:05.977356: val_loss -0.9516
2026-08-08 04:50:05.978336: Pseudo dice [np.float32(0.9654), np.float32(0.9768), np.float32(0.9738)]
2026-08-08 04:50:05.980270: Epoch time: 24.18 s
2026-08-08 04:50:06.402326: 
2026-08-08 04:50:06.402541: Epoch 692
2026-08-08 04:50:06.403274: Current learning rate: 0.00346
2026-08-08 04:50:30.580649: train_loss -0.949
2026-08-08 04:50:30.581121: val_loss -0.9514
2026-08-08 04:50:30.582786: Pseudo dice [np.float32(0.9658), np.float32(0.9771), np.float32(0.9738)]
2026-08-08 04:50:30.583044: Epoch time: 24.18 s
2026-08-08 04:50:31.002438: 
2026-08-08 04:50:31.002665: Epoch 693
2026-08-08 04:50:31.002912: Current learning rate: 0.00345
2026-08-08 04:50:55.170644: train_loss -0.9499
2026-08-08 04:50:55.171041: val_loss -0.9345
2026-08-08 04:50:55.172606: Pseudo dice [np.float32(0.9457), np.float32(0.9756), np.float32(0.973)]
2026-08-08 04:50:55.173470: Epoch time: 24.17 s
2026-08-08 04:50:55.597054: 
2026-08-08 04:50:55.597267: Epoch 694
2026-08-08 04:50:55.597615: Current learning rate: 0.00344
2026-08-08 04:51:19.774161: train_loss -0.9497
2026-08-08 04:51:19.775039: val_loss -0.9505
2026-08-08 04:51:19.775526: Pseudo dice [np.float32(0.9648), np.float32(0.9768), np.float32(0.9725)]
2026-08-08 04:51:19.775785: Epoch time: 24.18 s
2026-08-08 04:51:20.204453: 
2026-08-08 04:51:20.205014: Epoch 695
2026-08-08 04:51:20.205180: Current learning rate: 0.00343
2026-08-08 04:51:44.376180: train_loss -0.9492
2026-08-08 04:51:44.376723: val_loss -0.9502
2026-08-08 04:51:44.378543: Pseudo dice [np.float32(0.9652), np.float32(0.9769), np.float32(0.9716)]
2026-08-08 04:51:44.378837: Epoch time: 24.17 s
2026-08-08 04:51:44.805659: 
2026-08-08 04:51:44.805882: Epoch 696
2026-08-08 04:51:44.806113: Current learning rate: 0.00342
2026-08-08 04:52:08.977883: train_loss -0.9488
2026-08-08 04:52:08.978265: val_loss -0.9517
2026-08-08 04:52:08.978533: Pseudo dice [np.float32(0.9664), np.float32(0.9781), np.float32(0.9715)]
2026-08-08 04:52:08.979137: Epoch time: 24.17 s
2026-08-08 04:52:09.407639: 
2026-08-08 04:52:09.407853: Epoch 697
2026-08-08 04:52:09.407987: Current learning rate: 0.00341
2026-08-08 04:52:33.585585: train_loss -0.95
2026-08-08 04:52:33.585977: val_loss -0.9514
2026-08-08 04:52:33.586150: Pseudo dice [np.float32(0.9663), np.float32(0.9775), np.float32(0.9716)]
2026-08-08 04:52:33.587392: Epoch time: 24.18 s
2026-08-08 04:52:34.006065: 
2026-08-08 04:52:34.006413: Epoch 698
2026-08-08 04:52:34.006585: Current learning rate: 0.0034
2026-08-08 04:52:58.178986: train_loss -0.9496
2026-08-08 04:52:58.179352: val_loss -0.9519
2026-08-08 04:52:58.180747: Pseudo dice [np.float32(0.9658), np.float32(0.9774), np.float32(0.9728)]
2026-08-08 04:52:58.181517: Epoch time: 24.17 s
2026-08-08 04:52:58.601657: 
2026-08-08 04:52:58.601879: Epoch 699
2026-08-08 04:52:58.602020: Current learning rate: 0.00339
2026-08-08 04:53:22.781243: train_loss -0.9494
2026-08-08 04:53:22.781649: val_loss -0.9505
2026-08-08 04:53:22.781830: Pseudo dice [np.float32(0.9658), np.float32(0.9766), np.float32(0.9711)]
2026-08-08 04:53:22.782264: Epoch time: 24.18 s
2026-08-08 04:53:23.233910: 
2026-08-08 04:53:23.234272: Epoch 700
2026-08-08 04:53:23.234500: Current learning rate: 0.00338
2026-08-08 04:53:47.407983: train_loss -0.9499
2026-08-08 04:53:47.408370: val_loss -0.9509
2026-08-08 04:53:47.408758: Pseudo dice [np.float32(0.9654), np.float32(0.9772), np.float32(0.9724)]
2026-08-08 04:53:47.409105: Epoch time: 24.17 s
2026-08-08 04:53:48.066457: 
2026-08-08 04:53:48.066831: Epoch 701
2026-08-08 04:53:48.067531: Current learning rate: 0.00337
2026-08-08 04:54:12.234136: train_loss -0.9487
2026-08-08 04:54:12.234536: val_loss -0.9516
2026-08-08 04:54:12.235281: Pseudo dice [np.float32(0.9656), np.float32(0.9777), np.float32(0.9736)]
2026-08-08 04:54:12.235613: Epoch time: 24.17 s
2026-08-08 04:54:12.660563: 
2026-08-08 04:54:12.660778: Epoch 702
2026-08-08 04:54:12.660910: Current learning rate: 0.00336
2026-08-08 04:54:36.835310: train_loss -0.9491
2026-08-08 04:54:36.836251: val_loss -0.9513
2026-08-08 04:54:36.836595: Pseudo dice [np.float32(0.9649), np.float32(0.9775), np.float32(0.9729)]
2026-08-08 04:54:36.836840: Epoch time: 24.17 s
2026-08-08 04:54:37.250467: 
2026-08-08 04:54:37.250865: Epoch 703
2026-08-08 04:54:37.251201: Current learning rate: 0.00335
2026-08-08 04:55:01.422179: train_loss -0.9499
2026-08-08 04:55:01.422599: val_loss -0.9456
2026-08-08 04:55:01.423120: Pseudo dice [np.float32(0.9574), np.float32(0.9768), np.float32(0.9739)]
2026-08-08 04:55:01.423462: Epoch time: 24.17 s
2026-08-08 04:55:01.843979: 
2026-08-08 04:55:01.844243: Epoch 704
2026-08-08 04:55:01.844504: Current learning rate: 0.00334
2026-08-08 04:55:26.015418: train_loss -0.9505
2026-08-08 04:55:26.015842: val_loss -0.9509
2026-08-08 04:55:26.016606: Pseudo dice [np.float32(0.9656), np.float32(0.9773), np.float32(0.9727)]
2026-08-08 04:55:26.016871: Epoch time: 24.17 s
2026-08-08 04:55:26.435026: 
2026-08-08 04:55:26.435349: Epoch 705
2026-08-08 04:55:26.435586: Current learning rate: 0.00333
2026-08-08 04:55:50.599133: train_loss -0.9497
2026-08-08 04:55:50.602428: val_loss -0.9493
2026-08-08 04:55:50.602713: Pseudo dice [np.float32(0.9639), np.float32(0.9768), np.float32(0.9715)]
2026-08-08 04:55:50.602947: Epoch time: 24.16 s
2026-08-08 04:55:51.036223: 
2026-08-08 04:55:51.036442: Epoch 706
2026-08-08 04:55:51.036577: Current learning rate: 0.00332
2026-08-08 04:56:15.205158: train_loss -0.9502
2026-08-08 04:56:15.205547: val_loss -0.9518
2026-08-08 04:56:15.206031: Pseudo dice [np.float32(0.966), np.float32(0.9775), np.float32(0.9735)]
2026-08-08 04:56:15.207427: Epoch time: 24.17 s
2026-08-08 04:56:15.629121: 
2026-08-08 04:56:15.629335: Epoch 707
2026-08-08 04:56:15.630203: Current learning rate: 0.00331
2026-08-08 04:56:39.797395: train_loss -0.9498
2026-08-08 04:56:39.797842: val_loss -0.9518
2026-08-08 04:56:39.798542: Pseudo dice [np.float32(0.9665), np.float32(0.9772), np.float32(0.9725)]
2026-08-08 04:56:39.798883: Epoch time: 24.17 s
2026-08-08 04:56:40.222294: 
2026-08-08 04:56:40.222516: Epoch 708
2026-08-08 04:56:40.222771: Current learning rate: 0.0033
2026-08-08 04:57:04.389521: train_loss -0.9508
2026-08-08 04:57:04.389907: val_loss -0.9494
2026-08-08 04:57:04.390551: Pseudo dice [np.float32(0.964), np.float32(0.9767), np.float32(0.9727)]
2026-08-08 04:57:04.392010: Epoch time: 24.17 s
2026-08-08 04:57:04.815088: 
2026-08-08 04:57:04.815333: Epoch 709
2026-08-08 04:57:04.815468: Current learning rate: 0.00329
2026-08-08 04:57:28.979979: train_loss -0.9495
2026-08-08 04:57:28.980362: val_loss -0.951
2026-08-08 04:57:28.982124: Pseudo dice [np.float32(0.9647), np.float32(0.9774), np.float32(0.9737)]
2026-08-08 04:57:28.982665: Epoch time: 24.17 s
2026-08-08 04:57:29.406723: 
2026-08-08 04:57:29.406948: Epoch 710
2026-08-08 04:57:29.407087: Current learning rate: 0.00328
2026-08-08 04:57:53.577111: train_loss -0.9504
2026-08-08 04:57:53.577504: val_loss -0.952
2026-08-08 04:57:53.577808: Pseudo dice [np.float32(0.9658), np.float32(0.9771), np.float32(0.9741)]
2026-08-08 04:57:53.578794: Epoch time: 24.17 s
2026-08-08 04:57:54.000003: 
2026-08-08 04:57:54.000378: Epoch 711
2026-08-08 04:57:54.000630: Current learning rate: 0.00327
2026-08-08 04:58:18.170234: train_loss -0.9503
2026-08-08 04:58:18.170738: val_loss -0.9526
2026-08-08 04:58:18.171038: Pseudo dice [np.float32(0.9658), np.float32(0.9778), np.float32(0.9748)]
2026-08-08 04:58:18.171459: Epoch time: 24.17 s
2026-08-08 04:58:18.592057: 
2026-08-08 04:58:18.592264: Epoch 712
2026-08-08 04:58:18.592468: Current learning rate: 0.00326
2026-08-08 04:58:42.757706: train_loss -0.95
2026-08-08 04:58:42.758197: val_loss -0.9471
2026-08-08 04:58:42.758540: Pseudo dice [np.float32(0.9597), np.float32(0.9773), np.float32(0.9736)]
2026-08-08 04:58:42.758801: Epoch time: 24.17 s
2026-08-08 04:58:43.181600: 
2026-08-08 04:58:43.182142: Epoch 713
2026-08-08 04:58:43.182551: Current learning rate: 0.00325
2026-08-08 04:59:07.353331: train_loss -0.9495
2026-08-08 04:59:07.353723: val_loss -0.9519
2026-08-08 04:59:07.354335: Pseudo dice [np.float32(0.9659), np.float32(0.9772), np.float32(0.9732)]
2026-08-08 04:59:07.355361: Epoch time: 24.17 s
2026-08-08 04:59:08.010604: 
2026-08-08 04:59:08.010818: Epoch 714
2026-08-08 04:59:08.011039: Current learning rate: 0.00324
2026-08-08 04:59:32.181473: train_loss -0.9495
2026-08-08 04:59:32.181880: val_loss -0.9472
2026-08-08 04:59:32.182471: Pseudo dice [np.float32(0.9621), np.float32(0.9756), np.float32(0.9726)]
2026-08-08 04:59:32.182789: Epoch time: 24.17 s
2026-08-08 04:59:32.605634: 
2026-08-08 04:59:32.605854: Epoch 715
2026-08-08 04:59:32.606000: Current learning rate: 0.00323
2026-08-08 04:59:56.781915: train_loss -0.9495
2026-08-08 04:59:56.782306: val_loss -0.9522
2026-08-08 04:59:56.782700: Pseudo dice [np.float32(0.9654), np.float32(0.9775), np.float32(0.9739)]
2026-08-08 04:59:56.782985: Epoch time: 24.18 s
2026-08-08 04:59:57.201012: 
2026-08-08 04:59:57.201303: Epoch 716
2026-08-08 04:59:57.201517: Current learning rate: 0.00322
2026-08-08 05:00:21.379119: train_loss -0.9498
2026-08-08 05:00:21.379494: val_loss -0.9517
2026-08-08 05:00:21.379910: Pseudo dice [np.float32(0.9657), np.float32(0.9773), np.float32(0.9736)]
2026-08-08 05:00:21.380187: Epoch time: 24.18 s
2026-08-08 05:00:21.808763: 
2026-08-08 05:00:21.808994: Epoch 717
2026-08-08 05:00:21.809265: Current learning rate: 0.00321
2026-08-08 05:00:45.979175: train_loss -0.949
2026-08-08 05:00:45.979601: val_loss -0.9511
2026-08-08 05:00:45.980251: Pseudo dice [np.float32(0.9651), np.float32(0.9772), np.float32(0.9735)]
2026-08-08 05:00:45.980508: Epoch time: 24.17 s
2026-08-08 05:00:46.400292: 
2026-08-08 05:00:46.400511: Epoch 718
2026-08-08 05:00:46.400753: Current learning rate: 0.0032
2026-08-08 05:01:10.568018: train_loss -0.949
2026-08-08 05:01:10.568945: val_loss -0.9515
2026-08-08 05:01:10.569431: Pseudo dice [np.float32(0.9661), np.float32(0.9768), np.float32(0.974)]
2026-08-08 05:01:10.571089: Epoch time: 24.17 s
2026-08-08 05:01:10.994866: 
2026-08-08 05:01:10.995077: Epoch 719
2026-08-08 05:01:10.995207: Current learning rate: 0.00319
2026-08-08 05:01:35.166625: train_loss -0.9496
2026-08-08 05:01:35.167066: val_loss -0.9522
2026-08-08 05:01:35.167561: Pseudo dice [np.float32(0.9663), np.float32(0.9772), np.float32(0.9737)]
2026-08-08 05:01:35.167845: Epoch time: 24.17 s
2026-08-08 05:01:35.590201: 
2026-08-08 05:01:35.590420: Epoch 720
2026-08-08 05:01:35.590667: Current learning rate: 0.00318
2026-08-08 05:01:59.761359: train_loss -0.9499
2026-08-08 05:01:59.761876: val_loss -0.9505
2026-08-08 05:01:59.762839: Pseudo dice [np.float32(0.966), np.float32(0.977), np.float32(0.9703)]
2026-08-08 05:01:59.763012: Epoch time: 24.17 s
2026-08-08 05:02:00.179889: 
2026-08-08 05:02:00.180205: Epoch 721
2026-08-08 05:02:00.180678: Current learning rate: 0.00317
2026-08-08 05:02:24.354899: train_loss -0.9504
2026-08-08 05:02:24.355288: val_loss -0.9526
2026-08-08 05:02:24.355672: Pseudo dice [np.float32(0.9659), np.float32(0.9777), np.float32(0.9744)]
2026-08-08 05:02:24.355964: Epoch time: 24.18 s
2026-08-08 05:02:24.781778: 
2026-08-08 05:02:24.782069: Epoch 722
2026-08-08 05:02:24.782496: Current learning rate: 0.00316
2026-08-08 05:02:48.959753: train_loss -0.9497
2026-08-08 05:02:48.960137: val_loss -0.952
2026-08-08 05:02:48.960462: Pseudo dice [np.float32(0.9655), np.float32(0.977), np.float32(0.9749)]
2026-08-08 05:02:48.960775: Epoch time: 24.18 s
2026-08-08 05:02:49.386706: 
2026-08-08 05:02:49.387035: Epoch 723
2026-08-08 05:02:49.387249: Current learning rate: 0.00315
2026-08-08 05:03:13.566101: train_loss -0.9505
2026-08-08 05:03:13.566510: val_loss -0.9428
2026-08-08 05:03:13.566952: Pseudo dice [np.float32(0.9566), np.float32(0.9742), np.float32(0.9724)]
2026-08-08 05:03:13.567186: Epoch time: 24.18 s
2026-08-08 05:03:13.998609: 
2026-08-08 05:03:13.998824: Epoch 724
2026-08-08 05:03:13.999022: Current learning rate: 0.00314
2026-08-08 05:03:38.168219: train_loss -0.9499
2026-08-08 05:03:38.168599: val_loss -0.8883
2026-08-08 05:03:38.168781: Pseudo dice [np.float32(0.8888), np.float32(0.9769), np.float32(0.9726)]
2026-08-08 05:03:38.169098: Epoch time: 24.17 s
2026-08-08 05:03:38.590494: 
2026-08-08 05:03:38.590716: Epoch 725
2026-08-08 05:03:38.591263: Current learning rate: 0.00313
2026-08-08 05:04:03.010438: train_loss -0.95
2026-08-08 05:04:03.011513: val_loss -0.9515
2026-08-08 05:04:03.011873: Pseudo dice [np.float32(0.965), np.float32(0.9774), np.float32(0.9741)]
2026-08-08 05:04:03.012080: Epoch time: 24.42 s
2026-08-08 05:04:03.438270: 
2026-08-08 05:04:03.438511: Epoch 726
2026-08-08 05:04:03.439118: Current learning rate: 0.00312
2026-08-08 05:04:27.603761: train_loss -0.9507
2026-08-08 05:04:27.604226: val_loss -0.9521
2026-08-08 05:04:27.604598: Pseudo dice [np.float32(0.9658), np.float32(0.977), np.float32(0.9741)]
2026-08-08 05:04:27.604912: Epoch time: 24.17 s
2026-08-08 05:04:28.031359: 
2026-08-08 05:04:28.031579: Epoch 727
2026-08-08 05:04:28.031712: Current learning rate: 0.00311
2026-08-08 05:04:52.198482: train_loss -0.9508
2026-08-08 05:04:52.200112: val_loss -0.9509
2026-08-08 05:04:52.201366: Pseudo dice [np.float32(0.9656), np.float32(0.9773), np.float32(0.9717)]
2026-08-08 05:04:52.201620: Epoch time: 24.17 s
2026-08-08 05:04:52.625406: 
2026-08-08 05:04:52.625666: Epoch 728
2026-08-08 05:04:52.625914: Current learning rate: 0.0031
2026-08-08 05:05:16.792511: train_loss -0.9503
2026-08-08 05:05:16.792943: val_loss -0.953
2026-08-08 05:05:16.793309: Pseudo dice [np.float32(0.9663), np.float32(0.9777), np.float32(0.9741)]
2026-08-08 05:05:16.793492: Epoch time: 24.17 s
2026-08-08 05:05:17.219079: 
2026-08-08 05:05:17.219823: Epoch 729
2026-08-08 05:05:17.219973: Current learning rate: 0.00309
2026-08-08 05:05:41.387027: train_loss -0.95
2026-08-08 05:05:41.387421: val_loss -0.9529
2026-08-08 05:05:41.387736: Pseudo dice [np.float32(0.9666), np.float32(0.9779), np.float32(0.9738)]
2026-08-08 05:05:41.387977: Epoch time: 24.17 s
2026-08-08 05:05:41.842068: 
2026-08-08 05:05:41.842987: Epoch 730
2026-08-08 05:05:41.843363: Current learning rate: 0.00308
2026-08-08 05:06:06.010295: train_loss -0.9505
2026-08-08 05:06:06.010674: val_loss -0.9527
2026-08-08 05:06:06.010975: Pseudo dice [np.float32(0.9661), np.float32(0.9775), np.float32(0.9737)]
2026-08-08 05:06:06.011630: Epoch time: 24.17 s
2026-08-08 05:06:06.433590: 
2026-08-08 05:06:06.433816: Epoch 731
2026-08-08 05:06:06.434035: Current learning rate: 0.00307
2026-08-08 05:06:30.607402: train_loss -0.9496
2026-08-08 05:06:30.607904: val_loss -0.9485
2026-08-08 05:06:30.608081: Pseudo dice [np.float32(0.9637), np.float32(0.9771), np.float32(0.9701)]
2026-08-08 05:06:30.608518: Epoch time: 24.17 s
2026-08-08 05:06:31.034554: 
2026-08-08 05:06:31.035064: Epoch 732
2026-08-08 05:06:31.035303: Current learning rate: 0.00306
2026-08-08 05:06:55.204109: train_loss -0.9493
2026-08-08 05:06:55.204493: val_loss -0.9472
2026-08-08 05:06:55.205385: Pseudo dice [np.float32(0.9617), np.float32(0.9764), np.float32(0.9717)]
2026-08-08 05:06:55.205994: Epoch time: 24.17 s
2026-08-08 05:06:55.627387: 
2026-08-08 05:06:55.627954: Epoch 733
2026-08-08 05:06:55.628917: Current learning rate: 0.00305
2026-08-08 05:07:19.801319: train_loss -0.9492
2026-08-08 05:07:19.801711: val_loss -0.9511
2026-08-08 05:07:19.802418: Pseudo dice [np.float32(0.9645), np.float32(0.9772), np.float32(0.9741)]
2026-08-08 05:07:19.802730: Epoch time: 24.17 s
2026-08-08 05:07:20.226562: 
2026-08-08 05:07:20.226846: Epoch 734
2026-08-08 05:07:20.227317: Current learning rate: 0.00304
2026-08-08 05:07:44.401400: train_loss -0.9504
2026-08-08 05:07:44.401787: val_loss -0.9513
2026-08-08 05:07:44.402082: Pseudo dice [np.float32(0.9657), np.float32(0.9773), np.float32(0.9725)]
2026-08-08 05:07:44.402473: Epoch time: 24.17 s
2026-08-08 05:07:44.828921: 
2026-08-08 05:07:44.829134: Epoch 735
2026-08-08 05:07:44.829482: Current learning rate: 0.00303
2026-08-08 05:08:08.999345: train_loss -0.9511
2026-08-08 05:08:08.999736: val_loss -0.9527
2026-08-08 05:08:09.000261: Pseudo dice [np.float32(0.966), np.float32(0.9775), np.float32(0.9745)]
2026-08-08 05:08:09.000505: Epoch time: 24.17 s
2026-08-08 05:08:09.421362: 
2026-08-08 05:08:09.421852: Epoch 736
2026-08-08 05:08:09.422550: Current learning rate: 0.00302
2026-08-08 05:08:33.592447: train_loss -0.9507
2026-08-08 05:08:33.593266: val_loss -0.9533
2026-08-08 05:08:33.593771: Pseudo dice [np.float32(0.9661), np.float32(0.9778), np.float32(0.9755)]
2026-08-08 05:08:33.594165: Epoch time: 24.17 s
2026-08-08 05:08:34.243734: 
2026-08-08 05:08:34.243981: Epoch 737
2026-08-08 05:08:34.244113: Current learning rate: 0.00301
2026-08-08 05:08:58.414498: train_loss -0.95
2026-08-08 05:08:58.415003: val_loss -0.9529
2026-08-08 05:08:58.415196: Pseudo dice [np.float32(0.9668), np.float32(0.9776), np.float32(0.9744)]
2026-08-08 05:08:58.415855: Epoch time: 24.17 s
2026-08-08 05:08:58.835116: 
2026-08-08 05:08:58.835584: Epoch 738
2026-08-08 05:08:58.836039: Current learning rate: 0.003
2026-08-08 05:09:23.008473: train_loss -0.9494
2026-08-08 05:09:23.008950: val_loss -0.9519
2026-08-08 05:09:23.009567: Pseudo dice [np.float32(0.9659), np.float32(0.9773), np.float32(0.9741)]
2026-08-08 05:09:23.009962: Epoch time: 24.17 s
2026-08-08 05:09:23.437582: 
2026-08-08 05:09:23.437796: Epoch 739
2026-08-08 05:09:23.437923: Current learning rate: 0.00299
2026-08-08 05:09:47.611254: train_loss -0.9497
2026-08-08 05:09:47.611830: val_loss -0.9464
2026-08-08 05:09:47.612039: Pseudo dice [np.float32(0.9608), np.float32(0.9764), np.float32(0.9729)]
2026-08-08 05:09:47.612328: Epoch time: 24.17 s
2026-08-08 05:09:48.044719: 
2026-08-08 05:09:48.044961: Epoch 740
2026-08-08 05:09:48.045151: Current learning rate: 0.00297
2026-08-08 05:10:12.214053: train_loss -0.9505
2026-08-08 05:10:12.214903: val_loss -0.9532
2026-08-08 05:10:12.216236: Pseudo dice [np.float32(0.9674), np.float32(0.9779), np.float32(0.9738)]
2026-08-08 05:10:12.216533: Epoch time: 24.17 s
2026-08-08 05:10:12.637054: 
2026-08-08 05:10:12.637887: Epoch 741
2026-08-08 05:10:12.638324: Current learning rate: 0.00296
2026-08-08 05:10:36.806665: train_loss -0.9499
2026-08-08 05:10:36.807112: val_loss -0.9529
2026-08-08 05:10:36.808143: Pseudo dice [np.float32(0.9664), np.float32(0.9779), np.float32(0.9742)]
2026-08-08 05:10:36.808556: Epoch time: 24.17 s
2026-08-08 05:10:37.228318: 
2026-08-08 05:10:37.228526: Epoch 742
2026-08-08 05:10:37.228662: Current learning rate: 0.00295
2026-08-08 05:11:01.400859: train_loss -0.9508
2026-08-08 05:11:01.401263: val_loss -0.9526
2026-08-08 05:11:01.401784: Pseudo dice [np.float32(0.966), np.float32(0.9777), np.float32(0.9744)]
2026-08-08 05:11:01.401996: Epoch time: 24.17 s
2026-08-08 05:11:01.828494: 
2026-08-08 05:11:01.829588: Epoch 743
2026-08-08 05:11:01.829897: Current learning rate: 0.00294
2026-08-08 05:11:26.000209: train_loss -0.95
2026-08-08 05:11:26.000746: val_loss -0.9431
2026-08-08 05:11:26.001071: Pseudo dice [np.float32(0.9546), np.float32(0.9772), np.float32(0.972)]
2026-08-08 05:11:26.002579: Epoch time: 24.17 s
2026-08-08 05:11:26.427137: 
2026-08-08 05:11:26.427374: Epoch 744
2026-08-08 05:11:26.427506: Current learning rate: 0.00293
2026-08-08 05:11:50.597757: train_loss -0.9503
2026-08-08 05:11:50.598157: val_loss -0.952
2026-08-08 05:11:50.598780: Pseudo dice [np.float32(0.9659), np.float32(0.9772), np.float32(0.9739)]
2026-08-08 05:11:50.599090: Epoch time: 24.17 s
2026-08-08 05:11:51.030993: 
2026-08-08 05:11:51.031214: Epoch 745
2026-08-08 05:11:51.031407: Current learning rate: 0.00292
2026-08-08 05:12:15.199782: train_loss -0.9505
2026-08-08 05:12:15.200195: val_loss -0.9503
2026-08-08 05:12:15.200375: Pseudo dice [np.float32(0.9654), np.float32(0.9768), np.float32(0.9714)]
2026-08-08 05:12:15.200886: Epoch time: 24.17 s
2026-08-08 05:12:15.616506: 
2026-08-08 05:12:15.616857: Epoch 746
2026-08-08 05:12:15.617071: Current learning rate: 0.00291
2026-08-08 05:12:39.790864: train_loss -0.9504
2026-08-08 05:12:39.791262: val_loss -0.952
2026-08-08 05:12:39.791585: Pseudo dice [np.float32(0.9665), np.float32(0.9773), np.float32(0.9731)]
2026-08-08 05:12:39.792460: Epoch time: 24.17 s
2026-08-08 05:12:40.212631: 
2026-08-08 05:12:40.212864: Epoch 747
2026-08-08 05:12:40.213090: Current learning rate: 0.0029
2026-08-08 05:13:04.386494: train_loss -0.9507
2026-08-08 05:13:04.387418: val_loss -0.9478
2026-08-08 05:13:04.387774: Pseudo dice [np.float32(0.9621), np.float32(0.9762), np.float32(0.9726)]
2026-08-08 05:13:04.388458: Epoch time: 24.17 s
2026-08-08 05:13:04.814137: 
2026-08-08 05:13:04.814457: Epoch 748
2026-08-08 05:13:04.814983: Current learning rate: 0.00289
2026-08-08 05:13:28.987596: train_loss -0.9487
2026-08-08 05:13:28.988070: val_loss -0.9526
2026-08-08 05:13:28.988253: Pseudo dice [np.float32(0.9667), np.float32(0.9772), np.float32(0.9742)]
2026-08-08 05:13:28.988734: Epoch time: 24.17 s
2026-08-08 05:13:29.630848: 
2026-08-08 05:13:29.631060: Epoch 749
2026-08-08 05:13:29.631565: Current learning rate: 0.00288
2026-08-08 05:13:53.802928: train_loss -0.9493
2026-08-08 05:13:53.803449: val_loss -0.9527
2026-08-08 05:13:53.803813: Pseudo dice [np.float32(0.966), np.float32(0.9777), np.float32(0.9746)]
2026-08-08 05:13:53.804041: Epoch time: 24.17 s
2026-08-08 05:13:54.258934: 
2026-08-08 05:13:54.259414: Epoch 750
2026-08-08 05:13:54.259593: Current learning rate: 0.00287
2026-08-08 05:14:18.431653: train_loss -0.9501
2026-08-08 05:14:18.432055: val_loss -0.9511
2026-08-08 05:14:18.432347: Pseudo dice [np.float32(0.9645), np.float32(0.9768), np.float32(0.9733)]
2026-08-08 05:14:18.432621: Epoch time: 24.17 s
2026-08-08 05:14:18.854596: 
2026-08-08 05:14:18.854832: Epoch 751
2026-08-08 05:14:18.855108: Current learning rate: 0.00286
2026-08-08 05:14:43.033152: train_loss -0.9513
2026-08-08 05:14:43.033620: val_loss -0.9528
2026-08-08 05:14:43.033886: Pseudo dice [np.float32(0.9657), np.float32(0.9777), np.float32(0.974)]
2026-08-08 05:14:43.034051: Epoch time: 24.18 s
2026-08-08 05:14:43.460674: 
2026-08-08 05:14:43.460885: Epoch 752
2026-08-08 05:14:43.461544: Current learning rate: 0.00285
2026-08-08 05:15:07.638825: train_loss -0.9507
2026-08-08 05:15:07.639224: val_loss -0.9521
2026-08-08 05:15:07.639662: Pseudo dice [np.float32(0.9648), np.float32(0.9774), np.float32(0.9742)]
2026-08-08 05:15:07.639902: Epoch time: 24.18 s
2026-08-08 05:15:08.060682: 
2026-08-08 05:15:08.060905: Epoch 753
2026-08-08 05:15:08.061109: Current learning rate: 0.00284
2026-08-08 05:15:32.229539: train_loss -0.9507
2026-08-08 05:15:32.229981: val_loss -0.9525
2026-08-08 05:15:32.230277: Pseudo dice [np.float32(0.9659), np.float32(0.978), np.float32(0.9737)]
2026-08-08 05:15:32.231001: Epoch time: 24.17 s
2026-08-08 05:15:32.649883: 
2026-08-08 05:15:32.650090: Epoch 754
2026-08-08 05:15:32.650221: Current learning rate: 0.00283
2026-08-08 05:15:56.820458: train_loss -0.9504
2026-08-08 05:15:56.821041: val_loss -0.9523
2026-08-08 05:15:56.822012: Pseudo dice [np.float32(0.966), np.float32(0.9769), np.float32(0.9744)]
2026-08-08 05:15:56.822264: Epoch time: 24.17 s
2026-08-08 05:15:56.822513: Yayy! New best EMA pseudo Dice: 0.9718999862670898
2026-08-08 05:15:57.279733: 
2026-08-08 05:15:57.279966: Epoch 755
2026-08-08 05:15:57.280325: Current learning rate: 0.00282
2026-08-08 05:16:21.460618: train_loss -0.9497
2026-08-08 05:16:21.461169: val_loss -0.9537
2026-08-08 05:16:21.461507: Pseudo dice [np.float32(0.9672), np.float32(0.978), np.float32(0.9744)]
2026-08-08 05:16:21.461780: Epoch time: 24.18 s
2026-08-08 05:16:21.462040: Yayy! New best EMA pseudo Dice: 0.972000002861023
2026-08-08 05:16:21.911792: 
2026-08-08 05:16:21.912001: Epoch 756
2026-08-08 05:16:21.912493: Current learning rate: 0.00281
2026-08-08 05:16:46.086927: train_loss -0.9505
2026-08-08 05:16:46.087404: val_loss -0.952
2026-08-08 05:16:46.087804: Pseudo dice [np.float32(0.9663), np.float32(0.9768), np.float32(0.9735)]
2026-08-08 05:16:46.088121: Epoch time: 24.18 s
2026-08-08 05:16:46.088233: Yayy! New best EMA pseudo Dice: 0.972000002861023
2026-08-08 05:16:46.545159: 
2026-08-08 05:16:46.545581: Epoch 757
2026-08-08 05:16:46.545780: Current learning rate: 0.0028
2026-08-08 05:17:10.715265: train_loss -0.951
2026-08-08 05:17:10.716131: val_loss -0.9522
2026-08-08 05:17:10.716344: Pseudo dice [np.float32(0.967), np.float32(0.9774), np.float32(0.972)]
2026-08-08 05:17:10.716898: Epoch time: 24.17 s
2026-08-08 05:17:10.717283: Yayy! New best EMA pseudo Dice: 0.972000002861023
2026-08-08 05:17:11.172995: 
2026-08-08 05:17:11.173243: Epoch 758
2026-08-08 05:17:11.173440: Current learning rate: 0.00279
2026-08-08 05:17:35.351110: train_loss -0.9507
2026-08-08 05:17:35.351585: val_loss -0.9526
2026-08-08 05:17:35.351931: Pseudo dice [np.float32(0.9659), np.float32(0.9777), np.float32(0.9743)]
2026-08-08 05:17:35.352482: Epoch time: 24.18 s
2026-08-08 05:17:35.352726: Yayy! New best EMA pseudo Dice: 0.972100019454956
2026-08-08 05:17:35.804544: 
2026-08-08 05:17:35.804766: Epoch 759
2026-08-08 05:17:35.804901: Current learning rate: 0.00278
2026-08-08 05:17:59.983824: train_loss -0.9505
2026-08-08 05:17:59.984259: val_loss -0.9404
2026-08-08 05:17:59.984706: Pseudo dice [np.float32(0.9527), np.float32(0.9773), np.float32(0.9718)]
2026-08-08 05:17:59.984970: Epoch time: 24.18 s
2026-08-08 05:18:00.837136: 
2026-08-08 05:18:00.837360: Epoch 760
2026-08-08 05:18:00.837878: Current learning rate: 0.00277
2026-08-08 05:18:25.009273: train_loss -0.951
2026-08-08 05:18:25.009671: val_loss -0.9518
2026-08-08 05:18:25.009876: Pseudo dice [np.float32(0.9653), np.float32(0.9768), np.float32(0.9737)]
2026-08-08 05:18:25.010368: Epoch time: 24.17 s
2026-08-08 05:18:25.654890: 
2026-08-08 05:18:25.655096: Epoch 761
2026-08-08 05:18:25.655238: Current learning rate: 0.00276
2026-08-08 05:18:49.822303: train_loss -0.9498
2026-08-08 05:18:49.822802: val_loss -0.9457
2026-08-08 05:18:49.823053: Pseudo dice [np.float32(0.9574), np.float32(0.9776), np.float32(0.9732)]
2026-08-08 05:18:49.823421: Epoch time: 24.17 s
2026-08-08 05:18:50.239487: 
2026-08-08 05:18:50.239715: Epoch 762
2026-08-08 05:18:50.239858: Current learning rate: 0.00275
2026-08-08 05:19:14.420474: train_loss -0.9515
2026-08-08 05:19:14.420877: val_loss -0.9503
2026-08-08 05:19:14.421123: Pseudo dice [np.float32(0.965), np.float32(0.9769), np.float32(0.9714)]
2026-08-08 05:19:14.421680: Epoch time: 24.18 s
2026-08-08 05:19:14.843122: 
2026-08-08 05:19:14.843436: Epoch 763
2026-08-08 05:19:14.843611: Current learning rate: 0.00274
2026-08-08 05:19:39.021577: train_loss -0.9514
2026-08-08 05:19:39.022095: val_loss -0.9518
2026-08-08 05:19:39.022408: Pseudo dice [np.float32(0.9657), np.float32(0.9771), np.float32(0.9727)]
2026-08-08 05:19:39.022651: Epoch time: 24.18 s
2026-08-08 05:19:39.449368: 
2026-08-08 05:19:39.449602: Epoch 764
2026-08-08 05:19:39.450302: Current learning rate: 0.00273
2026-08-08 05:20:03.621620: train_loss -0.9508
2026-08-08 05:20:03.622485: val_loss -0.9522
2026-08-08 05:20:03.622816: Pseudo dice [np.float32(0.9661), np.float32(0.9772), np.float32(0.9736)]
2026-08-08 05:20:03.623132: Epoch time: 24.17 s
2026-08-08 05:20:04.048151: 
2026-08-08 05:20:04.048530: Epoch 765
2026-08-08 05:20:04.049173: Current learning rate: 0.00272
2026-08-08 05:20:28.227911: train_loss -0.9513
2026-08-08 05:20:28.228293: val_loss -0.953
2026-08-08 05:20:28.228803: Pseudo dice [np.float32(0.9667), np.float32(0.9774), np.float32(0.9737)]
2026-08-08 05:20:28.229072: Epoch time: 24.18 s
2026-08-08 05:20:28.658729: 
2026-08-08 05:20:28.658945: Epoch 766
2026-08-08 05:20:28.659076: Current learning rate: 0.00271
2026-08-08 05:20:52.833225: train_loss -0.9505
2026-08-08 05:20:52.833665: val_loss -0.9528
2026-08-08 05:20:52.833984: Pseudo dice [np.float32(0.9663), np.float32(0.9778), np.float32(0.9734)]
2026-08-08 05:20:52.834222: Epoch time: 24.17 s
2026-08-08 05:20:53.260129: 
2026-08-08 05:20:53.260941: Epoch 767
2026-08-08 05:20:53.261213: Current learning rate: 0.0027
2026-08-08 05:21:17.440407: train_loss -0.9513
2026-08-08 05:21:17.440805: val_loss -0.9516
2026-08-08 05:21:17.441188: Pseudo dice [np.float32(0.9662), np.float32(0.9769), np.float32(0.9728)]
2026-08-08 05:21:17.441545: Epoch time: 24.18 s
2026-08-08 05:21:17.862970: 
2026-08-08 05:21:17.863353: Epoch 768
2026-08-08 05:21:17.864249: Current learning rate: 0.00268
2026-08-08 05:21:42.038963: train_loss -0.9515
2026-08-08 05:21:42.040246: val_loss -0.9528
2026-08-08 05:21:42.040673: Pseudo dice [np.float32(0.9671), np.float32(0.9779), np.float32(0.9739)]
2026-08-08 05:21:42.041110: Epoch time: 24.18 s
2026-08-08 05:21:42.471660: 
2026-08-08 05:21:42.472421: Epoch 769
2026-08-08 05:21:42.472969: Current learning rate: 0.00267
2026-08-08 05:22:06.638580: train_loss -0.9508
2026-08-08 05:22:06.639680: val_loss -0.9514
2026-08-08 05:22:06.640508: Pseudo dice [np.float32(0.9656), np.float32(0.9775), np.float32(0.9734)]
2026-08-08 05:22:06.640787: Epoch time: 24.17 s
2026-08-08 05:22:07.073328: 
2026-08-08 05:22:07.073555: Epoch 770
2026-08-08 05:22:07.073904: Current learning rate: 0.00266
2026-08-08 05:22:31.238397: train_loss -0.9503
2026-08-08 05:22:31.238782: val_loss -0.954
2026-08-08 05:22:31.239899: Pseudo dice [np.float32(0.9674), np.float32(0.9782), np.float32(0.9744)]
2026-08-08 05:22:31.240303: Epoch time: 24.17 s
2026-08-08 05:22:31.667816: 
2026-08-08 05:22:31.668042: Epoch 771
2026-08-08 05:22:31.668170: Current learning rate: 0.00265
2026-08-08 05:22:55.839195: train_loss -0.95
2026-08-08 05:22:55.839566: val_loss -0.953
2026-08-08 05:22:55.840063: Pseudo dice [np.float32(0.9671), np.float32(0.9775), np.float32(0.9743)]
2026-08-08 05:22:55.840390: Epoch time: 24.17 s
2026-08-08 05:22:55.840666: Yayy! New best EMA pseudo Dice: 0.972100019454956
2026-08-08 05:22:56.513625: 
2026-08-08 05:22:56.513843: Epoch 772
2026-08-08 05:22:56.513973: Current learning rate: 0.00264
2026-08-08 05:23:20.692831: train_loss -0.9502
2026-08-08 05:23:20.694191: val_loss -0.8767
2026-08-08 05:23:20.694437: Pseudo dice [np.float32(0.893), np.float32(0.9774), np.float32(0.9735)]
2026-08-08 05:23:20.694809: Epoch time: 24.18 s
2026-08-08 05:23:21.122460: 
2026-08-08 05:23:21.122681: Epoch 773
2026-08-08 05:23:21.122818: Current learning rate: 0.00263
2026-08-08 05:23:45.302467: train_loss -0.9499
2026-08-08 05:23:45.302854: val_loss -0.9521
2026-08-08 05:23:45.303285: Pseudo dice [np.float32(0.9663), np.float32(0.9776), np.float32(0.9739)]
2026-08-08 05:23:45.303635: Epoch time: 24.18 s
2026-08-08 05:23:45.735349: 
2026-08-08 05:23:45.735559: Epoch 774
2026-08-08 05:23:45.736031: Current learning rate: 0.00262
2026-08-08 05:24:09.919106: train_loss -0.9505
2026-08-08 05:24:09.919480: val_loss -0.9527
2026-08-08 05:24:09.919781: Pseudo dice [np.float32(0.9664), np.float32(0.9777), np.float32(0.9744)]
2026-08-08 05:24:09.919983: Epoch time: 24.18 s
2026-08-08 05:24:10.340414: 
2026-08-08 05:24:10.340630: Epoch 775
2026-08-08 05:24:10.340902: Current learning rate: 0.00261
2026-08-08 05:24:34.514261: train_loss -0.9507
2026-08-08 05:24:34.514631: val_loss -0.9181
2026-08-08 05:24:34.515291: Pseudo dice [np.float32(0.9265), np.float32(0.9778), np.float32(0.9733)]
2026-08-08 05:24:34.515929: Epoch time: 24.17 s
2026-08-08 05:24:34.952245: 
2026-08-08 05:24:34.952638: Epoch 776
2026-08-08 05:24:34.952776: Current learning rate: 0.0026
2026-08-08 05:24:59.121594: train_loss -0.9513
2026-08-08 05:24:59.122234: val_loss -0.9529
2026-08-08 05:24:59.122877: Pseudo dice [np.float32(0.9665), np.float32(0.9779), np.float32(0.9737)]
2026-08-08 05:24:59.123131: Epoch time: 24.17 s
2026-08-08 05:24:59.554149: 
2026-08-08 05:24:59.554379: Epoch 777
2026-08-08 05:24:59.554599: Current learning rate: 0.00259
2026-08-08 05:25:23.734487: train_loss -0.9514
2026-08-08 05:25:23.734886: val_loss -0.9532
2026-08-08 05:25:23.735438: Pseudo dice [np.float32(0.9668), np.float32(0.9777), np.float32(0.9737)]
2026-08-08 05:25:23.735725: Epoch time: 24.18 s
2026-08-08 05:25:24.158310: 
2026-08-08 05:25:24.158534: Epoch 778
2026-08-08 05:25:24.158761: Current learning rate: 0.00258
2026-08-08 05:25:48.328212: train_loss -0.9516
2026-08-08 05:25:48.328588: val_loss -0.953
2026-08-08 05:25:48.328871: Pseudo dice [np.float32(0.9662), np.float32(0.9776), np.float32(0.974)]
2026-08-08 05:25:48.329164: Epoch time: 24.17 s
2026-08-08 05:25:48.750690: 
2026-08-08 05:25:48.750904: Epoch 779
2026-08-08 05:25:48.751195: Current learning rate: 0.00257
2026-08-08 05:26:12.929600: train_loss -0.9504
2026-08-08 05:26:12.930269: val_loss -0.952
2026-08-08 05:26:12.930631: Pseudo dice [np.float32(0.9659), np.float32(0.9779), np.float32(0.9731)]
2026-08-08 05:26:12.930928: Epoch time: 24.18 s
2026-08-08 05:26:13.367725: 
2026-08-08 05:26:13.367936: Epoch 780
2026-08-08 05:26:13.368068: Current learning rate: 0.00256
2026-08-08 05:26:37.541252: train_loss -0.9511
2026-08-08 05:26:37.541632: val_loss -0.9532
2026-08-08 05:26:37.541829: Pseudo dice [np.float32(0.9669), np.float32(0.9774), np.float32(0.9742)]
2026-08-08 05:26:37.542765: Epoch time: 24.17 s
2026-08-08 05:26:37.975196: 
2026-08-08 05:26:37.975410: Epoch 781
2026-08-08 05:26:37.975605: Current learning rate: 0.00255
2026-08-08 05:27:02.150829: train_loss -0.951
2026-08-08 05:27:02.151215: val_loss -0.9528
2026-08-08 05:27:02.152641: Pseudo dice [np.float32(0.966), np.float32(0.978), np.float32(0.9737)]
2026-08-08 05:27:02.152952: Epoch time: 24.18 s
2026-08-08 05:27:02.579633: 
2026-08-08 05:27:02.579847: Epoch 782
2026-08-08 05:27:02.580375: Current learning rate: 0.00254
2026-08-08 05:27:26.752175: train_loss -0.9509
2026-08-08 05:27:26.752646: val_loss -0.9515
2026-08-08 05:27:26.752826: Pseudo dice [np.float32(0.9652), np.float32(0.9771), np.float32(0.9734)]
2026-08-08 05:27:26.753228: Epoch time: 24.17 s
2026-08-08 05:27:27.183871: 
2026-08-08 05:27:27.184089: Epoch 783
2026-08-08 05:27:27.184715: Current learning rate: 0.00253
2026-08-08 05:27:51.360751: train_loss -0.9505
2026-08-08 05:27:51.361130: val_loss -0.9514
2026-08-08 05:27:51.361457: Pseudo dice [np.float32(0.9642), np.float32(0.9768), np.float32(0.9746)]
2026-08-08 05:27:51.362073: Epoch time: 24.18 s
2026-08-08 05:27:52.012238: 
2026-08-08 05:27:52.012458: Epoch 784
2026-08-08 05:27:52.012607: Current learning rate: 0.00252
2026-08-08 05:28:16.178886: train_loss -0.9498
2026-08-08 05:28:16.179269: val_loss -0.952
2026-08-08 05:28:16.181021: Pseudo dice [np.float32(0.9659), np.float32(0.9771), np.float32(0.9743)]
2026-08-08 05:28:16.181615: Epoch time: 24.17 s
2026-08-08 05:28:16.613683: 
2026-08-08 05:28:16.613896: Epoch 785
2026-08-08 05:28:16.614105: Current learning rate: 0.00251
2026-08-08 05:28:40.788286: train_loss -0.9511
2026-08-08 05:28:40.788662: val_loss -0.9524
2026-08-08 05:28:40.788848: Pseudo dice [np.float32(0.9662), np.float32(0.9774), np.float32(0.9735)]
2026-08-08 05:28:40.789448: Epoch time: 24.17 s
2026-08-08 05:28:41.214976: 
2026-08-08 05:28:41.215186: Epoch 786
2026-08-08 05:28:41.215383: Current learning rate: 0.0025
2026-08-08 05:29:05.389578: train_loss -0.9511
2026-08-08 05:29:05.389972: val_loss -0.9507
2026-08-08 05:29:05.390258: Pseudo dice [np.float32(0.9657), np.float32(0.9774), np.float32(0.9715)]
2026-08-08 05:29:05.391637: Epoch time: 24.17 s
2026-08-08 05:29:05.829479: 
2026-08-08 05:29:05.829733: Epoch 787
2026-08-08 05:29:05.829869: Current learning rate: 0.00249
2026-08-08 05:29:29.996344: train_loss -0.9495
2026-08-08 05:29:29.996725: val_loss -0.9509
2026-08-08 05:29:29.997025: Pseudo dice [np.float32(0.9653), np.float32(0.9778), np.float32(0.9723)]
2026-08-08 05:29:29.997527: Epoch time: 24.17 s
2026-08-08 05:29:30.421727: 
2026-08-08 05:29:30.421947: Epoch 788
2026-08-08 05:29:30.422283: Current learning rate: 0.00248
2026-08-08 05:29:54.594418: train_loss -0.9504
2026-08-08 05:29:54.594813: val_loss -0.9519
2026-08-08 05:29:54.595417: Pseudo dice [np.float32(0.966), np.float32(0.9768), np.float32(0.9746)]
2026-08-08 05:29:54.595995: Epoch time: 24.17 s
2026-08-08 05:29:55.030847: 
2026-08-08 05:29:55.031239: Epoch 789
2026-08-08 05:29:55.031551: Current learning rate: 0.00247
2026-08-08 05:30:19.208262: train_loss -0.9513
2026-08-08 05:30:19.208772: val_loss -0.9524
2026-08-08 05:30:19.209281: Pseudo dice [np.float32(0.9662), np.float32(0.978), np.float32(0.9736)]
2026-08-08 05:30:19.211232: Epoch time: 24.18 s
2026-08-08 05:30:19.645579: 
2026-08-08 05:30:19.645793: Epoch 790
2026-08-08 05:30:19.645924: Current learning rate: 0.00245
2026-08-08 05:30:43.816527: train_loss -0.951
2026-08-08 05:30:43.816924: val_loss -0.9503
2026-08-08 05:30:43.817479: Pseudo dice [np.float32(0.9654), np.float32(0.9765), np.float32(0.9715)]
2026-08-08 05:30:43.818676: Epoch time: 24.17 s
2026-08-08 05:30:44.245395: 
2026-08-08 05:30:44.245634: Epoch 791
2026-08-08 05:30:44.246335: Current learning rate: 0.00244
2026-08-08 05:31:08.418932: train_loss -0.9509
2026-08-08 05:31:08.419328: val_loss -0.9515
2026-08-08 05:31:08.420018: Pseudo dice [np.float32(0.9646), np.float32(0.9776), np.float32(0.974)]
2026-08-08 05:31:08.420293: Epoch time: 24.17 s
2026-08-08 05:31:08.847017: 
2026-08-08 05:31:08.847247: Epoch 792
2026-08-08 05:31:08.847458: Current learning rate: 0.00243
2026-08-08 05:31:33.017885: train_loss -0.9514
2026-08-08 05:31:33.018294: val_loss -0.9492
2026-08-08 05:31:33.018469: Pseudo dice [np.float32(0.9646), np.float32(0.9759), np.float32(0.9704)]
2026-08-08 05:31:33.018905: Epoch time: 24.17 s
2026-08-08 05:31:33.447629: 
2026-08-08 05:31:33.447864: Epoch 793
2026-08-08 05:31:33.447997: Current learning rate: 0.00242
2026-08-08 05:31:57.618977: train_loss -0.9505
2026-08-08 05:31:57.619363: val_loss -0.9378
2026-08-08 05:31:57.619741: Pseudo dice [np.float32(0.9495), np.float32(0.977), np.float32(0.9692)]
2026-08-08 05:31:57.620025: Epoch time: 24.17 s
2026-08-08 05:31:58.041531: 
2026-08-08 05:31:58.041753: Epoch 794
2026-08-08 05:31:58.042070: Current learning rate: 0.00241
2026-08-08 05:32:22.206930: train_loss -0.9511
2026-08-08 05:32:22.207299: val_loss -0.9279
2026-08-08 05:32:22.207733: Pseudo dice [np.float32(0.9351), np.float32(0.9768), np.float32(0.9733)]
2026-08-08 05:32:22.207932: Epoch time: 24.17 s
2026-08-08 05:32:22.637472: 
2026-08-08 05:32:22.637689: Epoch 795
2026-08-08 05:32:22.637818: Current learning rate: 0.0024
2026-08-08 05:32:46.806606: train_loss -0.9514
2026-08-08 05:32:46.807503: val_loss -0.9532
2026-08-08 05:32:46.807795: Pseudo dice [np.float32(0.9663), np.float32(0.9779), np.float32(0.9739)]
2026-08-08 05:32:46.808028: Epoch time: 24.17 s
2026-08-08 05:32:47.465222: 
2026-08-08 05:32:47.465468: Epoch 796
2026-08-08 05:32:47.465847: Current learning rate: 0.00239
2026-08-08 05:33:11.633413: train_loss -0.9508
2026-08-08 05:33:11.633844: val_loss -0.9523
2026-08-08 05:33:11.634253: Pseudo dice [np.float32(0.9666), np.float32(0.9774), np.float32(0.9735)]
2026-08-08 05:33:11.634496: Epoch time: 24.17 s
2026-08-08 05:33:12.057551: 
2026-08-08 05:33:12.058243: Epoch 797
2026-08-08 05:33:12.058615: Current learning rate: 0.00238
2026-08-08 05:33:36.225131: train_loss -0.9512
2026-08-08 05:33:36.225522: val_loss -0.9474
2026-08-08 05:33:36.226440: Pseudo dice [np.float32(0.9624), np.float32(0.9766), np.float32(0.9708)]
2026-08-08 05:33:36.226729: Epoch time: 24.17 s
2026-08-08 05:33:36.655121: 
2026-08-08 05:33:36.655333: Epoch 798
2026-08-08 05:33:36.655647: Current learning rate: 0.00237
2026-08-08 05:34:00.831483: train_loss -0.9517
2026-08-08 05:34:00.832010: val_loss -0.954
2026-08-08 05:34:00.832392: Pseudo dice [np.float32(0.9672), np.float32(0.9781), np.float32(0.9743)]
2026-08-08 05:34:00.832616: Epoch time: 24.18 s
2026-08-08 05:34:01.257367: 
2026-08-08 05:34:01.257580: Epoch 799
2026-08-08 05:34:01.257713: Current learning rate: 0.00236
2026-08-08 05:34:25.420397: train_loss -0.9509
2026-08-08 05:34:25.420788: val_loss -0.9535
2026-08-08 05:34:25.421548: Pseudo dice [np.float32(0.967), np.float32(0.9781), np.float32(0.9739)]
2026-08-08 05:34:25.422660: Epoch time: 24.16 s
2026-08-08 05:34:25.879692: 
2026-08-08 05:34:25.879922: Epoch 800
2026-08-08 05:34:25.880161: Current learning rate: 0.00235
2026-08-08 05:34:50.055753: train_loss -0.9516
2026-08-08 05:34:50.056140: val_loss -0.9524
2026-08-08 05:34:50.057136: Pseudo dice [np.float32(0.9669), np.float32(0.9774), np.float32(0.9728)]
2026-08-08 05:34:50.057373: Epoch time: 24.18 s
2026-08-08 05:34:50.480247: 
2026-08-08 05:34:50.480959: Epoch 801
2026-08-08 05:34:50.481122: Current learning rate: 0.00234
2026-08-08 05:35:14.649687: train_loss -0.9516
2026-08-08 05:35:14.650241: val_loss -0.9539
2026-08-08 05:35:14.650596: Pseudo dice [np.float32(0.9667), np.float32(0.9784), np.float32(0.9747)]
2026-08-08 05:35:14.650802: Epoch time: 24.17 s
2026-08-08 05:35:15.076063: 
2026-08-08 05:35:15.076451: Epoch 802
2026-08-08 05:35:15.076687: Current learning rate: 0.00233
2026-08-08 05:35:39.242699: train_loss -0.9515
2026-08-08 05:35:39.243101: val_loss -0.9522
2026-08-08 05:35:39.243528: Pseudo dice [np.float32(0.9655), np.float32(0.9773), np.float32(0.9748)]
2026-08-08 05:35:39.243986: Epoch time: 24.17 s
2026-08-08 05:35:39.673270: 
2026-08-08 05:35:39.673535: Epoch 803
2026-08-08 05:35:39.673794: Current learning rate: 0.00232
2026-08-08 05:36:03.845696: train_loss -0.9515
2026-08-08 05:36:03.846074: val_loss -0.948
2026-08-08 05:36:03.846365: Pseudo dice [np.float32(0.9605), np.float32(0.9777), np.float32(0.9742)]
2026-08-08 05:36:03.846726: Epoch time: 24.17 s
2026-08-08 05:36:04.274183: 
2026-08-08 05:36:04.274806: Epoch 804
2026-08-08 05:36:04.274939: Current learning rate: 0.00231
2026-08-08 05:36:28.446861: train_loss -0.9505
2026-08-08 05:36:28.447258: val_loss -0.9535
2026-08-08 05:36:28.447777: Pseudo dice [np.float32(0.9671), np.float32(0.9782), np.float32(0.9744)]
2026-08-08 05:36:28.448306: Epoch time: 24.17 s
2026-08-08 05:36:28.866470: 
2026-08-08 05:36:28.866771: Epoch 805
2026-08-08 05:36:28.866908: Current learning rate: 0.0023
2026-08-08 05:36:53.035938: train_loss -0.9512
2026-08-08 05:36:53.036541: val_loss -0.9533
2026-08-08 05:36:53.037477: Pseudo dice [np.float32(0.9671), np.float32(0.9777), np.float32(0.9748)]
2026-08-08 05:36:53.037938: Epoch time: 24.17 s
2026-08-08 05:36:53.472216: 
2026-08-08 05:36:53.472431: Epoch 806
2026-08-08 05:36:53.472810: Current learning rate: 0.00229
2026-08-08 05:37:17.645077: train_loss -0.9516
2026-08-08 05:37:17.645447: val_loss -0.9495
2026-08-08 05:37:17.645638: Pseudo dice [np.float32(0.9639), np.float32(0.9773), np.float32(0.9718)]
2026-08-08 05:37:17.647175: Epoch time: 24.17 s
2026-08-08 05:37:18.297677: 
2026-08-08 05:37:18.297892: Epoch 807
2026-08-08 05:37:18.298368: Current learning rate: 0.00228
2026-08-08 05:37:42.478584: train_loss -0.9508
2026-08-08 05:37:42.479129: val_loss -0.9523
2026-08-08 05:37:42.479291: Pseudo dice [np.float32(0.9664), np.float32(0.9775), np.float32(0.9729)]
2026-08-08 05:37:42.479511: Epoch time: 24.18 s
2026-08-08 05:37:42.908846: 
2026-08-08 05:37:42.909052: Epoch 808
2026-08-08 05:37:42.909183: Current learning rate: 0.00226
2026-08-08 05:38:07.088091: train_loss -0.9519
2026-08-08 05:38:07.088555: val_loss -0.9522
2026-08-08 05:38:07.089042: Pseudo dice [np.float32(0.9662), np.float32(0.977), np.float32(0.9732)]
2026-08-08 05:38:07.089316: Epoch time: 24.18 s
2026-08-08 05:38:07.521389: 
2026-08-08 05:38:07.521658: Epoch 809
2026-08-08 05:38:07.521792: Current learning rate: 0.00225
2026-08-08 05:38:31.701046: train_loss -0.9506
2026-08-08 05:38:31.701456: val_loss -0.9535
2026-08-08 05:38:31.701878: Pseudo dice [np.float32(0.9669), np.float32(0.9783), np.float32(0.9746)]
2026-08-08 05:38:31.702147: Epoch time: 24.18 s
2026-08-08 05:38:32.130139: 
2026-08-08 05:38:32.130357: Epoch 810
2026-08-08 05:38:32.130493: Current learning rate: 0.00224
2026-08-08 05:38:56.305028: train_loss -0.9514
2026-08-08 05:38:56.305606: val_loss -0.9533
2026-08-08 05:38:56.306757: Pseudo dice [np.float32(0.9669), np.float32(0.9776), np.float32(0.9742)]
2026-08-08 05:38:56.307514: Epoch time: 24.18 s
2026-08-08 05:38:56.746477: 
2026-08-08 05:38:56.747170: Epoch 811
2026-08-08 05:38:56.747383: Current learning rate: 0.00223
2026-08-08 05:39:20.925248: train_loss -0.9517
2026-08-08 05:39:20.925752: val_loss -0.9527
2026-08-08 05:39:20.926067: Pseudo dice [np.float32(0.9665), np.float32(0.9778), np.float32(0.9733)]
2026-08-08 05:39:20.926622: Epoch time: 24.18 s
2026-08-08 05:39:21.363900: 
2026-08-08 05:39:21.364115: Epoch 812
2026-08-08 05:39:21.364553: Current learning rate: 0.00222
2026-08-08 05:39:45.540955: train_loss -0.9509
2026-08-08 05:39:45.541358: val_loss -0.9501
2026-08-08 05:39:45.542467: Pseudo dice [np.float32(0.9638), np.float32(0.9777), np.float32(0.9737)]
2026-08-08 05:39:45.542839: Epoch time: 24.18 s
2026-08-08 05:39:45.964225: 
2026-08-08 05:39:45.964670: Epoch 813
2026-08-08 05:39:45.964859: Current learning rate: 0.00221
2026-08-08 05:40:10.141127: train_loss -0.9517
2026-08-08 05:40:10.141670: val_loss -0.9536
2026-08-08 05:40:10.142448: Pseudo dice [np.float32(0.9669), np.float32(0.9783), np.float32(0.9744)]
2026-08-08 05:40:10.142753: Epoch time: 24.18 s
2026-08-08 05:40:10.576434: 
2026-08-08 05:40:10.576684: Epoch 814
2026-08-08 05:40:10.576816: Current learning rate: 0.0022
2026-08-08 05:40:34.754556: train_loss -0.9516
2026-08-08 05:40:34.754948: val_loss -0.9528
2026-08-08 05:40:34.755133: Pseudo dice [np.float32(0.9657), np.float32(0.9775), np.float32(0.9746)]
2026-08-08 05:40:34.755428: Epoch time: 24.18 s
2026-08-08 05:40:34.755754: Yayy! New best EMA pseudo Dice: 0.9721999764442444
2026-08-08 05:40:35.229326: 
2026-08-08 05:40:35.229537: Epoch 815
2026-08-08 05:40:35.229674: Current learning rate: 0.00219
2026-08-08 05:40:59.403553: train_loss -0.9517
2026-08-08 05:40:59.404145: val_loss -0.9506
2026-08-08 05:40:59.404886: Pseudo dice [np.float32(0.9654), np.float32(0.9768), np.float32(0.9716)]
2026-08-08 05:40:59.405182: Epoch time: 24.17 s
2026-08-08 05:40:59.833327: 
2026-08-08 05:40:59.833649: Epoch 816
2026-08-08 05:40:59.834005: Current learning rate: 0.00218
2026-08-08 05:41:24.005982: train_loss -0.9518
2026-08-08 05:41:24.006371: val_loss -0.9531
2026-08-08 05:41:24.007320: Pseudo dice [np.float32(0.9665), np.float32(0.9776), np.float32(0.9742)]
2026-08-08 05:41:24.008421: Epoch time: 24.17 s
2026-08-08 05:41:24.440202: 
2026-08-08 05:41:24.440415: Epoch 817
2026-08-08 05:41:24.440551: Current learning rate: 0.00217
2026-08-08 05:41:48.613071: train_loss -0.9515
2026-08-08 05:41:48.614468: val_loss -0.9528
2026-08-08 05:41:48.615404: Pseudo dice [np.float32(0.9662), np.float32(0.9775), np.float32(0.9734)]
2026-08-08 05:41:48.615646: Epoch time: 24.17 s
2026-08-08 05:41:48.615870: Yayy! New best EMA pseudo Dice: 0.9721999764442444
2026-08-08 05:41:49.076937: 
2026-08-08 05:41:49.077444: Epoch 818
2026-08-08 05:41:49.078263: Current learning rate: 0.00216
2026-08-08 05:42:13.260038: train_loss -0.9524
2026-08-08 05:42:13.260434: val_loss -0.9538
2026-08-08 05:42:13.260802: Pseudo dice [np.float32(0.967), np.float32(0.978), np.float32(0.9743)]
2026-08-08 05:42:13.261457: Epoch time: 24.18 s
2026-08-08 05:42:13.261698: Yayy! New best EMA pseudo Dice: 0.9722999930381775
2026-08-08 05:42:13.949911: 
2026-08-08 05:42:13.950133: Epoch 819
2026-08-08 05:42:13.950266: Current learning rate: 0.00215
2026-08-08 05:42:38.122029: train_loss -0.9528
2026-08-08 05:42:38.122413: val_loss -0.9542
2026-08-08 05:42:38.122833: Pseudo dice [np.float32(0.9679), np.float32(0.9783), np.float32(0.9741)]
2026-08-08 05:42:38.123102: Epoch time: 24.17 s
2026-08-08 05:42:38.123310: Yayy! New best EMA pseudo Dice: 0.9724000096321106
2026-08-08 05:42:38.559186: 
2026-08-08 05:42:38.559567: Epoch 820
2026-08-08 05:42:38.560051: Current learning rate: 0.00214
2026-08-08 05:43:02.736028: train_loss -0.9511
2026-08-08 05:43:02.736508: val_loss -0.953
2026-08-08 05:43:02.737496: Pseudo dice [np.float32(0.9671), np.float32(0.9774), np.float32(0.9743)]
2026-08-08 05:43:02.737791: Epoch time: 24.18 s
2026-08-08 05:43:02.738070: Yayy! New best EMA pseudo Dice: 0.9724000096321106
2026-08-08 05:43:03.184619: 
2026-08-08 05:43:03.184837: Epoch 821
2026-08-08 05:43:03.184975: Current learning rate: 0.00213
2026-08-08 05:43:27.356034: train_loss -0.9503
2026-08-08 05:43:27.356417: val_loss -0.9526
2026-08-08 05:43:27.357331: Pseudo dice [np.float32(0.9667), np.float32(0.9773), np.float32(0.9731)]
2026-08-08 05:43:27.357757: Epoch time: 24.17 s
2026-08-08 05:43:27.776620: 
2026-08-08 05:43:27.776841: Epoch 822
2026-08-08 05:43:27.777040: Current learning rate: 0.00212
2026-08-08 05:43:51.955735: train_loss -0.9513
2026-08-08 05:43:51.956127: val_loss -0.9534
2026-08-08 05:43:51.956496: Pseudo dice [np.float32(0.9664), np.float32(0.9778), np.float32(0.9749)]
2026-08-08 05:43:51.956780: Epoch time: 24.18 s
2026-08-08 05:43:51.956991: Yayy! New best EMA pseudo Dice: 0.9725000262260437
2026-08-08 05:43:52.401664: 
2026-08-08 05:43:52.401870: Epoch 823
2026-08-08 05:43:52.402535: Current learning rate: 0.0021
2026-08-08 05:44:16.581547: train_loss -0.9522
2026-08-08 05:44:16.581936: val_loss -0.9526
2026-08-08 05:44:16.582465: Pseudo dice [np.float32(0.9666), np.float32(0.9777), np.float32(0.973)]
2026-08-08 05:44:16.582697: Epoch time: 24.18 s
2026-08-08 05:44:16.990169: 
2026-08-08 05:44:16.990385: Epoch 824
2026-08-08 05:44:16.990764: Current learning rate: 0.00209
2026-08-08 05:44:41.169073: train_loss -0.9522
2026-08-08 05:44:41.169455: val_loss -0.9519
2026-08-08 05:44:41.171480: Pseudo dice [np.float32(0.9666), np.float32(0.9774), np.float32(0.9722)]
2026-08-08 05:44:41.172072: Epoch time: 24.18 s
2026-08-08 05:44:41.589038: 
2026-08-08 05:44:41.589289: Epoch 825
2026-08-08 05:44:41.589530: Current learning rate: 0.00208
2026-08-08 05:45:05.767837: train_loss -0.9519
2026-08-08 05:45:05.768562: val_loss -0.9529
2026-08-08 05:45:05.768744: Pseudo dice [np.float32(0.9662), np.float32(0.9776), np.float32(0.9742)]
2026-08-08 05:45:05.769426: Epoch time: 24.18 s
2026-08-08 05:45:06.184363: 
2026-08-08 05:45:06.184580: Epoch 826
2026-08-08 05:45:06.184774: Current learning rate: 0.00207
2026-08-08 05:45:30.357898: train_loss -0.9507
2026-08-08 05:45:30.358463: val_loss -0.9538
2026-08-08 05:45:30.359121: Pseudo dice [np.float32(0.9673), np.float32(0.9782), np.float32(0.974)]
2026-08-08 05:45:30.359549: Epoch time: 24.17 s
2026-08-08 05:45:30.359757: Yayy! New best EMA pseudo Dice: 0.9725000262260437
2026-08-08 05:45:30.801373: 
2026-08-08 05:45:30.801597: Epoch 827
2026-08-08 05:45:30.801738: Current learning rate: 0.00206
2026-08-08 05:45:54.976656: train_loss -0.9508
2026-08-08 05:45:54.977026: val_loss -0.9528
2026-08-08 05:45:54.977190: Pseudo dice [np.float32(0.9675), np.float32(0.9782), np.float32(0.9733)]
2026-08-08 05:45:54.977476: Epoch time: 24.18 s
2026-08-08 05:45:54.979032: Yayy! New best EMA pseudo Dice: 0.972599983215332
2026-08-08 05:45:55.419657: 
2026-08-08 05:45:55.419870: Epoch 828
2026-08-08 05:45:55.420161: Current learning rate: 0.00205
2026-08-08 05:46:19.588990: train_loss -0.9515
2026-08-08 05:46:19.589375: val_loss -0.9536
2026-08-08 05:46:19.589746: Pseudo dice [np.float32(0.9673), np.float32(0.9779), np.float32(0.9743)]
2026-08-08 05:46:19.590021: Epoch time: 24.17 s
2026-08-08 05:46:19.590231: Yayy! New best EMA pseudo Dice: 0.972599983215332
2026-08-08 05:46:20.033164: 
2026-08-08 05:46:20.033376: Epoch 829
2026-08-08 05:46:20.034422: Current learning rate: 0.00204
2026-08-08 05:46:44.206813: train_loss -0.952
2026-08-08 05:46:44.207263: val_loss -0.9536
2026-08-08 05:46:44.207693: Pseudo dice [np.float32(0.9669), np.float32(0.9778), np.float32(0.9747)]
2026-08-08 05:46:44.207860: Epoch time: 24.17 s
2026-08-08 05:46:44.208034: Yayy! New best EMA pseudo Dice: 0.9726999998092651
2026-08-08 05:46:44.655771: 
2026-08-08 05:46:44.655986: Epoch 830
2026-08-08 05:46:44.656115: Current learning rate: 0.00203
2026-08-08 05:47:08.832393: train_loss -0.9523
2026-08-08 05:47:08.832781: val_loss -0.9526
2026-08-08 05:47:08.833051: Pseudo dice [np.float32(0.9662), np.float32(0.9777), np.float32(0.9734)]
2026-08-08 05:47:08.833364: Epoch time: 24.18 s
2026-08-08 05:47:09.251671: 
2026-08-08 05:47:09.252215: Epoch 831
2026-08-08 05:47:09.252803: Current learning rate: 0.00202
2026-08-08 05:47:33.430913: train_loss -0.9523
2026-08-08 05:47:33.431288: val_loss -0.9536
2026-08-08 05:47:33.432248: Pseudo dice [np.float32(0.9673), np.float32(0.9781), np.float32(0.9739)]
2026-08-08 05:47:33.432821: Epoch time: 24.18 s
2026-08-08 05:47:33.433080: Yayy! New best EMA pseudo Dice: 0.9726999998092651
2026-08-08 05:47:34.098516: 
2026-08-08 05:47:34.098776: Epoch 832
2026-08-08 05:47:34.099022: Current learning rate: 0.00201
2026-08-08 05:47:58.278098: train_loss -0.9527
2026-08-08 05:47:58.278483: val_loss -0.9532
2026-08-08 05:47:58.279029: Pseudo dice [np.float32(0.9674), np.float32(0.9778), np.float32(0.9731)]
2026-08-08 05:47:58.279574: Epoch time: 24.18 s
2026-08-08 05:47:58.279816: Yayy! New best EMA pseudo Dice: 0.9726999998092651
2026-08-08 05:47:58.724906: 
2026-08-08 05:47:58.725195: Epoch 833
2026-08-08 05:47:58.725398: Current learning rate: 0.002
2026-08-08 05:48:22.903368: train_loss -0.9523
2026-08-08 05:48:22.903768: val_loss -0.9542
2026-08-08 05:48:22.904051: Pseudo dice [np.float32(0.9675), np.float32(0.978), np.float32(0.9754)]
2026-08-08 05:48:22.904312: Epoch time: 24.18 s
2026-08-08 05:48:22.904938: Yayy! New best EMA pseudo Dice: 0.9728000164031982
2026-08-08 05:48:23.347580: 
2026-08-08 05:48:23.347803: Epoch 834
2026-08-08 05:48:23.348125: Current learning rate: 0.00199
2026-08-08 05:48:47.521662: train_loss -0.9521
2026-08-08 05:48:47.522044: val_loss -0.9523
2026-08-08 05:48:47.522809: Pseudo dice [np.float32(0.9665), np.float32(0.9778), np.float32(0.9729)]
2026-08-08 05:48:47.523252: Epoch time: 24.17 s
2026-08-08 05:48:47.938598: 
2026-08-08 05:48:47.938817: Epoch 835
2026-08-08 05:48:47.938958: Current learning rate: 0.00198
2026-08-08 05:49:12.115702: train_loss -0.9521
2026-08-08 05:49:12.116122: val_loss -0.952
2026-08-08 05:49:12.116741: Pseudo dice [np.float32(0.9661), np.float32(0.9772), np.float32(0.9738)]
2026-08-08 05:49:12.117165: Epoch time: 24.18 s
2026-08-08 05:49:12.526202: 
2026-08-08 05:49:12.526423: Epoch 836
2026-08-08 05:49:12.526554: Current learning rate: 0.00196
2026-08-08 05:49:36.712581: train_loss -0.9528
2026-08-08 05:49:36.712991: val_loss -0.9534
2026-08-08 05:49:36.713454: Pseudo dice [np.float32(0.9671), np.float32(0.9784), np.float32(0.9734)]
2026-08-08 05:49:36.713879: Epoch time: 24.19 s
2026-08-08 05:49:37.129039: 
2026-08-08 05:49:37.129281: Epoch 837
2026-08-08 05:49:37.129713: Current learning rate: 0.00195
2026-08-08 05:50:01.313249: train_loss -0.9524
2026-08-08 05:50:01.313652: val_loss -0.9541
2026-08-08 05:50:01.314107: Pseudo dice [np.float32(0.9665), np.float32(0.9783), np.float32(0.9748)]
2026-08-08 05:50:01.314286: Epoch time: 24.18 s
2026-08-08 05:50:01.725162: 
2026-08-08 05:50:01.725424: Epoch 838
2026-08-08 05:50:01.725558: Current learning rate: 0.00194
2026-08-08 05:50:25.906618: train_loss -0.9521
2026-08-08 05:50:25.907240: val_loss -0.9533
2026-08-08 05:50:25.907485: Pseudo dice [np.float32(0.967), np.float32(0.9781), np.float32(0.9742)]
2026-08-08 05:50:25.907868: Epoch time: 24.18 s
2026-08-08 05:50:25.908056: Yayy! New best EMA pseudo Dice: 0.9728000164031982
2026-08-08 05:50:26.354215: 
2026-08-08 05:50:26.354434: Epoch 839
2026-08-08 05:50:26.354639: Current learning rate: 0.00193
2026-08-08 05:50:50.532161: train_loss -0.9518
2026-08-08 05:50:50.532538: val_loss -0.9476
2026-08-08 05:50:50.532865: Pseudo dice [np.float32(0.9605), np.float32(0.9773), np.float32(0.9731)]
2026-08-08 05:50:50.533163: Epoch time: 24.18 s
2026-08-08 05:50:50.947615: 
2026-08-08 05:50:50.948180: Epoch 840
2026-08-08 05:50:50.948329: Current learning rate: 0.00192
2026-08-08 05:51:15.124302: train_loss -0.952
2026-08-08 05:51:15.124684: val_loss -0.9539
2026-08-08 05:51:15.125024: Pseudo dice [np.float32(0.9676), np.float32(0.9784), np.float32(0.9736)]
2026-08-08 05:51:15.125390: Epoch time: 24.18 s
2026-08-08 05:51:15.537096: 
2026-08-08 05:51:15.537302: Epoch 841
2026-08-08 05:51:15.537438: Current learning rate: 0.00191
2026-08-08 05:51:39.715403: train_loss -0.9523
2026-08-08 05:51:39.715859: val_loss -0.952
2026-08-08 05:51:39.716143: Pseudo dice [np.float32(0.9654), np.float32(0.9773), np.float32(0.9739)]
2026-08-08 05:51:39.716508: Epoch time: 24.18 s
2026-08-08 05:51:40.134219: 
2026-08-08 05:51:40.134436: Epoch 842
2026-08-08 05:51:40.134627: Current learning rate: 0.0019
2026-08-08 05:52:04.307964: train_loss -0.9518
2026-08-08 05:52:04.308519: val_loss -0.953
2026-08-08 05:52:04.309390: Pseudo dice [np.float32(0.9669), np.float32(0.9777), np.float32(0.9738)]
2026-08-08 05:52:04.309690: Epoch time: 24.17 s
2026-08-08 05:52:04.722326: 
2026-08-08 05:52:04.722540: Epoch 843
2026-08-08 05:52:04.722686: Current learning rate: 0.00189
2026-08-08 05:52:28.903795: train_loss -0.9528
2026-08-08 05:52:28.904516: val_loss -0.9485
2026-08-08 05:52:28.905419: Pseudo dice [np.float32(0.9612), np.float32(0.9773), np.float32(0.9744)]
2026-08-08 05:52:28.905698: Epoch time: 24.18 s
2026-08-08 05:52:29.535240: 
2026-08-08 05:52:29.535468: Epoch 844
2026-08-08 05:52:29.536442: Current learning rate: 0.00188
2026-08-08 05:52:53.710444: train_loss -0.9522
2026-08-08 05:52:53.711180: val_loss -0.9524
2026-08-08 05:52:53.711455: Pseudo dice [np.float32(0.9665), np.float32(0.9781), np.float32(0.9731)]
2026-08-08 05:52:53.711860: Epoch time: 24.18 s
2026-08-08 05:52:54.118355: 
2026-08-08 05:52:54.118569: Epoch 845
2026-08-08 05:52:54.118711: Current learning rate: 0.00187
2026-08-08 05:53:18.291785: train_loss -0.9522
2026-08-08 05:53:18.292509: val_loss -0.9527
2026-08-08 05:53:18.292781: Pseudo dice [np.float32(0.967), np.float32(0.978), np.float32(0.9724)]
2026-08-08 05:53:18.293077: Epoch time: 24.17 s
2026-08-08 05:53:18.699694: 
2026-08-08 05:53:18.699956: Epoch 846
2026-08-08 05:53:18.700335: Current learning rate: 0.00186
2026-08-08 05:53:42.875445: train_loss -0.952
2026-08-08 05:53:42.876122: val_loss -0.9529
2026-08-08 05:53:42.876584: Pseudo dice [np.float32(0.966), np.float32(0.9776), np.float32(0.9742)]
2026-08-08 05:53:42.876929: Epoch time: 24.18 s
2026-08-08 05:53:43.286581: 
2026-08-08 05:53:43.286798: Epoch 847
2026-08-08 05:53:43.286994: Current learning rate: 0.00185
2026-08-08 05:54:07.456151: train_loss -0.9523
2026-08-08 05:54:07.457486: val_loss -0.9533
2026-08-08 05:54:07.458049: Pseudo dice [np.float32(0.9667), np.float32(0.9778), np.float32(0.9746)]
2026-08-08 05:54:07.459250: Epoch time: 24.17 s
2026-08-08 05:54:07.872424: 
2026-08-08 05:54:07.872805: Epoch 848
2026-08-08 05:54:07.873368: Current learning rate: 0.00184
2026-08-08 05:54:32.043267: train_loss -0.9521
2026-08-08 05:54:32.043664: val_loss -0.9549
2026-08-08 05:54:32.044604: Pseudo dice [np.float32(0.9682), np.float32(0.9786), np.float32(0.9745)]
2026-08-08 05:54:32.045185: Epoch time: 24.17 s
2026-08-08 05:54:32.453598: 
2026-08-08 05:54:32.453818: Epoch 849
2026-08-08 05:54:32.454053: Current learning rate: 0.00182
2026-08-08 05:54:56.624102: train_loss -0.952
2026-08-08 05:54:56.624530: val_loss -0.9527
2026-08-08 05:54:56.624808: Pseudo dice [np.float32(0.9664), np.float32(0.978), np.float32(0.9735)]
2026-08-08 05:54:56.625077: Epoch time: 24.17 s
2026-08-08 05:54:57.064355: 
2026-08-08 05:54:57.064568: Epoch 850
2026-08-08 05:54:57.065022: Current learning rate: 0.00181
2026-08-08 05:55:21.233077: train_loss -0.9526
2026-08-08 05:55:21.233468: val_loss -0.9544
2026-08-08 05:55:21.234565: Pseudo dice [np.float32(0.9677), np.float32(0.9786), np.float32(0.9737)]
2026-08-08 05:55:21.234759: Epoch time: 24.17 s
2026-08-08 05:55:21.638714: 
2026-08-08 05:55:21.639021: Epoch 851
2026-08-08 05:55:21.639151: Current learning rate: 0.0018
2026-08-08 05:55:45.807122: train_loss -0.9521
2026-08-08 05:55:45.807513: val_loss -0.9536
2026-08-08 05:55:45.808054: Pseudo dice [np.float32(0.9668), np.float32(0.9781), np.float32(0.9749)]
2026-08-08 05:55:45.808352: Epoch time: 24.17 s
2026-08-08 05:55:46.217006: 
2026-08-08 05:55:46.217221: Epoch 852
2026-08-08 05:55:46.217441: Current learning rate: 0.00179
2026-08-08 05:56:10.393753: train_loss -0.952
2026-08-08 05:56:10.394251: val_loss -0.9525
2026-08-08 05:56:10.394673: Pseudo dice [np.float32(0.9667), np.float32(0.9777), np.float32(0.9724)]
2026-08-08 05:56:10.395162: Epoch time: 24.18 s
2026-08-08 05:56:10.802282: 
2026-08-08 05:56:10.802511: Epoch 853
2026-08-08 05:56:10.802658: Current learning rate: 0.00178
2026-08-08 05:56:34.980105: train_loss -0.9523
2026-08-08 05:56:34.980479: val_loss -0.9509
2026-08-08 05:56:34.980817: Pseudo dice [np.float32(0.9655), np.float32(0.9767), np.float32(0.9733)]
2026-08-08 05:56:34.981098: Epoch time: 24.18 s
2026-08-08 05:56:35.391732: 
2026-08-08 05:56:35.392514: Epoch 854
2026-08-08 05:56:35.393120: Current learning rate: 0.00177
2026-08-08 05:56:59.569091: train_loss -0.9523
2026-08-08 05:56:59.569574: val_loss -0.9524
2026-08-08 05:56:59.569772: Pseudo dice [np.float32(0.9667), np.float32(0.9778), np.float32(0.9724)]
2026-08-08 05:56:59.570261: Epoch time: 24.18 s
2026-08-08 05:56:59.977132: 
2026-08-08 05:56:59.977351: Epoch 855
2026-08-08 05:56:59.977529: Current learning rate: 0.00176
2026-08-08 05:57:24.152205: train_loss -0.9531
2026-08-08 05:57:24.152729: val_loss -0.9493
2026-08-08 05:57:24.153193: Pseudo dice [np.float32(0.9661), np.float32(0.977), np.float32(0.9684)]
2026-08-08 05:57:24.153464: Epoch time: 24.18 s
2026-08-08 05:57:24.562160: 
2026-08-08 05:57:24.562378: Epoch 856
2026-08-08 05:57:24.562608: Current learning rate: 0.00175
2026-08-08 05:57:48.738327: train_loss -0.9522
2026-08-08 05:57:48.738733: val_loss -0.9526
2026-08-08 05:57:48.739278: Pseudo dice [np.float32(0.9661), np.float32(0.9776), np.float32(0.9735)]
2026-08-08 05:57:48.739855: Epoch time: 24.18 s
2026-08-08 05:57:49.380100: 
2026-08-08 05:57:49.380456: Epoch 857
2026-08-08 05:57:49.380668: Current learning rate: 0.00174
2026-08-08 05:58:13.554332: train_loss -0.9525
2026-08-08 05:58:13.554739: val_loss -0.9535
2026-08-08 05:58:13.555433: Pseudo dice [np.float32(0.9674), np.float32(0.9777), np.float32(0.9738)]
2026-08-08 05:58:13.556578: Epoch time: 24.17 s
2026-08-08 05:58:13.981216: 
2026-08-08 05:58:13.981448: Epoch 858
2026-08-08 05:58:13.981691: Current learning rate: 0.00173
2026-08-08 05:58:38.160669: train_loss -0.9521
2026-08-08 05:58:38.161094: val_loss -0.9522
2026-08-08 05:58:38.161266: Pseudo dice [np.float32(0.9668), np.float32(0.9774), np.float32(0.9731)]
2026-08-08 05:58:38.161567: Epoch time: 24.18 s
2026-08-08 05:58:38.564289: 
2026-08-08 05:58:38.564500: Epoch 859
2026-08-08 05:58:38.564721: Current learning rate: 0.00172
2026-08-08 05:59:02.748110: train_loss -0.9534
2026-08-08 05:59:02.748578: val_loss -0.9523
2026-08-08 05:59:02.748753: Pseudo dice [np.float32(0.966), np.float32(0.9774), np.float32(0.9733)]
2026-08-08 05:59:02.749053: Epoch time: 24.18 s
2026-08-08 05:59:03.159561: 
2026-08-08 05:59:03.159796: Epoch 860
2026-08-08 05:59:03.159928: Current learning rate: 0.0017
2026-08-08 05:59:27.330410: train_loss -0.9531
2026-08-08 05:59:27.331574: val_loss -0.9538
2026-08-08 05:59:27.331762: Pseudo dice [np.float32(0.9678), np.float32(0.978), np.float32(0.9739)]
2026-08-08 05:59:27.332030: Epoch time: 24.17 s
2026-08-08 05:59:27.736313: 
2026-08-08 05:59:27.736534: Epoch 861
2026-08-08 05:59:27.737222: Current learning rate: 0.00169
2026-08-08 05:59:51.917718: train_loss -0.952
2026-08-08 05:59:51.918097: val_loss -0.9532
2026-08-08 05:59:51.919382: Pseudo dice [np.float32(0.9666), np.float32(0.9776), np.float32(0.9741)]
2026-08-08 05:59:51.919780: Epoch time: 24.18 s
2026-08-08 05:59:52.322710: 
2026-08-08 05:59:52.322922: Epoch 862
2026-08-08 05:59:52.323057: Current learning rate: 0.00168
2026-08-08 06:00:16.502799: train_loss -0.9515
2026-08-08 06:00:16.503202: val_loss -0.9528
2026-08-08 06:00:16.503496: Pseudo dice [np.float32(0.9671), np.float32(0.9778), np.float32(0.9738)]
2026-08-08 06:00:16.504410: Epoch time: 24.18 s
2026-08-08 06:00:16.909445: 
2026-08-08 06:00:16.909669: Epoch 863
2026-08-08 06:00:16.910098: Current learning rate: 0.00167
2026-08-08 06:00:41.092366: train_loss -0.952
2026-08-08 06:00:41.092751: val_loss -0.9525
2026-08-08 06:00:41.093299: Pseudo dice [np.float32(0.9663), np.float32(0.9775), np.float32(0.973)]
2026-08-08 06:00:41.093961: Epoch time: 24.18 s
2026-08-08 06:00:41.499022: 
2026-08-08 06:00:41.499236: Epoch 864
2026-08-08 06:00:41.499440: Current learning rate: 0.00166
2026-08-08 06:01:05.671471: train_loss -0.9522
2026-08-08 06:01:05.671854: val_loss -0.9539
2026-08-08 06:01:05.672943: Pseudo dice [np.float32(0.967), np.float32(0.9778), np.float32(0.9749)]
2026-08-08 06:01:05.673400: Epoch time: 24.17 s
2026-08-08 06:01:06.081208: 
2026-08-08 06:01:06.081421: Epoch 865
2026-08-08 06:01:06.081638: Current learning rate: 0.00165
2026-08-08 06:01:30.246338: train_loss -0.9528
2026-08-08 06:01:30.247305: val_loss -0.9532
2026-08-08 06:01:30.247537: Pseudo dice [np.float32(0.967), np.float32(0.9777), np.float32(0.9741)]
2026-08-08 06:01:30.248079: Epoch time: 24.17 s
2026-08-08 06:01:30.654736: 
2026-08-08 06:01:30.654999: Epoch 866
2026-08-08 06:01:30.655190: Current learning rate: 0.00164
2026-08-08 06:01:54.828790: train_loss -0.9523
2026-08-08 06:01:54.829230: val_loss -0.9541
2026-08-08 06:01:54.829615: Pseudo dice [np.float32(0.9675), np.float32(0.9782), np.float32(0.9747)]
2026-08-08 06:01:54.829894: Epoch time: 24.17 s
2026-08-08 06:01:55.235378: 
2026-08-08 06:01:55.235592: Epoch 867
2026-08-08 06:01:55.235720: Current learning rate: 0.00163
2026-08-08 06:02:19.412630: train_loss -0.9528
2026-08-08 06:02:19.413309: val_loss -0.9531
2026-08-08 06:02:19.413791: Pseudo dice [np.float32(0.9678), np.float32(0.9776), np.float32(0.9725)]
2026-08-08 06:02:19.414041: Epoch time: 24.18 s
2026-08-08 06:02:19.815336: 
2026-08-08 06:02:19.815547: Epoch 868
2026-08-08 06:02:19.815745: Current learning rate: 0.00162
2026-08-08 06:02:43.993289: train_loss -0.9525
2026-08-08 06:02:43.993680: val_loss -0.9537
2026-08-08 06:02:43.993892: Pseudo dice [np.float32(0.9667), np.float32(0.9779), np.float32(0.9743)]
2026-08-08 06:02:43.994310: Epoch time: 24.18 s
2026-08-08 06:02:44.400727: 
2026-08-08 06:02:44.400955: Epoch 869
2026-08-08 06:02:44.401147: Current learning rate: 0.00161
2026-08-08 06:03:08.580973: train_loss -0.9519
2026-08-08 06:03:08.581346: val_loss -0.9525
2026-08-08 06:03:08.581655: Pseudo dice [np.float32(0.9666), np.float32(0.978), np.float32(0.9734)]
2026-08-08 06:03:08.582179: Epoch time: 24.18 s
2026-08-08 06:03:09.209138: 
2026-08-08 06:03:09.209355: Epoch 870
2026-08-08 06:03:09.209490: Current learning rate: 0.00159
2026-08-08 06:03:33.379498: train_loss -0.9525
2026-08-08 06:03:33.379889: val_loss -0.9538
2026-08-08 06:03:33.380055: Pseudo dice [np.float32(0.9662), np.float32(0.9783), np.float32(0.9757)]
2026-08-08 06:03:33.380217: Epoch time: 24.17 s
2026-08-08 06:03:33.788729: 
2026-08-08 06:03:33.788953: Epoch 871
2026-08-08 06:03:33.789261: Current learning rate: 0.00158
2026-08-08 06:03:57.965913: train_loss -0.9521
2026-08-08 06:03:57.966406: val_loss -0.7954
2026-08-08 06:03:57.966722: Pseudo dice [np.float32(0.8557), np.float32(0.9774), np.float32(0.9739)]
2026-08-08 06:03:57.967962: Epoch time: 24.18 s
2026-08-08 06:03:58.373705: 
2026-08-08 06:03:58.374034: Epoch 872
2026-08-08 06:03:58.374162: Current learning rate: 0.00157
2026-08-08 06:04:22.547901: train_loss -0.9521
2026-08-08 06:04:22.548461: val_loss -0.9526
2026-08-08 06:04:22.548810: Pseudo dice [np.float32(0.967), np.float32(0.9778), np.float32(0.9725)]
2026-08-08 06:04:22.549050: Epoch time: 24.17 s
2026-08-08 06:04:22.959664: 
2026-08-08 06:04:22.959875: Epoch 873
2026-08-08 06:04:22.960009: Current learning rate: 0.00156
2026-08-08 06:04:47.134311: train_loss -0.9524
2026-08-08 06:04:47.135113: val_loss -0.9545
2026-08-08 06:04:47.135313: Pseudo dice [np.float32(0.9678), np.float32(0.9784), np.float32(0.9747)]
2026-08-08 06:04:47.135648: Epoch time: 24.17 s
2026-08-08 06:04:47.541679: 
2026-08-08 06:04:47.541902: Epoch 874
2026-08-08 06:04:47.542179: Current learning rate: 0.00155
2026-08-08 06:05:11.715766: train_loss -0.9524
2026-08-08 06:05:11.716140: val_loss -0.9533
2026-08-08 06:05:11.716587: Pseudo dice [np.float32(0.9669), np.float32(0.978), np.float32(0.9736)]
2026-08-08 06:05:11.718138: Epoch time: 24.17 s
2026-08-08 06:05:12.124366: 
2026-08-08 06:05:12.124653: Epoch 875
2026-08-08 06:05:12.125033: Current learning rate: 0.00154
2026-08-08 06:05:36.297428: train_loss -0.9531
2026-08-08 06:05:36.297978: val_loss -0.9534
2026-08-08 06:05:36.298155: Pseudo dice [np.float32(0.9668), np.float32(0.9779), np.float32(0.9753)]
2026-08-08 06:05:36.298315: Epoch time: 24.17 s
2026-08-08 06:05:36.706448: 
2026-08-08 06:05:36.706689: Epoch 876
2026-08-08 06:05:36.707078: Current learning rate: 0.00153
2026-08-08 06:06:00.876586: train_loss -0.9531
2026-08-08 06:06:00.877083: val_loss -0.955
2026-08-08 06:06:00.877434: Pseudo dice [np.float32(0.9674), np.float32(0.9784), np.float32(0.9756)]
2026-08-08 06:06:00.877765: Epoch time: 24.17 s
2026-08-08 06:06:01.288221: 
2026-08-08 06:06:01.288488: Epoch 877
2026-08-08 06:06:01.288745: Current learning rate: 0.00152
2026-08-08 06:06:25.459838: train_loss -0.953
2026-08-08 06:06:25.460217: val_loss -0.955
2026-08-08 06:06:25.460757: Pseudo dice [np.float32(0.9685), np.float32(0.9783), np.float32(0.975)]
2026-08-08 06:06:25.461061: Epoch time: 24.17 s
2026-08-08 06:06:25.864586: 
2026-08-08 06:06:25.864996: Epoch 878
2026-08-08 06:06:25.865326: Current learning rate: 0.00151
2026-08-08 06:06:50.033031: train_loss -0.9531
2026-08-08 06:06:50.033441: val_loss -0.9543
2026-08-08 06:06:50.033729: Pseudo dice [np.float32(0.9674), np.float32(0.9781), np.float32(0.9747)]
2026-08-08 06:06:50.034022: Epoch time: 24.17 s
2026-08-08 06:06:50.439075: 
2026-08-08 06:06:50.439501: Epoch 879
2026-08-08 06:06:50.439699: Current learning rate: 0.00149
2026-08-08 06:07:14.616404: train_loss -0.9522
2026-08-08 06:07:14.616904: val_loss -0.9531
2026-08-08 06:07:14.617189: Pseudo dice [np.float32(0.9665), np.float32(0.978), np.float32(0.9742)]
2026-08-08 06:07:14.617388: Epoch time: 24.18 s
2026-08-08 06:07:15.026450: 
2026-08-08 06:07:15.026816: Epoch 880
2026-08-08 06:07:15.027779: Current learning rate: 0.00148
2026-08-08 06:07:39.195609: train_loss -0.953
2026-08-08 06:07:39.196550: val_loss -0.9538
2026-08-08 06:07:39.197237: Pseudo dice [np.float32(0.9677), np.float32(0.9782), np.float32(0.9732)]
2026-08-08 06:07:39.197650: Epoch time: 24.17 s
2026-08-08 06:07:39.599963: 
2026-08-08 06:07:39.600301: Epoch 881
2026-08-08 06:07:39.600870: Current learning rate: 0.00147
2026-08-08 06:08:03.776908: train_loss -0.9526
2026-08-08 06:08:03.777282: val_loss -0.9542
2026-08-08 06:08:03.777645: Pseudo dice [np.float32(0.9678), np.float32(0.9778), np.float32(0.9744)]
2026-08-08 06:08:03.777925: Epoch time: 24.18 s
2026-08-08 06:08:04.181031: 
2026-08-08 06:08:04.181248: Epoch 882
2026-08-08 06:08:04.181588: Current learning rate: 0.00146
2026-08-08 06:08:28.356793: train_loss -0.9522
2026-08-08 06:08:28.357171: val_loss -0.9531
2026-08-08 06:08:28.357346: Pseudo dice [np.float32(0.9663), np.float32(0.978), np.float32(0.9744)]
2026-08-08 06:08:28.357804: Epoch time: 24.18 s
2026-08-08 06:08:28.992281: 
2026-08-08 06:08:28.992516: Epoch 883
2026-08-08 06:08:28.992654: Current learning rate: 0.00145
2026-08-08 06:08:53.171429: train_loss -0.9522
2026-08-08 06:08:53.171894: val_loss -0.9533
2026-08-08 06:08:53.172058: Pseudo dice [np.float32(0.9673), np.float32(0.978), np.float32(0.974)]
2026-08-08 06:08:53.172230: Epoch time: 24.18 s
2026-08-08 06:08:53.578037: 
2026-08-08 06:08:53.578292: Epoch 884
2026-08-08 06:08:53.578496: Current learning rate: 0.00144
2026-08-08 06:09:17.754281: train_loss -0.9535
2026-08-08 06:09:17.754722: val_loss -0.9541
2026-08-08 06:09:17.754918: Pseudo dice [np.float32(0.9676), np.float32(0.9782), np.float32(0.9751)]
2026-08-08 06:09:17.755081: Epoch time: 24.18 s
2026-08-08 06:09:18.162518: 
2026-08-08 06:09:18.162741: Epoch 885
2026-08-08 06:09:18.163272: Current learning rate: 0.00143
2026-08-08 06:09:42.342182: train_loss -0.9532
2026-08-08 06:09:42.343003: val_loss -0.9519
2026-08-08 06:09:42.343277: Pseudo dice [np.float32(0.9659), np.float32(0.9773), np.float32(0.9734)]
2026-08-08 06:09:42.343449: Epoch time: 24.18 s
2026-08-08 06:09:42.744319: 
2026-08-08 06:09:42.744558: Epoch 886
2026-08-08 06:09:42.744825: Current learning rate: 0.00142
2026-08-08 06:10:06.916704: train_loss -0.9532
2026-08-08 06:10:06.917082: val_loss -0.9535
2026-08-08 06:10:06.917263: Pseudo dice [np.float32(0.9665), np.float32(0.9779), np.float32(0.9744)]
2026-08-08 06:10:06.917695: Epoch time: 24.17 s
2026-08-08 06:10:07.329133: 
2026-08-08 06:10:07.329356: Epoch 887
2026-08-08 06:10:07.329487: Current learning rate: 0.00141
2026-08-08 06:10:31.504030: train_loss -0.9532
2026-08-08 06:10:31.504401: val_loss -0.9541
2026-08-08 06:10:31.504719: Pseudo dice [np.float32(0.9671), np.float32(0.978), np.float32(0.9752)]
2026-08-08 06:10:31.505440: Epoch time: 24.18 s
2026-08-08 06:10:31.912087: 
2026-08-08 06:10:31.912315: Epoch 888
2026-08-08 06:10:31.912513: Current learning rate: 0.00139
2026-08-08 06:10:56.092090: train_loss -0.9535
2026-08-08 06:10:56.092485: val_loss -0.9525
2026-08-08 06:10:56.092898: Pseudo dice [np.float32(0.9659), np.float32(0.9779), np.float32(0.973)]
2026-08-08 06:10:56.093287: Epoch time: 24.18 s
2026-08-08 06:10:56.497261: 
2026-08-08 06:10:56.497467: Epoch 889
2026-08-08 06:10:56.497605: Current learning rate: 0.00138
2026-08-08 06:11:20.671897: train_loss -0.953
2026-08-08 06:11:20.672285: val_loss -0.9544
2026-08-08 06:11:20.673077: Pseudo dice [np.float32(0.9679), np.float32(0.9782), np.float32(0.9744)]
2026-08-08 06:11:20.673452: Epoch time: 24.17 s
2026-08-08 06:11:21.078895: 
2026-08-08 06:11:21.079118: Epoch 890
2026-08-08 06:11:21.079278: Current learning rate: 0.00137
2026-08-08 06:11:45.255930: train_loss -0.9529
2026-08-08 06:11:45.256331: val_loss -0.953
2026-08-08 06:11:45.256883: Pseudo dice [np.float32(0.9656), np.float32(0.9774), np.float32(0.975)]
2026-08-08 06:11:45.257067: Epoch time: 24.18 s
2026-08-08 06:11:45.659370: 
2026-08-08 06:11:45.659650: Epoch 891
2026-08-08 06:11:45.660043: Current learning rate: 0.00136
2026-08-08 06:12:09.838539: train_loss -0.9531
2026-08-08 06:12:09.839465: val_loss -0.9536
2026-08-08 06:12:09.840731: Pseudo dice [np.float32(0.9666), np.float32(0.9784), np.float32(0.9745)]
2026-08-08 06:12:09.841007: Epoch time: 24.18 s
2026-08-08 06:12:10.252448: 
2026-08-08 06:12:10.252680: Epoch 892
2026-08-08 06:12:10.252815: Current learning rate: 0.00135
2026-08-08 06:12:34.432879: train_loss -0.9529
2026-08-08 06:12:34.433273: val_loss -0.9535
2026-08-08 06:12:34.433583: Pseudo dice [np.float32(0.9675), np.float32(0.9777), np.float32(0.9734)]
2026-08-08 06:12:34.433937: Epoch time: 24.18 s
2026-08-08 06:12:34.845713: 
2026-08-08 06:12:34.845930: Epoch 893
2026-08-08 06:12:34.846173: Current learning rate: 0.00134
2026-08-08 06:12:59.009860: train_loss -0.9532
2026-08-08 06:12:59.010324: val_loss -0.9526
2026-08-08 06:12:59.010745: Pseudo dice [np.float32(0.9662), np.float32(0.9775), np.float32(0.9746)]
2026-08-08 06:12:59.011463: Epoch time: 24.16 s
2026-08-08 06:12:59.418942: 
2026-08-08 06:12:59.419786: Epoch 894
2026-08-08 06:12:59.420298: Current learning rate: 0.00133
2026-08-08 06:13:23.590614: train_loss -0.9532
2026-08-08 06:13:23.591192: val_loss -0.945
2026-08-08 06:13:23.591921: Pseudo dice [np.float32(0.9573), np.float32(0.9775), np.float32(0.9743)]
2026-08-08 06:13:23.592174: Epoch time: 24.17 s
2026-08-08 06:13:24.001357: 
2026-08-08 06:13:24.001688: Epoch 895
2026-08-08 06:13:24.001819: Current learning rate: 0.00132
2026-08-08 06:13:48.179212: train_loss -0.9527
2026-08-08 06:13:48.180043: val_loss -0.9543
2026-08-08 06:13:48.180543: Pseudo dice [np.float32(0.9678), np.float32(0.9785), np.float32(0.9745)]
2026-08-08 06:13:48.181201: Epoch time: 24.18 s
2026-08-08 06:13:48.591182: 
2026-08-08 06:13:48.591410: Epoch 896
2026-08-08 06:13:48.592306: Current learning rate: 0.0013
2026-08-08 06:14:12.765651: train_loss -0.9533
2026-08-08 06:14:12.766047: val_loss -0.9527
2026-08-08 06:14:12.767061: Pseudo dice [np.float32(0.9664), np.float32(0.9779), np.float32(0.9732)]
2026-08-08 06:14:12.768100: Epoch time: 24.17 s
2026-08-08 06:14:13.410149: 
2026-08-08 06:14:13.410538: Epoch 897
2026-08-08 06:14:13.411585: Current learning rate: 0.00129
2026-08-08 06:14:37.589971: train_loss -0.9534
2026-08-08 06:14:37.590355: val_loss -0.9542
2026-08-08 06:14:37.590878: Pseudo dice [np.float32(0.9679), np.float32(0.9781), np.float32(0.974)]
2026-08-08 06:14:37.591823: Epoch time: 24.18 s
2026-08-08 06:14:38.008270: 
2026-08-08 06:14:38.008487: Epoch 898
2026-08-08 06:14:38.008713: Current learning rate: 0.00128
2026-08-08 06:15:02.178410: train_loss -0.9536
2026-08-08 06:15:02.178935: val_loss -0.9542
2026-08-08 06:15:02.179210: Pseudo dice [np.float32(0.9679), np.float32(0.9781), np.float32(0.9745)]
2026-08-08 06:15:02.179477: Epoch time: 24.17 s
2026-08-08 06:15:02.587261: 
2026-08-08 06:15:02.587487: Epoch 899
2026-08-08 06:15:02.587725: Current learning rate: 0.00127
2026-08-08 06:15:26.764988: train_loss -0.953
2026-08-08 06:15:26.765448: val_loss -0.9517
2026-08-08 06:15:26.765638: Pseudo dice [np.float32(0.9657), np.float32(0.9774), np.float32(0.9733)]
2026-08-08 06:15:26.765814: Epoch time: 24.18 s
2026-08-08 06:15:27.213562: 
2026-08-08 06:15:27.213807: Epoch 900
2026-08-08 06:15:27.214091: Current learning rate: 0.00126
2026-08-08 06:15:51.394030: train_loss -0.9532
2026-08-08 06:15:51.394428: val_loss -0.9542
2026-08-08 06:15:51.395194: Pseudo dice [np.float32(0.9673), np.float32(0.9779), np.float32(0.9756)]
2026-08-08 06:15:51.395551: Epoch time: 24.18 s
2026-08-08 06:15:51.798363: 
2026-08-08 06:15:51.798589: Epoch 901
2026-08-08 06:15:51.798788: Current learning rate: 0.00125
2026-08-08 06:16:15.975266: train_loss -0.953
2026-08-08 06:16:15.976440: val_loss -0.955
2026-08-08 06:16:15.977835: Pseudo dice [np.float32(0.9677), np.float32(0.9786), np.float32(0.9754)]
2026-08-08 06:16:15.978186: Epoch time: 24.18 s
2026-08-08 06:16:16.393927: 
2026-08-08 06:16:16.394171: Epoch 902
2026-08-08 06:16:16.394365: Current learning rate: 0.00124
2026-08-08 06:16:40.568616: train_loss -0.9532
2026-08-08 06:16:40.569019: val_loss -0.9543
2026-08-08 06:16:40.569311: Pseudo dice [np.float32(0.9673), np.float32(0.9781), np.float32(0.976)]
2026-08-08 06:16:40.569551: Epoch time: 24.17 s
2026-08-08 06:16:40.569935: Yayy! New best EMA pseudo Dice: 0.9728999733924866
2026-08-08 06:16:41.010630: 
2026-08-08 06:16:41.010844: Epoch 903
2026-08-08 06:16:41.011048: Current learning rate: 0.00122
2026-08-08 06:17:05.190543: train_loss -0.9536
2026-08-08 06:17:05.190942: val_loss -0.9544
2026-08-08 06:17:05.191243: Pseudo dice [np.float32(0.968), np.float32(0.9783), np.float32(0.9746)]
2026-08-08 06:17:05.191405: Epoch time: 24.18 s
2026-08-08 06:17:05.191512: Yayy! New best EMA pseudo Dice: 0.9729999899864197
2026-08-08 06:17:05.628362: 
2026-08-08 06:17:05.628705: Epoch 904
2026-08-08 06:17:05.628918: Current learning rate: 0.00121
2026-08-08 06:17:29.806937: train_loss -0.954
2026-08-08 06:17:29.807313: val_loss -0.9539
2026-08-08 06:17:29.807601: Pseudo dice [np.float32(0.9674), np.float32(0.9783), np.float32(0.9743)]
2026-08-08 06:17:29.807997: Epoch time: 24.18 s
2026-08-08 06:17:29.808765: Yayy! New best EMA pseudo Dice: 0.9729999899864197
2026-08-08 06:17:30.246250: 
2026-08-08 06:17:30.246462: Epoch 905
2026-08-08 06:17:30.246671: Current learning rate: 0.0012
2026-08-08 06:17:54.412178: train_loss -0.9536
2026-08-08 06:17:54.412593: val_loss -0.9528
2026-08-08 06:17:54.413353: Pseudo dice [np.float32(0.9664), np.float32(0.978), np.float32(0.9729)]
2026-08-08 06:17:54.414149: Epoch time: 24.17 s
2026-08-08 06:17:54.820501: 
2026-08-08 06:17:54.821128: Epoch 906
2026-08-08 06:17:54.821450: Current learning rate: 0.00119
2026-08-08 06:18:18.996626: train_loss -0.9534
2026-08-08 06:18:18.997016: val_loss -0.9538
2026-08-08 06:18:18.997642: Pseudo dice [np.float32(0.9679), np.float32(0.9783), np.float32(0.9736)]
2026-08-08 06:18:18.997903: Epoch time: 24.18 s
2026-08-08 06:18:19.405325: 
2026-08-08 06:18:19.405538: Epoch 907
2026-08-08 06:18:19.405739: Current learning rate: 0.00118
2026-08-08 06:18:43.587616: train_loss -0.9539
2026-08-08 06:18:43.588003: val_loss -0.9537
2026-08-08 06:18:43.588172: Pseudo dice [np.float32(0.968), np.float32(0.9781), np.float32(0.9728)]
2026-08-08 06:18:43.588464: Epoch time: 24.18 s
2026-08-08 06:18:44.000535: 
2026-08-08 06:18:44.000749: Epoch 908
2026-08-08 06:18:44.000879: Current learning rate: 0.00117
2026-08-08 06:19:08.174173: train_loss -0.9534
2026-08-08 06:19:08.174561: val_loss -0.9539
2026-08-08 06:19:08.174931: Pseudo dice [np.float32(0.9668), np.float32(0.9784), np.float32(0.9745)]
2026-08-08 06:19:08.175215: Epoch time: 24.17 s
2026-08-08 06:19:08.581176: 
2026-08-08 06:19:08.581400: Epoch 909
2026-08-08 06:19:08.581592: Current learning rate: 0.00116
2026-08-08 06:19:32.759292: train_loss -0.9536
2026-08-08 06:19:32.760077: val_loss -0.9532
2026-08-08 06:19:32.761252: Pseudo dice [np.float32(0.9671), np.float32(0.9776), np.float32(0.9742)]
2026-08-08 06:19:32.761669: Epoch time: 24.18 s
2026-08-08 06:19:33.395373: 
2026-08-08 06:19:33.396318: Epoch 910
2026-08-08 06:19:33.396742: Current learning rate: 0.00115
2026-08-08 06:19:57.566844: train_loss -0.9533
2026-08-08 06:19:57.567271: val_loss -0.9545
2026-08-08 06:19:57.567621: Pseudo dice [np.float32(0.9672), np.float32(0.9782), np.float32(0.9747)]
2026-08-08 06:19:57.567935: Epoch time: 24.17 s
2026-08-08 06:19:57.568246: Yayy! New best EMA pseudo Dice: 0.9729999899864197
2026-08-08 06:19:58.005293: 
2026-08-08 06:19:58.005611: Epoch 911
2026-08-08 06:19:58.005862: Current learning rate: 0.00113
2026-08-08 06:20:22.174780: train_loss -0.9534
2026-08-08 06:20:22.175521: val_loss -0.9542
2026-08-08 06:20:22.176610: Pseudo dice [np.float32(0.9685), np.float32(0.9778), np.float32(0.9734)]
2026-08-08 06:20:22.177104: Epoch time: 24.17 s
2026-08-08 06:20:22.177561: Yayy! New best EMA pseudo Dice: 0.9731000065803528
2026-08-08 06:20:22.615791: 
2026-08-08 06:20:22.616011: Epoch 912
2026-08-08 06:20:22.616149: Current learning rate: 0.00112
2026-08-08 06:20:46.780127: train_loss -0.9533
2026-08-08 06:20:46.780610: val_loss -0.953
2026-08-08 06:20:46.780848: Pseudo dice [np.float32(0.967), np.float32(0.9774), np.float32(0.9743)]
2026-08-08 06:20:46.781501: Epoch time: 24.16 s
2026-08-08 06:20:47.188210: 
2026-08-08 06:20:47.188420: Epoch 913
2026-08-08 06:20:47.188627: Current learning rate: 0.00111
2026-08-08 06:21:11.360148: train_loss -0.954
2026-08-08 06:21:11.360546: val_loss -0.9546
2026-08-08 06:21:11.361484: Pseudo dice [np.float32(0.9678), np.float32(0.9783), np.float32(0.9746)]
2026-08-08 06:21:11.361809: Epoch time: 24.17 s
2026-08-08 06:21:11.362011: Yayy! New best EMA pseudo Dice: 0.9731000065803528
2026-08-08 06:21:11.798519: 
2026-08-08 06:21:11.798812: Epoch 914
2026-08-08 06:21:11.799013: Current learning rate: 0.0011
2026-08-08 06:21:35.973677: train_loss -0.9536
2026-08-08 06:21:35.974143: val_loss -0.9539
2026-08-08 06:21:35.974429: Pseudo dice [np.float32(0.9668), np.float32(0.9784), np.float32(0.9741)]
2026-08-08 06:21:35.976191: Epoch time: 24.18 s
2026-08-08 06:21:35.976526: Yayy! New best EMA pseudo Dice: 0.9731000065803528
2026-08-08 06:21:36.420995: 
2026-08-08 06:21:36.421209: Epoch 915
2026-08-08 06:21:36.422088: Current learning rate: 0.00109
2026-08-08 06:22:00.599223: train_loss -0.9542
2026-08-08 06:22:00.599614: val_loss -0.9544
2026-08-08 06:22:00.599802: Pseudo dice [np.float32(0.9682), np.float32(0.978), np.float32(0.974)]
2026-08-08 06:22:00.599968: Epoch time: 24.18 s
2026-08-08 06:22:00.600522: Yayy! New best EMA pseudo Dice: 0.9731000065803528
2026-08-08 06:22:01.035830: 
2026-08-08 06:22:01.036052: Epoch 916
2026-08-08 06:22:01.036249: Current learning rate: 0.00108
2026-08-08 06:22:25.206281: train_loss -0.9538
2026-08-08 06:22:25.206666: val_loss -0.9542
2026-08-08 06:22:25.207229: Pseudo dice [np.float32(0.9669), np.float32(0.9786), np.float32(0.9753)]
2026-08-08 06:22:25.207903: Epoch time: 24.17 s
2026-08-08 06:22:25.208354: Yayy! New best EMA pseudo Dice: 0.9732000231742859
2026-08-08 06:22:25.660994: 
2026-08-08 06:22:25.661210: Epoch 917
2026-08-08 06:22:25.661415: Current learning rate: 0.00106
2026-08-08 06:22:49.836046: train_loss -0.9531
2026-08-08 06:22:49.836430: val_loss -0.9541
2026-08-08 06:22:49.836773: Pseudo dice [np.float32(0.9679), np.float32(0.978), np.float32(0.9744)]
2026-08-08 06:22:49.837048: Epoch time: 24.18 s
2026-08-08 06:22:49.837244: Yayy! New best EMA pseudo Dice: 0.9732000231742859
2026-08-08 06:22:50.280240: 
2026-08-08 06:22:50.280450: Epoch 918
2026-08-08 06:22:50.280960: Current learning rate: 0.00105
2026-08-08 06:23:14.452252: train_loss -0.954
2026-08-08 06:23:14.452636: val_loss -0.954
2026-08-08 06:23:14.453075: Pseudo dice [np.float32(0.9671), np.float32(0.9779), np.float32(0.9746)]
2026-08-08 06:23:14.454976: Epoch time: 24.17 s
2026-08-08 06:23:14.455411: Yayy! New best EMA pseudo Dice: 0.9732000231742859
2026-08-08 06:23:14.899978: 
2026-08-08 06:23:14.900207: Epoch 919
2026-08-08 06:23:14.901520: Current learning rate: 0.00104
2026-08-08 06:23:39.074282: train_loss -0.9539
2026-08-08 06:23:39.074667: val_loss -0.955
2026-08-08 06:23:39.075551: Pseudo dice [np.float32(0.9683), np.float32(0.9786), np.float32(0.9747)]
2026-08-08 06:23:39.075814: Epoch time: 24.17 s
2026-08-08 06:23:39.076416: Yayy! New best EMA pseudo Dice: 0.9732999801635742
2026-08-08 06:23:39.523526: 
2026-08-08 06:23:39.524011: Epoch 920
2026-08-08 06:23:39.524560: Current learning rate: 0.00103
2026-08-08 06:24:03.704363: train_loss -0.954
2026-08-08 06:24:03.704760: val_loss -0.9544
2026-08-08 06:24:03.705116: Pseudo dice [np.float32(0.9676), np.float32(0.9782), np.float32(0.9743)]
2026-08-08 06:24:03.705426: Epoch time: 24.18 s
2026-08-08 06:24:03.705692: Yayy! New best EMA pseudo Dice: 0.9732999801635742
2026-08-08 06:24:04.145707: 
2026-08-08 06:24:04.145920: Epoch 921
2026-08-08 06:24:04.146475: Current learning rate: 0.00102
2026-08-08 06:24:28.323229: train_loss -0.9541
2026-08-08 06:24:28.323629: val_loss -0.9531
2026-08-08 06:24:28.323922: Pseudo dice [np.float32(0.9668), np.float32(0.9783), np.float32(0.9729)]
2026-08-08 06:24:28.324250: Epoch time: 24.18 s
2026-08-08 06:24:28.729107: 
2026-08-08 06:24:28.729331: Epoch 922
2026-08-08 06:24:28.730298: Current learning rate: 0.00101
2026-08-08 06:24:52.914262: train_loss -0.9545
2026-08-08 06:24:52.914649: val_loss -0.9538
2026-08-08 06:24:52.915456: Pseudo dice [np.float32(0.967), np.float32(0.9781), np.float32(0.9742)]
2026-08-08 06:24:52.916102: Epoch time: 24.19 s
2026-08-08 06:24:53.555873: 
2026-08-08 06:24:53.556114: Epoch 923
2026-08-08 06:24:53.556518: Current learning rate: 0.001
2026-08-08 06:25:17.742076: train_loss -0.9536
2026-08-08 06:25:17.743396: val_loss -0.9545
2026-08-08 06:25:17.743735: Pseudo dice [np.float32(0.9685), np.float32(0.9783), np.float32(0.9734)]
2026-08-08 06:25:17.744024: Epoch time: 24.19 s
2026-08-08 06:25:18.152287: 
2026-08-08 06:25:18.152500: Epoch 924
2026-08-08 06:25:18.152816: Current learning rate: 0.00098
2026-08-08 06:25:42.337117: train_loss -0.9541
2026-08-08 06:25:42.337542: val_loss -0.9553
2026-08-08 06:25:42.338147: Pseudo dice [np.float32(0.9682), np.float32(0.9786), np.float32(0.9753)]
2026-08-08 06:25:42.338388: Epoch time: 24.18 s
2026-08-08 06:25:42.338544: Yayy! New best EMA pseudo Dice: 0.9732999801635742
2026-08-08 06:25:42.778595: 
2026-08-08 06:25:42.779082: Epoch 925
2026-08-08 06:25:42.779385: Current learning rate: 0.00097
2026-08-08 06:26:06.964212: train_loss -0.9536
2026-08-08 06:26:06.964610: val_loss -0.955
2026-08-08 06:26:06.965114: Pseudo dice [np.float32(0.9677), np.float32(0.9788), np.float32(0.9754)]
2026-08-08 06:26:06.965526: Epoch time: 24.19 s
2026-08-08 06:26:06.966236: Yayy! New best EMA pseudo Dice: 0.9733999967575073
2026-08-08 06:26:07.424043: 
2026-08-08 06:26:07.424261: Epoch 926
2026-08-08 06:26:07.424489: Current learning rate: 0.00096
2026-08-08 06:26:31.603159: train_loss -0.954
2026-08-08 06:26:31.603526: val_loss -0.9532
2026-08-08 06:26:31.604497: Pseudo dice [np.float32(0.967), np.float32(0.9776), np.float32(0.974)]
2026-08-08 06:26:31.605331: Epoch time: 24.18 s
2026-08-08 06:26:32.010513: 
2026-08-08 06:26:32.010903: Epoch 927
2026-08-08 06:26:32.011064: Current learning rate: 0.00095
2026-08-08 06:26:56.178674: train_loss -0.954
2026-08-08 06:26:56.179054: val_loss -0.9552
2026-08-08 06:26:56.179334: Pseudo dice [np.float32(0.9692), np.float32(0.9782), np.float32(0.9749)]
2026-08-08 06:26:56.179522: Epoch time: 24.17 s
2026-08-08 06:26:56.179860: Yayy! New best EMA pseudo Dice: 0.9733999967575073
2026-08-08 06:26:56.617007: 
2026-08-08 06:26:56.617224: Epoch 928
2026-08-08 06:26:56.617591: Current learning rate: 0.00094
2026-08-08 06:27:20.798331: train_loss -0.9544
2026-08-08 06:27:20.798728: val_loss -0.9535
2026-08-08 06:27:20.799031: Pseudo dice [np.float32(0.9676), np.float32(0.9779), np.float32(0.9737)]
2026-08-08 06:27:20.799205: Epoch time: 24.18 s
2026-08-08 06:27:21.213813: 
2026-08-08 06:27:21.214032: Epoch 929
2026-08-08 06:27:21.214617: Current learning rate: 0.00092
2026-08-08 06:27:45.380940: train_loss -0.954
2026-08-08 06:27:45.381356: val_loss -0.9547
2026-08-08 06:27:45.381844: Pseudo dice [np.float32(0.9675), np.float32(0.9782), np.float32(0.9752)]
2026-08-08 06:27:45.382238: Epoch time: 24.17 s
2026-08-08 06:27:45.790156: 
2026-08-08 06:27:45.790388: Epoch 930
2026-08-08 06:27:45.790530: Current learning rate: 0.00091
2026-08-08 06:28:09.964308: train_loss -0.9543
2026-08-08 06:28:09.964700: val_loss -0.9533
2026-08-08 06:28:09.965535: Pseudo dice [np.float32(0.9665), np.float32(0.9778), np.float32(0.9747)]
2026-08-08 06:28:09.965821: Epoch time: 24.17 s
2026-08-08 06:28:10.373267: 
2026-08-08 06:28:10.373894: Epoch 931
2026-08-08 06:28:10.374131: Current learning rate: 0.0009
2026-08-08 06:28:34.557629: train_loss -0.9533
2026-08-08 06:28:34.558013: val_loss -0.9528
2026-08-08 06:28:34.558517: Pseudo dice [np.float32(0.9675), np.float32(0.9779), np.float32(0.9719)]
2026-08-08 06:28:34.558830: Epoch time: 24.18 s
2026-08-08 06:28:34.968197: 
2026-08-08 06:28:34.968425: Epoch 932
2026-08-08 06:28:34.968680: Current learning rate: 0.00089
2026-08-08 06:28:59.141479: train_loss -0.954
2026-08-08 06:28:59.142386: val_loss -0.9524
2026-08-08 06:28:59.143187: Pseudo dice [np.float32(0.9673), np.float32(0.9777), np.float32(0.9716)]
2026-08-08 06:28:59.143512: Epoch time: 24.17 s
2026-08-08 06:28:59.554093: 
2026-08-08 06:28:59.554312: Epoch 933
2026-08-08 06:28:59.554601: Current learning rate: 0.00088
2026-08-08 06:29:23.739100: train_loss -0.9544
2026-08-08 06:29:23.741407: val_loss -0.9546
2026-08-08 06:29:23.741654: Pseudo dice [np.float32(0.9678), np.float32(0.9785), np.float32(0.9752)]
2026-08-08 06:29:23.741920: Epoch time: 24.19 s
2026-08-08 06:29:24.152141: 
2026-08-08 06:29:24.152375: Epoch 934
2026-08-08 06:29:24.152526: Current learning rate: 0.00087
2026-08-08 06:29:48.337710: train_loss -0.9544
2026-08-08 06:29:48.338098: val_loss -0.9546
2026-08-08 06:29:48.338447: Pseudo dice [np.float32(0.9678), np.float32(0.9782), np.float32(0.9747)]
2026-08-08 06:29:48.338764: Epoch time: 24.19 s
2026-08-08 06:29:48.739305: 
2026-08-08 06:29:48.739659: Epoch 935
2026-08-08 06:29:48.740113: Current learning rate: 0.00085
2026-08-08 06:30:12.913584: train_loss -0.9542
2026-08-08 06:30:12.913997: val_loss -0.9536
2026-08-08 06:30:12.914478: Pseudo dice [np.float32(0.9674), np.float32(0.978), np.float32(0.9742)]
2026-08-08 06:30:12.915439: Epoch time: 24.17 s
2026-08-08 06:30:13.555588: 
2026-08-08 06:30:13.555823: Epoch 936
2026-08-08 06:30:13.556142: Current learning rate: 0.00084
2026-08-08 06:30:37.726567: train_loss -0.9541
2026-08-08 06:30:37.727429: val_loss -0.9556
2026-08-08 06:30:37.728395: Pseudo dice [np.float32(0.9687), np.float32(0.9786), np.float32(0.9751)]
2026-08-08 06:30:37.728685: Epoch time: 24.17 s
2026-08-08 06:30:38.148622: 
2026-08-08 06:30:38.148831: Epoch 937
2026-08-08 06:30:38.148969: Current learning rate: 0.00083
2026-08-08 06:31:02.328442: train_loss -0.9543
2026-08-08 06:31:02.328844: val_loss -0.9551
2026-08-08 06:31:02.329021: Pseudo dice [np.float32(0.9682), np.float32(0.9788), np.float32(0.975)]
2026-08-08 06:31:02.329523: Epoch time: 24.18 s
2026-08-08 06:31:02.329715: Yayy! New best EMA pseudo Dice: 0.9733999967575073
2026-08-08 06:31:02.770270: 
2026-08-08 06:31:02.771038: Epoch 938
2026-08-08 06:31:02.771451: Current learning rate: 0.00082
2026-08-08 06:31:26.941171: train_loss -0.9543
2026-08-08 06:31:26.941569: val_loss -0.9547
2026-08-08 06:31:26.942293: Pseudo dice [np.float32(0.9679), np.float32(0.978), np.float32(0.9746)]
2026-08-08 06:31:26.942564: Epoch time: 24.17 s
2026-08-08 06:31:26.942833: Yayy! New best EMA pseudo Dice: 0.9733999967575073
2026-08-08 06:31:27.387322: 
2026-08-08 06:31:27.387581: Epoch 939
2026-08-08 06:31:27.387802: Current learning rate: 0.00081
2026-08-08 06:31:51.567850: train_loss -0.9539
2026-08-08 06:31:51.568233: val_loss -0.9542
2026-08-08 06:31:51.568626: Pseudo dice [np.float32(0.9676), np.float32(0.9777), np.float32(0.9745)]
2026-08-08 06:31:51.568879: Epoch time: 24.18 s
2026-08-08 06:31:51.976201: 
2026-08-08 06:31:51.976477: Epoch 940
2026-08-08 06:31:51.976698: Current learning rate: 0.00079
2026-08-08 06:32:16.156079: train_loss -0.9532
2026-08-08 06:32:16.156463: val_loss -0.9543
2026-08-08 06:32:16.156853: Pseudo dice [np.float32(0.9674), np.float32(0.9779), np.float32(0.9754)]
2026-08-08 06:32:16.157579: Epoch time: 24.18 s
2026-08-08 06:32:16.157914: Yayy! New best EMA pseudo Dice: 0.9733999967575073
2026-08-08 06:32:16.600453: 
2026-08-08 06:32:16.600672: Epoch 941
2026-08-08 06:32:16.600947: Current learning rate: 0.00078
2026-08-08 06:32:40.773703: train_loss -0.9542
2026-08-08 06:32:40.774069: val_loss -0.9544
2026-08-08 06:32:40.774877: Pseudo dice [np.float32(0.9677), np.float32(0.978), np.float32(0.9753)]
2026-08-08 06:32:40.775534: Epoch time: 24.17 s
2026-08-08 06:32:40.775806: Yayy! New best EMA pseudo Dice: 0.9733999967575073
2026-08-08 06:32:41.216738: 
2026-08-08 06:32:41.217068: Epoch 942
2026-08-08 06:32:41.217339: Current learning rate: 0.00077
2026-08-08 06:33:05.389513: train_loss -0.9541
2026-08-08 06:33:05.390316: val_loss -0.954
2026-08-08 06:33:05.390907: Pseudo dice [np.float32(0.9673), np.float32(0.9783), np.float32(0.9742)]
2026-08-08 06:33:05.391212: Epoch time: 24.17 s
2026-08-08 06:33:05.792883: 
2026-08-08 06:33:05.793214: Epoch 943
2026-08-08 06:33:05.793411: Current learning rate: 0.00076
2026-08-08 06:33:29.974259: train_loss -0.9546
2026-08-08 06:33:29.974734: val_loss -0.9547
2026-08-08 06:33:29.975402: Pseudo dice [np.float32(0.9681), np.float32(0.9782), np.float32(0.9742)]
2026-08-08 06:33:29.975823: Epoch time: 24.18 s
2026-08-08 06:33:30.381752: 
2026-08-08 06:33:30.382117: Epoch 944
2026-08-08 06:33:30.382251: Current learning rate: 0.00075
2026-08-08 06:33:54.556524: train_loss -0.954
2026-08-08 06:33:54.557035: val_loss -0.9533
2026-08-08 06:33:54.557468: Pseudo dice [np.float32(0.9683), np.float32(0.978), np.float32(0.9723)]
2026-08-08 06:33:54.557775: Epoch time: 24.17 s
2026-08-08 06:33:54.960819: 
2026-08-08 06:33:54.961035: Epoch 945
2026-08-08 06:33:54.961434: Current learning rate: 0.00074
2026-08-08 06:34:19.140617: train_loss -0.954
2026-08-08 06:34:19.141100: val_loss -0.9532
2026-08-08 06:34:19.141388: Pseudo dice [np.float32(0.9675), np.float32(0.9778), np.float32(0.9724)]
2026-08-08 06:34:19.141725: Epoch time: 24.18 s
2026-08-08 06:34:19.540617: 
2026-08-08 06:34:19.541010: Epoch 946
2026-08-08 06:34:19.541144: Current learning rate: 0.00072
2026-08-08 06:34:43.721035: train_loss -0.9542
2026-08-08 06:34:43.721413: val_loss -0.9546
2026-08-08 06:34:43.721853: Pseudo dice [np.float32(0.9678), np.float32(0.9783), np.float32(0.9744)]
2026-08-08 06:34:43.722176: Epoch time: 24.18 s
2026-08-08 06:34:44.120051: 
2026-08-08 06:34:44.120264: Epoch 947
2026-08-08 06:34:44.120576: Current learning rate: 0.00071
2026-08-08 06:35:08.297900: train_loss -0.9546
2026-08-08 06:35:08.298361: val_loss -0.9557
2026-08-08 06:35:08.298768: Pseudo dice [np.float32(0.9684), np.float32(0.9786), np.float32(0.9755)]
2026-08-08 06:35:08.299002: Epoch time: 24.18 s
2026-08-08 06:35:08.704569: 
2026-08-08 06:35:08.705831: Epoch 948
2026-08-08 06:35:08.706322: Current learning rate: 0.0007
2026-08-08 06:35:32.877011: train_loss -0.9551
2026-08-08 06:35:32.877428: val_loss -0.9556
2026-08-08 06:35:32.877874: Pseudo dice [np.float32(0.9683), np.float32(0.9787), np.float32(0.9749)]
2026-08-08 06:35:32.878187: Epoch time: 24.17 s
2026-08-08 06:35:32.878491: Yayy! New best EMA pseudo Dice: 0.9735000133514404
2026-08-08 06:35:33.538449: 
2026-08-08 06:35:33.538676: Epoch 949
2026-08-08 06:35:33.538914: Current learning rate: 0.00069
2026-08-08 06:35:57.714026: train_loss -0.9544
2026-08-08 06:35:57.714484: val_loss -0.9543
2026-08-08 06:35:57.714850: Pseudo dice [np.float32(0.9679), np.float32(0.9784), np.float32(0.9739)]
2026-08-08 06:35:57.715015: Epoch time: 24.18 s
2026-08-08 06:35:58.155815: 
2026-08-08 06:35:58.156355: Epoch 950
2026-08-08 06:35:58.156766: Current learning rate: 0.00067
2026-08-08 06:36:22.335590: train_loss -0.9545
2026-08-08 06:36:22.335969: val_loss -0.9538
2026-08-08 06:36:22.336328: Pseudo dice [np.float32(0.9677), np.float32(0.9785), np.float32(0.9734)]
2026-08-08 06:36:22.336608: Epoch time: 24.18 s
2026-08-08 06:36:22.742578: 
2026-08-08 06:36:22.742948: Epoch 951
2026-08-08 06:36:22.743324: Current learning rate: 0.00066
2026-08-08 06:36:46.930016: train_loss -0.9543
2026-08-08 06:36:46.930560: val_loss -0.9556
2026-08-08 06:36:46.930782: Pseudo dice [np.float32(0.9686), np.float32(0.9788), np.float32(0.9746)]
2026-08-08 06:36:46.931041: Epoch time: 24.19 s
2026-08-08 06:36:46.931238: Yayy! New best EMA pseudo Dice: 0.9735000133514404
2026-08-08 06:36:47.371302: 
2026-08-08 06:36:47.371710: Epoch 952
2026-08-08 06:36:47.371918: Current learning rate: 0.00065
2026-08-08 06:37:11.546961: train_loss -0.9546
2026-08-08 06:37:11.547436: val_loss -0.9552
2026-08-08 06:37:11.547693: Pseudo dice [np.float32(0.9678), np.float32(0.9786), np.float32(0.9755)]
2026-08-08 06:37:11.547984: Epoch time: 24.18 s
2026-08-08 06:37:11.548100: Yayy! New best EMA pseudo Dice: 0.9735000133514404
2026-08-08 06:37:11.990546: 
2026-08-08 06:37:11.990765: Epoch 953
2026-08-08 06:37:11.991154: Current learning rate: 0.00064
2026-08-08 06:37:36.163401: train_loss -0.9544
2026-08-08 06:37:36.163803: val_loss -0.9543
2026-08-08 06:37:36.164079: Pseudo dice [np.float32(0.9679), np.float32(0.9781), np.float32(0.9742)]
2026-08-08 06:37:36.164260: Epoch time: 24.17 s
2026-08-08 06:37:36.574240: 
2026-08-08 06:37:36.574462: Epoch 954
2026-08-08 06:37:36.574686: Current learning rate: 0.00063
2026-08-08 06:38:00.750463: train_loss -0.9548
2026-08-08 06:38:00.750911: val_loss -0.9545
2026-08-08 06:38:00.751180: Pseudo dice [np.float32(0.9679), np.float32(0.9784), np.float32(0.9741)]
2026-08-08 06:38:00.752448: Epoch time: 24.18 s
2026-08-08 06:38:01.167717: 
2026-08-08 06:38:01.167948: Epoch 955
2026-08-08 06:38:01.169451: Current learning rate: 0.00061
2026-08-08 06:38:25.334247: train_loss -0.9545
2026-08-08 06:38:25.334668: val_loss -0.9561
2026-08-08 06:38:25.335071: Pseudo dice [np.float32(0.9685), np.float32(0.979), np.float32(0.9756)]
2026-08-08 06:38:25.335369: Epoch time: 24.17 s
2026-08-08 06:38:25.335868: Yayy! New best EMA pseudo Dice: 0.9735999703407288
2026-08-08 06:38:25.781655: 
2026-08-08 06:38:25.782189: Epoch 956
2026-08-08 06:38:25.782674: Current learning rate: 0.0006
2026-08-08 06:38:49.961173: train_loss -0.9555
2026-08-08 06:38:49.961578: val_loss -0.9551
2026-08-08 06:38:49.961956: Pseudo dice [np.float32(0.9682), np.float32(0.9786), np.float32(0.9749)]
2026-08-08 06:38:49.962330: Epoch time: 24.18 s
2026-08-08 06:38:49.962503: Yayy! New best EMA pseudo Dice: 0.9735999703407288
2026-08-08 06:38:50.403785: 
2026-08-08 06:38:50.404047: Epoch 957
2026-08-08 06:38:50.404530: Current learning rate: 0.00059
2026-08-08 06:39:14.582977: train_loss -0.9547
2026-08-08 06:39:14.583350: val_loss -0.9551
2026-08-08 06:39:14.583865: Pseudo dice [np.float32(0.9683), np.float32(0.9784), np.float32(0.9748)]
2026-08-08 06:39:14.584203: Epoch time: 24.18 s
2026-08-08 06:39:14.584492: Yayy! New best EMA pseudo Dice: 0.9735999703407288
2026-08-08 06:39:15.023605: 
2026-08-08 06:39:15.023837: Epoch 958
2026-08-08 06:39:15.024056: Current learning rate: 0.00058
2026-08-08 06:39:39.199216: train_loss -0.9552
2026-08-08 06:39:39.199625: val_loss -0.9557
2026-08-08 06:39:39.199991: Pseudo dice [np.float32(0.9691), np.float32(0.9785), np.float32(0.9753)]
2026-08-08 06:39:39.200290: Epoch time: 24.18 s
2026-08-08 06:39:39.200504: Yayy! New best EMA pseudo Dice: 0.9736999869346619
2026-08-08 06:39:39.652014: 
2026-08-08 06:39:39.652239: Epoch 959
2026-08-08 06:39:39.652602: Current learning rate: 0.00056
2026-08-08 06:40:03.822390: train_loss -0.955
2026-08-08 06:40:03.822871: val_loss -0.9547
2026-08-08 06:40:03.823043: Pseudo dice [np.float32(0.9687), np.float32(0.9786), np.float32(0.9736)]
2026-08-08 06:40:03.823207: Epoch time: 24.17 s
2026-08-08 06:40:04.235131: 
2026-08-08 06:40:04.235813: Epoch 960
2026-08-08 06:40:04.236033: Current learning rate: 0.00055
2026-08-08 06:40:28.409268: train_loss -0.9547
2026-08-08 06:40:28.409647: val_loss -0.955
2026-08-08 06:40:28.410108: Pseudo dice [np.float32(0.968), np.float32(0.9786), np.float32(0.9744)]
2026-08-08 06:40:28.410426: Epoch time: 24.17 s
2026-08-08 06:40:28.817535: 
2026-08-08 06:40:28.817795: Epoch 961
2026-08-08 06:40:28.818037: Current learning rate: 0.00054
2026-08-08 06:40:52.999014: train_loss -0.9545
2026-08-08 06:40:52.999445: val_loss -0.9545
2026-08-08 06:40:52.999777: Pseudo dice [np.float32(0.9678), np.float32(0.9779), np.float32(0.9746)]
2026-08-08 06:40:53.000225: Epoch time: 24.18 s
2026-08-08 06:40:53.651506: 
2026-08-08 06:40:53.651880: Epoch 962
2026-08-08 06:40:53.652123: Current learning rate: 0.00053
2026-08-08 06:41:17.825405: train_loss -0.9551
2026-08-08 06:41:17.825839: val_loss -0.9547
2026-08-08 06:41:17.826205: Pseudo dice [np.float32(0.9677), np.float32(0.9784), np.float32(0.9753)]
2026-08-08 06:41:17.826475: Epoch time: 24.17 s
2026-08-08 06:41:18.242024: 
2026-08-08 06:41:18.242239: Epoch 963
2026-08-08 06:41:18.242568: Current learning rate: 0.00051
2026-08-08 06:41:42.418504: train_loss -0.9546
2026-08-08 06:41:42.418987: val_loss -0.9542
2026-08-08 06:41:42.419523: Pseudo dice [np.float32(0.968), np.float32(0.9786), np.float32(0.9734)]
2026-08-08 06:41:42.419797: Epoch time: 24.18 s
2026-08-08 06:41:42.827072: 
2026-08-08 06:41:42.827289: Epoch 964
2026-08-08 06:41:42.827486: Current learning rate: 0.0005
2026-08-08 06:42:07.000953: train_loss -0.9548
2026-08-08 06:42:07.001354: val_loss -0.9547
2026-08-08 06:42:07.001761: Pseudo dice [np.float32(0.9678), np.float32(0.9783), np.float32(0.9753)]
2026-08-08 06:42:07.002035: Epoch time: 24.17 s
2026-08-08 06:42:07.416645: 
2026-08-08 06:42:07.416864: Epoch 965
2026-08-08 06:42:07.417595: Current learning rate: 0.00049
2026-08-08 06:42:31.593241: train_loss -0.9546
2026-08-08 06:42:31.593632: val_loss -0.9543
2026-08-08 06:42:31.594227: Pseudo dice [np.float32(0.9677), np.float32(0.9782), np.float32(0.9741)]
2026-08-08 06:42:31.594548: Epoch time: 24.18 s
2026-08-08 06:42:31.996287: 
2026-08-08 06:42:31.996552: Epoch 966
2026-08-08 06:42:31.996782: Current learning rate: 0.00048
2026-08-08 06:42:56.172997: train_loss -0.9551
2026-08-08 06:42:56.173476: val_loss -0.9551
2026-08-08 06:42:56.173919: Pseudo dice [np.float32(0.969), np.float32(0.9783), np.float32(0.9746)]
2026-08-08 06:42:56.174273: Epoch time: 24.18 s
2026-08-08 06:42:56.585806: 
2026-08-08 06:42:56.586385: Epoch 967
2026-08-08 06:42:56.586661: Current learning rate: 0.00046
2026-08-08 06:43:20.759189: train_loss -0.9551
2026-08-08 06:43:20.759599: val_loss -0.9552
2026-08-08 06:43:20.760094: Pseudo dice [np.float32(0.9683), np.float32(0.9786), np.float32(0.9748)]
2026-08-08 06:43:20.760267: Epoch time: 24.17 s
2026-08-08 06:43:21.171887: 
2026-08-08 06:43:21.172105: Epoch 968
2026-08-08 06:43:21.172290: Current learning rate: 0.00045
2026-08-08 06:43:45.356409: train_loss -0.9549
2026-08-08 06:43:45.356796: val_loss -0.954
2026-08-08 06:43:45.357564: Pseudo dice [np.float32(0.9679), np.float32(0.9783), np.float32(0.9735)]
2026-08-08 06:43:45.358434: Epoch time: 24.18 s
2026-08-08 06:43:45.775073: 
2026-08-08 06:43:45.775289: Epoch 969
2026-08-08 06:43:45.775531: Current learning rate: 0.00044
2026-08-08 06:44:09.950194: train_loss -0.9548
2026-08-08 06:44:09.950620: val_loss -0.9546
2026-08-08 06:44:09.951235: Pseudo dice [np.float32(0.9687), np.float32(0.9786), np.float32(0.9733)]
2026-08-08 06:44:09.951600: Epoch time: 24.18 s
2026-08-08 06:44:10.367453: 
2026-08-08 06:44:10.367666: Epoch 970
2026-08-08 06:44:10.367795: Current learning rate: 0.00043
2026-08-08 06:44:34.541241: train_loss -0.955
2026-08-08 06:44:34.541992: val_loss -0.9563
2026-08-08 06:44:34.542426: Pseudo dice [np.float32(0.969), np.float32(0.9791), np.float32(0.9753)]
2026-08-08 06:44:34.542701: Epoch time: 24.17 s
2026-08-08 06:44:34.542905: Yayy! New best EMA pseudo Dice: 0.9736999869346619
2026-08-08 06:44:34.983057: 
2026-08-08 06:44:34.983687: Epoch 971
2026-08-08 06:44:34.984225: Current learning rate: 0.00041
2026-08-08 06:44:59.153857: train_loss -0.9551
2026-08-08 06:44:59.154253: val_loss -0.9563
2026-08-08 06:44:59.155075: Pseudo dice [np.float32(0.9684), np.float32(0.9794), np.float32(0.9757)]
2026-08-08 06:44:59.155497: Epoch time: 24.17 s
2026-08-08 06:44:59.156268: Yayy! New best EMA pseudo Dice: 0.973800003528595
2026-08-08 06:44:59.602788: 
2026-08-08 06:44:59.603001: Epoch 972
2026-08-08 06:44:59.603268: Current learning rate: 0.0004
2026-08-08 06:45:23.774512: train_loss -0.9552
2026-08-08 06:45:23.774909: val_loss -0.9547
2026-08-08 06:45:23.775271: Pseudo dice [np.float32(0.9683), np.float32(0.9779), np.float32(0.9753)]
2026-08-08 06:45:23.775635: Epoch time: 24.17 s
2026-08-08 06:45:23.775901: Yayy! New best EMA pseudo Dice: 0.973800003528595
2026-08-08 06:45:24.221398: 
2026-08-08 06:45:24.222024: Epoch 973
2026-08-08 06:45:24.222484: Current learning rate: 0.00039
2026-08-08 06:45:48.391627: train_loss -0.9553
2026-08-08 06:45:48.392059: val_loss -0.9537
2026-08-08 06:45:48.392529: Pseudo dice [np.float32(0.9691), np.float32(0.9779), np.float32(0.9724)]
2026-08-08 06:45:48.392703: Epoch time: 24.17 s
2026-08-08 06:45:49.020953: 
2026-08-08 06:45:49.021274: Epoch 974
2026-08-08 06:45:49.021630: Current learning rate: 0.00037
2026-08-08 06:46:13.202636: train_loss -0.9548
2026-08-08 06:46:13.203055: val_loss -0.9545
2026-08-08 06:46:13.203639: Pseudo dice [np.float32(0.9678), np.float32(0.9785), np.float32(0.9748)]
2026-08-08 06:46:13.203928: Epoch time: 24.18 s
2026-08-08 06:46:13.613746: 
2026-08-08 06:46:13.613964: Epoch 975
2026-08-08 06:46:13.614100: Current learning rate: 0.00036
2026-08-08 06:46:37.786856: train_loss -0.9553
2026-08-08 06:46:37.787248: val_loss -0.9546
2026-08-08 06:46:37.787681: Pseudo dice [np.float32(0.9682), np.float32(0.9787), np.float32(0.9739)]
2026-08-08 06:46:37.788332: Epoch time: 24.17 s
2026-08-08 06:46:38.200735: 
2026-08-08 06:46:38.201030: Epoch 976
2026-08-08 06:46:38.201159: Current learning rate: 0.00035
2026-08-08 06:47:02.381196: train_loss -0.9545
2026-08-08 06:47:02.381609: val_loss -0.9536
2026-08-08 06:47:02.381956: Pseudo dice [np.float32(0.9668), np.float32(0.9775), np.float32(0.9744)]
2026-08-08 06:47:02.382244: Epoch time: 24.18 s
2026-08-08 06:47:02.789186: 
2026-08-08 06:47:02.789415: Epoch 977
2026-08-08 06:47:02.789636: Current learning rate: 0.00034
2026-08-08 06:47:26.964071: train_loss -0.9546
2026-08-08 06:47:26.964475: val_loss -0.955
2026-08-08 06:47:26.965323: Pseudo dice [np.float32(0.9686), np.float32(0.9785), np.float32(0.9748)]
2026-08-08 06:47:26.965708: Epoch time: 24.18 s
2026-08-08 06:47:27.388081: 
2026-08-08 06:47:27.388355: Epoch 978
2026-08-08 06:47:27.389068: Current learning rate: 0.00032
2026-08-08 06:47:51.567488: train_loss -0.9549
2026-08-08 06:47:51.567890: val_loss -0.9548
2026-08-08 06:47:51.568182: Pseudo dice [np.float32(0.9677), np.float32(0.9783), np.float32(0.9741)]
2026-08-08 06:47:51.568539: Epoch time: 24.18 s
2026-08-08 06:47:51.974840: 
2026-08-08 06:47:51.975119: Epoch 979
2026-08-08 06:47:51.975309: Current learning rate: 0.00031
2026-08-08 06:48:16.151865: train_loss -0.9547
2026-08-08 06:48:16.152340: val_loss -0.9554
2026-08-08 06:48:16.153583: Pseudo dice [np.float32(0.9683), np.float32(0.9792), np.float32(0.9752)]
2026-08-08 06:48:16.153876: Epoch time: 24.18 s
2026-08-08 06:48:16.563304: 
2026-08-08 06:48:16.563517: Epoch 980
2026-08-08 06:48:16.563802: Current learning rate: 0.0003
2026-08-08 06:48:40.743915: train_loss -0.9557
2026-08-08 06:48:40.745098: val_loss -0.9531
2026-08-08 06:48:40.745651: Pseudo dice [np.float32(0.9671), np.float32(0.9776), np.float32(0.9738)]
2026-08-08 06:48:40.745928: Epoch time: 24.18 s
2026-08-08 06:48:41.157639: 
2026-08-08 06:48:41.157847: Epoch 981
2026-08-08 06:48:41.157980: Current learning rate: 0.00028
2026-08-08 06:49:05.343474: train_loss -0.9552
2026-08-08 06:49:05.343853: val_loss -0.9553
2026-08-08 06:49:05.344045: Pseudo dice [np.float32(0.969), np.float32(0.9785), np.float32(0.9743)]
2026-08-08 06:49:05.344605: Epoch time: 24.19 s
2026-08-08 06:49:05.758442: 
2026-08-08 06:49:05.759627: Epoch 982
2026-08-08 06:49:05.760150: Current learning rate: 0.00027
2026-08-08 06:49:29.933167: train_loss -0.9557
2026-08-08 06:49:29.933593: val_loss -0.954
2026-08-08 06:49:29.934552: Pseudo dice [np.float32(0.9677), np.float32(0.9777), np.float32(0.9738)]
2026-08-08 06:49:29.935322: Epoch time: 24.17 s
2026-08-08 06:49:30.346315: 
2026-08-08 06:49:30.346549: Epoch 983
2026-08-08 06:49:30.347122: Current learning rate: 0.00026
2026-08-08 06:49:54.523947: train_loss -0.9559
2026-08-08 06:49:54.524448: val_loss -0.9556
2026-08-08 06:49:54.525763: Pseudo dice [np.float32(0.9687), np.float32(0.9787), np.float32(0.9748)]
2026-08-08 06:49:54.526207: Epoch time: 24.18 s
2026-08-08 06:49:54.936995: 
2026-08-08 06:49:54.937208: Epoch 984
2026-08-08 06:49:54.937415: Current learning rate: 0.00024
2026-08-08 06:50:19.114476: train_loss -0.9555
2026-08-08 06:50:19.114878: val_loss -0.955
2026-08-08 06:50:19.115938: Pseudo dice [np.float32(0.968), np.float32(0.9787), np.float32(0.975)]
2026-08-08 06:50:19.116348: Epoch time: 24.18 s
2026-08-08 06:50:19.525585: 
2026-08-08 06:50:19.525795: Epoch 985
2026-08-08 06:50:19.526006: Current learning rate: 0.00023
2026-08-08 06:50:43.701194: train_loss -0.9552
2026-08-08 06:50:43.701584: val_loss -0.9559
2026-08-08 06:50:43.701780: Pseudo dice [np.float32(0.9689), np.float32(0.9788), np.float32(0.9753)]
2026-08-08 06:50:43.701945: Epoch time: 24.18 s
2026-08-08 06:50:44.114319: 
2026-08-08 06:50:44.114627: Epoch 986
2026-08-08 06:50:44.114760: Current learning rate: 0.00021
2026-08-08 06:51:08.283370: train_loss -0.9553
2026-08-08 06:51:08.284316: val_loss -0.9541
2026-08-08 06:51:08.284870: Pseudo dice [np.float32(0.9675), np.float32(0.9781), np.float32(0.9748)]
2026-08-08 06:51:08.285080: Epoch time: 24.17 s
2026-08-08 06:51:08.928341: 
2026-08-08 06:51:08.928577: Epoch 987
2026-08-08 06:51:08.928797: Current learning rate: 0.0002
2026-08-08 06:51:33.102850: train_loss -0.9555
2026-08-08 06:51:33.103257: val_loss -0.9554
2026-08-08 06:51:33.103615: Pseudo dice [np.float32(0.9687), np.float32(0.9785), np.float32(0.9752)]
2026-08-08 06:51:33.104323: Epoch time: 24.17 s
2026-08-08 06:51:33.519359: 
2026-08-08 06:51:33.519582: Epoch 988
2026-08-08 06:51:33.519875: Current learning rate: 0.00019
2026-08-08 06:51:57.691585: train_loss -0.9556
2026-08-08 06:51:57.691985: val_loss -0.9546
2026-08-08 06:51:57.692464: Pseudo dice [np.float32(0.968), np.float32(0.9784), np.float32(0.975)]
2026-08-08 06:51:57.692708: Epoch time: 24.17 s
2026-08-08 06:51:58.097938: 
2026-08-08 06:51:58.098151: Epoch 989
2026-08-08 06:51:58.098425: Current learning rate: 0.00017
2026-08-08 06:52:22.266086: train_loss -0.9553
2026-08-08 06:52:22.266481: val_loss -0.9548
2026-08-08 06:52:22.266769: Pseudo dice [np.float32(0.9672), np.float32(0.9786), np.float32(0.9761)]
2026-08-08 06:52:22.266938: Epoch time: 24.17 s
2026-08-08 06:52:22.676501: 
2026-08-08 06:52:22.677115: Epoch 990
2026-08-08 06:52:22.677349: Current learning rate: 0.00016
2026-08-08 06:52:46.854552: train_loss -0.9556
2026-08-08 06:52:46.855131: val_loss -0.955
2026-08-08 06:52:46.855493: Pseudo dice [np.float32(0.968), np.float32(0.9786), np.float32(0.9752)]
2026-08-08 06:52:46.855821: Epoch time: 24.18 s
2026-08-08 06:52:47.263060: 
2026-08-08 06:52:47.263304: Epoch 991
2026-08-08 06:52:47.263438: Current learning rate: 0.00014
2026-08-08 06:53:11.439551: train_loss -0.9557
2026-08-08 06:53:11.440035: val_loss -0.9557
2026-08-08 06:53:11.440428: Pseudo dice [np.float32(0.9689), np.float32(0.9788), np.float32(0.9751)]
2026-08-08 06:53:11.440730: Epoch time: 24.18 s
2026-08-08 06:53:11.441121: Yayy! New best EMA pseudo Dice: 0.973800003528595
2026-08-08 06:53:11.885130: 
2026-08-08 06:53:11.885372: Epoch 992
2026-08-08 06:53:11.885667: Current learning rate: 0.00013
2026-08-08 06:53:36.054461: train_loss -0.9556
2026-08-08 06:53:36.054856: val_loss -0.9556
2026-08-08 06:53:36.055230: Pseudo dice [np.float32(0.9685), np.float32(0.9789), np.float32(0.9746)]
2026-08-08 06:53:36.055400: Epoch time: 24.17 s
2026-08-08 06:53:36.055544: Yayy! New best EMA pseudo Dice: 0.973800003528595
2026-08-08 06:53:36.504786: 
2026-08-08 06:53:36.505008: Epoch 993
2026-08-08 06:53:36.505213: Current learning rate: 0.00011
2026-08-08 06:54:00.677845: train_loss -0.9548
2026-08-08 06:54:00.678287: val_loss -0.9541
2026-08-08 06:54:00.678773: Pseudo dice [np.float32(0.9683), np.float32(0.9783), np.float32(0.9733)]
2026-08-08 06:54:00.679035: Epoch time: 24.17 s
2026-08-08 06:54:01.090528: 
2026-08-08 06:54:01.090995: Epoch 994
2026-08-08 06:54:01.091156: Current learning rate: 0.0001
2026-08-08 06:54:25.265256: train_loss -0.9557
2026-08-08 06:54:25.265739: val_loss -0.9557
2026-08-08 06:54:25.266396: Pseudo dice [np.float32(0.9689), np.float32(0.9787), np.float32(0.975)]
2026-08-08 06:54:25.267378: Epoch time: 24.17 s
2026-08-08 06:54:25.676132: 
2026-08-08 06:54:25.676339: Epoch 995
2026-08-08 06:54:25.676543: Current learning rate: 8e-05
2026-08-08 06:54:49.845227: train_loss -0.9556
2026-08-08 06:54:49.847193: val_loss -0.9559
2026-08-08 06:54:49.847574: Pseudo dice [np.float32(0.969), np.float32(0.9792), np.float32(0.975)]
2026-08-08 06:54:49.847951: Epoch time: 24.17 s
2026-08-08 06:54:49.848219: Yayy! New best EMA pseudo Dice: 0.9739000201225281
2026-08-08 06:54:50.295669: 
2026-08-08 06:54:50.295965: Epoch 996
2026-08-08 06:54:50.296195: Current learning rate: 7e-05
2026-08-08 06:55:14.475745: train_loss -0.9553
2026-08-08 06:55:14.477130: val_loss -0.9554
2026-08-08 06:55:14.478221: Pseudo dice [np.float32(0.9685), np.float32(0.9783), np.float32(0.975)]
2026-08-08 06:55:14.478413: Epoch time: 24.18 s
2026-08-08 06:55:14.478645: Yayy! New best EMA pseudo Dice: 0.9739000201225281
2026-08-08 06:55:14.929950: 
2026-08-08 06:55:14.930170: Epoch 997
2026-08-08 06:55:14.930310: Current learning rate: 5e-05
2026-08-08 06:55:39.099849: train_loss -0.9555
2026-08-08 06:55:39.100224: val_loss -0.9555
2026-08-08 06:55:39.100642: Pseudo dice [np.float32(0.9691), np.float32(0.9783), np.float32(0.9749)]
2026-08-08 06:55:39.101603: Epoch time: 24.17 s
2026-08-08 06:55:39.101742: Yayy! New best EMA pseudo Dice: 0.9739000201225281
2026-08-08 06:55:39.562568: 
2026-08-08 06:55:39.562808: Epoch 998
2026-08-08 06:55:39.563488: Current learning rate: 4e-05
2026-08-08 06:56:03.743249: train_loss -0.9557
2026-08-08 06:56:03.743818: val_loss -0.9534
2026-08-08 06:56:03.743999: Pseudo dice [np.float32(0.9677), np.float32(0.9779), np.float32(0.9732)]
2026-08-08 06:56:03.744252: Epoch time: 24.18 s
2026-08-08 06:56:04.150867: 
2026-08-08 06:56:04.151085: Epoch 999
2026-08-08 06:56:04.151223: Current learning rate: 2e-05
2026-08-08 06:56:28.328156: train_loss -0.9563
2026-08-08 06:56:28.328595: val_loss -0.9553
2026-08-08 06:56:28.329610: Pseudo dice [np.float32(0.9682), np.float32(0.9787), np.float32(0.9751)]
2026-08-08 06:56:28.330087: Epoch time: 24.18 s
2026-08-08 06:56:29.125349: Training done.
wandb: updating run metadata
wandb: uploading output.log; uploading wandb-summary.json; uploading config.yaml
wandb: uploading output.log
wandb: 
wandb: Run history:
wandb: ema_pseudo_dice ▁▂▆▆▇▇▇▇▇███████████████████████████████
wandb:           epoch ▁▁▁▁▁▁▂▂▂▂▃▃▃▃▃▃▄▄▄▄▄▄▅▅▅▆▆▆▆▆▇▇▇▇▇▇▇███
wandb:   learning_rate ██▇▇▇▇▇▇▆▆▆▆▆▆▅▅▅▅▅▅▄▄▄▄▄▃▃▃▃▃▃▃▂▂▂▂▂▁▁▁
wandb:    mean_fg_dice ▃▅▅▅▆▆▇▆▆▃▇▇▇▆▇▁▇▇▇▇▇▇▁▇▇▇▇▇▇▇▃██▇██████
wandb:      train_loss █▄▄▃▃▃▃▃▃▂▂▂▂▂▂▂▂▂▂▂▂▂▂▂▂▂▂▂▂▂▁▁▁▁▁▁▁▁▁▁
wandb:        val_loss ▅▃▃▂▃▁▁▁▁▁▁▁▂▂█▁▁▁▆▁▁▁▁▁▂▁▁▃▁▂▁▂▁▁▁▁▁▁▁▁
wandb: 
wandb: Run summary:
wandb: ema_pseudo_dice 0.97384
wandb:           epoch 999
wandb:   learning_rate 2e-05
wandb:    mean_fg_dice 0.97399
wandb:      train_loss -0.95629
wandb:        val_loss -0.95527
wandb: 
wandb: 🚀 View run nnUNet_Vivim_Mamba_Temporal_T11_fold1_20260808_000535 at: https://wandb.ai/hyun02051-hongik-university/eyeball-3d/runs/9n3lxsf5
wandb: ⭐️ View project at: https://wandb.ai/hyun02051-hongik-university/eyeball-3d
wandb: Synced 5 W&B file(s), 0 media file(s), 0 artifact file(s) and 0 other file(s)
wandb: Find logs at: ./wandb/run-20260808_000536-9n3lxsf5/logs
2026-08-08 06:56:31.119801: Using splits from existing split file: /home/iulab0/PycharmProjects/nnUNet/nnUNet_preprocessed/Dataset600_OpenEDS2019/splits_final.json
2026-08-08 06:56:31.122306: The split file contains 5 splits.
2026-08-08 06:56:31.122383: Desired fold for training: 1
2026-08-08 06:56:31.122414: This split has 9055 training and 2264 validation cases.
2026-08-08 06:56:31.247454: predicting OpenEDS_000000002632
2026-08-08 06:56:31.249185: OpenEDS_000000002632, shape torch.Size([1, 1, 400, 640]), rank 0
2026-08-08 06:56:31.602928: predicting OpenEDS_000000002648
2026-08-08 06:56:31.604127: OpenEDS_000000002648, shape torch.Size([1, 1, 400, 640]), rank 0
2026-08-08 06:56:31.619144: predicting OpenEDS_000000002650
2026-08-08 06:56:31.620411: OpenEDS_000000002650, shape torch.Size([1, 1, 400, 640]), rank 0
2026-08-08 06:56:31.633277: predicting OpenEDS_000000002658
2026-08-08 06:56:31.634869: OpenEDS_000000002658, shape torch.Size([1, 1, 400, 640]), rank 0
2026-08-08 06:56:31.647774: predicting OpenEDS_000000002660
2026-08-08 06:56:31.649429: OpenEDS_000000002660, shape torch.Size([1, 1, 400, 640]), rank 0
2026-08-08 06:56:31.662337: predicting OpenEDS_000000002666
2026-08-08 06:56:31.664073: OpenEDS_000000002666, shape torch.Size([1, 1, 400, 640]), rank 0
2026-08-08 06:56:31.676991: predicting OpenEDS_000000002670
2026-08-08 06:56:31.678730: OpenEDS_000000002670, shape torch.Size([1, 1, 400, 640]), rank 0
2026-08-08 06:56:31.691549: predicting OpenEDS_000000002671
2026-08-08 06:56:31.693269: OpenEDS_000000002671, shape torch.Size([1, 1, 400, 640]), rank 0
2026-08-08 06:56:31.706322: predicting OpenEDS_000000002681
2026-08-08 06:56:31.708220: OpenEDS_000000002681, shape torch.Size([1, 1, 400, 640]), rank 0
2026-08-08 06:56:31.721731: predicting OpenEDS_000000002689
2026-08-08 06:56:31.723724: OpenEDS_000000002689, shape torch.Size([1, 1, 400, 640]), rank 0
2026-08-08 06:56:33.642134: predicting OpenEDS_000000002698
2026-08-08 06:56:33.646756: OpenEDS_000000002698, shape torch.Size([1, 1, 400, 640]), rank 0
2026-08-08 06:56:33.661464: predicting OpenEDS_000000002705
2026-08-08 06:56:33.663288: OpenEDS_000000002705, shape torch.Size([1, 1, 400, 640]), rank 0
2026-08-08 06:56:33.676367: predicting OpenEDS_000000002706
2026-08-08 06:56:33.677789: OpenEDS_000000002706, shape torch.Size([1, 1, 400, 640]), rank 0
2026-08-08 06:56:33.690763: predicting OpenEDS_000000002707
2026-08-08 06:56:33.692164: OpenEDS_000000002707, shape torch.Size([1, 1, 400, 640]), rank 0
2026-08-08 06:56:33.705031: predicting OpenEDS_000000002708
2026-08-08 06:56:33.706411: OpenEDS_000000002708, shape torch.Size([1, 1, 400, 640]), rank 0
2026-08-08 06:56:33.719317: predicting OpenEDS_000000002712
2026-08-08 06:56:33.720703: OpenEDS_000000002712, shape torch.Size([1, 1, 400, 640]), rank 0
2026-08-08 06:56:33.733719: predicting OpenEDS_000000002715
2026-08-08 06:56:33.734765: OpenEDS_000000002715, shape torch.Size([1, 1, 400, 640]), rank 0
2026-08-08 06:56:33.748142: predicting OpenEDS_000000002723
2026-08-08 06:56:33.749026: OpenEDS_000000002723, shape torch.Size([1, 1, 400, 640]), rank 0
2026-08-08 06:56:33.761267: predicting OpenEDS_000000002730
2026-08-08 06:56:33.762516: OpenEDS_000000002730, shape torch.Size([1, 1, 400, 640]), rank 0
2026-08-08 06:56:33.774721: predicting OpenEDS_000000002731
2026-08-08 06:56:33.775952: OpenEDS_000000002731, shape torch.Size([1, 1, 400, 640]), rank 0
2026-08-08 06:56:33.788734: predicting OpenEDS_000000002733
2026-08-08 06:56:33.789577: OpenEDS_000000002733, shape torch.Size([1, 1, 400, 640]), rank 0
2026-08-08 06:56:33.801820: predicting OpenEDS_000000002739
2026-08-08 06:56:33.803092: OpenEDS_000000002739, shape torch.Size([1, 1, 400, 640]), rank 0
2026-08-08 06:56:33.815510: predicting OpenEDS_000000002741
2026-08-08 06:56:33.816952: OpenEDS_000000002741, shape torch.Size([1, 1, 400, 640]), rank 0
2026-08-08 06:56:33.829724: predicting OpenEDS_000000002742
2026-08-08 06:56:33.830930: OpenEDS_000000002742, shape torch.Size([1, 1, 400, 640]), rank 0
2026-08-08 06:56:33.843652: predicting OpenEDS_000000002745
2026-08-08 06:56:33.844507: OpenEDS_000000002745, shape torch.Size([1, 1, 400, 640]), rank 0
2026-08-08 06:56:33.856698: predicting OpenEDS_000000002746
2026-08-08 06:56:33.857992: OpenEDS_000000002746, shape torch.Size([1, 1, 400, 640]), rank 0
2026-08-08 06:56:33.870255: predicting OpenEDS_000000002752
2026-08-08 06:56:33.871464: OpenEDS_000000002752, shape torch.Size([1, 1, 400, 640]), rank 0
2026-08-08 06:56:33.883670: predicting OpenEDS_000000005415
2026-08-08 06:56:33.884905: OpenEDS_000000005415, shape torch.Size([1, 1, 400, 640]), rank 0
2026-08-08 06:56:33.897408: predicting OpenEDS_000000005418
2026-08-08 06:56:33.898643: OpenEDS_000000005418, shape torch.Size([1, 1, 400, 640]), rank 0
2026-08-08 06:56:33.910760: predicting OpenEDS_000000005425
2026-08-08 06:56:33.912003: OpenEDS_000000005425, shape torch.Size([1, 1, 400, 640]), rank 0
2026-08-08 06:56:33.924285: predicting OpenEDS_000000005435
2026-08-08 06:56:33.925501: OpenEDS_000000005435, shape torch.Size([1, 1, 400, 640]), rank 0
2026-08-08 06:56:33.937727: predicting OpenEDS_000000005444
2026-08-08 06:56:33.938985: OpenEDS_000000005444, shape torch.Size([1, 1, 400, 640]), rank 0
2026-08-08 06:56:33.951939: predicting OpenEDS_000000005447
2026-08-08 06:56:33.952831: OpenEDS_000000005447, shape torch.Size([1, 1, 400, 640]), rank 0
2026-08-08 06:56:33.965388: predicting OpenEDS_000000005449
2026-08-08 06:56:33.966659: OpenEDS_000000005449, shape torch.Size([1, 1, 400, 640]), rank 0
2026-08-08 06:56:33.978983: predicting OpenEDS_000000005450
2026-08-08 06:56:33.980216: OpenEDS_000000005450, shape torch.Size([1, 1, 400, 640]), rank 0
2026-08-08 06:56:33.992744: predicting OpenEDS_000000005452
2026-08-08 06:56:33.993618: OpenEDS_000000005452, shape torch.Size([1, 1, 400, 640]), rank 0
2026-08-08 06:56:34.005891: predicting OpenEDS_000000005453
2026-08-08 06:56:34.007127: OpenEDS_000000005453, shape torch.Size([1, 1, 400, 640]), rank 0
2026-08-08 06:56:34.019338: predicting OpenEDS_000000005469
2026-08-08 06:56:34.020626: OpenEDS_000000005469, shape torch.Size([1, 1, 400, 640]), rank 0
2026-08-08 06:56:34.033036: predicting OpenEDS_000000005480
2026-08-08 06:56:34.034328: OpenEDS_000000005480, shape torch.Size([1, 1, 400, 640]), rank 0
2026-08-08 06:56:34.046936: predicting OpenEDS_000000005484
2026-08-08 06:56:34.048238: OpenEDS_000000005484, shape torch.Size([1, 1, 400, 640]), rank 0
2026-08-08 06:56:34.060894: predicting OpenEDS_000000005490
2026-08-08 06:56:34.062204: OpenEDS_000000005490, shape torch.Size([1, 1, 400, 640]), rank 0
2026-08-08 06:56:34.074740: predicting OpenEDS_000000005503
2026-08-08 06:56:34.076046: OpenEDS_000000005503, shape torch.Size([1, 1, 400, 640]), rank 0
2026-08-08 06:56:34.088901: predicting OpenEDS_000000005504
2026-08-08 06:56:34.089780: OpenEDS_000000005504, shape torch.Size([1, 1, 400, 640]), rank 0
2026-08-08 06:56:34.102170: predicting OpenEDS_000000005506
2026-08-08 06:56:34.103415: OpenEDS_000000005506, shape torch.Size([1, 1, 400, 640]), rank 0
2026-08-08 06:56:34.115610: predicting OpenEDS_000000005507
2026-08-08 06:56:34.117001: OpenEDS_000000005507, shape torch.Size([1, 1, 400, 640]), rank 0
2026-08-08 06:56:34.129243: predicting OpenEDS_000000005511
2026-08-08 06:56:34.130500: OpenEDS_000000005511, shape torch.Size([1, 1, 400, 640]), rank 0
2026-08-08 06:56:34.143043: predicting OpenEDS_000000005515
2026-08-08 06:56:34.144352: OpenEDS_000000005515, shape torch.Size([1, 1, 400, 640]), rank 0
2026-08-08 06:56:34.156595: predicting OpenEDS_000000005524
2026-08-08 06:56:34.157794: OpenEDS_000000005524, shape torch.Size([1, 1, 400, 640]), rank 0
2026-08-08 06:56:34.169881: predicting OpenEDS_000000005527
2026-08-08 06:56:34.171135: OpenEDS_000000005527, shape torch.Size([1, 1, 400, 640]), rank 0
2026-08-08 06:56:34.183273: predicting OpenEDS_000000005528
2026-08-08 06:56:34.184525: OpenEDS_000000005528, shape torch.Size([1, 1, 400, 640]), rank 0
2026-08-08 06:56:34.196750: predicting OpenEDS_000000005532
2026-08-08 06:56:34.198027: OpenEDS_000000005532, shape torch.Size([1, 1, 400, 640]), rank 0
2026-08-08 06:56:34.210257: predicting OpenEDS_000000005535
2026-08-08 06:56:34.211476: OpenEDS_000000005535, shape torch.Size([1, 1, 400, 640]), rank 0
2026-08-08 06:56:34.224031: predicting OpenEDS_000000005536
2026-08-08 06:56:34.225252: OpenEDS_000000005536, shape torch.Size([1, 1, 400, 640]), rank 0
2026-08-08 06:56:34.237762: predicting OpenEDS_000000005540
2026-08-08 06:56:34.239012: OpenEDS_000000005540, shape torch.Size([1, 1, 400, 640]), rank 0
2026-08-08 06:56:34.251916: predicting OpenEDS_000000005549
2026-08-08 06:56:34.252816: OpenEDS_000000005549, shape torch.Size([1, 1, 400, 640]), rank 0
2026-08-08 06:56:34.265128: predicting OpenEDS_000000005552
2026-08-08 06:56:34.266336: OpenEDS_000000005552, shape torch.Size([1, 1, 400, 640]), rank 0
2026-08-08 06:56:34.278744: predicting OpenEDS_000000005553
2026-08-08 06:56:34.280033: OpenEDS_000000005553, shape torch.Size([1, 1, 400, 640]), rank 0
2026-08-08 06:56:34.292371: predicting OpenEDS_000000005557
2026-08-08 06:56:34.293679: OpenEDS_000000005557, shape torch.Size([1, 1, 400, 640]), rank 0
2026-08-08 06:56:34.306308: predicting OpenEDS_000000005560
2026-08-08 06:56:34.307558: OpenEDS_000000005560, shape torch.Size([1, 1, 400, 640]), rank 0
2026-08-08 06:56:34.320102: predicting OpenEDS_000000005561
2026-08-08 06:56:34.321342: OpenEDS_000000005561, shape torch.Size([1, 1, 400, 640]), rank 0
2026-08-08 06:56:34.334098: predicting OpenEDS_000000005581
2026-08-08 06:56:34.335392: OpenEDS_000000005581, shape torch.Size([1, 1, 400, 640]), rank 0
2026-08-08 06:56:34.348174: predicting OpenEDS_000000005586
2026-08-08 06:56:34.349510: OpenEDS_000000005586, shape torch.Size([1, 1, 400, 640]), rank 0
2026-08-08 06:56:34.361929: predicting OpenEDS_000000005589
2026-08-08 06:56:34.363176: OpenEDS_000000005589, shape torch.Size([1, 1, 400, 640]), rank 0
2026-08-08 06:56:34.375579: predicting OpenEDS_000000005590
2026-08-08 06:56:34.376842: OpenEDS_000000005590, shape torch.Size([1, 1, 400, 640]), rank 0
2026-08-08 06:56:34.389011: predicting OpenEDS_000000005593
2026-08-08 06:56:34.390294: OpenEDS_000000005593, shape torch.Size([1, 1, 400, 640]), rank 0
2026-08-08 06:56:34.402847: predicting OpenEDS_000000005597
2026-08-08 06:56:34.403712: OpenEDS_000000005597, shape torch.Size([1, 1, 400, 640]), rank 0
2026-08-08 06:56:34.415883: predicting OpenEDS_000000005603
2026-08-08 06:56:34.417117: OpenEDS_000000005603, shape torch.Size([1, 1, 400, 640]), rank 0
2026-08-08 06:56:34.429638: predicting OpenEDS_000000005604
2026-08-08 06:56:34.430502: OpenEDS_000000005604, shape torch.Size([1, 1, 400, 640]), rank 0
2026-08-08 06:56:34.443138: predicting OpenEDS_000000005620
2026-08-08 06:56:34.444389: OpenEDS_000000005620, shape torch.Size([1, 1, 400, 640]), rank 0
2026-08-08 06:56:34.456911: predicting OpenEDS_000000005624
2026-08-08 06:56:34.458216: OpenEDS_000000005624, shape torch.Size([1, 1, 400, 640]), rank 0
2026-08-08 06:56:34.470588: predicting OpenEDS_000000008203
2026-08-08 06:56:34.471805: OpenEDS_000000008203, shape torch.Size([1, 1, 400, 640]), rank 0
2026-08-08 06:56:34.484505: predicting OpenEDS_000000008206
2026-08-08 06:56:34.485788: OpenEDS_000000008206, shape torch.Size([1, 1, 400, 640]), rank 0
2026-08-08 06:56:34.498347: predicting OpenEDS_000000008212
2026-08-08 06:56:34.499627: OpenEDS_000000008212, shape torch.Size([1, 1, 400, 640]), rank 0
2026-08-08 06:56:34.512146: predicting OpenEDS_000000008226
2026-08-08 06:56:34.513393: OpenEDS_000000008226, shape torch.Size([1, 1, 400, 640]), rank 0
2026-08-08 06:56:34.525683: predicting OpenEDS_000000008233
2026-08-08 06:56:34.526940: OpenEDS_000000008233, shape torch.Size([1, 1, 400, 640]), rank 0
2026-08-08 06:56:34.539505: predicting OpenEDS_000000008234
2026-08-08 06:56:34.540884: OpenEDS_000000008234, shape torch.Size([1, 1, 400, 640]), rank 0
2026-08-08 06:56:34.554360: predicting OpenEDS_000000008236
2026-08-08 06:56:34.555584: OpenEDS_000000008236, shape torch.Size([1, 1, 400, 640]), rank 0
2026-08-08 06:56:34.568051: predicting OpenEDS_000000008237
2026-08-08 06:56:34.569293: OpenEDS_000000008237, shape torch.Size([1, 1, 400, 640]), rank 0
2026-08-08 06:56:34.581768: predicting OpenEDS_000000008241
2026-08-08 06:56:34.583011: OpenEDS_000000008241, shape torch.Size([1, 1, 400, 640]), rank 0
2026-08-08 06:56:34.595535: predicting OpenEDS_000000008243
2026-08-08 06:56:34.596818: OpenEDS_000000008243, shape torch.Size([1, 1, 400, 640]), rank 0
2026-08-08 06:56:34.609407: predicting OpenEDS_000000008245
2026-08-08 06:56:34.610690: OpenEDS_000000008245, shape torch.Size([1, 1, 400, 640]), rank 0
2026-08-08 06:56:34.623221: predicting OpenEDS_000000008247
2026-08-08 06:56:34.624486: OpenEDS_000000008247, shape torch.Size([1, 1, 400, 640]), rank 0
2026-08-08 06:56:34.636702: predicting OpenEDS_000000008249
2026-08-08 06:56:34.637943: OpenEDS_000000008249, shape torch.Size([1, 1, 400, 640]), rank 0
2026-08-08 06:56:34.650120: predicting OpenEDS_000000008250
2026-08-08 06:56:34.651371: OpenEDS_000000008250, shape torch.Size([1, 1, 400, 640]), rank 0
2026-08-08 06:56:34.663542: predicting OpenEDS_000000010907
2026-08-08 06:56:34.664771: OpenEDS_000000010907, shape torch.Size([1, 1, 400, 640]), rank 0
2026-08-08 06:56:34.677292: predicting OpenEDS_000000010920
2026-08-08 06:56:34.678545: OpenEDS_000000010920, shape torch.Size([1, 1, 400, 640]), rank 0
2026-08-08 06:56:34.691144: predicting OpenEDS_000000010923
2026-08-08 06:56:34.692360: OpenEDS_000000010923, shape torch.Size([1, 1, 400, 640]), rank 0
2026-08-08 06:56:34.704665: predicting OpenEDS_000000010927
2026-08-08 06:56:34.705953: OpenEDS_000000010927, shape torch.Size([1, 1, 400, 640]), rank 0
2026-08-08 06:56:34.718264: predicting OpenEDS_000000010928
2026-08-08 06:56:34.719554: OpenEDS_000000010928, shape torch.Size([1, 1, 400, 640]), rank 0
2026-08-08 06:56:34.732093: predicting OpenEDS_000000010943
2026-08-08 06:56:34.733387: OpenEDS_000000010943, shape torch.Size([1, 1, 400, 640]), rank 0
2026-08-08 06:56:34.745979: predicting OpenEDS_000000010946
2026-08-08 06:56:34.747256: OpenEDS_000000010946, shape torch.Size([1, 1, 400, 640]), rank 0
2026-08-08 06:56:34.759751: predicting OpenEDS_000000010947
2026-08-08 06:56:34.761000: OpenEDS_000000010947, shape torch.Size([1, 1, 400, 640]), rank 0
2026-08-08 06:56:34.773622: predicting OpenEDS_000000010949
2026-08-08 06:56:34.774827: OpenEDS_000000010949, shape torch.Size([1, 1, 400, 640]), rank 0
2026-08-08 06:56:34.787291: predicting OpenEDS_000000010958
2026-08-08 06:56:34.788526: OpenEDS_000000010958, shape torch.Size([1, 1, 400, 640]), rank 0
2026-08-08 06:56:34.801458: predicting OpenEDS_000000010959
2026-08-08 06:56:34.802352: OpenEDS_000000010959, shape torch.Size([1, 1, 400, 640]), rank 0
2026-08-08 06:56:34.814780: predicting OpenEDS_000000010960
2026-08-08 06:56:34.815979: OpenEDS_000000010960, shape torch.Size([1, 1, 400, 640]), rank 0
2026-08-08 06:56:34.828882: predicting OpenEDS_000000010972
2026-08-08 06:56:34.829758: OpenEDS_000000010972, shape torch.Size([1, 1, 400, 640]), rank 0
2026-08-08 06:56:34.842241: predicting OpenEDS_000000013624
2026-08-08 06:56:34.843524: OpenEDS_000000013624, shape torch.Size([1, 1, 400, 640]), rank 0
2026-08-08 06:56:34.855968: predicting OpenEDS_000000013634
2026-08-08 06:56:34.857184: OpenEDS_000000013634, shape torch.Size([1, 1, 400, 640]), rank 0
2026-08-08 06:56:34.869413: predicting OpenEDS_000000013651
2026-08-08 06:56:34.870624: OpenEDS_000000013651, shape torch.Size([1, 1, 400, 640]), rank 0
2026-08-08 06:56:34.883190: predicting OpenEDS_000000013653
2026-08-08 06:56:34.884070: OpenEDS_000000013653, shape torch.Size([1, 1, 400, 640]), rank 0
2026-08-08 06:56:34.896242: predicting OpenEDS_000000013661
2026-08-08 06:56:34.897482: OpenEDS_000000013661, shape torch.Size([1, 1, 400, 640]), rank 0
2026-08-08 06:56:34.910025: predicting OpenEDS_000000013664
2026-08-08 06:56:34.911278: OpenEDS_000000013664, shape torch.Size([1, 1, 400, 640]), rank 0
2026-08-08 06:56:34.923782: predicting OpenEDS_000000013666
2026-08-08 06:56:34.925045: OpenEDS_000000013666, shape torch.Size([1, 1, 400, 640]), rank 0
2026-08-08 06:56:34.937395: predicting OpenEDS_000000013670
2026-08-08 06:56:34.938640: OpenEDS_000000013670, shape torch.Size([1, 1, 400, 640]), rank 0
2026-08-08 06:56:34.950843: predicting OpenEDS_000000013671
2026-08-08 06:56:34.952044: OpenEDS_000000013671, shape torch.Size([1, 1, 400, 640]), rank 0
2026-08-08 06:56:34.964290: predicting OpenEDS_000000013689
2026-08-08 06:56:34.965479: OpenEDS_000000013689, shape torch.Size([1, 1, 400, 640]), rank 0
2026-08-08 06:56:34.978153: predicting OpenEDS_000000013693
2026-08-08 06:56:34.979380: OpenEDS_000000013693, shape torch.Size([1, 1, 400, 640]), rank 0
2026-08-08 06:56:34.991850: predicting OpenEDS_000000013694
2026-08-08 06:56:34.993064: OpenEDS_000000013694, shape torch.Size([1, 1, 400, 640]), rank 0
2026-08-08 06:56:35.005650: predicting OpenEDS_000000013699
2026-08-08 06:56:35.006897: OpenEDS_000000013699, shape torch.Size([1, 1, 400, 640]), rank 0
2026-08-08 06:56:35.019104: predicting OpenEDS_000000013703
2026-08-08 06:56:35.020358: OpenEDS_000000013703, shape torch.Size([1, 1, 400, 640]), rank 0
2026-08-08 06:56:35.032859: predicting OpenEDS_000000013708
2026-08-08 06:56:35.033736: OpenEDS_000000013708, shape torch.Size([1, 1, 400, 640]), rank 0
2026-08-08 06:56:35.045830: predicting OpenEDS_000000013710
2026-08-08 06:56:35.047050: OpenEDS_000000013710, shape torch.Size([1, 1, 400, 640]), rank 0
2026-08-08 06:56:35.059587: predicting OpenEDS_000000013711
2026-08-08 06:56:35.060796: OpenEDS_000000013711, shape torch.Size([1, 1, 400, 640]), rank 0
2026-08-08 06:56:35.072922: predicting OpenEDS_000000013712
2026-08-08 06:56:35.074125: OpenEDS_000000013712, shape torch.Size([1, 1, 400, 640]), rank 0
2026-08-08 06:56:35.086308: predicting OpenEDS_000000016363
2026-08-08 06:56:35.087584: OpenEDS_000000016363, shape torch.Size([1, 1, 400, 640]), rank 0
2026-08-08 06:56:35.099751: predicting OpenEDS_000000016367
2026-08-08 06:56:35.100998: OpenEDS_000000016367, shape torch.Size([1, 1, 400, 640]), rank 0
2026-08-08 06:56:35.113267: predicting OpenEDS_000000016369
2026-08-08 06:56:35.114483: OpenEDS_000000016369, shape torch.Size([1, 1, 400, 640]), rank 0
2026-08-08 06:56:35.126903: predicting OpenEDS_000000016370
2026-08-08 06:56:35.127739: OpenEDS_000000016370, shape torch.Size([1, 1, 400, 640]), rank 0
2026-08-08 06:56:35.139888: predicting OpenEDS_000000016371
2026-08-08 06:56:35.141096: OpenEDS_000000016371, shape torch.Size([1, 1, 400, 640]), rank 0
2026-08-08 06:56:35.153231: predicting OpenEDS_000000016378
2026-08-08 06:56:35.154493: OpenEDS_000000016378, shape torch.Size([1, 1, 400, 640]), rank 0
2026-08-08 06:56:35.166944: predicting OpenEDS_000000016379
2026-08-08 06:56:35.167792: OpenEDS_000000016379, shape torch.Size([1, 1, 400, 640]), rank 0
2026-08-08 06:56:35.179895: predicting OpenEDS_000000016381
2026-08-08 06:56:35.181125: OpenEDS_000000016381, shape torch.Size([1, 1, 400, 640]), rank 0
2026-08-08 06:56:35.193272: predicting OpenEDS_000000016382
2026-08-08 06:56:35.194495: OpenEDS_000000016382, shape torch.Size([1, 1, 400, 640]), rank 0
2026-08-08 06:56:35.206686: predicting OpenEDS_000000016386
2026-08-08 06:56:35.207900: OpenEDS_000000016386, shape torch.Size([1, 1, 400, 640]), rank 0
2026-08-08 06:56:35.220843: predicting OpenEDS_000000016390
2026-08-08 06:56:35.221729: OpenEDS_000000016390, shape torch.Size([1, 1, 400, 640]), rank 0
2026-08-08 06:56:35.233896: predicting OpenEDS_000000016391
2026-08-08 06:56:35.235109: OpenEDS_000000016391, shape torch.Size([1, 1, 400, 640]), rank 0
2026-08-08 06:56:35.247277: predicting OpenEDS_000000016401
2026-08-08 06:56:35.248545: OpenEDS_000000016401, shape torch.Size([1, 1, 400, 640]), rank 0
2026-08-08 06:56:35.261048: predicting OpenEDS_000000016404
2026-08-08 06:56:35.262302: OpenEDS_000000016404, shape torch.Size([1, 1, 400, 640]), rank 0
2026-08-08 06:56:35.274471: predicting OpenEDS_000000016420
2026-08-08 06:56:35.275715: OpenEDS_000000016420, shape torch.Size([1, 1, 400, 640]), rank 0
2026-08-08 06:56:35.287834: predicting OpenEDS_000000016422
2026-08-08 06:56:35.289036: OpenEDS_000000016422, shape torch.Size([1, 1, 400, 640]), rank 0
2026-08-08 06:56:35.301251: predicting OpenEDS_000000016428
2026-08-08 06:56:35.302514: OpenEDS_000000016428, shape torch.Size([1, 1, 400, 640]), rank 0
2026-08-08 06:56:35.314649: predicting OpenEDS_000000016431
2026-08-08 06:56:35.315880: OpenEDS_000000016431, shape torch.Size([1, 1, 400, 640]), rank 0
2026-08-08 06:56:35.328093: predicting OpenEDS_000000016434
2026-08-08 06:56:35.329272: OpenEDS_000000016434, shape torch.Size([1, 1, 400, 640]), rank 0
2026-08-08 06:56:35.341421: predicting OpenEDS_000000016435
2026-08-08 06:56:35.342622: OpenEDS_000000016435, shape torch.Size([1, 1, 400, 640]), rank 0
2026-08-08 06:56:35.354836: predicting OpenEDS_000000016438
2026-08-08 06:56:35.356047: OpenEDS_000000016438, shape torch.Size([1, 1, 400, 640]), rank 0
2026-08-08 06:56:35.368232: predicting OpenEDS_000000016440
2026-08-08 06:56:35.369443: OpenEDS_000000016440, shape torch.Size([1, 1, 400, 640]), rank 0
2026-08-08 06:56:35.381523: predicting OpenEDS_000000016443
2026-08-08 06:56:35.382790: OpenEDS_000000016443, shape torch.Size([1, 1, 400, 640]), rank 0
2026-08-08 06:56:35.394925: predicting OpenEDS_000000016449
2026-08-08 06:56:35.396159: OpenEDS_000000016449, shape torch.Size([1, 1, 400, 640]), rank 0
2026-08-08 06:56:35.408947: predicting OpenEDS_000000016463
2026-08-08 06:56:35.410224: OpenEDS_000000016463, shape torch.Size([1, 1, 400, 640]), rank 0
2026-08-08 06:56:35.422721: predicting OpenEDS_000000019119
2026-08-08 06:56:35.423978: OpenEDS_000000019119, shape torch.Size([1, 1, 400, 640]), rank 0
2026-08-08 06:56:35.436300: predicting OpenEDS_000000019124
2026-08-08 06:56:35.437535: OpenEDS_000000019124, shape torch.Size([1, 1, 400, 640]), rank 0
2026-08-08 06:56:35.449794: predicting OpenEDS_000000019126
2026-08-08 06:56:35.450989: OpenEDS_000000019126, shape torch.Size([1, 1, 400, 640]), rank 0
2026-08-08 06:56:35.463198: predicting OpenEDS_000000019132
2026-08-08 06:56:35.464431: OpenEDS_000000019132, shape torch.Size([1, 1, 400, 640]), rank 0
2026-08-08 06:56:35.477036: predicting OpenEDS_000000019139
2026-08-08 06:56:35.478304: OpenEDS_000000019139, shape torch.Size([1, 1, 400, 640]), rank 0
2026-08-08 06:56:35.490852: predicting OpenEDS_000000019141
2026-08-08 06:56:35.492112: OpenEDS_000000019141, shape torch.Size([1, 1, 400, 640]), rank 0
2026-08-08 06:56:35.504711: predicting OpenEDS_000000019142
2026-08-08 06:56:35.505950: OpenEDS_000000019142, shape torch.Size([1, 1, 400, 640]), rank 0
2026-08-08 06:56:35.518436: predicting OpenEDS_000000019143
2026-08-08 06:56:35.519706: OpenEDS_000000019143, shape torch.Size([1, 1, 400, 640]), rank 0
2026-08-08 06:56:35.531896: predicting OpenEDS_000000019144
2026-08-08 06:56:35.533110: OpenEDS_000000019144, shape torch.Size([1, 1, 400, 640]), rank 0
2026-08-08 06:56:35.545352: predicting OpenEDS_000000019155
2026-08-08 06:56:35.546637: OpenEDS_000000019155, shape torch.Size([1, 1, 400, 640]), rank 0
2026-08-08 06:56:35.558837: predicting OpenEDS_000000019159
2026-08-08 06:56:35.560082: OpenEDS_000000019159, shape torch.Size([1, 1, 400, 640]), rank 0
2026-08-08 06:56:35.572788: predicting OpenEDS_000000019165
2026-08-08 06:56:35.574016: OpenEDS_000000019165, shape torch.Size([1, 1, 400, 640]), rank 0
2026-08-08 06:56:35.586180: predicting OpenEDS_000000019172
2026-08-08 06:56:35.587402: OpenEDS_000000019172, shape torch.Size([1, 1, 400, 640]), rank 0
2026-08-08 06:56:35.599497: predicting OpenEDS_000000019185
2026-08-08 06:56:35.600729: OpenEDS_000000019185, shape torch.Size([1, 1, 400, 640]), rank 0
2026-08-08 06:56:35.612806: predicting OpenEDS_000000019188
2026-08-08 06:56:35.614086: OpenEDS_000000019188, shape torch.Size([1, 1, 400, 640]), rank 0
2026-08-08 06:56:35.626742: predicting OpenEDS_000000019189
2026-08-08 06:56:35.627980: OpenEDS_000000019189, shape torch.Size([1, 1, 400, 640]), rank 0
2026-08-08 06:56:35.640542: predicting OpenEDS_000000021843
2026-08-08 06:56:35.641807: OpenEDS_000000021843, shape torch.Size([1, 1, 400, 640]), rank 0
2026-08-08 06:56:35.654172: predicting OpenEDS_000000021850
2026-08-08 06:56:35.655409: OpenEDS_000000021850, shape torch.Size([1, 1, 400, 640]), rank 0
2026-08-08 06:56:35.667834: predicting OpenEDS_000000021862
2026-08-08 06:56:35.669105: OpenEDS_000000021862, shape torch.Size([1, 1, 400, 640]), rank 0
2026-08-08 06:56:35.681341: predicting OpenEDS_000000021881
2026-08-08 06:56:35.682565: OpenEDS_000000021881, shape torch.Size([1, 1, 400, 640]), rank 0
2026-08-08 06:56:35.694718: predicting OpenEDS_000000021884
2026-08-08 06:56:35.695963: OpenEDS_000000021884, shape torch.Size([1, 1, 400, 640]), rank 0
2026-08-08 06:56:35.708213: predicting OpenEDS_000000021891
2026-08-08 06:56:35.709486: OpenEDS_000000021891, shape torch.Size([1, 1, 400, 640]), rank 0
2026-08-08 06:56:35.721593: predicting OpenEDS_000000021894
2026-08-08 06:56:35.722844: OpenEDS_000000021894, shape torch.Size([1, 1, 400, 640]), rank 0
2026-08-08 06:56:35.735399: predicting OpenEDS_000000021906
2026-08-08 06:56:35.736743: OpenEDS_000000021906, shape torch.Size([1, 1, 400, 640]), rank 0
2026-08-08 06:56:35.749168: predicting OpenEDS_000000021908
2026-08-08 06:56:35.750421: OpenEDS_000000021908, shape torch.Size([1, 1, 400, 640]), rank 0
2026-08-08 06:56:35.762725: predicting OpenEDS_000000021911
2026-08-08 06:56:35.764028: OpenEDS_000000021911, shape torch.Size([1, 1, 400, 640]), rank 0
2026-08-08 06:56:35.776291: predicting OpenEDS_000000024570
2026-08-08 06:56:35.777549: OpenEDS_000000024570, shape torch.Size([1, 1, 400, 640]), rank 0
2026-08-08 06:56:35.789798: predicting OpenEDS_000000024571
2026-08-08 06:56:35.791056: OpenEDS_000000024571, shape torch.Size([1, 1, 400, 640]), rank 0
2026-08-08 06:56:35.803327: predicting OpenEDS_000000024596
2026-08-08 06:56:35.804569: OpenEDS_000000024596, shape torch.Size([1, 1, 400, 640]), rank 0
2026-08-08 06:56:35.816744: predicting OpenEDS_000000024597
2026-08-08 06:56:35.817994: OpenEDS_000000024597, shape torch.Size([1, 1, 400, 640]), rank 0
2026-08-08 06:56:35.830662: predicting OpenEDS_000000024599
2026-08-08 06:56:35.831537: OpenEDS_000000024599, shape torch.Size([1, 1, 400, 640]), rank 0
2026-08-08 06:56:35.843679: predicting OpenEDS_000000024601
2026-08-08 06:56:35.844943: OpenEDS_000000024601, shape torch.Size([1, 1, 400, 640]), rank 0
2026-08-08 06:56:35.857444: predicting OpenEDS_000000024607
2026-08-08 06:56:35.858672: OpenEDS_000000024607, shape torch.Size([1, 1, 400, 640]), rank 0
2026-08-08 06:56:35.871304: predicting OpenEDS_000000024608
2026-08-08 06:56:35.872526: OpenEDS_000000024608, shape torch.Size([1, 1, 400, 640]), rank 0
2026-08-08 06:56:35.884775: predicting OpenEDS_000000024616
2026-08-08 06:56:35.885997: OpenEDS_000000024616, shape torch.Size([1, 1, 400, 640]), rank 0
2026-08-08 06:56:35.898227: predicting OpenEDS_000000024617
2026-08-08 06:56:35.899480: OpenEDS_000000024617, shape torch.Size([1, 1, 400, 640]), rank 0
2026-08-08 06:56:35.911764: predicting OpenEDS_000000024621
2026-08-08 06:56:35.912996: OpenEDS_000000024621, shape torch.Size([1, 1, 400, 640]), rank 0
2026-08-08 06:56:35.925143: predicting OpenEDS_000000024622
2026-08-08 06:56:35.926396: OpenEDS_000000024622, shape torch.Size([1, 1, 400, 640]), rank 0
2026-08-08 06:56:35.938618: predicting OpenEDS_000000024624
2026-08-08 06:56:35.939873: OpenEDS_000000024624, shape torch.Size([1, 1, 400, 640]), rank 0
2026-08-08 06:56:35.952029: predicting OpenEDS_000000024626
2026-08-08 06:56:35.953265: OpenEDS_000000024626, shape torch.Size([1, 1, 400, 640]), rank 0
2026-08-08 06:56:35.965940: predicting OpenEDS_000000024631
2026-08-08 06:56:35.967188: OpenEDS_000000024631, shape torch.Size([1, 1, 400, 640]), rank 0
2026-08-08 06:56:35.979763: predicting OpenEDS_000000024638
2026-08-08 06:56:35.981002: OpenEDS_000000024638, shape torch.Size([1, 1, 400, 640]), rank 0
2026-08-08 06:56:35.993480: predicting OpenEDS_000000024642
2026-08-08 06:56:35.994843: OpenEDS_000000024642, shape torch.Size([1, 1, 400, 640]), rank 0
2026-08-08 06:56:36.007291: predicting OpenEDS_000000024644
2026-08-08 06:56:36.008511: OpenEDS_000000024644, shape torch.Size([1, 1, 400, 640]), rank 0
2026-08-08 06:56:36.020759: predicting OpenEDS_000000027293
2026-08-08 06:56:36.022051: OpenEDS_000000027293, shape torch.Size([1, 1, 400, 640]), rank 0
2026-08-08 06:56:36.034695: predicting OpenEDS_000000027296
2026-08-08 06:56:36.035943: OpenEDS_000000027296, shape torch.Size([1, 1, 400, 640]), rank 0
2026-08-08 06:56:36.048483: predicting OpenEDS_000000027300
2026-08-08 06:56:36.049736: OpenEDS_000000027300, shape torch.Size([1, 1, 400, 640]), rank 0
2026-08-08 06:56:36.062245: predicting OpenEDS_000000027301
2026-08-08 06:56:36.063464: OpenEDS_000000027301, shape torch.Size([1, 1, 400, 640]), rank 0
2026-08-08 06:56:36.075936: predicting OpenEDS_000000027306
2026-08-08 06:56:36.077177: OpenEDS_000000027306, shape torch.Size([1, 1, 400, 640]), rank 0
2026-08-08 06:56:36.089379: predicting OpenEDS_000000027307
2026-08-08 06:56:36.090643: OpenEDS_000000027307, shape torch.Size([1, 1, 400, 640]), rank 0
2026-08-08 06:56:36.102787: predicting OpenEDS_000000027323
2026-08-08 06:56:36.104050: OpenEDS_000000027323, shape torch.Size([1, 1, 400, 640]), rank 0
2026-08-08 06:56:36.116251: predicting OpenEDS_000000027324
2026-08-08 06:56:36.117494: OpenEDS_000000027324, shape torch.Size([1, 1, 400, 640]), rank 0
2026-08-08 06:56:36.129706: predicting OpenEDS_000000027328
2026-08-08 06:56:36.130958: OpenEDS_000000027328, shape torch.Size([1, 1, 400, 640]), rank 0
2026-08-08 06:56:36.143546: predicting OpenEDS_000000027329
2026-08-08 06:56:36.144773: OpenEDS_000000027329, shape torch.Size([1, 1, 400, 640]), rank 0
2026-08-08 06:56:36.157262: predicting OpenEDS_000000027331
2026-08-08 06:56:36.158456: OpenEDS_000000027331, shape torch.Size([1, 1, 400, 640]), rank 0
2026-08-08 06:56:36.170859: predicting OpenEDS_000000027336
2026-08-08 06:56:36.172088: OpenEDS_000000027336, shape torch.Size([1, 1, 400, 640]), rank 0
2026-08-08 06:56:36.184376: predicting OpenEDS_000000027343
2026-08-08 06:56:36.185642: OpenEDS_000000027343, shape torch.Size([1, 1, 400, 640]), rank 0
2026-08-08 06:56:36.197927: predicting OpenEDS_000000027346
2026-08-08 06:56:36.199112: OpenEDS_000000027346, shape torch.Size([1, 1, 400, 640]), rank 0
2026-08-08 06:56:36.211352: predicting OpenEDS_000000027347
2026-08-08 06:56:36.212585: OpenEDS_000000027347, shape torch.Size([1, 1, 400, 640]), rank 0
2026-08-08 06:56:36.224830: predicting OpenEDS_000000027355
2026-08-08 06:56:36.226073: OpenEDS_000000027355, shape torch.Size([1, 1, 400, 640]), rank 0
2026-08-08 06:56:36.238485: predicting OpenEDS_000000027360
2026-08-08 06:56:36.239766: OpenEDS_000000027360, shape torch.Size([1, 1, 400, 640]), rank 0
2026-08-08 06:56:36.251880: predicting OpenEDS_000000030015
2026-08-08 06:56:36.253153: OpenEDS_000000030015, shape torch.Size([1, 1, 400, 640]), rank 0
2026-08-08 06:56:36.265343: predicting OpenEDS_000000030027
2026-08-08 06:56:36.266595: OpenEDS_000000030027, shape torch.Size([1, 1, 400, 640]), rank 0
2026-08-08 06:56:36.278799: predicting OpenEDS_000000030028
2026-08-08 06:56:36.280015: OpenEDS_000000030028, shape torch.Size([1, 1, 400, 640]), rank 0
2026-08-08 06:56:36.292630: predicting OpenEDS_000000030035
2026-08-08 06:56:36.293859: OpenEDS_000000030035, shape torch.Size([1, 1, 400, 640]), rank 0
2026-08-08 06:56:36.306440: predicting OpenEDS_000000030040
2026-08-08 06:56:36.307649: OpenEDS_000000030040, shape torch.Size([1, 1, 400, 640]), rank 0
2026-08-08 06:56:36.320106: predicting OpenEDS_000000030043
2026-08-08 06:56:36.321338: OpenEDS_000000030043, shape torch.Size([1, 1, 400, 640]), rank 0
2026-08-08 06:56:36.333946: predicting OpenEDS_000000030055
2026-08-08 06:56:36.335192: OpenEDS_000000030055, shape torch.Size([1, 1, 400, 640]), rank 0
2026-08-08 06:56:36.347768: predicting OpenEDS_000000030056
2026-08-08 06:56:36.349108: OpenEDS_000000030056, shape torch.Size([1, 1, 400, 640]), rank 0
2026-08-08 06:56:36.361770: predicting OpenEDS_000000030059
2026-08-08 06:56:36.363023: OpenEDS_000000030059, shape torch.Size([1, 1, 400, 640]), rank 0
2026-08-08 06:56:36.375401: predicting OpenEDS_000000030062
2026-08-08 06:56:36.376690: OpenEDS_000000030062, shape torch.Size([1, 1, 400, 640]), rank 0
2026-08-08 06:56:36.388864: predicting OpenEDS_000000030070
2026-08-08 06:56:36.390095: OpenEDS_000000030070, shape torch.Size([1, 1, 400, 640]), rank 0
2026-08-08 06:56:36.402299: predicting OpenEDS_000000030075
2026-08-08 06:56:36.403568: OpenEDS_000000030075, shape torch.Size([1, 1, 400, 640]), rank 0
2026-08-08 06:56:36.415761: predicting OpenEDS_000000030077
2026-08-08 06:56:36.416966: OpenEDS_000000030077, shape torch.Size([1, 1, 400, 640]), rank 0
2026-08-08 06:56:36.429580: predicting OpenEDS_000000030084
2026-08-08 06:56:36.430471: OpenEDS_000000030084, shape torch.Size([1, 1, 400, 640]), rank 0
2026-08-08 06:56:36.442959: predicting OpenEDS_000000030085
2026-08-08 06:56:36.443830: OpenEDS_000000030085, shape torch.Size([1, 1, 400, 640]), rank 0
2026-08-08 06:56:36.455989: predicting OpenEDS_000000030087
2026-08-08 06:56:36.457236: OpenEDS_000000030087, shape torch.Size([1, 1, 400, 640]), rank 0
2026-08-08 06:56:36.469925: predicting OpenEDS_000000030093
2026-08-08 06:56:36.471162: OpenEDS_000000030093, shape torch.Size([1, 1, 400, 640]), rank 0
2026-08-08 06:56:36.483383: predicting OpenEDS_000000030096
2026-08-08 06:56:36.484644: OpenEDS_000000030096, shape torch.Size([1, 1, 400, 640]), rank 0
2026-08-08 06:56:36.497022: predicting OpenEDS_000000030098
2026-08-08 06:56:36.498271: OpenEDS_000000030098, shape torch.Size([1, 1, 400, 640]), rank 0
2026-08-08 06:56:36.510852: predicting OpenEDS_000000030099
2026-08-08 06:56:36.512161: OpenEDS_000000030099, shape torch.Size([1, 1, 400, 640]), rank 0
2026-08-08 06:56:36.524609: predicting OpenEDS_000000030101
2026-08-08 06:56:36.525831: OpenEDS_000000030101, shape torch.Size([1, 1, 400, 640]), rank 0
2026-08-08 06:56:36.538162: predicting OpenEDS_000000030110
2026-08-08 06:56:36.539375: OpenEDS_000000030110, shape torch.Size([1, 1, 400, 640]), rank 0
2026-08-08 06:56:36.551644: predicting OpenEDS_000000030111
2026-08-08 06:56:36.552924: OpenEDS_000000030111, shape torch.Size([1, 1, 400, 640]), rank 0
2026-08-08 06:56:36.565329: predicting OpenEDS_000000030112
2026-08-08 06:56:36.566751: OpenEDS_000000030112, shape torch.Size([1, 1, 400, 640]), rank 0
2026-08-08 06:56:36.579007: predicting OpenEDS_000000030125
2026-08-08 06:56:36.580263: OpenEDS_000000030125, shape torch.Size([1, 1, 400, 640]), rank 0
2026-08-08 06:56:36.592434: predicting OpenEDS_000000030132
2026-08-08 06:56:36.593661: OpenEDS_000000030132, shape torch.Size([1, 1, 400, 640]), rank 0
2026-08-08 06:56:36.605859: predicting OpenEDS_000000030133
2026-08-08 06:56:36.607071: OpenEDS_000000030133, shape torch.Size([1, 1, 400, 640]), rank 0
2026-08-08 06:56:36.619319: predicting OpenEDS_000000030138
2026-08-08 06:56:36.620600: OpenEDS_000000030138, shape torch.Size([1, 1, 400, 640]), rank 0
2026-08-08 06:56:36.632826: predicting OpenEDS_000000030139
2026-08-08 06:56:36.634023: OpenEDS_000000030139, shape torch.Size([1, 1, 400, 640]), rank 0
2026-08-08 06:56:36.646302: predicting OpenEDS_000000030157
2026-08-08 06:56:36.647591: OpenEDS_000000030157, shape torch.Size([1, 1, 400, 640]), rank 0
2026-08-08 06:56:36.660323: predicting OpenEDS_000000030163
2026-08-08 06:56:36.661565: OpenEDS_000000030163, shape torch.Size([1, 1, 400, 640]), rank 0
2026-08-08 06:56:36.674125: predicting OpenEDS_000000030166
2026-08-08 06:56:36.675382: OpenEDS_000000030166, shape torch.Size([1, 1, 400, 640]), rank 0
2026-08-08 06:56:36.688086: predicting OpenEDS_000000030169
2026-08-08 06:56:36.688920: OpenEDS_000000030169, shape torch.Size([1, 1, 400, 640]), rank 0
2026-08-08 06:56:36.701215: predicting OpenEDS_000000030183
2026-08-08 06:56:36.702525: OpenEDS_000000030183, shape torch.Size([1, 1, 400, 640]), rank 0
2026-08-08 06:56:36.714720: predicting OpenEDS_000000030185
2026-08-08 06:56:36.715984: OpenEDS_000000030185, shape torch.Size([1, 1, 400, 640]), rank 0
2026-08-08 06:56:36.728133: predicting OpenEDS_000000030187
2026-08-08 06:56:36.729340: OpenEDS_000000030187, shape torch.Size([1, 1, 400, 640]), rank 0
2026-08-08 06:56:36.741583: predicting OpenEDS_000000030193
2026-08-08 06:56:36.742798: OpenEDS_000000030193, shape torch.Size([1, 1, 400, 640]), rank 0
2026-08-08 06:56:36.754981: predicting OpenEDS_000000030196
2026-08-08 06:56:36.756209: OpenEDS_000000030196, shape torch.Size([1, 1, 400, 640]), rank 0
2026-08-08 06:56:36.768445: predicting OpenEDS_000000030199
2026-08-08 06:56:36.769652: OpenEDS_000000030199, shape torch.Size([1, 1, 400, 640]), rank 0
2026-08-08 06:56:36.781779: predicting OpenEDS_000000030209
2026-08-08 06:56:36.783006: OpenEDS_000000030209, shape torch.Size([1, 1, 400, 640]), rank 0
2026-08-08 06:56:36.795236: predicting OpenEDS_000000030210
2026-08-08 06:56:36.796489: OpenEDS_000000030210, shape torch.Size([1, 1, 400, 640]), rank 0
2026-08-08 06:56:36.808682: predicting OpenEDS_000000030217
2026-08-08 06:56:36.809984: OpenEDS_000000030217, shape torch.Size([1, 1, 400, 640]), rank 0
2026-08-08 06:56:36.822517: predicting OpenEDS_000000030218
2026-08-08 06:56:36.823725: OpenEDS_000000030218, shape torch.Size([1, 1, 400, 640]), rank 0
2026-08-08 06:56:36.835923: predicting OpenEDS_000000030220
2026-08-08 06:56:36.837257: OpenEDS_000000030220, shape torch.Size([1, 1, 400, 640]), rank 0
2026-08-08 06:56:36.849923: predicting OpenEDS_000000030226
2026-08-08 06:56:36.851141: OpenEDS_000000030226, shape torch.Size([1, 1, 400, 640]), rank 0
2026-08-08 06:56:36.863311: predicting OpenEDS_000000030228
2026-08-08 06:56:36.864530: OpenEDS_000000030228, shape torch.Size([1, 1, 400, 640]), rank 0
2026-08-08 06:56:36.876856: predicting OpenEDS_000000032888
2026-08-08 06:56:36.878121: OpenEDS_000000032888, shape torch.Size([1, 1, 400, 640]), rank 0
2026-08-08 06:56:36.890327: predicting OpenEDS_000000032899
2026-08-08 06:56:36.891607: OpenEDS_000000032899, shape torch.Size([1, 1, 400, 640]), rank 0
2026-08-08 06:56:36.903887: predicting OpenEDS_000000032907
2026-08-08 06:56:36.905116: OpenEDS_000000032907, shape torch.Size([1, 1, 400, 640]), rank 0
2026-08-08 06:56:36.917725: predicting OpenEDS_000000032908
2026-08-08 06:56:36.918963: OpenEDS_000000032908, shape torch.Size([1, 1, 400, 640]), rank 0
2026-08-08 06:56:36.931143: predicting OpenEDS_000000032911
2026-08-08 06:56:36.932401: OpenEDS_000000032911, shape torch.Size([1, 1, 400, 640]), rank 0
2026-08-08 06:56:36.944674: predicting OpenEDS_000000032925
2026-08-08 06:56:36.945918: OpenEDS_000000032925, shape torch.Size([1, 1, 400, 640]), rank 0
2026-08-08 06:56:36.958086: predicting OpenEDS_000000032942
2026-08-08 06:56:36.959337: OpenEDS_000000032942, shape torch.Size([1, 1, 400, 640]), rank 0
2026-08-08 06:56:36.971597: predicting OpenEDS_000000032944
2026-08-08 06:56:36.972958: OpenEDS_000000032944, shape torch.Size([1, 1, 400, 640]), rank 0
2026-08-08 06:56:36.985159: predicting OpenEDS_000000032951
2026-08-08 06:56:36.986452: OpenEDS_000000032951, shape torch.Size([1, 1, 400, 640]), rank 0
2026-08-08 06:56:36.998674: predicting OpenEDS_000000032952
2026-08-08 06:56:36.999934: OpenEDS_000000032952, shape torch.Size([1, 1, 400, 640]), rank 0
2026-08-08 06:56:37.012543: predicting OpenEDS_000000032953
2026-08-08 06:56:37.013847: OpenEDS_000000032953, shape torch.Size([1, 1, 400, 640]), rank 0
2026-08-08 06:56:37.026449: predicting OpenEDS_000000032956
2026-08-08 06:56:37.027746: OpenEDS_000000032956, shape torch.Size([1, 1, 400, 640]), rank 0
2026-08-08 06:56:37.040295: predicting OpenEDS_000000032960
2026-08-08 06:56:37.041584: OpenEDS_000000032960, shape torch.Size([1, 1, 400, 640]), rank 0
2026-08-08 06:56:37.053985: predicting OpenEDS_000000035613
2026-08-08 06:56:37.055254: OpenEDS_000000035613, shape torch.Size([1, 1, 400, 640]), rank 0
2026-08-08 06:56:37.067536: predicting OpenEDS_000000035615
2026-08-08 06:56:37.068793: OpenEDS_000000035615, shape torch.Size([1, 1, 400, 640]), rank 0
2026-08-08 06:56:37.081427: predicting OpenEDS_000000035618
2026-08-08 06:56:37.082698: OpenEDS_000000035618, shape torch.Size([1, 1, 400, 640]), rank 0
2026-08-08 06:56:37.095261: predicting OpenEDS_000000035624
2026-08-08 06:56:37.096562: OpenEDS_000000035624, shape torch.Size([1, 1, 400, 640]), rank 0
2026-08-08 06:56:37.109014: predicting OpenEDS_000000035629
2026-08-08 06:56:37.110334: OpenEDS_000000035629, shape torch.Size([1, 1, 400, 640]), rank 0
2026-08-08 06:56:37.122952: predicting OpenEDS_000000035631
2026-08-08 06:56:37.123822: OpenEDS_000000035631, shape torch.Size([1, 1, 400, 640]), rank 0
2026-08-08 06:56:37.136300: predicting OpenEDS_000000035637
2026-08-08 06:56:37.137597: OpenEDS_000000035637, shape torch.Size([1, 1, 400, 640]), rank 0
2026-08-08 06:56:37.149859: predicting OpenEDS_000000035643
2026-08-08 06:56:37.151109: OpenEDS_000000035643, shape torch.Size([1, 1, 400, 640]), rank 0
2026-08-08 06:56:37.163276: predicting OpenEDS_000000035650
2026-08-08 06:56:37.164504: OpenEDS_000000035650, shape torch.Size([1, 1, 400, 640]), rank 0
2026-08-08 06:56:37.177009: predicting OpenEDS_000000035655
2026-08-08 06:56:37.178274: OpenEDS_000000035655, shape torch.Size([1, 1, 400, 640]), rank 0
2026-08-08 06:56:37.190846: predicting OpenEDS_000000035656
2026-08-08 06:56:37.192125: OpenEDS_000000035656, shape torch.Size([1, 1, 400, 640]), rank 0
2026-08-08 06:56:37.204777: predicting OpenEDS_000000035663
2026-08-08 06:56:37.206035: OpenEDS_000000035663, shape torch.Size([1, 1, 400, 640]), rank 0
2026-08-08 06:56:37.218546: predicting OpenEDS_000000035666
2026-08-08 06:56:37.219820: OpenEDS_000000035666, shape torch.Size([1, 1, 400, 640]), rank 0
2026-08-08 06:56:37.232136: predicting OpenEDS_000000035671
2026-08-08 06:56:37.233418: OpenEDS_000000035671, shape torch.Size([1, 1, 400, 640]), rank 0
2026-08-08 06:56:37.245589: predicting OpenEDS_000000035673
2026-08-08 06:56:37.246871: OpenEDS_000000035673, shape torch.Size([1, 1, 400, 640]), rank 0
2026-08-08 06:56:37.259086: predicting OpenEDS_000000038327
2026-08-08 06:56:37.260373: OpenEDS_000000038327, shape torch.Size([1, 1, 400, 640]), rank 0
2026-08-08 06:56:37.272564: predicting OpenEDS_000000038332
2026-08-08 06:56:37.273424: OpenEDS_000000038332, shape torch.Size([1, 1, 400, 640]), rank 0
2026-08-08 06:56:37.285930: predicting OpenEDS_000000038342
2026-08-08 06:56:37.287169: OpenEDS_000000038342, shape torch.Size([1, 1, 400, 640]), rank 0
2026-08-08 06:56:37.299361: predicting OpenEDS_000000038347
2026-08-08 06:56:37.300586: OpenEDS_000000038347, shape torch.Size([1, 1, 400, 640]), rank 0
2026-08-08 06:56:37.312819: predicting OpenEDS_000000038349
2026-08-08 06:56:37.314076: OpenEDS_000000038349, shape torch.Size([1, 1, 400, 640]), rank 0
2026-08-08 06:56:37.326338: predicting OpenEDS_000000038350
2026-08-08 06:56:37.327594: OpenEDS_000000038350, shape torch.Size([1, 1, 400, 640]), rank 0
2026-08-08 06:56:37.339830: predicting OpenEDS_000000038358
2026-08-08 06:56:37.341055: OpenEDS_000000038358, shape torch.Size([1, 1, 400, 640]), rank 0
2026-08-08 06:56:37.353167: predicting OpenEDS_000000038373
2026-08-08 06:56:37.354430: OpenEDS_000000038373, shape torch.Size([1, 1, 400, 640]), rank 0
2026-08-08 06:56:37.367119: predicting OpenEDS_000000038377
2026-08-08 06:56:37.368375: OpenEDS_000000038377, shape torch.Size([1, 1, 400, 640]), rank 0
2026-08-08 06:56:37.380608: predicting OpenEDS_000000038381
2026-08-08 06:56:37.381830: OpenEDS_000000038381, shape torch.Size([1, 1, 400, 640]), rank 0
2026-08-08 06:56:37.394011: predicting OpenEDS_000000038382
2026-08-08 06:56:37.395210: OpenEDS_000000038382, shape torch.Size([1, 1, 400, 640]), rank 0
2026-08-08 06:56:37.407903: predicting OpenEDS_000000038385
2026-08-08 06:56:37.409111: OpenEDS_000000038385, shape torch.Size([1, 1, 400, 640]), rank 0
2026-08-08 06:56:37.421436: predicting OpenEDS_000000038386
2026-08-08 06:56:37.422651: OpenEDS_000000038386, shape torch.Size([1, 1, 400, 640]), rank 0
2026-08-08 06:56:37.434813: predicting OpenEDS_000000038388
2026-08-08 06:56:37.436029: OpenEDS_000000038388, shape torch.Size([1, 1, 400, 640]), rank 0
2026-08-08 06:56:37.448260: predicting OpenEDS_000000038395
2026-08-08 06:56:37.449482: OpenEDS_000000038395, shape torch.Size([1, 1, 400, 640]), rank 0
2026-08-08 06:56:37.461721: predicting OpenEDS_000000038396
2026-08-08 06:56:37.462969: OpenEDS_000000038396, shape torch.Size([1, 1, 400, 640]), rank 0
2026-08-08 06:56:37.475539: predicting OpenEDS_000000038405
2026-08-08 06:56:37.476754: OpenEDS_000000038405, shape torch.Size([1, 1, 400, 640]), rank 0
2026-08-08 06:56:37.488976: predicting OpenEDS_000000041055
2026-08-08 06:56:37.490207: OpenEDS_000000041055, shape torch.Size([1, 1, 400, 640]), rank 0
2026-08-08 06:56:37.502365: predicting OpenEDS_000000041057
2026-08-08 06:56:37.503592: OpenEDS_000000041057, shape torch.Size([1, 1, 400, 640]), rank 0
2026-08-08 06:56:37.516210: predicting OpenEDS_000000041076
2026-08-08 06:56:37.517495: OpenEDS_000000041076, shape torch.Size([1, 1, 400, 640]), rank 0
2026-08-08 06:56:37.529721: predicting OpenEDS_000000041077
2026-08-08 06:56:37.530951: OpenEDS_000000041077, shape torch.Size([1, 1, 400, 640]), rank 0
2026-08-08 06:56:37.543679: predicting OpenEDS_000000041085
2026-08-08 06:56:37.544951: OpenEDS_000000041085, shape torch.Size([1, 1, 400, 640]), rank 0
2026-08-08 06:56:37.557199: predicting OpenEDS_000000041088
2026-08-08 06:56:37.558461: OpenEDS_000000041088, shape torch.Size([1, 1, 400, 640]), rank 0
2026-08-08 06:56:37.571069: predicting OpenEDS_000000041091
2026-08-08 06:56:37.572361: OpenEDS_000000041091, shape torch.Size([1, 1, 400, 640]), rank 0
2026-08-08 06:56:37.584993: predicting OpenEDS_000000041105
2026-08-08 06:56:37.586259: OpenEDS_000000041105, shape torch.Size([1, 1, 400, 640]), rank 0
2026-08-08 06:56:37.598897: predicting OpenEDS_000000041114
2026-08-08 06:56:37.600191: OpenEDS_000000041114, shape torch.Size([1, 1, 400, 640]), rank 0
2026-08-08 06:56:37.612329: predicting OpenEDS_000000041117
2026-08-08 06:56:37.613613: OpenEDS_000000041117, shape torch.Size([1, 1, 400, 640]), rank 0
2026-08-08 06:56:37.625663: predicting OpenEDS_000000041120
2026-08-08 06:56:37.626887: OpenEDS_000000041120, shape torch.Size([1, 1, 400, 640]), rank 0
2026-08-08 06:56:37.638978: predicting OpenEDS_000000041125
2026-08-08 06:56:37.640238: OpenEDS_000000041125, shape torch.Size([1, 1, 400, 640]), rank 0
2026-08-08 06:56:37.652272: predicting OpenEDS_000000041127
2026-08-08 06:56:37.653615: OpenEDS_000000041127, shape torch.Size([1, 1, 400, 640]), rank 0
2026-08-08 06:56:37.666176: predicting OpenEDS_000000041137
2026-08-08 06:56:37.667441: OpenEDS_000000041137, shape torch.Size([1, 1, 400, 640]), rank 0
2026-08-08 06:56:37.679670: predicting OpenEDS_000000041139
2026-08-08 06:56:37.680900: OpenEDS_000000041139, shape torch.Size([1, 1, 400, 640]), rank 0
2026-08-08 06:56:37.693040: predicting OpenEDS_000000041144
2026-08-08 06:56:37.694356: OpenEDS_000000041144, shape torch.Size([1, 1, 400, 640]), rank 0
2026-08-08 06:56:37.706418: predicting OpenEDS_000000041149
2026-08-08 06:56:37.707676: OpenEDS_000000041149, shape torch.Size([1, 1, 400, 640]), rank 0
2026-08-08 06:56:37.720153: predicting OpenEDS_000000041150
2026-08-08 06:56:37.721419: OpenEDS_000000041150, shape torch.Size([1, 1, 400, 640]), rank 0
2026-08-08 06:56:37.733660: predicting OpenEDS_000000041154
2026-08-08 06:56:37.734901: OpenEDS_000000041154, shape torch.Size([1, 1, 400, 640]), rank 0
2026-08-08 06:56:37.746918: predicting OpenEDS_000000041159
2026-08-08 06:56:37.748149: OpenEDS_000000041159, shape torch.Size([1, 1, 400, 640]), rank 0
2026-08-08 06:56:37.760188: predicting OpenEDS_000000041165
2026-08-08 06:56:37.761405: OpenEDS_000000041165, shape torch.Size([1, 1, 400, 640]), rank 0
2026-08-08 06:56:37.773912: predicting OpenEDS_000000041167
2026-08-08 06:56:37.775174: OpenEDS_000000041167, shape torch.Size([1, 1, 400, 640]), rank 0
2026-08-08 06:56:37.787292: predicting OpenEDS_000000041176
2026-08-08 06:56:37.788549: OpenEDS_000000041176, shape torch.Size([1, 1, 400, 640]), rank 0
2026-08-08 06:56:37.800547: predicting OpenEDS_000000041177
2026-08-08 06:56:37.801805: OpenEDS_000000041177, shape torch.Size([1, 1, 400, 640]), rank 0
2026-08-08 06:56:37.814402: predicting OpenEDS_000000041179
2026-08-08 06:56:37.815604: OpenEDS_000000041179, shape torch.Size([1, 1, 400, 640]), rank 0
2026-08-08 06:56:37.828119: predicting OpenEDS_000000043838
2026-08-08 06:56:37.829379: OpenEDS_000000043838, shape torch.Size([1, 1, 400, 640]), rank 0
2026-08-08 06:56:37.841758: predicting OpenEDS_000000043850
2026-08-08 06:56:37.843004: OpenEDS_000000043850, shape torch.Size([1, 1, 400, 640]), rank 0
2026-08-08 06:56:37.855380: predicting OpenEDS_000000043858
2026-08-08 06:56:37.856606: OpenEDS_000000043858, shape torch.Size([1, 1, 400, 640]), rank 0
2026-08-08 06:56:37.869209: predicting OpenEDS_000000043861
2026-08-08 06:56:37.870060: OpenEDS_000000043861, shape torch.Size([1, 1, 400, 640]), rank 0
2026-08-08 06:56:37.882234: predicting OpenEDS_000000043864
2026-08-08 06:56:37.883504: OpenEDS_000000043864, shape torch.Size([1, 1, 400, 640]), rank 0
2026-08-08 06:56:37.895697: predicting OpenEDS_000000043865
2026-08-08 06:56:37.896974: OpenEDS_000000043865, shape torch.Size([1, 1, 400, 640]), rank 0
2026-08-08 06:56:37.908973: predicting OpenEDS_000000043870
2026-08-08 06:56:37.910240: OpenEDS_000000043870, shape torch.Size([1, 1, 400, 640]), rank 0
2026-08-08 06:56:37.922719: predicting OpenEDS_000000043873
2026-08-08 06:56:37.923950: OpenEDS_000000043873, shape torch.Size([1, 1, 400, 640]), rank 0
2026-08-08 06:56:37.936397: predicting OpenEDS_000000043880
2026-08-08 06:56:37.937644: OpenEDS_000000043880, shape torch.Size([1, 1, 400, 640]), rank 0
2026-08-08 06:56:37.949916: predicting OpenEDS_000000043881
2026-08-08 06:56:37.951126: OpenEDS_000000043881, shape torch.Size([1, 1, 400, 640]), rank 0
2026-08-08 06:56:37.963684: predicting OpenEDS_000000043886
2026-08-08 06:56:37.964895: OpenEDS_000000043886, shape torch.Size([1, 1, 400, 640]), rank 0
2026-08-08 06:56:37.977407: predicting OpenEDS_000000043892
2026-08-08 06:56:37.978675: OpenEDS_000000043892, shape torch.Size([1, 1, 400, 640]), rank 0
2026-08-08 06:56:37.991183: predicting OpenEDS_000000043897
2026-08-08 06:56:37.992465: OpenEDS_000000043897, shape torch.Size([1, 1, 400, 640]), rank 0
2026-08-08 06:56:38.004813: predicting OpenEDS_000000043902
2026-08-08 06:56:38.005997: OpenEDS_000000043902, shape torch.Size([1, 1, 400, 640]), rank 0
2026-08-08 06:56:38.018457: predicting OpenEDS_000000043909
2026-08-08 06:56:38.019718: OpenEDS_000000043909, shape torch.Size([1, 1, 400, 640]), rank 0
2026-08-08 06:56:38.031770: predicting OpenEDS_000000043914
2026-08-08 06:56:38.033045: OpenEDS_000000043914, shape torch.Size([1, 1, 400, 640]), rank 0
2026-08-08 06:56:38.045179: predicting OpenEDS_000000046571
2026-08-08 06:56:38.046432: OpenEDS_000000046571, shape torch.Size([1, 1, 400, 640]), rank 0
2026-08-08 06:56:38.058593: predicting OpenEDS_000000046572
2026-08-08 06:56:38.059824: OpenEDS_000000046572, shape torch.Size([1, 1, 400, 640]), rank 0
2026-08-08 06:56:38.072376: predicting OpenEDS_000000046586
2026-08-08 06:56:38.073641: OpenEDS_000000046586, shape torch.Size([1, 1, 400, 640]), rank 0
2026-08-08 06:56:38.086299: predicting OpenEDS_000000046590
2026-08-08 06:56:38.087607: OpenEDS_000000046590, shape torch.Size([1, 1, 400, 640]), rank 0
2026-08-08 06:56:38.099724: predicting OpenEDS_000000046596
2026-08-08 06:56:38.100931: OpenEDS_000000046596, shape torch.Size([1, 1, 400, 640]), rank 0
2026-08-08 06:56:38.113207: predicting OpenEDS_000000046613
2026-08-08 06:56:38.114421: OpenEDS_000000046613, shape torch.Size([1, 1, 400, 640]), rank 0
2026-08-08 06:56:38.126514: predicting OpenEDS_000000046623
2026-08-08 06:56:38.127838: OpenEDS_000000046623, shape torch.Size([1, 1, 400, 640]), rank 0
2026-08-08 06:56:38.139908: predicting OpenEDS_000000046636
2026-08-08 06:56:38.141133: OpenEDS_000000046636, shape torch.Size([1, 1, 400, 640]), rank 0
2026-08-08 06:56:38.153208: predicting OpenEDS_000000046641
2026-08-08 06:56:38.154440: OpenEDS_000000046641, shape torch.Size([1, 1, 400, 640]), rank 0
2026-08-08 06:56:38.166566: predicting OpenEDS_000000046642
2026-08-08 06:56:38.167905: OpenEDS_000000046642, shape torch.Size([1, 1, 400, 640]), rank 0
2026-08-08 06:56:38.180043: predicting OpenEDS_000000049298
2026-08-08 06:56:38.181267: OpenEDS_000000049298, shape torch.Size([1, 1, 400, 640]), rank 0
2026-08-08 06:56:38.193491: predicting OpenEDS_000000049301
2026-08-08 06:56:38.194745: OpenEDS_000000049301, shape torch.Size([1, 1, 400, 640]), rank 0
2026-08-08 06:56:38.206791: predicting OpenEDS_000000049308
2026-08-08 06:56:38.208094: OpenEDS_000000049308, shape torch.Size([1, 1, 400, 640]), rank 0
2026-08-08 06:56:38.220604: predicting OpenEDS_000000049311
2026-08-08 06:56:38.221849: OpenEDS_000000049311, shape torch.Size([1, 1, 400, 640]), rank 0
2026-08-08 06:56:38.233949: predicting OpenEDS_000000049319
2026-08-08 06:56:38.235213: OpenEDS_000000049319, shape torch.Size([1, 1, 400, 640]), rank 0
2026-08-08 06:56:38.247295: predicting OpenEDS_000000049323
2026-08-08 06:56:38.248553: OpenEDS_000000049323, shape torch.Size([1, 1, 400, 640]), rank 0
2026-08-08 06:56:38.260671: predicting OpenEDS_000000049327
2026-08-08 06:56:38.261891: OpenEDS_000000049327, shape torch.Size([1, 1, 400, 640]), rank 0
2026-08-08 06:56:38.274400: predicting OpenEDS_000000049329
2026-08-08 06:56:38.275278: OpenEDS_000000049329, shape torch.Size([1, 1, 400, 640]), rank 0
2026-08-08 06:56:38.287342: predicting OpenEDS_000000049334
2026-08-08 06:56:38.288541: OpenEDS_000000049334, shape torch.Size([1, 1, 400, 640]), rank 0
2026-08-08 06:56:38.300652: predicting OpenEDS_000000049347
2026-08-08 06:56:38.301915: OpenEDS_000000049347, shape torch.Size([1, 1, 400, 640]), rank 0
2026-08-08 06:56:38.314453: predicting OpenEDS_000000049350
2026-08-08 06:56:38.315723: OpenEDS_000000049350, shape torch.Size([1, 1, 400, 640]), rank 0
2026-08-08 06:56:38.327807: predicting OpenEDS_000000049356
2026-08-08 06:56:38.329047: OpenEDS_000000049356, shape torch.Size([1, 1, 400, 640]), rank 0
2026-08-08 06:56:38.341094: predicting OpenEDS_000000049358
2026-08-08 06:56:38.342356: OpenEDS_000000049358, shape torch.Size([1, 1, 400, 640]), rank 0
2026-08-08 06:56:38.354470: predicting OpenEDS_000000049366
2026-08-08 06:56:38.355739: OpenEDS_000000049366, shape torch.Size([1, 1, 400, 640]), rank 0
2026-08-08 06:56:38.367782: predicting OpenEDS_000000049368
2026-08-08 06:56:38.369049: OpenEDS_000000049368, shape torch.Size([1, 1, 400, 640]), rank 0
2026-08-08 06:56:38.381530: predicting OpenEDS_000000049371
2026-08-08 06:56:38.382781: OpenEDS_000000049371, shape torch.Size([1, 1, 400, 640]), rank 0
2026-08-08 06:56:38.394985: predicting OpenEDS_000000049375
2026-08-08 06:56:38.396253: OpenEDS_000000049375, shape torch.Size([1, 1, 400, 640]), rank 0
2026-08-08 06:56:38.408320: predicting OpenEDS_000000052036
2026-08-08 06:56:38.409565: OpenEDS_000000052036, shape torch.Size([1, 1, 400, 640]), rank 0
2026-08-08 06:56:38.422024: predicting OpenEDS_000000052041
2026-08-08 06:56:38.423281: OpenEDS_000000052041, shape torch.Size([1, 1, 400, 640]), rank 0
2026-08-08 06:56:38.435419: predicting OpenEDS_000000052043
2026-08-08 06:56:38.436655: OpenEDS_000000052043, shape torch.Size([1, 1, 400, 640]), rank 0
2026-08-08 06:56:38.448785: predicting OpenEDS_000000052046
2026-08-08 06:56:38.450053: OpenEDS_000000052046, shape torch.Size([1, 1, 400, 640]), rank 0
2026-08-08 06:56:38.462106: predicting OpenEDS_000000052054
2026-08-08 06:56:38.463383: OpenEDS_000000052054, shape torch.Size([1, 1, 400, 640]), rank 0
2026-08-08 06:56:38.475580: predicting OpenEDS_000000052055
2026-08-08 06:56:38.476817: OpenEDS_000000052055, shape torch.Size([1, 1, 400, 640]), rank 0
2026-08-08 06:56:38.488985: predicting OpenEDS_000000052058
2026-08-08 06:56:38.490225: OpenEDS_000000052058, shape torch.Size([1, 1, 400, 640]), rank 0
2026-08-08 06:56:38.502274: predicting OpenEDS_000000052065
2026-08-08 06:56:38.503521: OpenEDS_000000052065, shape torch.Size([1, 1, 400, 640]), rank 0
2026-08-08 06:56:38.515666: predicting OpenEDS_000000052068
2026-08-08 06:56:38.516942: OpenEDS_000000052068, shape torch.Size([1, 1, 400, 640]), rank 0
2026-08-08 06:56:38.529138: predicting OpenEDS_000000052082
2026-08-08 06:56:38.530396: OpenEDS_000000052082, shape torch.Size([1, 1, 400, 640]), rank 0
2026-08-08 06:56:38.542508: predicting OpenEDS_000000052092
2026-08-08 06:56:38.543770: OpenEDS_000000052092, shape torch.Size([1, 1, 400, 640]), rank 0
2026-08-08 06:56:38.555807: predicting OpenEDS_000000052103
2026-08-08 06:56:38.557011: OpenEDS_000000052103, shape torch.Size([1, 1, 400, 640]), rank 0
2026-08-08 06:56:38.569126: predicting OpenEDS_000000052105
2026-08-08 06:56:38.570384: OpenEDS_000000052105, shape torch.Size([1, 1, 400, 640]), rank 0
2026-08-08 06:56:38.582840: predicting OpenEDS_000000052108
2026-08-08 06:56:38.583737: OpenEDS_000000052108, shape torch.Size([1, 1, 400, 640]), rank 0
2026-08-08 06:56:38.595873: predicting OpenEDS_000000052112
2026-08-08 06:56:38.597085: OpenEDS_000000052112, shape torch.Size([1, 1, 400, 640]), rank 0
2026-08-08 06:56:38.609132: predicting OpenEDS_000000054765
2026-08-08 06:56:38.610390: OpenEDS_000000054765, shape torch.Size([1, 1, 400, 640]), rank 0
2026-08-08 06:56:38.622515: predicting OpenEDS_000000054783
2026-08-08 06:56:38.623777: OpenEDS_000000054783, shape torch.Size([1, 1, 400, 640]), rank 0
2026-08-08 06:56:38.635825: predicting OpenEDS_000000054792
2026-08-08 06:56:38.637052: OpenEDS_000000054792, shape torch.Size([1, 1, 400, 640]), rank 0
2026-08-08 06:56:38.649398: predicting OpenEDS_000000054795
2026-08-08 06:56:38.650607: OpenEDS_000000054795, shape torch.Size([1, 1, 400, 640]), rank 0
2026-08-08 06:56:38.662684: predicting OpenEDS_000000054799
2026-08-08 06:56:38.663885: OpenEDS_000000054799, shape torch.Size([1, 1, 400, 640]), rank 0
2026-08-08 06:56:38.675925: predicting OpenEDS_000000054807
2026-08-08 06:56:38.677186: OpenEDS_000000054807, shape torch.Size([1, 1, 400, 640]), rank 0
2026-08-08 06:56:38.689357: predicting OpenEDS_000000054814
2026-08-08 06:56:38.690665: OpenEDS_000000054814, shape torch.Size([1, 1, 400, 640]), rank 0
2026-08-08 06:56:38.702757: predicting OpenEDS_000000054816
2026-08-08 06:56:38.704077: OpenEDS_000000054816, shape torch.Size([1, 1, 400, 640]), rank 0
2026-08-08 06:56:38.716219: predicting OpenEDS_000000054818
2026-08-08 06:56:38.717499: OpenEDS_000000054818, shape torch.Size([1, 1, 400, 640]), rank 0
2026-08-08 06:56:38.729494: predicting OpenEDS_000000054831
2026-08-08 06:56:38.730779: OpenEDS_000000054831, shape torch.Size([1, 1, 400, 640]), rank 0
2026-08-08 06:56:38.742920: predicting OpenEDS_000000054835
2026-08-08 06:56:38.744241: OpenEDS_000000054835, shape torch.Size([1, 1, 400, 640]), rank 0
2026-08-08 06:56:38.756314: predicting OpenEDS_000000054837
2026-08-08 06:56:38.757560: OpenEDS_000000054837, shape torch.Size([1, 1, 400, 640]), rank 0
2026-08-08 06:56:38.769581: predicting OpenEDS_000000054846
2026-08-08 06:56:38.770837: OpenEDS_000000054846, shape torch.Size([1, 1, 400, 640]), rank 0
2026-08-08 06:56:38.782974: predicting OpenEDS_000000057496
2026-08-08 06:56:38.784252: OpenEDS_000000057496, shape torch.Size([1, 1, 400, 640]), rank 0
2026-08-08 06:56:38.796688: predicting OpenEDS_000000057499
2026-08-08 06:56:38.797568: OpenEDS_000000057499, shape torch.Size([1, 1, 400, 640]), rank 0
2026-08-08 06:56:38.809746: predicting OpenEDS_000000057500
2026-08-08 06:56:38.811000: OpenEDS_000000057500, shape torch.Size([1, 1, 400, 640]), rank 0
2026-08-08 06:56:38.823053: predicting OpenEDS_000000057502
2026-08-08 06:56:38.824314: OpenEDS_000000057502, shape torch.Size([1, 1, 400, 640]), rank 0
2026-08-08 06:56:38.836380: predicting OpenEDS_000000057505
2026-08-08 06:56:38.837651: OpenEDS_000000057505, shape torch.Size([1, 1, 400, 640]), rank 0
2026-08-08 06:56:38.850171: predicting OpenEDS_000000057506
2026-08-08 06:56:38.851386: OpenEDS_000000057506, shape torch.Size([1, 1, 400, 640]), rank 0
2026-08-08 06:56:38.863439: predicting OpenEDS_000000057510
2026-08-08 06:56:38.864679: OpenEDS_000000057510, shape torch.Size([1, 1, 400, 640]), rank 0
2026-08-08 06:56:38.876772: predicting OpenEDS_000000057523
2026-08-08 06:56:38.878018: OpenEDS_000000057523, shape torch.Size([1, 1, 400, 640]), rank 0
2026-08-08 06:56:38.890154: predicting OpenEDS_000000057526
2026-08-08 06:56:38.891414: OpenEDS_000000057526, shape torch.Size([1, 1, 400, 640]), rank 0
2026-08-08 06:56:38.903902: predicting OpenEDS_000000057528
2026-08-08 06:56:38.904785: OpenEDS_000000057528, shape torch.Size([1, 1, 400, 640]), rank 0
2026-08-08 06:56:38.916917: predicting OpenEDS_000000057531
2026-08-08 06:56:38.918196: OpenEDS_000000057531, shape torch.Size([1, 1, 400, 640]), rank 0
2026-08-08 06:56:38.930273: predicting OpenEDS_000000057541
2026-08-08 06:56:38.931542: OpenEDS_000000057541, shape torch.Size([1, 1, 400, 640]), rank 0
2026-08-08 06:56:38.943596: predicting OpenEDS_000000057543
2026-08-08 06:56:38.944875: OpenEDS_000000057543, shape torch.Size([1, 1, 400, 640]), rank 0
2026-08-08 06:56:38.956983: predicting OpenEDS_000000057547
2026-08-08 06:56:38.958247: OpenEDS_000000057547, shape torch.Size([1, 1, 400, 640]), rank 0
2026-08-08 06:56:38.970444: predicting OpenEDS_000000057548
2026-08-08 06:56:38.971730: OpenEDS_000000057548, shape torch.Size([1, 1, 400, 640]), rank 0
2026-08-08 06:56:38.983839: predicting OpenEDS_000000057549
2026-08-08 06:56:38.985080: OpenEDS_000000057549, shape torch.Size([1, 1, 400, 640]), rank 0
2026-08-08 06:56:38.997178: predicting OpenEDS_000000057552
2026-08-08 06:56:38.998435: OpenEDS_000000057552, shape torch.Size([1, 1, 400, 640]), rank 0
2026-08-08 06:56:39.010637: predicting OpenEDS_000000057553
2026-08-08 06:56:39.011923: OpenEDS_000000057553, shape torch.Size([1, 1, 400, 640]), rank 0
2026-08-08 06:56:39.024019: predicting OpenEDS_000000057554
2026-08-08 06:56:39.025267: OpenEDS_000000057554, shape torch.Size([1, 1, 400, 640]), rank 0
2026-08-08 06:56:39.037278: predicting OpenEDS_000000057558
2026-08-08 06:56:39.038538: OpenEDS_000000057558, shape torch.Size([1, 1, 400, 640]), rank 0
2026-08-08 06:56:39.050559: predicting OpenEDS_000000057561
2026-08-08 06:56:39.051786: OpenEDS_000000057561, shape torch.Size([1, 1, 400, 640]), rank 0
2026-08-08 06:56:39.063929: predicting OpenEDS_000000057565
2026-08-08 06:56:39.065153: OpenEDS_000000057565, shape torch.Size([1, 1, 400, 640]), rank 0
2026-08-08 06:56:39.077278: predicting OpenEDS_000000060222
2026-08-08 06:56:39.078519: OpenEDS_000000060222, shape torch.Size([1, 1, 400, 640]), rank 0
2026-08-08 06:56:39.090695: predicting OpenEDS_000000060233
2026-08-08 06:56:39.091951: OpenEDS_000000060233, shape torch.Size([1, 1, 400, 640]), rank 0
2026-08-08 06:56:39.104163: predicting OpenEDS_000000060237
2026-08-08 06:56:39.105354: OpenEDS_000000060237, shape torch.Size([1, 1, 400, 640]), rank 0
2026-08-08 06:56:39.117488: predicting OpenEDS_000000060241
2026-08-08 06:56:39.118781: OpenEDS_000000060241, shape torch.Size([1, 1, 400, 640]), rank 0
2026-08-08 06:56:39.130933: predicting OpenEDS_000000060244
2026-08-08 06:56:39.132179: OpenEDS_000000060244, shape torch.Size([1, 1, 400, 640]), rank 0
2026-08-08 06:56:39.144310: predicting OpenEDS_000000060245
2026-08-08 06:56:39.145557: OpenEDS_000000060245, shape torch.Size([1, 1, 400, 640]), rank 0
2026-08-08 06:56:39.157925: predicting OpenEDS_000000060248
2026-08-08 06:56:39.159170: OpenEDS_000000060248, shape torch.Size([1, 1, 400, 640]), rank 0
2026-08-08 06:56:39.171679: predicting OpenEDS_000000060253
2026-08-08 06:56:39.172949: OpenEDS_000000060253, shape torch.Size([1, 1, 400, 640]), rank 0
2026-08-08 06:56:39.185439: predicting OpenEDS_000000060256
2026-08-08 06:56:39.186653: OpenEDS_000000060256, shape torch.Size([1, 1, 400, 640]), rank 0
2026-08-08 06:56:39.199132: predicting OpenEDS_000000060262
2026-08-08 06:56:39.200389: OpenEDS_000000060262, shape torch.Size([1, 1, 400, 640]), rank 0
2026-08-08 06:56:39.212844: predicting OpenEDS_000000060267
2026-08-08 06:56:39.214110: OpenEDS_000000060267, shape torch.Size([1, 1, 400, 640]), rank 0
2026-08-08 06:56:39.226516: predicting OpenEDS_000000060276
2026-08-08 06:56:39.227765: OpenEDS_000000060276, shape torch.Size([1, 1, 400, 640]), rank 0
2026-08-08 06:56:39.239938: predicting OpenEDS_000000060278
2026-08-08 06:56:39.241195: OpenEDS_000000060278, shape torch.Size([1, 1, 400, 640]), rank 0
2026-08-08 06:56:39.253389: predicting OpenEDS_000000060281
2026-08-08 06:56:39.254770: OpenEDS_000000060281, shape torch.Size([1, 1, 400, 640]), rank 0
2026-08-08 06:56:39.266996: predicting OpenEDS_000000060284
2026-08-08 06:56:39.268249: OpenEDS_000000060284, shape torch.Size([1, 1, 400, 640]), rank 0
2026-08-08 06:56:39.280695: predicting OpenEDS_000000060287
2026-08-08 06:56:39.281946: OpenEDS_000000060287, shape torch.Size([1, 1, 400, 640]), rank 0
2026-08-08 06:56:39.294375: predicting OpenEDS_000000060295
2026-08-08 06:56:39.295594: OpenEDS_000000060295, shape torch.Size([1, 1, 400, 640]), rank 0
2026-08-08 06:56:39.307724: predicting OpenEDS_000000060298
2026-08-08 06:56:39.309041: OpenEDS_000000060298, shape torch.Size([1, 1, 400, 640]), rank 0
2026-08-08 06:56:39.321172: predicting OpenEDS_000000062955
2026-08-08 06:56:39.322435: OpenEDS_000000062955, shape torch.Size([1, 1, 400, 640]), rank 0
2026-08-08 06:56:39.334618: predicting OpenEDS_000000062962
2026-08-08 06:56:39.335872: OpenEDS_000000062962, shape torch.Size([1, 1, 400, 640]), rank 0
2026-08-08 06:56:39.347923: predicting OpenEDS_000000062963
2026-08-08 06:56:39.349177: OpenEDS_000000062963, shape torch.Size([1, 1, 400, 640]), rank 0
2026-08-08 06:56:39.361317: predicting OpenEDS_000000062985
2026-08-08 06:56:39.362565: OpenEDS_000000062985, shape torch.Size([1, 1, 400, 640]), rank 0
2026-08-08 06:56:39.374665: predicting OpenEDS_000000062986
2026-08-08 06:56:39.375954: OpenEDS_000000062986, shape torch.Size([1, 1, 400, 640]), rank 0
2026-08-08 06:56:39.388121: predicting OpenEDS_000000062987
2026-08-08 06:56:39.389372: OpenEDS_000000062987, shape torch.Size([1, 1, 400, 640]), rank 0
2026-08-08 06:56:39.401499: predicting OpenEDS_000000062989
2026-08-08 06:56:39.402841: OpenEDS_000000062989, shape torch.Size([1, 1, 400, 640]), rank 0
2026-08-08 06:56:39.415291: predicting OpenEDS_000000062995
2026-08-08 06:56:39.416520: OpenEDS_000000062995, shape torch.Size([1, 1, 400, 640]), rank 0
2026-08-08 06:56:39.428877: predicting OpenEDS_000000062996
2026-08-08 06:56:39.430112: OpenEDS_000000062996, shape torch.Size([1, 1, 400, 640]), rank 0
2026-08-08 06:56:39.442552: predicting OpenEDS_000000062998
2026-08-08 06:56:39.443807: OpenEDS_000000062998, shape torch.Size([1, 1, 400, 640]), rank 0
2026-08-08 06:56:39.456244: predicting OpenEDS_000000063004
2026-08-08 06:56:39.457554: OpenEDS_000000063004, shape torch.Size([1, 1, 400, 640]), rank 0
2026-08-08 06:56:39.469998: predicting OpenEDS_000000063018
2026-08-08 06:56:39.471240: OpenEDS_000000063018, shape torch.Size([1, 1, 400, 640]), rank 0
2026-08-08 06:56:39.483618: predicting OpenEDS_000000063023
2026-08-08 06:56:39.484846: OpenEDS_000000063023, shape torch.Size([1, 1, 400, 640]), rank 0
2026-08-08 06:56:39.497045: predicting OpenEDS_000000063036
2026-08-08 06:56:39.498223: OpenEDS_000000063036, shape torch.Size([1, 1, 400, 640]), rank 0
2026-08-08 06:56:39.510422: predicting OpenEDS_000000063040
2026-08-08 06:56:39.511651: OpenEDS_000000063040, shape torch.Size([1, 1, 400, 640]), rank 0
2026-08-08 06:56:39.523795: predicting OpenEDS_000000065696
2026-08-08 06:56:39.525043: OpenEDS_000000065696, shape torch.Size([1, 1, 400, 640]), rank 0
2026-08-08 06:56:39.537369: predicting OpenEDS_000000065697
2026-08-08 06:56:39.538627: OpenEDS_000000065697, shape torch.Size([1, 1, 400, 640]), rank 0
2026-08-08 06:56:39.550739: predicting OpenEDS_000000065698
2026-08-08 06:56:39.551944: OpenEDS_000000065698, shape torch.Size([1, 1, 400, 640]), rank 0
2026-08-08 06:56:39.564136: predicting OpenEDS_000000065715
2026-08-08 06:56:39.565353: OpenEDS_000000065715, shape torch.Size([1, 1, 400, 640]), rank 0
2026-08-08 06:56:39.577553: predicting OpenEDS_000000065723
2026-08-08 06:56:39.578804: OpenEDS_000000065723, shape torch.Size([1, 1, 400, 640]), rank 0
2026-08-08 06:56:39.591103: predicting OpenEDS_000000065733
2026-08-08 06:56:39.592325: OpenEDS_000000065733, shape torch.Size([1, 1, 400, 640]), rank 0
2026-08-08 06:56:39.604475: predicting OpenEDS_000000065734
2026-08-08 06:56:39.605724: OpenEDS_000000065734, shape torch.Size([1, 1, 400, 640]), rank 0
2026-08-08 06:56:39.618406: predicting OpenEDS_000000065736
2026-08-08 06:56:39.619607: OpenEDS_000000065736, shape torch.Size([1, 1, 400, 640]), rank 0
2026-08-08 06:56:39.631663: predicting OpenEDS_000000065738
2026-08-08 06:56:39.632907: OpenEDS_000000065738, shape torch.Size([1, 1, 400, 640]), rank 0
2026-08-08 06:56:39.645004: predicting OpenEDS_000000065746
2026-08-08 06:56:39.646269: OpenEDS_000000065746, shape torch.Size([1, 1, 400, 640]), rank 0
2026-08-08 06:56:39.658402: predicting OpenEDS_000000065758
2026-08-08 06:56:39.659626: OpenEDS_000000065758, shape torch.Size([1, 1, 400, 640]), rank 0
2026-08-08 06:56:39.671712: predicting OpenEDS_000000065759
2026-08-08 06:56:39.672982: OpenEDS_000000065759, shape torch.Size([1, 1, 400, 640]), rank 0
2026-08-08 06:56:39.685152: predicting OpenEDS_000000065762
2026-08-08 06:56:39.686383: OpenEDS_000000065762, shape torch.Size([1, 1, 400, 640]), rank 0
2026-08-08 06:56:39.698846: predicting OpenEDS_000000065773
2026-08-08 06:56:39.700119: OpenEDS_000000065773, shape torch.Size([1, 1, 400, 640]), rank 0
2026-08-08 06:56:39.712647: predicting OpenEDS_000000065779
2026-08-08 06:56:39.713991: OpenEDS_000000065779, shape torch.Size([1, 1, 400, 640]), rank 0
2026-08-08 06:56:39.726409: predicting OpenEDS_000000065782
2026-08-08 06:56:39.727641: OpenEDS_000000065782, shape torch.Size([1, 1, 400, 640]), rank 0
2026-08-08 06:56:39.739942: predicting OpenEDS_000000065783
2026-08-08 06:56:39.741192: OpenEDS_000000065783, shape torch.Size([1, 1, 400, 640]), rank 0
2026-08-08 06:56:39.753376: predicting OpenEDS_000000065785
2026-08-08 06:56:39.754619: OpenEDS_000000065785, shape torch.Size([1, 1, 400, 640]), rank 0
2026-08-08 06:56:39.766773: predicting OpenEDS_000000065790
2026-08-08 06:56:39.768007: OpenEDS_000000065790, shape torch.Size([1, 1, 400, 640]), rank 0
2026-08-08 06:56:39.780262: predicting OpenEDS_000000065791
2026-08-08 06:56:39.781495: OpenEDS_000000065791, shape torch.Size([1, 1, 400, 640]), rank 0
2026-08-08 06:56:39.793482: predicting OpenEDS_000000065792
2026-08-08 06:56:39.794738: OpenEDS_000000065792, shape torch.Size([1, 1, 400, 640]), rank 0
2026-08-08 06:56:39.806815: predicting OpenEDS_000000065799
2026-08-08 06:56:39.808022: OpenEDS_000000065799, shape torch.Size([1, 1, 400, 640]), rank 0
2026-08-08 06:56:39.820271: predicting OpenEDS_000000068466
2026-08-08 06:56:39.821522: OpenEDS_000000068466, shape torch.Size([1, 1, 400, 640]), rank 0
2026-08-08 06:56:39.833650: predicting OpenEDS_000000068470
2026-08-08 06:56:39.834891: OpenEDS_000000068470, shape torch.Size([1, 1, 400, 640]), rank 0
2026-08-08 06:56:39.847009: predicting OpenEDS_000000068478
2026-08-08 06:56:39.848212: OpenEDS_000000068478, shape torch.Size([1, 1, 400, 640]), rank 0
2026-08-08 06:56:39.860260: predicting OpenEDS_000000068480
2026-08-08 06:56:39.861520: OpenEDS_000000068480, shape torch.Size([1, 1, 400, 640]), rank 0
2026-08-08 06:56:39.873674: predicting OpenEDS_000000068482
2026-08-08 06:56:39.874905: OpenEDS_000000068482, shape torch.Size([1, 1, 400, 640]), rank 0
2026-08-08 06:56:39.887455: predicting OpenEDS_000000068485
2026-08-08 06:56:39.888708: OpenEDS_000000068485, shape torch.Size([1, 1, 400, 640]), rank 0
2026-08-08 06:56:39.901249: predicting OpenEDS_000000068493
2026-08-08 06:56:39.902477: OpenEDS_000000068493, shape torch.Size([1, 1, 400, 640]), rank 0
2026-08-08 06:56:39.914638: predicting OpenEDS_000000068495
2026-08-08 06:56:39.915929: OpenEDS_000000068495, shape torch.Size([1, 1, 400, 640]), rank 0
2026-08-08 06:56:39.928010: predicting OpenEDS_000000068503
2026-08-08 06:56:39.929265: OpenEDS_000000068503, shape torch.Size([1, 1, 400, 640]), rank 0
2026-08-08 06:56:39.941347: predicting OpenEDS_000000068504
2026-08-08 06:56:39.942549: OpenEDS_000000068504, shape torch.Size([1, 1, 400, 640]), rank 0
2026-08-08 06:56:39.954708: predicting OpenEDS_000000068511
2026-08-08 06:56:39.955920: OpenEDS_000000068511, shape torch.Size([1, 1, 400, 640]), rank 0
2026-08-08 06:56:39.967972: predicting OpenEDS_000000068523
2026-08-08 06:56:39.969183: OpenEDS_000000068523, shape torch.Size([1, 1, 400, 640]), rank 0
2026-08-08 06:56:39.981536: predicting OpenEDS_000000068534
2026-08-08 06:56:39.982795: OpenEDS_000000068534, shape torch.Size([1, 1, 400, 640]), rank 0
2026-08-08 06:56:39.994999: predicting OpenEDS_000000068543
2026-08-08 06:56:39.996206: OpenEDS_000000068543, shape torch.Size([1, 1, 400, 640]), rank 0
2026-08-08 06:56:40.008336: predicting OpenEDS_000000068544
2026-08-08 06:56:40.009596: OpenEDS_000000068544, shape torch.Size([1, 1, 400, 640]), rank 0
2026-08-08 06:56:40.021705: predicting OpenEDS_000000068545
2026-08-08 06:56:40.022963: OpenEDS_000000068545, shape torch.Size([1, 1, 400, 640]), rank 0
2026-08-08 06:56:40.035186: predicting OpenEDS_000000068548
2026-08-08 06:56:40.036410: OpenEDS_000000068548, shape torch.Size([1, 1, 400, 640]), rank 0
2026-08-08 06:56:40.048452: predicting OpenEDS_000000071205
2026-08-08 06:56:40.049667: OpenEDS_000000071205, shape torch.Size([1, 1, 400, 640]), rank 0
2026-08-08 06:56:40.061836: predicting OpenEDS_000000071206
2026-08-08 06:56:40.063096: OpenEDS_000000071206, shape torch.Size([1, 1, 400, 640]), rank 0
2026-08-08 06:56:40.075240: predicting OpenEDS_000000071209
2026-08-08 06:56:40.076448: OpenEDS_000000071209, shape torch.Size([1, 1, 400, 640]), rank 0
2026-08-08 06:56:40.088678: predicting OpenEDS_000000071214
2026-08-08 06:56:40.089889: OpenEDS_000000071214, shape torch.Size([1, 1, 400, 640]), rank 0
2026-08-08 06:56:40.101913: predicting OpenEDS_000000071220
2026-08-08 06:56:40.103146: OpenEDS_000000071220, shape torch.Size([1, 1, 400, 640]), rank 0
2026-08-08 06:56:40.115719: predicting OpenEDS_000000071222
2026-08-08 06:56:40.116968: OpenEDS_000000071222, shape torch.Size([1, 1, 400, 640]), rank 0
2026-08-08 06:56:40.129581: predicting OpenEDS_000000071231
2026-08-08 06:56:40.130817: OpenEDS_000000071231, shape torch.Size([1, 1, 400, 640]), rank 0
2026-08-08 06:56:40.143160: predicting OpenEDS_000000071236
2026-08-08 06:56:40.144387: OpenEDS_000000071236, shape torch.Size([1, 1, 400, 640]), rank 0
2026-08-08 06:56:40.156695: predicting OpenEDS_000000071237
2026-08-08 06:56:40.157914: OpenEDS_000000071237, shape torch.Size([1, 1, 400, 640]), rank 0
2026-08-08 06:56:40.170131: predicting OpenEDS_000000071241
2026-08-08 06:56:40.171400: OpenEDS_000000071241, shape torch.Size([1, 1, 400, 640]), rank 0
2026-08-08 06:56:40.183500: predicting OpenEDS_000000071245
2026-08-08 06:56:40.184771: OpenEDS_000000071245, shape torch.Size([1, 1, 400, 640]), rank 0
2026-08-08 06:56:40.196882: predicting OpenEDS_000000071247
2026-08-08 06:56:40.198112: OpenEDS_000000071247, shape torch.Size([1, 1, 400, 640]), rank 0
2026-08-08 06:56:40.210394: predicting OpenEDS_000000071261
2026-08-08 06:56:40.211644: OpenEDS_000000071261, shape torch.Size([1, 1, 400, 640]), rank 0
2026-08-08 06:56:40.223778: predicting OpenEDS_000000071268
2026-08-08 06:56:40.225021: OpenEDS_000000071268, shape torch.Size([1, 1, 400, 640]), rank 0
2026-08-08 06:56:40.237119: predicting OpenEDS_000000071272
2026-08-08 06:56:40.238395: OpenEDS_000000071272, shape torch.Size([1, 1, 400, 640]), rank 0
2026-08-08 06:56:40.250565: predicting OpenEDS_000000071273
2026-08-08 06:56:40.251871: OpenEDS_000000071273, shape torch.Size([1, 1, 400, 640]), rank 0
2026-08-08 06:56:40.263939: predicting OpenEDS_000000071283
2026-08-08 06:56:40.265162: OpenEDS_000000071283, shape torch.Size([1, 1, 400, 640]), rank 0
2026-08-08 06:56:40.277330: predicting OpenEDS_000000071284
2026-08-08 06:56:40.278539: OpenEDS_000000071284, shape torch.Size([1, 1, 400, 640]), rank 0
2026-08-08 06:56:40.290772: predicting OpenEDS_000000071285
2026-08-08 06:56:40.292145: OpenEDS_000000071285, shape torch.Size([1, 1, 400, 640]), rank 0
2026-08-08 06:56:40.304215: predicting OpenEDS_000000071302
2026-08-08 06:56:40.305461: OpenEDS_000000071302, shape torch.Size([1, 1, 400, 640]), rank 0
2026-08-08 06:56:40.317542: predicting OpenEDS_000000071303
2026-08-08 06:56:40.318772: OpenEDS_000000071303, shape torch.Size([1, 1, 400, 640]), rank 0
2026-08-08 06:56:40.330939: predicting OpenEDS_000000071305
2026-08-08 06:56:40.332209: OpenEDS_000000071305, shape torch.Size([1, 1, 400, 640]), rank 0
2026-08-08 06:56:40.344395: predicting OpenEDS_000000071309
2026-08-08 06:56:40.345643: OpenEDS_000000071309, shape torch.Size([1, 1, 400, 640]), rank 0
2026-08-08 06:56:40.357786: predicting OpenEDS_000000071310
2026-08-08 06:56:40.359038: OpenEDS_000000071310, shape torch.Size([1, 1, 400, 640]), rank 0
2026-08-08 06:56:40.371173: predicting OpenEDS_000000071313
2026-08-08 06:56:40.372400: OpenEDS_000000071313, shape torch.Size([1, 1, 400, 640]), rank 0
2026-08-08 06:56:40.384461: predicting OpenEDS_000000071314
2026-08-08 06:56:40.385731: OpenEDS_000000071314, shape torch.Size([1, 1, 400, 640]), rank 0
2026-08-08 06:56:40.397878: predicting OpenEDS_000000071320
2026-08-08 06:56:40.399145: OpenEDS_000000071320, shape torch.Size([1, 1, 400, 640]), rank 0
2026-08-08 06:56:40.411693: predicting OpenEDS_000000073972
2026-08-08 06:56:40.412905: OpenEDS_000000073972, shape torch.Size([1, 1, 400, 640]), rank 0
2026-08-08 06:56:40.425399: predicting OpenEDS_000000073981
2026-08-08 06:56:40.426644: OpenEDS_000000073981, shape torch.Size([1, 1, 400, 640]), rank 0
2026-08-08 06:56:40.439033: predicting OpenEDS_000000073994
2026-08-08 06:56:40.440279: OpenEDS_000000073994, shape torch.Size([1, 1, 400, 640]), rank 0
2026-08-08 06:56:40.452516: predicting OpenEDS_000000074002
2026-08-08 06:56:40.453728: OpenEDS_000000074002, shape torch.Size([1, 1, 400, 640]), rank 0
2026-08-08 06:56:40.465932: predicting OpenEDS_000000074003
2026-08-08 06:56:40.467183: OpenEDS_000000074003, shape torch.Size([1, 1, 400, 640]), rank 0
2026-08-08 06:56:40.479308: predicting OpenEDS_000000074005
2026-08-08 06:56:40.480560: OpenEDS_000000074005, shape torch.Size([1, 1, 400, 640]), rank 0
2026-08-08 06:56:40.492767: predicting OpenEDS_000000074007
2026-08-08 06:56:40.494023: OpenEDS_000000074007, shape torch.Size([1, 1, 400, 640]), rank 0
2026-08-08 06:56:40.506248: predicting OpenEDS_000000074008
2026-08-08 06:56:40.507525: OpenEDS_000000074008, shape torch.Size([1, 1, 400, 640]), rank 0
2026-08-08 06:56:40.519797: predicting OpenEDS_000000074010
2026-08-08 06:56:40.521060: OpenEDS_000000074010, shape torch.Size([1, 1, 400, 640]), rank 0
2026-08-08 06:56:40.533121: predicting OpenEDS_000000074011
2026-08-08 06:56:40.534358: OpenEDS_000000074011, shape torch.Size([1, 1, 400, 640]), rank 0
2026-08-08 06:56:40.546626: predicting OpenEDS_000000074012
2026-08-08 06:56:40.547910: OpenEDS_000000074012, shape torch.Size([1, 1, 400, 640]), rank 0
2026-08-08 06:56:40.560012: predicting OpenEDS_000000074016
2026-08-08 06:56:40.561232: OpenEDS_000000074016, shape torch.Size([1, 1, 400, 640]), rank 0
2026-08-08 06:56:40.573322: predicting OpenEDS_000000074018
2026-08-08 06:56:40.574565: OpenEDS_000000074018, shape torch.Size([1, 1, 400, 640]), rank 0
2026-08-08 06:56:40.587188: predicting OpenEDS_000000074023
2026-08-08 06:56:40.588429: OpenEDS_000000074023, shape torch.Size([1, 1, 400, 640]), rank 0
2026-08-08 06:56:40.601162: predicting OpenEDS_000000074024
2026-08-08 06:56:40.602398: OpenEDS_000000074024, shape torch.Size([1, 1, 400, 640]), rank 0
2026-08-08 06:56:40.614596: predicting OpenEDS_000000074030
2026-08-08 06:56:40.615825: OpenEDS_000000074030, shape torch.Size([1, 1, 400, 640]), rank 0
2026-08-08 06:56:40.628013: predicting OpenEDS_000000074034
2026-08-08 06:56:40.629259: OpenEDS_000000074034, shape torch.Size([1, 1, 400, 640]), rank 0
2026-08-08 06:56:40.641444: predicting OpenEDS_000000074040
2026-08-08 06:56:40.642819: OpenEDS_000000074040, shape torch.Size([1, 1, 400, 640]), rank 0
2026-08-08 06:56:40.654915: predicting OpenEDS_000000074041
2026-08-08 06:56:40.656175: OpenEDS_000000074041, shape torch.Size([1, 1, 400, 640]), rank 0
2026-08-08 06:56:40.668339: predicting OpenEDS_000000074045
2026-08-08 06:56:40.669570: OpenEDS_000000074045, shape torch.Size([1, 1, 400, 640]), rank 0
2026-08-08 06:56:40.681670: predicting OpenEDS_000000074052
2026-08-08 06:56:40.682981: OpenEDS_000000074052, shape torch.Size([1, 1, 400, 640]), rank 0
2026-08-08 06:56:40.695181: predicting OpenEDS_000000074053
2026-08-08 06:56:40.696437: OpenEDS_000000074053, shape torch.Size([1, 1, 400, 640]), rank 0
2026-08-08 06:56:40.708574: predicting OpenEDS_000000074054
2026-08-08 06:56:40.709865: OpenEDS_000000074054, shape torch.Size([1, 1, 400, 640]), rank 0
2026-08-08 06:56:40.722041: predicting OpenEDS_000000074055
2026-08-08 06:56:40.723267: OpenEDS_000000074055, shape torch.Size([1, 1, 400, 640]), rank 0
2026-08-08 06:56:40.735338: predicting OpenEDS_000000076704
2026-08-08 06:56:40.736578: OpenEDS_000000076704, shape torch.Size([1, 1, 400, 640]), rank 0
2026-08-08 06:56:40.748759: predicting OpenEDS_000000076708
2026-08-08 06:56:40.750024: OpenEDS_000000076708, shape torch.Size([1, 1, 400, 640]), rank 0
2026-08-08 06:56:40.762131: predicting OpenEDS_000000076713
2026-08-08 06:56:40.763347: OpenEDS_000000076713, shape torch.Size([1, 1, 400, 640]), rank 0
2026-08-08 06:56:40.775493: predicting OpenEDS_000000076727
2026-08-08 06:56:40.776762: OpenEDS_000000076727, shape torch.Size([1, 1, 400, 640]), rank 0
2026-08-08 06:56:40.788977: predicting OpenEDS_000000076729
2026-08-08 06:56:40.790211: OpenEDS_000000076729, shape torch.Size([1, 1, 400, 640]), rank 0
2026-08-08 06:56:40.802289: predicting OpenEDS_000000076732
2026-08-08 06:56:40.803602: OpenEDS_000000076732, shape torch.Size([1, 1, 400, 640]), rank 0
2026-08-08 06:56:40.815780: predicting OpenEDS_000000076738
2026-08-08 06:56:40.817062: OpenEDS_000000076738, shape torch.Size([1, 1, 400, 640]), rank 0
2026-08-08 06:56:40.829130: predicting OpenEDS_000000076739
2026-08-08 06:56:40.830373: OpenEDS_000000076739, shape torch.Size([1, 1, 400, 640]), rank 0
2026-08-08 06:56:40.842853: predicting OpenEDS_000000076740
2026-08-08 06:56:40.844142: OpenEDS_000000076740, shape torch.Size([1, 1, 400, 640]), rank 0
2026-08-08 06:56:40.856634: predicting OpenEDS_000000076742
2026-08-08 06:56:40.857878: OpenEDS_000000076742, shape torch.Size([1, 1, 400, 640]), rank 0
2026-08-08 06:56:40.870351: predicting OpenEDS_000000076744
2026-08-08 06:56:40.871589: OpenEDS_000000076744, shape torch.Size([1, 1, 400, 640]), rank 0
2026-08-08 06:56:40.883797: predicting OpenEDS_000000076747
2026-08-08 06:56:40.885068: OpenEDS_000000076747, shape torch.Size([1, 1, 400, 640]), rank 0
2026-08-08 06:56:40.897269: predicting OpenEDS_000000076760
2026-08-08 06:56:40.898532: OpenEDS_000000076760, shape torch.Size([1, 1, 400, 640]), rank 0
2026-08-08 06:56:40.910727: predicting OpenEDS_000000076762
2026-08-08 06:56:40.911982: OpenEDS_000000076762, shape torch.Size([1, 1, 400, 640]), rank 0
2026-08-08 06:56:40.924137: predicting OpenEDS_000000076767
2026-08-08 06:56:40.925340: OpenEDS_000000076767, shape torch.Size([1, 1, 400, 640]), rank 0
2026-08-08 06:56:40.937862: predicting OpenEDS_000000076775
2026-08-08 06:56:40.939143: OpenEDS_000000076775, shape torch.Size([1, 1, 400, 640]), rank 0
2026-08-08 06:56:40.951394: predicting OpenEDS_000000076778
2026-08-08 06:56:40.952652: OpenEDS_000000076778, shape torch.Size([1, 1, 400, 640]), rank 0
2026-08-08 06:56:40.964799: predicting OpenEDS_000000076780
2026-08-08 06:56:40.966038: OpenEDS_000000076780, shape torch.Size([1, 1, 400, 640]), rank 0
2026-08-08 06:56:40.978119: predicting OpenEDS_000000076782
2026-08-08 06:56:40.979357: OpenEDS_000000076782, shape torch.Size([1, 1, 400, 640]), rank 0
2026-08-08 06:56:40.991650: predicting OpenEDS_000000076792
2026-08-08 06:56:40.992954: OpenEDS_000000076792, shape torch.Size([1, 1, 400, 640]), rank 0
2026-08-08 06:56:41.005080: predicting OpenEDS_000000076796
2026-08-08 06:56:41.006374: OpenEDS_000000076796, shape torch.Size([1, 1, 400, 640]), rank 0
2026-08-08 06:56:41.019000: predicting OpenEDS_000000076807
2026-08-08 06:56:41.020164: OpenEDS_000000076807, shape torch.Size([1, 1, 400, 640]), rank 0
2026-08-08 06:56:41.032228: predicting OpenEDS_000000076811
2026-08-08 06:56:41.033511: OpenEDS_000000076811, shape torch.Size([1, 1, 400, 640]), rank 0
2026-08-08 06:56:41.045692: predicting OpenEDS_000000076814
2026-08-08 06:56:41.046951: OpenEDS_000000076814, shape torch.Size([1, 1, 400, 640]), rank 0
2026-08-08 06:56:41.059096: predicting OpenEDS_000000076817
2026-08-08 06:56:41.060357: OpenEDS_000000076817, shape torch.Size([1, 1, 400, 640]), rank 0
2026-08-08 06:56:41.072907: predicting OpenEDS_000000076819
2026-08-08 06:56:41.074141: OpenEDS_000000076819, shape torch.Size([1, 1, 400, 640]), rank 0
2026-08-08 06:56:41.087056: predicting OpenEDS_000000076823
2026-08-08 06:56:41.088104: OpenEDS_000000076823, shape torch.Size([1, 1, 400, 640]), rank 0
2026-08-08 06:56:41.100581: predicting OpenEDS_000000076824
2026-08-08 06:56:41.101856: OpenEDS_000000076824, shape torch.Size([1, 1, 400, 640]), rank 0
2026-08-08 06:56:41.114333: predicting OpenEDS_000000076828
2026-08-08 06:56:41.115638: OpenEDS_000000076828, shape torch.Size([1, 1, 400, 640]), rank 0
2026-08-08 06:56:41.127788: predicting OpenEDS_000000076830
2026-08-08 06:56:41.129019: OpenEDS_000000076830, shape torch.Size([1, 1, 400, 640]), rank 0
2026-08-08 06:56:41.141577: predicting OpenEDS_000000076831
2026-08-08 06:56:41.142828: OpenEDS_000000076831, shape torch.Size([1, 1, 400, 640]), rank 0
2026-08-08 06:56:41.155342: predicting OpenEDS_000000076833
2026-08-08 06:56:41.156550: OpenEDS_000000076833, shape torch.Size([1, 1, 400, 640]), rank 0
2026-08-08 06:56:41.169018: predicting OpenEDS_000000076834
2026-08-08 06:56:41.170264: OpenEDS_000000076834, shape torch.Size([1, 1, 400, 640]), rank 0
2026-08-08 06:56:41.182539: predicting OpenEDS_000000076835
2026-08-08 06:56:41.183770: OpenEDS_000000076835, shape torch.Size([1, 1, 400, 640]), rank 0
2026-08-08 06:56:41.195898: predicting OpenEDS_000000079492
2026-08-08 06:56:41.197135: OpenEDS_000000079492, shape torch.Size([1, 1, 400, 640]), rank 0
2026-08-08 06:56:41.209306: predicting OpenEDS_000000079493
2026-08-08 06:56:41.210622: OpenEDS_000000079493, shape torch.Size([1, 1, 400, 640]), rank 0
2026-08-08 06:56:41.222737: predicting OpenEDS_000000079496
2026-08-08 06:56:41.224007: OpenEDS_000000079496, shape torch.Size([1, 1, 400, 640]), rank 0
2026-08-08 06:56:41.236256: predicting OpenEDS_000000079506
2026-08-08 06:56:41.237484: OpenEDS_000000079506, shape torch.Size([1, 1, 400, 640]), rank 0
2026-08-08 06:56:41.249552: predicting OpenEDS_000000079512
2026-08-08 06:56:41.250894: OpenEDS_000000079512, shape torch.Size([1, 1, 400, 640]), rank 0
2026-08-08 06:56:41.263015: predicting OpenEDS_000000079517
2026-08-08 06:56:41.264279: OpenEDS_000000079517, shape torch.Size([1, 1, 400, 640]), rank 0
2026-08-08 06:56:41.276447: predicting OpenEDS_000000079521
2026-08-08 06:56:41.277721: OpenEDS_000000079521, shape torch.Size([1, 1, 400, 640]), rank 0
2026-08-08 06:56:41.290036: predicting OpenEDS_000000079523
2026-08-08 06:56:41.291290: OpenEDS_000000079523, shape torch.Size([1, 1, 400, 640]), rank 0
2026-08-08 06:56:41.303425: predicting OpenEDS_000000079527
2026-08-08 06:56:41.304707: OpenEDS_000000079527, shape torch.Size([1, 1, 400, 640]), rank 0
2026-08-08 06:56:41.316936: predicting OpenEDS_000000079552
2026-08-08 06:56:41.318225: OpenEDS_000000079552, shape torch.Size([1, 1, 400, 640]), rank 0
2026-08-08 06:56:41.330408: predicting OpenEDS_000000079553
2026-08-08 06:56:41.331739: OpenEDS_000000079553, shape torch.Size([1, 1, 400, 640]), rank 0
2026-08-08 06:56:41.343885: predicting OpenEDS_000000079557
2026-08-08 06:56:41.345104: OpenEDS_000000079557, shape torch.Size([1, 1, 400, 640]), rank 0
2026-08-08 06:56:41.357178: predicting OpenEDS_000000079561
2026-08-08 06:56:41.358411: OpenEDS_000000079561, shape torch.Size([1, 1, 400, 640]), rank 0
2026-08-08 06:56:41.370525: predicting OpenEDS_000000079564
2026-08-08 06:56:41.371742: OpenEDS_000000079564, shape torch.Size([1, 1, 400, 640]), rank 0
2026-08-08 06:56:41.383937: predicting OpenEDS_000000079567
2026-08-08 06:56:41.385155: OpenEDS_000000079567, shape torch.Size([1, 1, 400, 640]), rank 0
2026-08-08 06:56:41.397295: predicting OpenEDS_000000082218
2026-08-08 06:56:41.398530: OpenEDS_000000082218, shape torch.Size([1, 1, 400, 640]), rank 0
2026-08-08 06:56:41.410966: predicting OpenEDS_000000082222
2026-08-08 06:56:41.412215: OpenEDS_000000082222, shape torch.Size([1, 1, 400, 640]), rank 0
2026-08-08 06:56:41.424590: predicting OpenEDS_000000082232
2026-08-08 06:56:41.425854: OpenEDS_000000082232, shape torch.Size([1, 1, 400, 640]), rank 0
2026-08-08 06:56:41.438153: predicting OpenEDS_000000082233
2026-08-08 06:56:41.439456: OpenEDS_000000082233, shape torch.Size([1, 1, 400, 640]), rank 0
2026-08-08 06:56:41.451596: predicting OpenEDS_000000082236
2026-08-08 06:56:41.452830: OpenEDS_000000082236, shape torch.Size([1, 1, 400, 640]), rank 0
2026-08-08 06:56:41.465059: predicting OpenEDS_000000082244
2026-08-08 06:56:41.466304: OpenEDS_000000082244, shape torch.Size([1, 1, 400, 640]), rank 0
2026-08-08 06:56:41.478467: predicting OpenEDS_000000082246
2026-08-08 06:56:41.479701: OpenEDS_000000082246, shape torch.Size([1, 1, 400, 640]), rank 0
2026-08-08 06:56:41.491886: predicting OpenEDS_000000082250
2026-08-08 06:56:41.493099: OpenEDS_000000082250, shape torch.Size([1, 1, 400, 640]), rank 0
2026-08-08 06:56:41.505733: predicting OpenEDS_000000082253
2026-08-08 06:56:41.507006: OpenEDS_000000082253, shape torch.Size([1, 1, 400, 640]), rank 0
2026-08-08 06:56:41.519952: predicting OpenEDS_000000082261
2026-08-08 06:56:41.521080: OpenEDS_000000082261, shape torch.Size([1, 1, 400, 640]), rank 0
2026-08-08 06:56:41.533577: predicting OpenEDS_000000082264
2026-08-08 06:56:41.534802: OpenEDS_000000082264, shape torch.Size([1, 1, 400, 640]), rank 0
2026-08-08 06:56:41.547145: predicting OpenEDS_000000082269
2026-08-08 06:56:41.548352: OpenEDS_000000082269, shape torch.Size([1, 1, 400, 640]), rank 0
2026-08-08 06:56:41.560557: predicting OpenEDS_000000082271
2026-08-08 06:56:41.561811: OpenEDS_000000082271, shape torch.Size([1, 1, 400, 640]), rank 0
2026-08-08 06:56:41.574446: predicting OpenEDS_000000082274
2026-08-08 06:56:41.575521: OpenEDS_000000082274, shape torch.Size([1, 1, 400, 640]), rank 0
2026-08-08 06:56:41.587963: predicting OpenEDS_000000082279
2026-08-08 06:56:41.589203: OpenEDS_000000082279, shape torch.Size([1, 1, 400, 640]), rank 0
2026-08-08 06:56:41.601771: predicting OpenEDS_000000082293
2026-08-08 06:56:41.603069: OpenEDS_000000082293, shape torch.Size([1, 1, 400, 640]), rank 0
2026-08-08 06:56:41.615413: predicting OpenEDS_000000084951
2026-08-08 06:56:41.616660: OpenEDS_000000084951, shape torch.Size([1, 1, 400, 640]), rank 0
2026-08-08 06:56:41.629380: predicting OpenEDS_000000084957
2026-08-08 06:56:41.630552: OpenEDS_000000084957, shape torch.Size([1, 1, 400, 640]), rank 0
2026-08-08 06:56:41.643067: predicting OpenEDS_000000084964
2026-08-08 06:56:41.644308: OpenEDS_000000084964, shape torch.Size([1, 1, 400, 640]), rank 0
2026-08-08 06:56:41.656629: predicting OpenEDS_000000084978
2026-08-08 06:56:41.657918: OpenEDS_000000084978, shape torch.Size([1, 1, 400, 640]), rank 0
2026-08-08 06:56:41.670262: predicting OpenEDS_000000084982
2026-08-08 06:56:41.671506: OpenEDS_000000084982, shape torch.Size([1, 1, 400, 640]), rank 0
2026-08-08 06:56:41.684286: predicting OpenEDS_000000084983
2026-08-08 06:56:41.685369: OpenEDS_000000084983, shape torch.Size([1, 1, 400, 640]), rank 0
2026-08-08 06:56:41.697840: predicting OpenEDS_000000084992
2026-08-08 06:56:41.699168: OpenEDS_000000084992, shape torch.Size([1, 1, 400, 640]), rank 0
2026-08-08 06:56:41.711900: predicting OpenEDS_000000084998
2026-08-08 06:56:41.713135: OpenEDS_000000084998, shape torch.Size([1, 1, 400, 640]), rank 0
2026-08-08 06:56:41.725475: predicting OpenEDS_000000084999
2026-08-08 06:56:41.726721: OpenEDS_000000084999, shape torch.Size([1, 1, 400, 640]), rank 0
2026-08-08 06:56:41.738907: predicting OpenEDS_000000085001
2026-08-08 06:56:41.740174: OpenEDS_000000085001, shape torch.Size([1, 1, 400, 640]), rank 0
2026-08-08 06:56:41.752688: predicting OpenEDS_000000085003
2026-08-08 06:56:41.753921: OpenEDS_000000085003, shape torch.Size([1, 1, 400, 640]), rank 0
2026-08-08 06:56:41.766550: predicting OpenEDS_000000085006
2026-08-08 06:56:41.767777: OpenEDS_000000085006, shape torch.Size([1, 1, 400, 640]), rank 0
2026-08-08 06:56:41.780185: predicting OpenEDS_000000085011
2026-08-08 06:56:41.781487: OpenEDS_000000085011, shape torch.Size([1, 1, 400, 640]), rank 0
2026-08-08 06:56:41.793828: predicting OpenEDS_000000085021
2026-08-08 06:56:41.795079: OpenEDS_000000085021, shape torch.Size([1, 1, 400, 640]), rank 0
2026-08-08 06:56:41.807395: predicting OpenEDS_000000085022
2026-08-08 06:56:41.808680: OpenEDS_000000085022, shape torch.Size([1, 1, 400, 640]), rank 0
2026-08-08 06:56:41.820848: predicting OpenEDS_000000085030
2026-08-08 06:56:41.822117: OpenEDS_000000085030, shape torch.Size([1, 1, 400, 640]), rank 0
2026-08-08 06:56:41.834368: predicting OpenEDS_000000085031
2026-08-08 06:56:41.835565: OpenEDS_000000085031, shape torch.Size([1, 1, 400, 640]), rank 0
2026-08-08 06:56:41.847767: predicting OpenEDS_000000085033
2026-08-08 06:56:41.848623: OpenEDS_000000085033, shape torch.Size([1, 1, 400, 640]), rank 0
2026-08-08 06:56:41.861131: predicting OpenEDS_000000087689
2026-08-08 06:56:41.862393: OpenEDS_000000087689, shape torch.Size([1, 1, 400, 640]), rank 0
2026-08-08 06:56:41.874533: predicting OpenEDS_000000087695
2026-08-08 06:56:41.875814: OpenEDS_000000087695, shape torch.Size([1, 1, 400, 640]), rank 0
2026-08-08 06:56:41.887904: predicting OpenEDS_000000087697
2026-08-08 06:56:41.888747: OpenEDS_000000087697, shape torch.Size([1, 1, 400, 640]), rank 0
2026-08-08 06:56:41.901895: predicting OpenEDS_000000087698
2026-08-08 06:56:41.903167: OpenEDS_000000087698, shape torch.Size([1, 1, 400, 640]), rank 0
2026-08-08 06:56:41.915695: predicting OpenEDS_000000087701
2026-08-08 06:56:41.916911: OpenEDS_000000087701, shape torch.Size([1, 1, 400, 640]), rank 0
2026-08-08 06:56:41.929655: predicting OpenEDS_000000087713
2026-08-08 06:56:41.930908: OpenEDS_000000087713, shape torch.Size([1, 1, 400, 640]), rank 0
2026-08-08 06:56:41.943283: predicting OpenEDS_000000087723
2026-08-08 06:56:41.944648: OpenEDS_000000087723, shape torch.Size([1, 1, 400, 640]), rank 0
2026-08-08 06:56:41.957272: predicting OpenEDS_000000087725
2026-08-08 06:56:41.958370: OpenEDS_000000087725, shape torch.Size([1, 1, 400, 640]), rank 0
2026-08-08 06:56:41.970535: predicting OpenEDS_000000087732
2026-08-08 06:56:41.971744: OpenEDS_000000087732, shape torch.Size([1, 1, 400, 640]), rank 0
2026-08-08 06:56:41.983892: predicting OpenEDS_000000087737
2026-08-08 06:56:41.985121: OpenEDS_000000087737, shape torch.Size([1, 1, 400, 640]), rank 0
2026-08-08 06:56:41.997349: predicting OpenEDS_000000087760
2026-08-08 06:56:41.998582: OpenEDS_000000087760, shape torch.Size([1, 1, 400, 640]), rank 0
2026-08-08 06:56:42.010808: predicting OpenEDS_000000087761
2026-08-08 06:56:42.012074: OpenEDS_000000087761, shape torch.Size([1, 1, 400, 640]), rank 0
2026-08-08 06:56:42.024264: predicting OpenEDS_000000087764
2026-08-08 06:56:42.025527: OpenEDS_000000087764, shape torch.Size([1, 1, 400, 640]), rank 0
2026-08-08 06:56:42.038078: predicting OpenEDS_000000090425
2026-08-08 06:56:42.039346: OpenEDS_000000090425, shape torch.Size([1, 1, 400, 640]), rank 0
2026-08-08 06:56:42.051809: predicting OpenEDS_000000090430
2026-08-08 06:56:42.053032: OpenEDS_000000090430, shape torch.Size([1, 1, 400, 640]), rank 0
2026-08-08 06:56:42.065591: predicting OpenEDS_000000090434
2026-08-08 06:56:42.066834: OpenEDS_000000090434, shape torch.Size([1, 1, 400, 640]), rank 0
2026-08-08 06:56:42.079208: predicting OpenEDS_000000090436
2026-08-08 06:56:42.080495: OpenEDS_000000090436, shape torch.Size([1, 1, 400, 640]), rank 0
2026-08-08 06:56:42.092826: predicting OpenEDS_000000090438
2026-08-08 06:56:42.094063: OpenEDS_000000090438, shape torch.Size([1, 1, 400, 640]), rank 0
2026-08-08 06:56:42.106439: predicting OpenEDS_000000090439
2026-08-08 06:56:42.107718: OpenEDS_000000090439, shape torch.Size([1, 1, 400, 640]), rank 0
2026-08-08 06:56:42.119898: predicting OpenEDS_000000090450
2026-08-08 06:56:42.121101: OpenEDS_000000090450, shape torch.Size([1, 1, 400, 640]), rank 0
2026-08-08 06:56:42.133317: predicting OpenEDS_000000090454
2026-08-08 06:56:42.134562: OpenEDS_000000090454, shape torch.Size([1, 1, 400, 640]), rank 0
2026-08-08 06:56:42.147151: predicting OpenEDS_000000090460
2026-08-08 06:56:42.148405: OpenEDS_000000090460, shape torch.Size([1, 1, 400, 640]), rank 0
2026-08-08 06:56:42.160915: predicting OpenEDS_000000090464
2026-08-08 06:56:42.162151: OpenEDS_000000090464, shape torch.Size([1, 1, 400, 640]), rank 0
2026-08-08 06:56:42.174647: predicting OpenEDS_000000090465
2026-08-08 06:56:42.175893: OpenEDS_000000090465, shape torch.Size([1, 1, 400, 640]), rank 0
2026-08-08 06:56:42.188227: predicting OpenEDS_000000090466
2026-08-08 06:56:42.189460: OpenEDS_000000090466, shape torch.Size([1, 1, 400, 640]), rank 0
2026-08-08 06:56:42.201700: predicting OpenEDS_000000090480
2026-08-08 06:56:42.202966: OpenEDS_000000090480, shape torch.Size([1, 1, 400, 640]), rank 0
2026-08-08 06:56:42.215531: predicting OpenEDS_000000090486
2026-08-08 06:56:42.216814: OpenEDS_000000090486, shape torch.Size([1, 1, 400, 640]), rank 0
2026-08-08 06:56:42.229030: predicting OpenEDS_000000090488
2026-08-08 06:56:42.230264: OpenEDS_000000090488, shape torch.Size([1, 1, 400, 640]), rank 0
2026-08-08 06:56:42.242462: predicting OpenEDS_000000090493
2026-08-08 06:56:42.243722: OpenEDS_000000090493, shape torch.Size([1, 1, 400, 640]), rank 0
2026-08-08 06:56:42.256069: predicting OpenEDS_000000090494
2026-08-08 06:56:42.257365: OpenEDS_000000090494, shape torch.Size([1, 1, 400, 640]), rank 0
2026-08-08 06:56:42.269512: predicting OpenEDS_000000090496
2026-08-08 06:56:42.270749: OpenEDS_000000090496, shape torch.Size([1, 1, 400, 640]), rank 0
2026-08-08 06:56:42.282930: predicting OpenEDS_000000090497
2026-08-08 06:56:42.284208: OpenEDS_000000090497, shape torch.Size([1, 1, 400, 640]), rank 0
2026-08-08 06:56:42.296385: predicting OpenEDS_000000090501
2026-08-08 06:56:42.297632: OpenEDS_000000090501, shape torch.Size([1, 1, 400, 640]), rank 0
2026-08-08 06:56:42.309834: predicting OpenEDS_000000090503
2026-08-08 06:56:42.311078: OpenEDS_000000090503, shape torch.Size([1, 1, 400, 640]), rank 0
2026-08-08 06:56:42.323625: predicting OpenEDS_000000090504
2026-08-08 06:56:42.324522: OpenEDS_000000090504, shape torch.Size([1, 1, 400, 640]), rank 0
2026-08-08 06:56:42.337476: predicting OpenEDS_000000090516
2026-08-08 06:56:42.338593: OpenEDS_000000090516, shape torch.Size([1, 1, 400, 640]), rank 0
2026-08-08 06:56:42.350687: predicting OpenEDS_000000090524
2026-08-08 06:56:42.351961: OpenEDS_000000090524, shape torch.Size([1, 1, 400, 640]), rank 0
2026-08-08 06:56:42.364149: predicting OpenEDS_000000090529
2026-08-08 06:56:42.365375: OpenEDS_000000090529, shape torch.Size([1, 1, 400, 640]), rank 0
2026-08-08 06:56:42.377509: predicting OpenEDS_000000093180
2026-08-08 06:56:42.378753: OpenEDS_000000093180, shape torch.Size([1, 1, 400, 640]), rank 0
2026-08-08 06:56:42.390902: predicting OpenEDS_000000093184
2026-08-08 06:56:42.392137: OpenEDS_000000093184, shape torch.Size([1, 1, 400, 640]), rank 0
2026-08-08 06:56:42.404430: predicting OpenEDS_000000093185
2026-08-08 06:56:42.405658: OpenEDS_000000093185, shape torch.Size([1, 1, 400, 640]), rank 0
2026-08-08 06:56:42.418184: predicting OpenEDS_000000093188
2026-08-08 06:56:42.419485: OpenEDS_000000093188, shape torch.Size([1, 1, 400, 640]), rank 0
2026-08-08 06:56:42.432033: predicting OpenEDS_000000093194
2026-08-08 06:56:42.433261: OpenEDS_000000093194, shape torch.Size([1, 1, 400, 640]), rank 0
2026-08-08 06:56:42.445751: predicting OpenEDS_000000093197
2026-08-08 06:56:42.447000: OpenEDS_000000093197, shape torch.Size([1, 1, 400, 640]), rank 0
2026-08-08 06:56:42.459491: predicting OpenEDS_000000093198
2026-08-08 06:56:42.460758: OpenEDS_000000093198, shape torch.Size([1, 1, 400, 640]), rank 0
2026-08-08 06:56:42.473139: predicting OpenEDS_000000093217
2026-08-08 06:56:42.474383: OpenEDS_000000093217, shape torch.Size([1, 1, 400, 640]), rank 0
2026-08-08 06:56:42.486768: predicting OpenEDS_000000093220
2026-08-08 06:56:42.488023: OpenEDS_000000093220, shape torch.Size([1, 1, 400, 640]), rank 0
2026-08-08 06:56:42.500252: predicting OpenEDS_000000093224
2026-08-08 06:56:42.501496: OpenEDS_000000093224, shape torch.Size([1, 1, 400, 640]), rank 0
2026-08-08 06:56:42.513729: predicting OpenEDS_000000093228
2026-08-08 06:56:42.514991: OpenEDS_000000093228, shape torch.Size([1, 1, 400, 640]), rank 0
2026-08-08 06:56:42.527164: predicting OpenEDS_000000093233
2026-08-08 06:56:42.528409: OpenEDS_000000093233, shape torch.Size([1, 1, 400, 640]), rank 0
2026-08-08 06:56:42.540546: predicting OpenEDS_000000093237
2026-08-08 06:56:42.541805: OpenEDS_000000093237, shape torch.Size([1, 1, 400, 640]), rank 0
2026-08-08 06:56:42.554036: predicting OpenEDS_000000093238
2026-08-08 06:56:42.555286: OpenEDS_000000093238, shape torch.Size([1, 1, 400, 640]), rank 0
2026-08-08 06:56:42.567442: predicting OpenEDS_000000093242
2026-08-08 06:56:42.568733: OpenEDS_000000093242, shape torch.Size([1, 1, 400, 640]), rank 0
2026-08-08 06:56:42.581325: predicting OpenEDS_000000093247
2026-08-08 06:56:42.582680: OpenEDS_000000093247, shape torch.Size([1, 1, 400, 640]), rank 0
2026-08-08 06:56:42.595622: predicting OpenEDS_000000093254
2026-08-08 06:56:42.596736: OpenEDS_000000093254, shape torch.Size([1, 1, 400, 640]), rank 0
2026-08-08 06:56:42.609364: predicting OpenEDS_000000093289
2026-08-08 06:56:42.610706: OpenEDS_000000093289, shape torch.Size([1, 1, 400, 640]), rank 0
2026-08-08 06:56:42.623244: predicting OpenEDS_000000093297
2026-08-08 06:56:42.624515: OpenEDS_000000093297, shape torch.Size([1, 1, 400, 640]), rank 0
2026-08-08 06:56:42.636864: predicting OpenEDS_000000093306
2026-08-08 06:56:42.638089: OpenEDS_000000093306, shape torch.Size([1, 1, 400, 640]), rank 0
2026-08-08 06:56:42.650467: predicting OpenEDS_000000093307
2026-08-08 06:56:42.651762: OpenEDS_000000093307, shape torch.Size([1, 1, 400, 640]), rank 0
2026-08-08 06:56:42.663908: predicting OpenEDS_000000093311
2026-08-08 06:56:42.665092: OpenEDS_000000093311, shape torch.Size([1, 1, 400, 640]), rank 0
2026-08-08 06:56:42.677216: predicting OpenEDS_000000093312
2026-08-08 06:56:42.678455: OpenEDS_000000093312, shape torch.Size([1, 1, 400, 640]), rank 0
2026-08-08 06:56:42.690606: predicting OpenEDS_000000095971
2026-08-08 06:56:42.691811: OpenEDS_000000095971, shape torch.Size([1, 1, 400, 640]), rank 0
2026-08-08 06:56:42.704371: predicting OpenEDS_000000095976
2026-08-08 06:56:42.705637: OpenEDS_000000095976, shape torch.Size([1, 1, 400, 640]), rank 0
2026-08-08 06:56:42.718250: predicting OpenEDS_000000095981
2026-08-08 06:56:42.719555: OpenEDS_000000095981, shape torch.Size([1, 1, 400, 640]), rank 0
2026-08-08 06:56:42.732205: predicting OpenEDS_000000095984
2026-08-08 06:56:42.733565: OpenEDS_000000095984, shape torch.Size([1, 1, 400, 640]), rank 0
2026-08-08 06:56:42.746042: predicting OpenEDS_000000095990
2026-08-08 06:56:42.747281: OpenEDS_000000095990, shape torch.Size([1, 1, 400, 640]), rank 0
2026-08-08 06:56:42.759794: predicting OpenEDS_000000095995
2026-08-08 06:56:42.761074: OpenEDS_000000095995, shape torch.Size([1, 1, 400, 640]), rank 0
2026-08-08 06:56:42.774126: predicting OpenEDS_000000096003
2026-08-08 06:56:42.775211: OpenEDS_000000096003, shape torch.Size([1, 1, 400, 640]), rank 0
2026-08-08 06:56:42.787695: predicting OpenEDS_000000096007
2026-08-08 06:56:42.788949: OpenEDS_000000096007, shape torch.Size([1, 1, 400, 640]), rank 0
2026-08-08 06:56:42.801474: predicting OpenEDS_000000096013
2026-08-08 06:56:42.802794: OpenEDS_000000096013, shape torch.Size([1, 1, 400, 640]), rank 0
2026-08-08 06:56:42.815376: predicting OpenEDS_000000096022
2026-08-08 06:56:42.816472: OpenEDS_000000096022, shape torch.Size([1, 1, 400, 640]), rank 0
2026-08-08 06:56:42.828686: predicting OpenEDS_000000096034
2026-08-08 06:56:42.829949: OpenEDS_000000096034, shape torch.Size([1, 1, 400, 640]), rank 0
2026-08-08 06:56:42.842080: predicting OpenEDS_000000096052
2026-08-08 06:56:42.843346: OpenEDS_000000096052, shape torch.Size([1, 1, 400, 640]), rank 0
2026-08-08 06:56:42.855858: predicting OpenEDS_000000096057
2026-08-08 06:56:42.857145: OpenEDS_000000096057, shape torch.Size([1, 1, 400, 640]), rank 0
2026-08-08 06:56:42.869671: predicting OpenEDS_000000096059
2026-08-08 06:56:42.870893: OpenEDS_000000096059, shape torch.Size([1, 1, 400, 640]), rank 0
2026-08-08 06:56:42.883335: predicting OpenEDS_000000096061
2026-08-08 06:56:42.884597: OpenEDS_000000096061, shape torch.Size([1, 1, 400, 640]), rank 0
2026-08-08 06:56:42.896890: predicting OpenEDS_000000096065
2026-08-08 06:56:42.898128: OpenEDS_000000096065, shape torch.Size([1, 1, 400, 640]), rank 0
2026-08-08 06:56:42.910719: predicting OpenEDS_000000098715
2026-08-08 06:56:42.911960: OpenEDS_000000098715, shape torch.Size([1, 1, 400, 640]), rank 0
2026-08-08 06:56:42.924587: predicting OpenEDS_000000098717
2026-08-08 06:56:42.925838: OpenEDS_000000098717, shape torch.Size([1, 1, 400, 640]), rank 0
2026-08-08 06:56:42.938275: predicting OpenEDS_000000098721
2026-08-08 06:56:42.939486: OpenEDS_000000098721, shape torch.Size([1, 1, 400, 640]), rank 0
2026-08-08 06:56:42.951721: predicting OpenEDS_000000098722
2026-08-08 06:56:42.953064: OpenEDS_000000098722, shape torch.Size([1, 1, 400, 640]), rank 0
2026-08-08 06:56:42.965622: predicting OpenEDS_000000098727
2026-08-08 06:56:42.966693: OpenEDS_000000098727, shape torch.Size([1, 1, 400, 640]), rank 0
2026-08-08 06:56:42.978980: predicting OpenEDS_000000098735
2026-08-08 06:56:42.980242: OpenEDS_000000098735, shape torch.Size([1, 1, 400, 640]), rank 0
2026-08-08 06:56:42.992431: predicting OpenEDS_000000098739
2026-08-08 06:56:42.993804: OpenEDS_000000098739, shape torch.Size([1, 1, 400, 640]), rank 0
2026-08-08 06:56:43.006445: predicting OpenEDS_000000098745
2026-08-08 06:56:43.007699: OpenEDS_000000098745, shape torch.Size([1, 1, 400, 640]), rank 0
2026-08-08 06:56:43.020007: predicting OpenEDS_000000098751
2026-08-08 06:56:43.021256: OpenEDS_000000098751, shape torch.Size([1, 1, 400, 640]), rank 0
2026-08-08 06:56:43.033522: predicting OpenEDS_000000098752
2026-08-08 06:56:43.034791: OpenEDS_000000098752, shape torch.Size([1, 1, 400, 640]), rank 0
2026-08-08 06:56:43.047000: predicting OpenEDS_000000098761
2026-08-08 06:56:43.048236: OpenEDS_000000098761, shape torch.Size([1, 1, 400, 640]), rank 0
2026-08-08 06:56:43.060404: predicting OpenEDS_000000098765
2026-08-08 06:56:43.061693: OpenEDS_000000098765, shape torch.Size([1, 1, 400, 640]), rank 0
2026-08-08 06:56:43.074585: predicting OpenEDS_000000098770
2026-08-08 06:56:43.075863: OpenEDS_000000098770, shape torch.Size([1, 1, 400, 640]), rank 0
2026-08-08 06:56:43.088327: predicting OpenEDS_000000098776
2026-08-08 06:56:43.089569: OpenEDS_000000098776, shape torch.Size([1, 1, 400, 640]), rank 0
2026-08-08 06:56:43.102036: predicting OpenEDS_000000098778
2026-08-08 06:56:43.103277: OpenEDS_000000098778, shape torch.Size([1, 1, 400, 640]), rank 0
2026-08-08 06:56:43.115848: predicting OpenEDS_000000098781
2026-08-08 06:56:43.117103: OpenEDS_000000098781, shape torch.Size([1, 1, 400, 640]), rank 0
2026-08-08 06:56:43.129641: predicting OpenEDS_000000098786
2026-08-08 06:56:43.130892: OpenEDS_000000098786, shape torch.Size([1, 1, 400, 640]), rank 0
2026-08-08 06:56:43.143285: predicting OpenEDS_000000098789
2026-08-08 06:56:43.144513: OpenEDS_000000098789, shape torch.Size([1, 1, 400, 640]), rank 0
2026-08-08 06:56:43.156729: predicting OpenEDS_000000098794
2026-08-08 06:56:43.157973: OpenEDS_000000098794, shape torch.Size([1, 1, 400, 640]), rank 0
2026-08-08 06:56:43.170485: predicting OpenEDS_000000098795
2026-08-08 06:56:43.171716: OpenEDS_000000098795, shape torch.Size([1, 1, 400, 640]), rank 0
2026-08-08 06:56:43.183937: predicting OpenEDS_000000098798
2026-08-08 06:56:43.185155: OpenEDS_000000098798, shape torch.Size([1, 1, 400, 640]), rank 0
2026-08-08 06:56:43.197326: predicting OpenEDS_000000098803
2026-08-08 06:56:43.198562: OpenEDS_000000098803, shape torch.Size([1, 1, 400, 640]), rank 0
2026-08-08 06:56:43.210898: predicting OpenEDS_000000098805
2026-08-08 06:56:43.212150: OpenEDS_000000098805, shape torch.Size([1, 1, 400, 640]), rank 0
2026-08-08 06:56:43.224443: predicting OpenEDS_000000098806
2026-08-08 06:56:43.225726: OpenEDS_000000098806, shape torch.Size([1, 1, 400, 640]), rank 0
2026-08-08 06:56:43.237917: predicting OpenEDS_000000098813
2026-08-08 06:56:43.239158: OpenEDS_000000098813, shape torch.Size([1, 1, 400, 640]), rank 0
2026-08-08 06:56:43.251538: predicting OpenEDS_000000098820
2026-08-08 06:56:43.252783: OpenEDS_000000098820, shape torch.Size([1, 1, 400, 640]), rank 0
2026-08-08 06:56:43.264933: predicting OpenEDS_000000101475
2026-08-08 06:56:43.266221: OpenEDS_000000101475, shape torch.Size([1, 1, 400, 640]), rank 0
2026-08-08 06:56:43.278407: predicting OpenEDS_000000101478
2026-08-08 06:56:43.279648: OpenEDS_000000101478, shape torch.Size([1, 1, 400, 640]), rank 0
2026-08-08 06:56:43.292033: predicting OpenEDS_000000101494
2026-08-08 06:56:43.293301: OpenEDS_000000101494, shape torch.Size([1, 1, 400, 640]), rank 0
2026-08-08 06:56:43.305673: predicting OpenEDS_000000101495
2026-08-08 06:56:43.306939: OpenEDS_000000101495, shape torch.Size([1, 1, 400, 640]), rank 0
2026-08-08 06:56:43.319227: predicting OpenEDS_000000101497
2026-08-08 06:56:43.320488: OpenEDS_000000101497, shape torch.Size([1, 1, 400, 640]), rank 0
2026-08-08 06:56:43.332680: predicting OpenEDS_000000101500
2026-08-08 06:56:43.333952: OpenEDS_000000101500, shape torch.Size([1, 1, 400, 640]), rank 0
2026-08-08 06:56:43.346291: predicting OpenEDS_000000101503
2026-08-08 06:56:43.347559: OpenEDS_000000101503, shape torch.Size([1, 1, 400, 640]), rank 0
2026-08-08 06:56:43.359873: predicting OpenEDS_000000101507
2026-08-08 06:56:43.361130: OpenEDS_000000101507, shape torch.Size([1, 1, 400, 640]), rank 0
2026-08-08 06:56:43.373283: predicting OpenEDS_000000101513
2026-08-08 06:56:43.374535: OpenEDS_000000101513, shape torch.Size([1, 1, 400, 640]), rank 0
2026-08-08 06:56:43.386753: predicting OpenEDS_000000101514
2026-08-08 06:56:43.388032: OpenEDS_000000101514, shape torch.Size([1, 1, 400, 640]), rank 0
2026-08-08 06:56:43.400331: predicting OpenEDS_000000101516
2026-08-08 06:56:43.401617: OpenEDS_000000101516, shape torch.Size([1, 1, 400, 640]), rank 0
2026-08-08 06:56:43.414134: predicting OpenEDS_000000101519
2026-08-08 06:56:43.415393: OpenEDS_000000101519, shape torch.Size([1, 1, 400, 640]), rank 0
2026-08-08 06:56:43.427678: predicting OpenEDS_000000101525
2026-08-08 06:56:43.428938: OpenEDS_000000101525, shape torch.Size([1, 1, 400, 640]), rank 0
2026-08-08 06:56:43.441221: predicting OpenEDS_000000101531
2026-08-08 06:56:43.442463: OpenEDS_000000101531, shape torch.Size([1, 1, 400, 640]), rank 0
2026-08-08 06:56:43.454836: predicting OpenEDS_000000101533
2026-08-08 06:56:43.456084: OpenEDS_000000101533, shape torch.Size([1, 1, 400, 640]), rank 0
2026-08-08 06:56:43.468329: predicting OpenEDS_000000101541
2026-08-08 06:56:43.469614: OpenEDS_000000101541, shape torch.Size([1, 1, 400, 640]), rank 0
2026-08-08 06:56:43.481847: predicting OpenEDS_000000101558
2026-08-08 06:56:43.483134: OpenEDS_000000101558, shape torch.Size([1, 1, 400, 640]), rank 0
2026-08-08 06:56:43.495322: predicting OpenEDS_000000101561
2026-08-08 06:56:43.496568: OpenEDS_000000101561, shape torch.Size([1, 1, 400, 640]), rank 0
2026-08-08 06:56:43.509206: predicting OpenEDS_000000101562
2026-08-08 06:56:43.510457: OpenEDS_000000101562, shape torch.Size([1, 1, 400, 640]), rank 0
2026-08-08 06:56:43.523325: predicting OpenEDS_000000101565
2026-08-08 06:56:43.524592: OpenEDS_000000101565, shape torch.Size([1, 1, 400, 640]), rank 0
2026-08-08 06:56:43.536990: predicting OpenEDS_000000104214
2026-08-08 06:56:43.538220: OpenEDS_000000104214, shape torch.Size([1, 1, 400, 640]), rank 0
2026-08-08 06:56:43.550580: predicting OpenEDS_000000104215
2026-08-08 06:56:43.551782: OpenEDS_000000104215, shape torch.Size([1, 1, 400, 640]), rank 0
2026-08-08 06:56:43.564289: predicting OpenEDS_000000104217
2026-08-08 06:56:43.565563: OpenEDS_000000104217, shape torch.Size([1, 1, 400, 640]), rank 0
2026-08-08 06:56:43.578105: predicting OpenEDS_000000104219
2026-08-08 06:56:43.579371: OpenEDS_000000104219, shape torch.Size([1, 1, 400, 640]), rank 0
2026-08-08 06:56:43.591904: predicting OpenEDS_000000104222
2026-08-08 06:56:43.593254: OpenEDS_000000104222, shape torch.Size([1, 1, 400, 640]), rank 0
2026-08-08 06:56:43.605637: predicting OpenEDS_000000104223
2026-08-08 06:56:43.606922: OpenEDS_000000104223, shape torch.Size([1, 1, 400, 640]), rank 0
2026-08-08 06:56:43.619606: predicting OpenEDS_000000104224
2026-08-08 06:56:43.620865: OpenEDS_000000104224, shape torch.Size([1, 1, 400, 640]), rank 0
2026-08-08 06:56:43.633439: predicting OpenEDS_000000104226
2026-08-08 06:56:43.634702: OpenEDS_000000104226, shape torch.Size([1, 1, 400, 640]), rank 0
2026-08-08 06:56:43.647086: predicting OpenEDS_000000104227
2026-08-08 06:56:43.648325: OpenEDS_000000104227, shape torch.Size([1, 1, 400, 640]), rank 0
2026-08-08 06:56:43.660606: predicting OpenEDS_000000104230
2026-08-08 06:56:43.661847: OpenEDS_000000104230, shape torch.Size([1, 1, 400, 640]), rank 0
2026-08-08 06:56:43.674578: predicting OpenEDS_000000104233
2026-08-08 06:56:43.675875: OpenEDS_000000104233, shape torch.Size([1, 1, 400, 640]), rank 0
2026-08-08 06:56:43.688422: predicting OpenEDS_000000104235
2026-08-08 06:56:43.689687: OpenEDS_000000104235, shape torch.Size([1, 1, 400, 640]), rank 0
2026-08-08 06:56:43.702184: predicting OpenEDS_000000104239
2026-08-08 06:56:43.703462: OpenEDS_000000104239, shape torch.Size([1, 1, 400, 640]), rank 0
2026-08-08 06:56:43.715710: predicting OpenEDS_000000104244
2026-08-08 06:56:43.716956: OpenEDS_000000104244, shape torch.Size([1, 1, 400, 640]), rank 0
2026-08-08 06:56:43.729246: predicting OpenEDS_000000104249
2026-08-08 06:56:43.730512: OpenEDS_000000104249, shape torch.Size([1, 1, 400, 640]), rank 0
2026-08-08 06:56:43.742761: predicting OpenEDS_000000104251
2026-08-08 06:56:43.744042: OpenEDS_000000104251, shape torch.Size([1, 1, 400, 640]), rank 0
2026-08-08 06:56:43.756207: predicting OpenEDS_000000104260
2026-08-08 06:56:43.757529: OpenEDS_000000104260, shape torch.Size([1, 1, 400, 640]), rank 0
2026-08-08 06:56:43.769775: predicting OpenEDS_000000104261
2026-08-08 06:56:43.771051: OpenEDS_000000104261, shape torch.Size([1, 1, 400, 640]), rank 0
2026-08-08 06:56:43.783356: predicting OpenEDS_000000104266
2026-08-08 06:56:43.784628: OpenEDS_000000104266, shape torch.Size([1, 1, 400, 640]), rank 0
2026-08-08 06:56:43.796839: predicting OpenEDS_000000104276
2026-08-08 06:56:43.798121: OpenEDS_000000104276, shape torch.Size([1, 1, 400, 640]), rank 0
2026-08-08 06:56:43.810726: predicting OpenEDS_000000106929
2026-08-08 06:56:43.811967: OpenEDS_000000106929, shape torch.Size([1, 1, 400, 640]), rank 0
2026-08-08 06:56:43.824596: predicting OpenEDS_000000106930
2026-08-08 06:56:43.825870: OpenEDS_000000106930, shape torch.Size([1, 1, 400, 640]), rank 0
2026-08-08 06:56:43.838424: predicting OpenEDS_000000106940
2026-08-08 06:56:43.839670: OpenEDS_000000106940, shape torch.Size([1, 1, 400, 640]), rank 0
2026-08-08 06:56:43.852237: predicting OpenEDS_000000106948
2026-08-08 06:56:43.853461: OpenEDS_000000106948, shape torch.Size([1, 1, 400, 640]), rank 0
2026-08-08 06:56:43.865742: predicting OpenEDS_000000106955
2026-08-08 06:56:43.866948: OpenEDS_000000106955, shape torch.Size([1, 1, 400, 640]), rank 0
2026-08-08 06:56:43.879146: predicting OpenEDS_000000106956
2026-08-08 06:56:43.880407: OpenEDS_000000106956, shape torch.Size([1, 1, 400, 640]), rank 0
2026-08-08 06:56:43.892737: predicting OpenEDS_000000106959
2026-08-08 06:56:43.893952: OpenEDS_000000106959, shape torch.Size([1, 1, 400, 640]), rank 0
2026-08-08 06:56:43.906218: predicting OpenEDS_000000106963
2026-08-08 06:56:43.907532: OpenEDS_000000106963, shape torch.Size([1, 1, 400, 640]), rank 0
2026-08-08 06:56:43.919799: predicting OpenEDS_000000106971
2026-08-08 06:56:43.921062: OpenEDS_000000106971, shape torch.Size([1, 1, 400, 640]), rank 0
2026-08-08 06:56:43.933332: predicting OpenEDS_000000106982
2026-08-08 06:56:43.934621: OpenEDS_000000106982, shape torch.Size([1, 1, 400, 640]), rank 0
2026-08-08 06:56:43.946840: predicting OpenEDS_000000106986
2026-08-08 06:56:43.948122: OpenEDS_000000106986, shape torch.Size([1, 1, 400, 640]), rank 0
2026-08-08 06:56:43.960360: predicting OpenEDS_000000106990
2026-08-08 06:56:43.961619: OpenEDS_000000106990, shape torch.Size([1, 1, 400, 640]), rank 0
2026-08-08 06:56:43.973791: predicting OpenEDS_000000109635
2026-08-08 06:56:43.975065: OpenEDS_000000109635, shape torch.Size([1, 1, 400, 640]), rank 0
2026-08-08 06:56:43.987217: predicting OpenEDS_000000109642
2026-08-08 06:56:43.988461: OpenEDS_000000109642, shape torch.Size([1, 1, 400, 640]), rank 0
2026-08-08 06:56:44.001070: predicting OpenEDS_000000109644
2026-08-08 06:56:44.002258: OpenEDS_000000109644, shape torch.Size([1, 1, 400, 640]), rank 0
2026-08-08 06:56:44.014818: predicting OpenEDS_000000109648
2026-08-08 06:56:44.016041: OpenEDS_000000109648, shape torch.Size([1, 1, 400, 640]), rank 0
2026-08-08 06:56:44.028215: predicting OpenEDS_000000109653
2026-08-08 06:56:44.029412: OpenEDS_000000109653, shape torch.Size([1, 1, 400, 640]), rank 0
2026-08-08 06:56:44.041563: predicting OpenEDS_000000109654
2026-08-08 06:56:44.042782: OpenEDS_000000109654, shape torch.Size([1, 1, 400, 640]), rank 0
2026-08-08 06:56:44.055051: predicting OpenEDS_000000109661
2026-08-08 06:56:44.056316: OpenEDS_000000109661, shape torch.Size([1, 1, 400, 640]), rank 0
2026-08-08 06:56:44.068546: predicting OpenEDS_000000109667
2026-08-08 06:56:44.069803: OpenEDS_000000109667, shape torch.Size([1, 1, 400, 640]), rank 0
2026-08-08 06:56:44.082004: predicting OpenEDS_000000109676
2026-08-08 06:56:44.083229: OpenEDS_000000109676, shape torch.Size([1, 1, 400, 640]), rank 0
2026-08-08 06:56:44.095381: predicting OpenEDS_000000109677
2026-08-08 06:56:44.096636: OpenEDS_000000109677, shape torch.Size([1, 1, 400, 640]), rank 0
2026-08-08 06:56:44.109182: predicting OpenEDS_000000109683
2026-08-08 06:56:44.110438: OpenEDS_000000109683, shape torch.Size([1, 1, 400, 640]), rank 0
2026-08-08 06:56:44.122957: predicting OpenEDS_000000109689
2026-08-08 06:56:44.124197: OpenEDS_000000109689, shape torch.Size([1, 1, 400, 640]), rank 0
2026-08-08 06:56:44.136523: predicting OpenEDS_000000109693
2026-08-08 06:56:44.137751: OpenEDS_000000109693, shape torch.Size([1, 1, 400, 640]), rank 0
2026-08-08 06:56:44.149992: predicting OpenEDS_000000109698
2026-08-08 06:56:44.151250: OpenEDS_000000109698, shape torch.Size([1, 1, 400, 640]), rank 0
2026-08-08 06:56:44.163866: predicting OpenEDS_000000112355
2026-08-08 06:56:44.165086: OpenEDS_000000112355, shape torch.Size([1, 1, 400, 640]), rank 0
2026-08-08 06:56:44.177717: predicting OpenEDS_000000112358
2026-08-08 06:56:44.178949: OpenEDS_000000112358, shape torch.Size([1, 1, 400, 640]), rank 0
2026-08-08 06:56:44.191030: predicting OpenEDS_000000112359
2026-08-08 06:56:44.192209: OpenEDS_000000112359, shape torch.Size([1, 1, 400, 640]), rank 0
2026-08-08 06:56:44.204430: predicting OpenEDS_000000112365
2026-08-08 06:56:44.205677: OpenEDS_000000112365, shape torch.Size([1, 1, 400, 640]), rank 0
2026-08-08 06:56:44.217941: predicting OpenEDS_000000112373
2026-08-08 06:56:44.219189: OpenEDS_000000112373, shape torch.Size([1, 1, 400, 640]), rank 0
2026-08-08 06:56:44.231426: predicting OpenEDS_000000112376
2026-08-08 06:56:44.232703: OpenEDS_000000112376, shape torch.Size([1, 1, 400, 640]), rank 0
2026-08-08 06:56:44.244909: predicting OpenEDS_000000112378
2026-08-08 06:56:44.246165: OpenEDS_000000112378, shape torch.Size([1, 1, 400, 640]), rank 0
2026-08-08 06:56:44.258438: predicting OpenEDS_000000112381
2026-08-08 06:56:44.259717: OpenEDS_000000112381, shape torch.Size([1, 1, 400, 640]), rank 0
2026-08-08 06:56:44.271978: predicting OpenEDS_000000112387
2026-08-08 06:56:44.273225: OpenEDS_000000112387, shape torch.Size([1, 1, 400, 640]), rank 0
2026-08-08 06:56:44.285561: predicting OpenEDS_000000112388
2026-08-08 06:56:44.286820: OpenEDS_000000112388, shape torch.Size([1, 1, 400, 640]), rank 0
2026-08-08 06:56:44.299019: predicting OpenEDS_000000112389
2026-08-08 06:56:44.300288: OpenEDS_000000112389, shape torch.Size([1, 1, 400, 640]), rank 0
2026-08-08 06:56:44.312850: predicting OpenEDS_000000112390
2026-08-08 06:56:44.314097: OpenEDS_000000112390, shape torch.Size([1, 1, 400, 640]), rank 0
2026-08-08 06:56:44.326741: predicting OpenEDS_000000112406
2026-08-08 06:56:44.327968: OpenEDS_000000112406, shape torch.Size([1, 1, 400, 640]), rank 0
2026-08-08 06:56:44.340652: predicting OpenEDS_000000112410
2026-08-08 06:56:44.341889: OpenEDS_000000112410, shape torch.Size([1, 1, 400, 640]), rank 0
2026-08-08 06:56:44.354498: predicting OpenEDS_000000115059
2026-08-08 06:56:44.355767: OpenEDS_000000115059, shape torch.Size([1, 1, 400, 640]), rank 0
2026-08-08 06:56:44.368222: predicting OpenEDS_000000115067
2026-08-08 06:56:44.369448: OpenEDS_000000115067, shape torch.Size([1, 1, 400, 640]), rank 0
2026-08-08 06:56:44.381822: predicting OpenEDS_000000115077
2026-08-08 06:56:44.383064: OpenEDS_000000115077, shape torch.Size([1, 1, 400, 640]), rank 0
2026-08-08 06:56:44.395283: predicting OpenEDS_000000115086
2026-08-08 06:56:44.396523: OpenEDS_000000115086, shape torch.Size([1, 1, 400, 640]), rank 0
2026-08-08 06:56:44.408759: predicting OpenEDS_000000115089
2026-08-08 06:56:44.409992: OpenEDS_000000115089, shape torch.Size([1, 1, 400, 640]), rank 0
2026-08-08 06:56:44.422296: predicting OpenEDS_000000115091
2026-08-08 06:56:44.423603: OpenEDS_000000115091, shape torch.Size([1, 1, 400, 640]), rank 0
2026-08-08 06:56:44.435781: predicting OpenEDS_000000115093
2026-08-08 06:56:44.437011: OpenEDS_000000115093, shape torch.Size([1, 1, 400, 640]), rank 0
2026-08-08 06:56:44.449211: predicting OpenEDS_000000115104
2026-08-08 06:56:44.450477: OpenEDS_000000115104, shape torch.Size([1, 1, 400, 640]), rank 0
2026-08-08 06:56:44.463078: predicting OpenEDS_000000115105
2026-08-08 06:56:44.464302: OpenEDS_000000115105, shape torch.Size([1, 1, 400, 640]), rank 0
2026-08-08 06:56:44.476601: predicting OpenEDS_000000115109
2026-08-08 06:56:44.477862: OpenEDS_000000115109, shape torch.Size([1, 1, 400, 640]), rank 0
2026-08-08 06:56:44.490148: predicting OpenEDS_000000115112
2026-08-08 06:56:44.491402: OpenEDS_000000115112, shape torch.Size([1, 1, 400, 640]), rank 0
2026-08-08 06:56:44.503678: predicting OpenEDS_000000115116
2026-08-08 06:56:44.504914: OpenEDS_000000115116, shape torch.Size([1, 1, 400, 640]), rank 0
2026-08-08 06:56:44.517565: predicting OpenEDS_000000115123
2026-08-08 06:56:44.518829: OpenEDS_000000115123, shape torch.Size([1, 1, 400, 640]), rank 0
2026-08-08 06:56:44.531445: predicting OpenEDS_000000115131
2026-08-08 06:56:44.532753: OpenEDS_000000115131, shape torch.Size([1, 1, 400, 640]), rank 0
2026-08-08 06:56:44.544933: predicting OpenEDS_000000115139
2026-08-08 06:56:44.546183: OpenEDS_000000115139, shape torch.Size([1, 1, 400, 640]), rank 0
2026-08-08 06:56:44.558457: predicting OpenEDS_000000117798
2026-08-08 06:56:44.559723: OpenEDS_000000117798, shape torch.Size([1, 1, 400, 640]), rank 0
2026-08-08 06:56:44.571982: predicting OpenEDS_000000117801
2026-08-08 06:56:44.573201: OpenEDS_000000117801, shape torch.Size([1, 1, 400, 640]), rank 0
2026-08-08 06:56:44.585430: predicting OpenEDS_000000117810
2026-08-08 06:56:44.586710: OpenEDS_000000117810, shape torch.Size([1, 1, 400, 640]), rank 0
2026-08-08 06:56:44.599134: predicting OpenEDS_000000117812
2026-08-08 06:56:44.600444: OpenEDS_000000117812, shape torch.Size([1, 1, 400, 640]), rank 0
2026-08-08 06:56:44.612617: predicting OpenEDS_000000117817
2026-08-08 06:56:44.613880: OpenEDS_000000117817, shape torch.Size([1, 1, 400, 640]), rank 0
2026-08-08 06:56:44.626109: predicting OpenEDS_000000117825
2026-08-08 06:56:44.627357: OpenEDS_000000117825, shape torch.Size([1, 1, 400, 640]), rank 0
2026-08-08 06:56:44.639555: predicting OpenEDS_000000117826
2026-08-08 06:56:44.640797: OpenEDS_000000117826, shape torch.Size([1, 1, 400, 640]), rank 0
2026-08-08 06:56:44.653035: predicting OpenEDS_000000117833
2026-08-08 06:56:44.654247: OpenEDS_000000117833, shape torch.Size([1, 1, 400, 640]), rank 0
2026-08-08 06:56:44.666454: predicting OpenEDS_000000117837
2026-08-08 06:56:44.667706: OpenEDS_000000117837, shape torch.Size([1, 1, 400, 640]), rank 0
2026-08-08 06:56:44.679920: predicting OpenEDS_000000117838
2026-08-08 06:56:44.681178: OpenEDS_000000117838, shape torch.Size([1, 1, 400, 640]), rank 0
2026-08-08 06:56:44.693463: predicting OpenEDS_000000117839
2026-08-08 06:56:44.694745: OpenEDS_000000117839, shape torch.Size([1, 1, 400, 640]), rank 0
2026-08-08 06:56:44.706991: predicting OpenEDS_000000117844
2026-08-08 06:56:44.708246: OpenEDS_000000117844, shape torch.Size([1, 1, 400, 640]), rank 0
2026-08-08 06:56:44.720587: predicting OpenEDS_000000117856
2026-08-08 06:56:44.721861: OpenEDS_000000117856, shape torch.Size([1, 1, 400, 640]), rank 0
2026-08-08 06:56:44.734071: predicting OpenEDS_000000117863
2026-08-08 06:56:44.735328: OpenEDS_000000117863, shape torch.Size([1, 1, 400, 640]), rank 0
2026-08-08 06:56:44.747617: predicting OpenEDS_000000117865
2026-08-08 06:56:44.748847: OpenEDS_000000117865, shape torch.Size([1, 1, 400, 640]), rank 0
2026-08-08 06:56:44.761322: predicting OpenEDS_000000117872
2026-08-08 06:56:44.762546: OpenEDS_000000117872, shape torch.Size([1, 1, 400, 640]), rank 0
2026-08-08 06:56:44.774758: predicting OpenEDS_000000117876
2026-08-08 06:56:44.776024: OpenEDS_000000117876, shape torch.Size([1, 1, 400, 640]), rank 0
2026-08-08 06:56:44.788204: predicting OpenEDS_000000117878
2026-08-08 06:56:44.789452: OpenEDS_000000117878, shape torch.Size([1, 1, 400, 640]), rank 0
2026-08-08 06:56:44.801632: predicting OpenEDS_000000120530
2026-08-08 06:56:44.802897: OpenEDS_000000120530, shape torch.Size([1, 1, 400, 640]), rank 0
2026-08-08 06:56:44.815882: predicting OpenEDS_000000120531
2026-08-08 06:56:44.817165: OpenEDS_000000120531, shape torch.Size([1, 1, 400, 640]), rank 0
2026-08-08 06:56:44.829608: predicting OpenEDS_000000120537
2026-08-08 06:56:44.830874: OpenEDS_000000120537, shape torch.Size([1, 1, 400, 640]), rank 0
2026-08-08 06:56:44.843073: predicting OpenEDS_000000120538
2026-08-08 06:56:44.844337: OpenEDS_000000120538, shape torch.Size([1, 1, 400, 640]), rank 0
2026-08-08 06:56:44.856551: predicting OpenEDS_000000120546
2026-08-08 06:56:44.857816: OpenEDS_000000120546, shape torch.Size([1, 1, 400, 640]), rank 0
2026-08-08 06:56:44.870002: predicting OpenEDS_000000120547
2026-08-08 06:56:44.871254: OpenEDS_000000120547, shape torch.Size([1, 1, 400, 640]), rank 0
2026-08-08 06:56:44.883443: predicting OpenEDS_000000120550
2026-08-08 06:56:44.884650: OpenEDS_000000120550, shape torch.Size([1, 1, 400, 640]), rank 0
2026-08-08 06:56:44.897223: predicting OpenEDS_000000120551
2026-08-08 06:56:44.898245: OpenEDS_000000120551, shape torch.Size([1, 1, 400, 640]), rank 0
2026-08-08 06:56:44.910505: predicting OpenEDS_000000120556
2026-08-08 06:56:44.911772: OpenEDS_000000120556, shape torch.Size([1, 1, 400, 640]), rank 0
2026-08-08 06:56:44.924125: predicting OpenEDS_000000120564
2026-08-08 06:56:44.925388: OpenEDS_000000120564, shape torch.Size([1, 1, 400, 640]), rank 0
2026-08-08 06:56:44.937603: predicting OpenEDS_000000120566
2026-08-08 06:56:44.938847: OpenEDS_000000120566, shape torch.Size([1, 1, 400, 640]), rank 0
2026-08-08 06:56:44.951033: predicting OpenEDS_000000120568
2026-08-08 06:56:44.952258: OpenEDS_000000120568, shape torch.Size([1, 1, 400, 640]), rank 0
2026-08-08 06:56:44.964496: predicting OpenEDS_000000120569
2026-08-08 06:56:44.965734: OpenEDS_000000120569, shape torch.Size([1, 1, 400, 640]), rank 0
2026-08-08 06:56:44.977973: predicting OpenEDS_000000120570
2026-08-08 06:56:44.979198: OpenEDS_000000120570, shape torch.Size([1, 1, 400, 640]), rank 0
2026-08-08 06:56:44.991446: predicting OpenEDS_000000120574
2026-08-08 06:56:44.992680: OpenEDS_000000120574, shape torch.Size([1, 1, 400, 640]), rank 0
2026-08-08 06:56:45.004920: predicting OpenEDS_000000120577
2026-08-08 06:56:45.006151: OpenEDS_000000120577, shape torch.Size([1, 1, 400, 640]), rank 0
2026-08-08 06:56:45.018351: predicting OpenEDS_000000120595
2026-08-08 06:56:45.019627: OpenEDS_000000120595, shape torch.Size([1, 1, 400, 640]), rank 0
2026-08-08 06:56:45.032288: predicting OpenEDS_000000120599
2026-08-08 06:56:45.033532: OpenEDS_000000120599, shape torch.Size([1, 1, 400, 640]), rank 0
2026-08-08 06:56:45.045775: predicting OpenEDS_000000120603
2026-08-08 06:56:45.047022: OpenEDS_000000120603, shape torch.Size([1, 1, 400, 640]), rank 0
2026-08-08 06:56:45.059164: predicting OpenEDS_000000120604
2026-08-08 06:56:45.060411: OpenEDS_000000120604, shape torch.Size([1, 1, 400, 640]), rank 0
2026-08-08 06:56:45.072589: predicting OpenEDS_000000120609
2026-08-08 06:56:45.073856: OpenEDS_000000120609, shape torch.Size([1, 1, 400, 640]), rank 0
2026-08-08 06:56:45.086002: predicting OpenEDS_000000120614
2026-08-08 06:56:45.087263: OpenEDS_000000120614, shape torch.Size([1, 1, 400, 640]), rank 0
2026-08-08 06:56:45.099513: predicting OpenEDS_000000120617
2026-08-08 06:56:45.100755: OpenEDS_000000120617, shape torch.Size([1, 1, 400, 640]), rank 0
2026-08-08 06:56:45.113450: predicting OpenEDS_000000120619
2026-08-08 06:56:45.114695: OpenEDS_000000120619, shape torch.Size([1, 1, 400, 640]), rank 0
2026-08-08 06:56:45.127220: predicting OpenEDS_000000120621
2026-08-08 06:56:45.128478: OpenEDS_000000120621, shape torch.Size([1, 1, 400, 640]), rank 0
2026-08-08 06:56:45.140976: predicting OpenEDS_000000120625
2026-08-08 06:56:45.142186: OpenEDS_000000120625, shape torch.Size([1, 1, 400, 640]), rank 0
2026-08-08 06:56:45.154855: predicting OpenEDS_000000120626
2026-08-08 06:56:45.156150: OpenEDS_000000120626, shape torch.Size([1, 1, 400, 640]), rank 0
2026-08-08 06:56:45.168531: predicting OpenEDS_000000120628
2026-08-08 06:56:45.169757: OpenEDS_000000120628, shape torch.Size([1, 1, 400, 640]), rank 0
2026-08-08 06:56:45.181980: predicting OpenEDS_000000120634
2026-08-08 06:56:45.183201: OpenEDS_000000120634, shape torch.Size([1, 1, 400, 640]), rank 0
2026-08-08 06:56:45.195434: predicting OpenEDS_000000120640
2026-08-08 06:56:45.196663: OpenEDS_000000120640, shape torch.Size([1, 1, 400, 640]), rank 0
2026-08-08 06:56:45.208958: predicting OpenEDS_000000123291
2026-08-08 06:56:45.210211: OpenEDS_000000123291, shape torch.Size([1, 1, 400, 640]), rank 0
2026-08-08 06:56:45.222522: predicting OpenEDS_000000123298
2026-08-08 06:56:45.223842: OpenEDS_000000123298, shape torch.Size([1, 1, 400, 640]), rank 0
2026-08-08 06:56:45.236063: predicting OpenEDS_000000123302
2026-08-08 06:56:45.237288: OpenEDS_000000123302, shape torch.Size([1, 1, 400, 640]), rank 0
2026-08-08 06:56:45.249581: predicting OpenEDS_000000123311
2026-08-08 06:56:45.250825: OpenEDS_000000123311, shape torch.Size([1, 1, 400, 640]), rank 0
2026-08-08 06:56:45.263049: predicting OpenEDS_000000123322
2026-08-08 06:56:45.264338: OpenEDS_000000123322, shape torch.Size([1, 1, 400, 640]), rank 0
2026-08-08 06:56:45.276542: predicting OpenEDS_000000123323
2026-08-08 06:56:45.277907: OpenEDS_000000123323, shape torch.Size([1, 1, 400, 640]), rank 0
2026-08-08 06:56:45.290145: predicting OpenEDS_000000123336
2026-08-08 06:56:45.291418: OpenEDS_000000123336, shape torch.Size([1, 1, 400, 640]), rank 0
2026-08-08 06:56:45.303686: predicting OpenEDS_000000123337
2026-08-08 06:56:45.304949: OpenEDS_000000123337, shape torch.Size([1, 1, 400, 640]), rank 0
2026-08-08 06:56:45.317216: predicting OpenEDS_000000123341
2026-08-08 06:56:45.318492: OpenEDS_000000123341, shape torch.Size([1, 1, 400, 640]), rank 0
2026-08-08 06:56:45.330702: predicting OpenEDS_000000123343
2026-08-08 06:56:45.332002: OpenEDS_000000123343, shape torch.Size([1, 1, 400, 640]), rank 0
2026-08-08 06:56:45.344234: predicting OpenEDS_000000123353
2026-08-08 06:56:45.345487: OpenEDS_000000123353, shape torch.Size([1, 1, 400, 640]), rank 0
2026-08-08 06:56:45.357711: predicting OpenEDS_000000123360
2026-08-08 06:56:45.358930: OpenEDS_000000123360, shape torch.Size([1, 1, 400, 640]), rank 0
2026-08-08 06:56:45.371170: predicting OpenEDS_000000123363
2026-08-08 06:56:45.372447: OpenEDS_000000123363, shape torch.Size([1, 1, 400, 640]), rank 0
2026-08-08 06:56:45.384662: predicting OpenEDS_000000123372
2026-08-08 06:56:45.385908: OpenEDS_000000123372, shape torch.Size([1, 1, 400, 640]), rank 0
2026-08-08 06:56:45.398129: predicting OpenEDS_000000126026
2026-08-08 06:56:45.399971: OpenEDS_000000126026, shape torch.Size([1, 1, 400, 640]), rank 0
2026-08-08 06:56:45.412666: predicting OpenEDS_000000126036
2026-08-08 06:56:45.413953: OpenEDS_000000126036, shape torch.Size([1, 1, 400, 640]), rank 0
2026-08-08 06:56:45.426634: predicting OpenEDS_000000126042
2026-08-08 06:56:45.427892: OpenEDS_000000126042, shape torch.Size([1, 1, 400, 640]), rank 0
2026-08-08 06:56:45.440321: predicting OpenEDS_000000126045
2026-08-08 06:56:45.441550: OpenEDS_000000126045, shape torch.Size([1, 1, 400, 640]), rank 0
2026-08-08 06:56:45.453817: predicting OpenEDS_000000126048
2026-08-08 06:56:45.455038: OpenEDS_000000126048, shape torch.Size([1, 1, 400, 640]), rank 0
2026-08-08 06:56:45.467271: predicting OpenEDS_000000126049
2026-08-08 06:56:45.468546: OpenEDS_000000126049, shape torch.Size([1, 1, 400, 640]), rank 0
2026-08-08 06:56:45.480835: predicting OpenEDS_000000126050
2026-08-08 06:56:45.482114: OpenEDS_000000126050, shape torch.Size([1, 1, 400, 640]), rank 0
2026-08-08 06:56:45.494434: predicting OpenEDS_000000126051
2026-08-08 06:56:45.495653: OpenEDS_000000126051, shape torch.Size([1, 1, 400, 640]), rank 0
2026-08-08 06:56:45.507805: predicting OpenEDS_000000126061
2026-08-08 06:56:45.509065: OpenEDS_000000126061, shape torch.Size([1, 1, 400, 640]), rank 0
2026-08-08 06:56:45.521708: predicting OpenEDS_000000126063
2026-08-08 06:56:45.522923: OpenEDS_000000126063, shape torch.Size([1, 1, 400, 640]), rank 0
2026-08-08 06:56:45.535602: predicting OpenEDS_000000126064
2026-08-08 06:56:45.536889: OpenEDS_000000126064, shape torch.Size([1, 1, 400, 640]), rank 0
2026-08-08 06:56:45.549157: predicting OpenEDS_000000126072
2026-08-08 06:56:45.550431: OpenEDS_000000126072, shape torch.Size([1, 1, 400, 640]), rank 0
2026-08-08 06:56:45.562739: predicting OpenEDS_000000126075
2026-08-08 06:56:45.564032: OpenEDS_000000126075, shape torch.Size([1, 1, 400, 640]), rank 0
2026-08-08 06:56:45.576349: predicting OpenEDS_000000126084
2026-08-08 06:56:45.577631: OpenEDS_000000126084, shape torch.Size([1, 1, 400, 640]), rank 0
2026-08-08 06:56:45.589899: predicting OpenEDS_000000126093
2026-08-08 06:56:45.591198: OpenEDS_000000126093, shape torch.Size([1, 1, 400, 640]), rank 0
2026-08-08 06:56:45.603766: predicting OpenEDS_000000126099
2026-08-08 06:56:45.605015: OpenEDS_000000126099, shape torch.Size([1, 1, 400, 640]), rank 0
2026-08-08 06:56:45.617329: predicting OpenEDS_000000126109
2026-08-08 06:56:45.618620: OpenEDS_000000126109, shape torch.Size([1, 1, 400, 640]), rank 0
2026-08-08 06:56:45.631017: predicting OpenEDS_000000126111
2026-08-08 06:56:45.632271: OpenEDS_000000126111, shape torch.Size([1, 1, 400, 640]), rank 0
2026-08-08 06:56:45.644579: predicting OpenEDS_000000126123
2026-08-08 06:56:45.645842: OpenEDS_000000126123, shape torch.Size([1, 1, 400, 640]), rank 0
2026-08-08 06:56:45.658055: predicting OpenEDS_000000126131
2026-08-08 06:56:45.659346: OpenEDS_000000126131, shape torch.Size([1, 1, 400, 640]), rank 0
2026-08-08 06:56:45.671672: predicting OpenEDS_000000126132
2026-08-08 06:56:45.672950: OpenEDS_000000126132, shape torch.Size([1, 1, 400, 640]), rank 0
2026-08-08 06:56:45.685041: predicting OpenEDS_000000126134
2026-08-08 06:56:45.686330: OpenEDS_000000126134, shape torch.Size([1, 1, 400, 640]), rank 0
2026-08-08 06:56:45.698529: predicting OpenEDS_000000126142
2026-08-08 06:56:45.699820: OpenEDS_000000126142, shape torch.Size([1, 1, 400, 640]), rank 0
2026-08-08 06:56:45.712070: predicting OpenEDS_000000126144
2026-08-08 06:56:45.713323: OpenEDS_000000126144, shape torch.Size([1, 1, 400, 640]), rank 0
2026-08-08 06:56:45.725590: predicting OpenEDS_000000126145
2026-08-08 06:56:45.726865: OpenEDS_000000126145, shape torch.Size([1, 1, 400, 640]), rank 0
2026-08-08 06:56:45.739133: predicting OpenEDS_000000126146
2026-08-08 06:56:45.740365: OpenEDS_000000126146, shape torch.Size([1, 1, 400, 640]), rank 0
2026-08-08 06:56:45.752592: predicting OpenEDS_000000128797
2026-08-08 06:56:45.753903: OpenEDS_000000128797, shape torch.Size([1, 1, 400, 640]), rank 0
2026-08-08 06:56:45.766593: predicting OpenEDS_000000128799
2026-08-08 06:56:45.767680: OpenEDS_000000128799, shape torch.Size([1, 1, 400, 640]), rank 0
2026-08-08 06:56:45.779786: predicting OpenEDS_000000128807
2026-08-08 06:56:45.781059: OpenEDS_000000128807, shape torch.Size([1, 1, 400, 640]), rank 0
2026-08-08 06:56:45.793473: predicting OpenEDS_000000128815
2026-08-08 06:56:45.794743: OpenEDS_000000128815, shape torch.Size([1, 1, 400, 640]), rank 0
2026-08-08 06:56:45.806959: predicting OpenEDS_000000128826
2026-08-08 06:56:45.808250: OpenEDS_000000128826, shape torch.Size([1, 1, 400, 640]), rank 0
2026-08-08 06:56:45.820541: predicting OpenEDS_000000128831
2026-08-08 06:56:45.821776: OpenEDS_000000128831, shape torch.Size([1, 1, 400, 640]), rank 0
2026-08-08 06:56:45.834082: predicting OpenEDS_000000128832
2026-08-08 06:56:45.835262: OpenEDS_000000128832, shape torch.Size([1, 1, 400, 640]), rank 0
2026-08-08 06:56:45.847609: predicting OpenEDS_000000128842
2026-08-08 06:56:45.848855: OpenEDS_000000128842, shape torch.Size([1, 1, 400, 640]), rank 0
2026-08-08 06:56:45.861071: predicting OpenEDS_000000128848
2026-08-08 06:56:45.862304: OpenEDS_000000128848, shape torch.Size([1, 1, 400, 640]), rank 0
2026-08-08 06:56:45.874698: predicting OpenEDS_000000128857
2026-08-08 06:56:45.875953: OpenEDS_000000128857, shape torch.Size([1, 1, 400, 640]), rank 0
2026-08-08 06:56:45.888124: predicting OpenEDS_000000128860
2026-08-08 06:56:45.889364: OpenEDS_000000128860, shape torch.Size([1, 1, 400, 640]), rank 0
2026-08-08 06:56:45.901619: predicting OpenEDS_000000128873
2026-08-08 06:56:45.902852: OpenEDS_000000128873, shape torch.Size([1, 1, 400, 640]), rank 0
2026-08-08 06:56:45.915659: predicting OpenEDS_000000131533
2026-08-08 06:56:45.916909: OpenEDS_000000131533, shape torch.Size([1, 1, 400, 640]), rank 0
2026-08-08 06:56:45.929598: predicting OpenEDS_000000131550
2026-08-08 06:56:45.930850: OpenEDS_000000131550, shape torch.Size([1, 1, 400, 640]), rank 0
2026-08-08 06:56:45.943270: predicting OpenEDS_000000131557
2026-08-08 06:56:45.944570: OpenEDS_000000131557, shape torch.Size([1, 1, 400, 640]), rank 0
2026-08-08 06:56:45.956923: predicting OpenEDS_000000131566
2026-08-08 06:56:45.958155: OpenEDS_000000131566, shape torch.Size([1, 1, 400, 640]), rank 0
2026-08-08 06:56:45.970449: predicting OpenEDS_000000131568
2026-08-08 06:56:45.971708: OpenEDS_000000131568, shape torch.Size([1, 1, 400, 640]), rank 0
2026-08-08 06:56:45.983954: predicting OpenEDS_000000131571
2026-08-08 06:56:45.985179: OpenEDS_000000131571, shape torch.Size([1, 1, 400, 640]), rank 0
2026-08-08 06:56:45.997454: predicting OpenEDS_000000131573
2026-08-08 06:56:45.998670: OpenEDS_000000131573, shape torch.Size([1, 1, 400, 640]), rank 0
2026-08-08 06:56:46.011022: predicting OpenEDS_000000131587
2026-08-08 06:56:46.012266: OpenEDS_000000131587, shape torch.Size([1, 1, 400, 640]), rank 0
2026-08-08 06:56:46.024914: predicting OpenEDS_000000131595
2026-08-08 06:56:46.026200: OpenEDS_000000131595, shape torch.Size([1, 1, 400, 640]), rank 0
2026-08-08 06:56:46.038471: predicting OpenEDS_000000134249
2026-08-08 06:56:46.039721: OpenEDS_000000134249, shape torch.Size([1, 1, 400, 640]), rank 0
2026-08-08 06:56:46.051983: predicting OpenEDS_000000134250
2026-08-08 06:56:46.053266: OpenEDS_000000134250, shape torch.Size([1, 1, 400, 640]), rank 0
2026-08-08 06:56:46.066011: predicting OpenEDS_000000134258
2026-08-08 06:56:46.067257: OpenEDS_000000134258, shape torch.Size([1, 1, 400, 640]), rank 0
2026-08-08 06:56:46.079827: predicting OpenEDS_000000134260
2026-08-08 06:56:46.081039: OpenEDS_000000134260, shape torch.Size([1, 1, 400, 640]), rank 0
2026-08-08 06:56:46.093518: predicting OpenEDS_000000134263
2026-08-08 06:56:46.094801: OpenEDS_000000134263, shape torch.Size([1, 1, 400, 640]), rank 0
2026-08-08 06:56:46.107174: predicting OpenEDS_000000134266
2026-08-08 06:56:46.108424: OpenEDS_000000134266, shape torch.Size([1, 1, 400, 640]), rank 0
2026-08-08 06:56:46.121186: predicting OpenEDS_000000134267
2026-08-08 06:56:46.122449: OpenEDS_000000134267, shape torch.Size([1, 1, 400, 640]), rank 0
2026-08-08 06:56:46.135144: predicting OpenEDS_000000134268
2026-08-08 06:56:46.136384: OpenEDS_000000134268, shape torch.Size([1, 1, 400, 640]), rank 0
2026-08-08 06:56:46.148878: predicting OpenEDS_000000134273
2026-08-08 06:56:46.150157: OpenEDS_000000134273, shape torch.Size([1, 1, 400, 640]), rank 0
2026-08-08 06:56:46.162409: predicting OpenEDS_000000134278
2026-08-08 06:56:46.163725: OpenEDS_000000134278, shape torch.Size([1, 1, 400, 640]), rank 0
2026-08-08 06:56:46.176102: predicting OpenEDS_000000134290
2026-08-08 06:56:46.177342: OpenEDS_000000134290, shape torch.Size([1, 1, 400, 640]), rank 0
2026-08-08 06:56:46.189624: predicting OpenEDS_000000134293
2026-08-08 06:56:46.190912: OpenEDS_000000134293, shape torch.Size([1, 1, 400, 640]), rank 0
2026-08-08 06:56:46.203223: predicting OpenEDS_000000134297
2026-08-08 06:56:46.204522: OpenEDS_000000134297, shape torch.Size([1, 1, 400, 640]), rank 0
2026-08-08 06:56:46.217227: predicting OpenEDS_000000134307
2026-08-08 06:56:46.218499: OpenEDS_000000134307, shape torch.Size([1, 1, 400, 640]), rank 0
2026-08-08 06:56:46.231097: predicting OpenEDS_000000134311
2026-08-08 06:56:46.232371: OpenEDS_000000134311, shape torch.Size([1, 1, 400, 640]), rank 0
2026-08-08 06:56:46.244931: predicting OpenEDS_000000134320
2026-08-08 06:56:46.246188: OpenEDS_000000134320, shape torch.Size([1, 1, 400, 640]), rank 0
2026-08-08 06:56:46.258641: predicting OpenEDS_000000134325
2026-08-08 06:56:46.259858: OpenEDS_000000134325, shape torch.Size([1, 1, 400, 640]), rank 0
2026-08-08 06:56:46.272120: predicting OpenEDS_000000134330
2026-08-08 06:56:46.273365: OpenEDS_000000134330, shape torch.Size([1, 1, 400, 640]), rank 0
2026-08-08 06:56:46.285661: predicting OpenEDS_000000136983
2026-08-08 06:56:46.286911: OpenEDS_000000136983, shape torch.Size([1, 1, 400, 640]), rank 0
2026-08-08 06:56:46.299182: predicting OpenEDS_000000136986
2026-08-08 06:56:46.300461: OpenEDS_000000136986, shape torch.Size([1, 1, 400, 640]), rank 0
2026-08-08 06:56:46.312788: predicting OpenEDS_000000136995
2026-08-08 06:56:46.314082: OpenEDS_000000136995, shape torch.Size([1, 1, 400, 640]), rank 0
2026-08-08 06:56:46.326346: predicting OpenEDS_000000137000
2026-08-08 06:56:46.327589: OpenEDS_000000137000, shape torch.Size([1, 1, 400, 640]), rank 0
2026-08-08 06:56:46.339855: predicting OpenEDS_000000137009
2026-08-08 06:56:46.341130: OpenEDS_000000137009, shape torch.Size([1, 1, 400, 640]), rank 0
2026-08-08 06:56:46.353331: predicting OpenEDS_000000137015
2026-08-08 06:56:46.354641: OpenEDS_000000137015, shape torch.Size([1, 1, 400, 640]), rank 0
2026-08-08 06:56:46.366932: predicting OpenEDS_000000137030
2026-08-08 06:56:46.368174: OpenEDS_000000137030, shape torch.Size([1, 1, 400, 640]), rank 0
2026-08-08 06:56:46.380820: predicting OpenEDS_000000137037
2026-08-08 06:56:46.382090: OpenEDS_000000137037, shape torch.Size([1, 1, 400, 640]), rank 0
2026-08-08 06:56:46.394653: predicting OpenEDS_000000137040
2026-08-08 06:56:46.395891: OpenEDS_000000137040, shape torch.Size([1, 1, 400, 640]), rank 0
2026-08-08 06:56:46.408260: predicting OpenEDS_000000137041
2026-08-08 06:56:46.409509: OpenEDS_000000137041, shape torch.Size([1, 1, 400, 640]), rank 0
2026-08-08 06:56:46.421921: predicting OpenEDS_000000137050
2026-08-08 06:56:46.423192: OpenEDS_000000137050, shape torch.Size([1, 1, 400, 640]), rank 0
2026-08-08 06:56:46.435511: predicting OpenEDS_000000137052
2026-08-08 06:56:46.436781: OpenEDS_000000137052, shape torch.Size([1, 1, 400, 640]), rank 0
2026-08-08 06:56:46.449035: predicting OpenEDS_000000137055
2026-08-08 06:56:46.450310: OpenEDS_000000137055, shape torch.Size([1, 1, 400, 640]), rank 0
2026-08-08 06:56:46.462552: predicting OpenEDS_000000137057
2026-08-08 06:56:46.463788: OpenEDS_000000137057, shape torch.Size([1, 1, 400, 640]), rank 0
2026-08-08 06:56:46.476506: predicting OpenEDS_000000137058
2026-08-08 06:56:46.477783: OpenEDS_000000137058, shape torch.Size([1, 1, 400, 640]), rank 0
2026-08-08 06:56:46.489970: predicting OpenEDS_000000137066
2026-08-08 06:56:46.491223: OpenEDS_000000137066, shape torch.Size([1, 1, 400, 640]), rank 0
2026-08-08 06:56:46.503492: predicting OpenEDS_000000137068
2026-08-08 06:56:46.504773: OpenEDS_000000137068, shape torch.Size([1, 1, 400, 640]), rank 0
2026-08-08 06:56:46.517387: predicting OpenEDS_000000137069
2026-08-08 06:56:46.518668: OpenEDS_000000137069, shape torch.Size([1, 1, 400, 640]), rank 0
2026-08-08 06:56:46.531278: predicting OpenEDS_000000137075
2026-08-08 06:56:46.532529: OpenEDS_000000137075, shape torch.Size([1, 1, 400, 640]), rank 0
2026-08-08 06:56:46.544991: predicting OpenEDS_000000139724
2026-08-08 06:56:46.546293: OpenEDS_000000139724, shape torch.Size([1, 1, 400, 640]), rank 0
2026-08-08 06:56:46.558882: predicting OpenEDS_000000139750
2026-08-08 06:56:46.560124: OpenEDS_000000139750, shape torch.Size([1, 1, 400, 640]), rank 0
2026-08-08 06:56:46.572659: predicting OpenEDS_000000139751
2026-08-08 06:56:46.573903: OpenEDS_000000139751, shape torch.Size([1, 1, 400, 640]), rank 0
2026-08-08 06:56:46.586219: predicting OpenEDS_000000139752
2026-08-08 06:56:46.587472: OpenEDS_000000139752, shape torch.Size([1, 1, 400, 640]), rank 0
2026-08-08 06:56:46.599742: predicting OpenEDS_000000139767
2026-08-08 06:56:46.601023: OpenEDS_000000139767, shape torch.Size([1, 1, 400, 640]), rank 0
2026-08-08 06:56:46.613326: predicting OpenEDS_000000139773
2026-08-08 06:56:46.614644: OpenEDS_000000139773, shape torch.Size([1, 1, 400, 640]), rank 0
2026-08-08 06:56:46.627246: predicting OpenEDS_000000139777
2026-08-08 06:56:46.628513: OpenEDS_000000139777, shape torch.Size([1, 1, 400, 640]), rank 0
2026-08-08 06:56:46.640772: predicting OpenEDS_000000139781
2026-08-08 06:56:46.642009: OpenEDS_000000139781, shape torch.Size([1, 1, 400, 640]), rank 0
2026-08-08 06:56:46.654628: predicting OpenEDS_000000139786
2026-08-08 06:56:46.656046: OpenEDS_000000139786, shape torch.Size([1, 1, 400, 640]), rank 0
2026-08-08 06:56:46.668507: predicting OpenEDS_000000139793
2026-08-08 06:56:46.669797: OpenEDS_000000139793, shape torch.Size([1, 1, 400, 640]), rank 0
2026-08-08 06:56:46.682049: predicting OpenEDS_000000139795
2026-08-08 06:56:46.683312: OpenEDS_000000139795, shape torch.Size([1, 1, 400, 640]), rank 0
2026-08-08 06:56:46.695594: predicting OpenEDS_000000139799
2026-08-08 06:56:46.696870: OpenEDS_000000139799, shape torch.Size([1, 1, 400, 640]), rank 0
2026-08-08 06:56:46.709544: predicting OpenEDS_000000139803
2026-08-08 06:56:46.710817: OpenEDS_000000139803, shape torch.Size([1, 1, 400, 640]), rank 0
2026-08-08 06:56:46.723445: predicting OpenEDS_000000142454
2026-08-08 06:56:46.724712: OpenEDS_000000142454, shape torch.Size([1, 1, 400, 640]), rank 0
2026-08-08 06:56:46.737152: predicting OpenEDS_000000142456
2026-08-08 06:56:46.738438: OpenEDS_000000142456, shape torch.Size([1, 1, 400, 640]), rank 0
2026-08-08 06:56:46.750671: predicting OpenEDS_000000142457
2026-08-08 06:56:46.751491: OpenEDS_000000142457, shape torch.Size([1, 1, 400, 640]), rank 0
2026-08-08 06:56:46.764095: predicting OpenEDS_000000142458
2026-08-08 06:56:46.765312: OpenEDS_000000142458, shape torch.Size([1, 1, 400, 640]), rank 0
2026-08-08 06:56:46.777598: predicting OpenEDS_000000142459
2026-08-08 06:56:46.778820: OpenEDS_000000142459, shape torch.Size([1, 1, 400, 640]), rank 0
2026-08-08 06:56:46.791036: predicting OpenEDS_000000142460
2026-08-08 06:56:46.792369: OpenEDS_000000142460, shape torch.Size([1, 1, 400, 640]), rank 0
2026-08-08 06:56:46.804713: predicting OpenEDS_000000142464
2026-08-08 06:56:46.805993: OpenEDS_000000142464, shape torch.Size([1, 1, 400, 640]), rank 0
2026-08-08 06:56:46.818308: predicting OpenEDS_000000142472
2026-08-08 06:56:46.819617: OpenEDS_000000142472, shape torch.Size([1, 1, 400, 640]), rank 0
2026-08-08 06:56:46.831856: predicting OpenEDS_000000142475
2026-08-08 06:56:46.833133: OpenEDS_000000142475, shape torch.Size([1, 1, 400, 640]), rank 0
2026-08-08 06:56:46.845801: predicting OpenEDS_000000142479
2026-08-08 06:56:46.846881: OpenEDS_000000142479, shape torch.Size([1, 1, 400, 640]), rank 0
2026-08-08 06:56:46.859078: predicting OpenEDS_000000142485
2026-08-08 06:56:46.860315: OpenEDS_000000142485, shape torch.Size([1, 1, 400, 640]), rank 0
2026-08-08 06:56:46.872532: predicting OpenEDS_000000142494
2026-08-08 06:56:46.873784: OpenEDS_000000142494, shape torch.Size([1, 1, 400, 640]), rank 0
2026-08-08 06:56:46.886254: predicting OpenEDS_000000142505
2026-08-08 06:56:46.887497: OpenEDS_000000142505, shape torch.Size([1, 1, 400, 640]), rank 0
2026-08-08 06:56:46.899893: predicting OpenEDS_000000142510
2026-08-08 06:56:46.901176: OpenEDS_000000142510, shape torch.Size([1, 1, 400, 640]), rank 0
2026-08-08 06:56:46.913637: predicting OpenEDS_000000142517
2026-08-08 06:56:46.914888: OpenEDS_000000142517, shape torch.Size([1, 1, 400, 640]), rank 0
2026-08-08 06:56:46.927094: predicting OpenEDS_000000142525
2026-08-08 06:56:46.928351: OpenEDS_000000142525, shape torch.Size([1, 1, 400, 640]), rank 0
2026-08-08 06:56:46.940613: predicting OpenEDS_000000142530
2026-08-08 06:56:46.941839: OpenEDS_000000142530, shape torch.Size([1, 1, 400, 640]), rank 0
2026-08-08 06:56:46.954108: predicting OpenEDS_000000142531
2026-08-08 06:56:46.955364: OpenEDS_000000142531, shape torch.Size([1, 1, 400, 640]), rank 0
2026-08-08 06:56:46.967964: predicting OpenEDS_000000142533
2026-08-08 06:56:46.969198: OpenEDS_000000142533, shape torch.Size([1, 1, 400, 640]), rank 0
2026-08-08 06:56:46.981784: predicting OpenEDS_000000145186
2026-08-08 06:56:46.983053: OpenEDS_000000145186, shape torch.Size([1, 1, 400, 640]), rank 0
2026-08-08 06:56:46.995689: predicting OpenEDS_000000145188
2026-08-08 06:56:46.996917: OpenEDS_000000145188, shape torch.Size([1, 1, 400, 640]), rank 0
2026-08-08 06:56:47.009324: predicting OpenEDS_000000145190
2026-08-08 06:56:47.010570: OpenEDS_000000145190, shape torch.Size([1, 1, 400, 640]), rank 0
2026-08-08 06:56:47.022994: predicting OpenEDS_000000145203
2026-08-08 06:56:47.024266: OpenEDS_000000145203, shape torch.Size([1, 1, 400, 640]), rank 0
2026-08-08 06:56:47.036527: predicting OpenEDS_000000145204
2026-08-08 06:56:47.037799: OpenEDS_000000145204, shape torch.Size([1, 1, 400, 640]), rank 0
2026-08-08 06:56:47.050030: predicting OpenEDS_000000145206
2026-08-08 06:56:47.051320: OpenEDS_000000145206, shape torch.Size([1, 1, 400, 640]), rank 0
2026-08-08 06:56:47.063597: predicting OpenEDS_000000145209
2026-08-08 06:56:47.064869: OpenEDS_000000145209, shape torch.Size([1, 1, 400, 640]), rank 0
2026-08-08 06:56:47.077080: predicting OpenEDS_000000145213
2026-08-08 06:56:47.078316: OpenEDS_000000145213, shape torch.Size([1, 1, 400, 640]), rank 0
2026-08-08 06:56:47.090593: predicting OpenEDS_000000145218
2026-08-08 06:56:47.091875: OpenEDS_000000145218, shape torch.Size([1, 1, 400, 640]), rank 0
2026-08-08 06:56:47.104199: predicting OpenEDS_000000145219
2026-08-08 06:56:47.105451: OpenEDS_000000145219, shape torch.Size([1, 1, 400, 640]), rank 0
2026-08-08 06:56:47.117965: predicting OpenEDS_000000145221
2026-08-08 06:56:47.119199: OpenEDS_000000145221, shape torch.Size([1, 1, 400, 640]), rank 0
2026-08-08 06:56:47.131468: predicting OpenEDS_000000145234
2026-08-08 06:56:47.132708: OpenEDS_000000145234, shape torch.Size([1, 1, 400, 640]), rank 0
2026-08-08 06:56:47.145049: predicting OpenEDS_000000145239
2026-08-08 06:56:47.146318: OpenEDS_000000145239, shape torch.Size([1, 1, 400, 640]), rank 0
2026-08-08 06:56:47.158726: predicting OpenEDS_000000145252
2026-08-08 06:56:47.159960: OpenEDS_000000145252, shape torch.Size([1, 1, 400, 640]), rank 0
2026-08-08 06:56:47.172189: predicting OpenEDS_000000145256
2026-08-08 06:56:47.173484: OpenEDS_000000145256, shape torch.Size([1, 1, 400, 640]), rank 0
2026-08-08 06:56:47.185786: predicting OpenEDS_000000145257
2026-08-08 06:56:47.187013: OpenEDS_000000145257, shape torch.Size([1, 1, 400, 640]), rank 0
2026-08-08 06:56:47.199259: predicting OpenEDS_000000147915
2026-08-08 06:56:47.200514: OpenEDS_000000147915, shape torch.Size([1, 1, 400, 640]), rank 0
2026-08-08 06:56:47.212863: predicting OpenEDS_000000147918
2026-08-08 06:56:47.214099: OpenEDS_000000147918, shape torch.Size([1, 1, 400, 640]), rank 0
2026-08-08 06:56:47.226385: predicting OpenEDS_000000147923
2026-08-08 06:56:47.227627: OpenEDS_000000147923, shape torch.Size([1, 1, 400, 640]), rank 0
2026-08-08 06:56:47.239883: predicting OpenEDS_000000147926
2026-08-08 06:56:47.241149: OpenEDS_000000147926, shape torch.Size([1, 1, 400, 640]), rank 0
2026-08-08 06:56:47.253294: predicting OpenEDS_000000147934
2026-08-08 06:56:47.254531: OpenEDS_000000147934, shape torch.Size([1, 1, 400, 640]), rank 0
2026-08-08 06:56:47.267245: predicting OpenEDS_000000147935
2026-08-08 06:56:47.268509: OpenEDS_000000147935, shape torch.Size([1, 1, 400, 640]), rank 0
2026-08-08 06:56:47.281327: predicting OpenEDS_000000147939
2026-08-08 06:56:47.282586: OpenEDS_000000147939, shape torch.Size([1, 1, 400, 640]), rank 0
2026-08-08 06:56:47.295099: predicting OpenEDS_000000147948
2026-08-08 06:56:47.296355: OpenEDS_000000147948, shape torch.Size([1, 1, 400, 640]), rank 0
2026-08-08 06:56:47.308629: predicting OpenEDS_000000147953
2026-08-08 06:56:47.309900: OpenEDS_000000147953, shape torch.Size([1, 1, 400, 640]), rank 0
2026-08-08 06:56:47.322662: predicting OpenEDS_000000147957
2026-08-08 06:56:47.323901: OpenEDS_000000147957, shape torch.Size([1, 1, 400, 640]), rank 0
2026-08-08 06:56:47.336504: predicting OpenEDS_000000147958
2026-08-08 06:56:47.337777: OpenEDS_000000147958, shape torch.Size([1, 1, 400, 640]), rank 0
2026-08-08 06:56:47.350201: predicting OpenEDS_000000147959
2026-08-08 06:56:47.351439: OpenEDS_000000147959, shape torch.Size([1, 1, 400, 640]), rank 0
2026-08-08 06:56:47.363721: predicting OpenEDS_000000147960
2026-08-08 06:56:47.364970: OpenEDS_000000147960, shape torch.Size([1, 1, 400, 640]), rank 0
2026-08-08 06:56:47.377239: predicting OpenEDS_000000147963
2026-08-08 06:56:47.378557: OpenEDS_000000147963, shape torch.Size([1, 1, 400, 640]), rank 0
2026-08-08 06:56:47.390862: predicting OpenEDS_000000147967
2026-08-08 06:56:47.392157: OpenEDS_000000147967, shape torch.Size([1, 1, 400, 640]), rank 0
2026-08-08 06:56:47.404457: predicting OpenEDS_000000147970
2026-08-08 06:56:47.405699: OpenEDS_000000147970, shape torch.Size([1, 1, 400, 640]), rank 0
2026-08-08 06:56:47.418227: predicting OpenEDS_000000147982
2026-08-08 06:56:47.419500: OpenEDS_000000147982, shape torch.Size([1, 1, 400, 640]), rank 0
2026-08-08 06:56:47.431765: predicting OpenEDS_000000147988
2026-08-08 06:56:47.433010: OpenEDS_000000147988, shape torch.Size([1, 1, 400, 640]), rank 0
2026-08-08 06:56:47.445381: predicting OpenEDS_000000147989
2026-08-08 06:56:47.446667: OpenEDS_000000147989, shape torch.Size([1, 1, 400, 640]), rank 0
2026-08-08 06:56:47.459042: predicting OpenEDS_000000147991
2026-08-08 06:56:47.460327: OpenEDS_000000147991, shape torch.Size([1, 1, 400, 640]), rank 0
2026-08-08 06:56:47.472949: predicting OpenEDS_000000150645
2026-08-08 06:56:47.474047: OpenEDS_000000150645, shape torch.Size([1, 1, 400, 640]), rank 0
2026-08-08 06:56:47.486294: predicting OpenEDS_000000150647
2026-08-08 06:56:47.487530: OpenEDS_000000150647, shape torch.Size([1, 1, 400, 640]), rank 0
2026-08-08 06:56:47.499786: predicting OpenEDS_000000150648
2026-08-08 06:56:47.501154: OpenEDS_000000150648, shape torch.Size([1, 1, 400, 640]), rank 0
2026-08-08 06:56:47.513727: predicting OpenEDS_000000150655
2026-08-08 06:56:47.515002: OpenEDS_000000150655, shape torch.Size([1, 1, 400, 640]), rank 0
2026-08-08 06:56:47.527321: predicting OpenEDS_000000150661
2026-08-08 06:56:47.528587: OpenEDS_000000150661, shape torch.Size([1, 1, 400, 640]), rank 0
2026-08-08 06:56:47.540872: predicting OpenEDS_000000150664
2026-08-08 06:56:47.542159: OpenEDS_000000150664, shape torch.Size([1, 1, 400, 640]), rank 0
2026-08-08 06:56:47.554506: predicting OpenEDS_000000150667
2026-08-08 06:56:47.555835: OpenEDS_000000150667, shape torch.Size([1, 1, 400, 640]), rank 0
2026-08-08 06:56:47.567986: predicting OpenEDS_000000150669
2026-08-08 06:56:47.569228: OpenEDS_000000150669, shape torch.Size([1, 1, 400, 640]), rank 0
2026-08-08 06:56:47.581592: predicting OpenEDS_000000150670
2026-08-08 06:56:47.582840: OpenEDS_000000150670, shape torch.Size([1, 1, 400, 640]), rank 0
2026-08-08 06:56:47.595104: predicting OpenEDS_000000150671
2026-08-08 06:56:47.596343: OpenEDS_000000150671, shape torch.Size([1, 1, 400, 640]), rank 0
2026-08-08 06:56:47.608777: predicting OpenEDS_000000150673
2026-08-08 06:56:47.610035: OpenEDS_000000150673, shape torch.Size([1, 1, 400, 640]), rank 0
2026-08-08 06:56:47.622760: predicting OpenEDS_000000150677
2026-08-08 06:56:47.624053: OpenEDS_000000150677, shape torch.Size([1, 1, 400, 640]), rank 0
2026-08-08 06:56:47.636497: predicting OpenEDS_000000150686
2026-08-08 06:56:47.637739: OpenEDS_000000150686, shape torch.Size([1, 1, 400, 640]), rank 0
2026-08-08 06:56:47.650209: predicting OpenEDS_000000150688
2026-08-08 06:56:47.651462: OpenEDS_000000150688, shape torch.Size([1, 1, 400, 640]), rank 0
2026-08-08 06:56:47.663786: predicting OpenEDS_000000150699
2026-08-08 06:56:47.665067: OpenEDS_000000150699, shape torch.Size([1, 1, 400, 640]), rank 0
2026-08-08 06:56:47.677290: predicting OpenEDS_000000153373
2026-08-08 06:56:47.678537: OpenEDS_000000153373, shape torch.Size([1, 1, 400, 640]), rank 0
2026-08-08 06:56:47.690785: predicting OpenEDS_000000153380
2026-08-08 06:56:47.692061: OpenEDS_000000153380, shape torch.Size([1, 1, 400, 640]), rank 0
2026-08-08 06:56:47.704289: predicting OpenEDS_000000153382
2026-08-08 06:56:47.705661: OpenEDS_000000153382, shape torch.Size([1, 1, 400, 640]), rank 0
2026-08-08 06:56:47.717891: predicting OpenEDS_000000153394
2026-08-08 06:56:47.719143: OpenEDS_000000153394, shape torch.Size([1, 1, 400, 640]), rank 0
2026-08-08 06:56:47.731410: predicting OpenEDS_000000153396
2026-08-08 06:56:47.732677: OpenEDS_000000153396, shape torch.Size([1, 1, 400, 640]), rank 0
2026-08-08 06:56:47.745021: predicting OpenEDS_000000153398
2026-08-08 06:56:47.746297: OpenEDS_000000153398, shape torch.Size([1, 1, 400, 640]), rank 0
2026-08-08 06:56:47.758494: predicting OpenEDS_000000153401
2026-08-08 06:56:47.759775: OpenEDS_000000153401, shape torch.Size([1, 1, 400, 640]), rank 0
2026-08-08 06:56:47.772211: predicting OpenEDS_000000153411
2026-08-08 06:56:47.773503: OpenEDS_000000153411, shape torch.Size([1, 1, 400, 640]), rank 0
2026-08-08 06:56:47.785688: predicting OpenEDS_000000153413
2026-08-08 06:56:47.786976: OpenEDS_000000153413, shape torch.Size([1, 1, 400, 640]), rank 0
2026-08-08 06:56:47.799300: predicting OpenEDS_000000153415
2026-08-08 06:56:47.800544: OpenEDS_000000153415, shape torch.Size([1, 1, 400, 640]), rank 0
2026-08-08 06:56:47.812887: predicting OpenEDS_000000153416
2026-08-08 06:56:47.814131: OpenEDS_000000153416, shape torch.Size([1, 1, 400, 640]), rank 0
2026-08-08 06:56:47.826498: predicting OpenEDS_000000153417
2026-08-08 06:56:47.827761: OpenEDS_000000153417, shape torch.Size([1, 1, 400, 640]), rank 0
2026-08-08 06:56:47.840570: predicting OpenEDS_000000153421
2026-08-08 06:56:47.841814: OpenEDS_000000153421, shape torch.Size([1, 1, 400, 640]), rank 0
2026-08-08 06:56:47.854196: predicting OpenEDS_000000153425
2026-08-08 06:56:47.855483: OpenEDS_000000153425, shape torch.Size([1, 1, 400, 640]), rank 0
2026-08-08 06:56:47.868099: predicting OpenEDS_000000153429
2026-08-08 06:56:47.869356: OpenEDS_000000153429, shape torch.Size([1, 1, 400, 640]), rank 0
2026-08-08 06:56:47.881879: predicting OpenEDS_000000153431
2026-08-08 06:56:47.883130: OpenEDS_000000153431, shape torch.Size([1, 1, 400, 640]), rank 0
2026-08-08 06:56:47.895444: predicting OpenEDS_000000153433
2026-08-08 06:56:47.896724: OpenEDS_000000153433, shape torch.Size([1, 1, 400, 640]), rank 0
2026-08-08 06:56:47.909005: predicting OpenEDS_000000153437
2026-08-08 06:56:47.910250: OpenEDS_000000153437, shape torch.Size([1, 1, 400, 640]), rank 0
2026-08-08 06:56:47.923062: predicting OpenEDS_000000153441
2026-08-08 06:56:47.924333: OpenEDS_000000153441, shape torch.Size([1, 1, 400, 640]), rank 0
2026-08-08 06:56:47.936612: predicting OpenEDS_000000153449
2026-08-08 06:56:47.937892: OpenEDS_000000153449, shape torch.Size([1, 1, 400, 640]), rank 0
2026-08-08 06:56:47.950315: predicting OpenEDS_000000153454
2026-08-08 06:56:47.951561: OpenEDS_000000153454, shape torch.Size([1, 1, 400, 640]), rank 0
2026-08-08 06:56:47.964004: predicting OpenEDS_000000153455
2026-08-08 06:56:47.965300: OpenEDS_000000153455, shape torch.Size([1, 1, 400, 640]), rank 0
2026-08-08 06:56:47.977563: predicting OpenEDS_000000153457
2026-08-08 06:56:47.978828: OpenEDS_000000153457, shape torch.Size([1, 1, 400, 640]), rank 0
2026-08-08 06:56:47.991145: predicting OpenEDS_000000153460
2026-08-08 06:56:47.992417: OpenEDS_000000153460, shape torch.Size([1, 1, 400, 640]), rank 0
2026-08-08 06:56:48.004606: predicting OpenEDS_000000153466
2026-08-08 06:56:48.005882: OpenEDS_000000153466, shape torch.Size([1, 1, 400, 640]), rank 0
2026-08-08 06:56:48.018168: predicting OpenEDS_000000156115
2026-08-08 06:56:48.019439: OpenEDS_000000156115, shape torch.Size([1, 1, 400, 640]), rank 0
2026-08-08 06:56:48.031724: predicting OpenEDS_000000156122
2026-08-08 06:56:48.033102: OpenEDS_000000156122, shape torch.Size([1, 1, 400, 640]), rank 0
2026-08-08 06:56:48.045498: predicting OpenEDS_000000156123
2026-08-08 06:56:48.046752: OpenEDS_000000156123, shape torch.Size([1, 1, 400, 640]), rank 0
2026-08-08 06:56:48.059016: predicting OpenEDS_000000156125
2026-08-08 06:56:48.060285: OpenEDS_000000156125, shape torch.Size([1, 1, 400, 640]), rank 0
2026-08-08 06:56:48.072624: predicting OpenEDS_000000156130
2026-08-08 06:56:48.073931: OpenEDS_000000156130, shape torch.Size([1, 1, 400, 640]), rank 0
2026-08-08 06:56:48.086223: predicting OpenEDS_000000156132
2026-08-08 06:56:48.087481: OpenEDS_000000156132, shape torch.Size([1, 1, 400, 640]), rank 0
2026-08-08 06:56:48.099938: predicting OpenEDS_000000156140
2026-08-08 06:56:48.101242: OpenEDS_000000156140, shape torch.Size([1, 1, 400, 640]), rank 0
2026-08-08 06:56:48.113916: predicting OpenEDS_000000156141
2026-08-08 06:56:48.115199: OpenEDS_000000156141, shape torch.Size([1, 1, 400, 640]), rank 0
2026-08-08 06:56:48.127593: predicting OpenEDS_000000156149
2026-08-08 06:56:48.128827: OpenEDS_000000156149, shape torch.Size([1, 1, 400, 640]), rank 0
2026-08-08 06:56:48.141420: predicting OpenEDS_000000156156
2026-08-08 06:56:48.142657: OpenEDS_000000156156, shape torch.Size([1, 1, 400, 640]), rank 0
2026-08-08 06:56:48.155270: predicting OpenEDS_000000156165
2026-08-08 06:56:48.156578: OpenEDS_000000156165, shape torch.Size([1, 1, 400, 640]), rank 0
2026-08-08 06:56:48.169257: predicting OpenEDS_000000156174
2026-08-08 06:56:48.170594: OpenEDS_000000156174, shape torch.Size([1, 1, 400, 640]), rank 0
2026-08-08 06:56:48.183200: predicting OpenEDS_000000156180
2026-08-08 06:56:48.184439: OpenEDS_000000156180, shape torch.Size([1, 1, 400, 640]), rank 0
2026-08-08 06:56:48.197070: predicting OpenEDS_000000158851
2026-08-08 06:56:48.198347: OpenEDS_000000158851, shape torch.Size([1, 1, 400, 640]), rank 0
2026-08-08 06:56:48.211010: predicting OpenEDS_000000158854
2026-08-08 06:56:48.212235: OpenEDS_000000158854, shape torch.Size([1, 1, 400, 640]), rank 0
2026-08-08 06:56:48.224496: predicting OpenEDS_000000158861
2026-08-08 06:56:48.225765: OpenEDS_000000158861, shape torch.Size([1, 1, 400, 640]), rank 0
2026-08-08 06:56:48.238598: predicting OpenEDS_000000158872
2026-08-08 06:56:48.239667: OpenEDS_000000158872, shape torch.Size([1, 1, 400, 640]), rank 0
2026-08-08 06:56:48.252016: predicting OpenEDS_000000158879
2026-08-08 06:56:48.253286: OpenEDS_000000158879, shape torch.Size([1, 1, 400, 640]), rank 0
2026-08-08 06:56:48.265673: predicting OpenEDS_000000158881
2026-08-08 06:56:48.266923: OpenEDS_000000158881, shape torch.Size([1, 1, 400, 640]), rank 0
2026-08-08 06:56:48.279173: predicting OpenEDS_000000158886
2026-08-08 06:56:48.280523: OpenEDS_000000158886, shape torch.Size([1, 1, 400, 640]), rank 0
2026-08-08 06:56:48.292839: predicting OpenEDS_000000158894
2026-08-08 06:56:48.294107: OpenEDS_000000158894, shape torch.Size([1, 1, 400, 640]), rank 0
2026-08-08 06:56:48.306340: predicting OpenEDS_000000158896
2026-08-08 06:56:48.307630: OpenEDS_000000158896, shape torch.Size([1, 1, 400, 640]), rank 0
2026-08-08 06:56:48.319955: predicting OpenEDS_000000158904
2026-08-08 06:56:48.321210: OpenEDS_000000158904, shape torch.Size([1, 1, 400, 640]), rank 0
2026-08-08 06:56:48.333847: predicting OpenEDS_000000158908
2026-08-08 06:56:48.335142: OpenEDS_000000158908, shape torch.Size([1, 1, 400, 640]), rank 0
2026-08-08 06:56:48.347786: predicting OpenEDS_000000158917
2026-08-08 06:56:48.349036: OpenEDS_000000158917, shape torch.Size([1, 1, 400, 640]), rank 0
2026-08-08 06:56:48.361488: predicting OpenEDS_000000161572
2026-08-08 06:56:48.362762: OpenEDS_000000161572, shape torch.Size([1, 1, 400, 640]), rank 0
2026-08-08 06:56:48.375112: predicting OpenEDS_000000161578
2026-08-08 06:56:48.376377: OpenEDS_000000161578, shape torch.Size([1, 1, 400, 640]), rank 0
2026-08-08 06:56:48.388639: predicting OpenEDS_000000161579
2026-08-08 06:56:48.389907: OpenEDS_000000161579, shape torch.Size([1, 1, 400, 640]), rank 0
2026-08-08 06:56:48.402217: predicting OpenEDS_000000161581
2026-08-08 06:56:48.403488: OpenEDS_000000161581, shape torch.Size([1, 1, 400, 640]), rank 0
2026-08-08 06:56:48.415840: predicting OpenEDS_000000161584
2026-08-08 06:56:48.417085: OpenEDS_000000161584, shape torch.Size([1, 1, 400, 640]), rank 0
2026-08-08 06:56:48.429485: predicting OpenEDS_000000161590
2026-08-08 06:56:48.430761: OpenEDS_000000161590, shape torch.Size([1, 1, 400, 640]), rank 0
2026-08-08 06:56:48.443119: predicting OpenEDS_000000161591
2026-08-08 06:56:48.444366: OpenEDS_000000161591, shape torch.Size([1, 1, 400, 640]), rank 0
2026-08-08 06:56:48.456685: predicting OpenEDS_000000161595
2026-08-08 06:56:48.457933: OpenEDS_000000161595, shape torch.Size([1, 1, 400, 640]), rank 0
2026-08-08 06:56:48.470169: predicting OpenEDS_000000161597
2026-08-08 06:56:48.471444: OpenEDS_000000161597, shape torch.Size([1, 1, 400, 640]), rank 0
2026-08-08 06:56:48.483826: predicting OpenEDS_000000161600
2026-08-08 06:56:48.485116: OpenEDS_000000161600, shape torch.Size([1, 1, 400, 640]), rank 0
2026-08-08 06:56:48.497490: predicting OpenEDS_000000161606
2026-08-08 06:56:48.498768: OpenEDS_000000161606, shape torch.Size([1, 1, 400, 640]), rank 0
2026-08-08 06:56:48.511118: predicting OpenEDS_000000161609
2026-08-08 06:56:48.512338: OpenEDS_000000161609, shape torch.Size([1, 1, 400, 640]), rank 0
2026-08-08 06:56:48.524961: predicting OpenEDS_000000161621
2026-08-08 06:56:48.526200: OpenEDS_000000161621, shape torch.Size([1, 1, 400, 640]), rank 0
2026-08-08 06:56:48.539116: predicting OpenEDS_000000161622
2026-08-08 06:56:48.540430: OpenEDS_000000161622, shape torch.Size([1, 1, 400, 640]), rank 0
2026-08-08 06:56:48.553060: predicting OpenEDS_000000161623
2026-08-08 06:56:48.554316: OpenEDS_000000161623, shape torch.Size([1, 1, 400, 640]), rank 0
2026-08-08 06:56:48.566991: predicting OpenEDS_000000161626
2026-08-08 06:56:48.568249: OpenEDS_000000161626, shape torch.Size([1, 1, 400, 640]), rank 0
2026-08-08 06:56:48.580723: predicting OpenEDS_000000161627
2026-08-08 06:56:48.582018: OpenEDS_000000161627, shape torch.Size([1, 1, 400, 640]), rank 0
2026-08-08 06:56:48.594380: predicting OpenEDS_000000161629
2026-08-08 06:56:48.595667: OpenEDS_000000161629, shape torch.Size([1, 1, 400, 640]), rank 0
2026-08-08 06:56:48.608077: predicting OpenEDS_000000161631
2026-08-08 06:56:48.609424: OpenEDS_000000161631, shape torch.Size([1, 1, 400, 640]), rank 0
2026-08-08 06:56:48.622042: predicting OpenEDS_000000161642
2026-08-08 06:56:48.623122: OpenEDS_000000161642, shape torch.Size([1, 1, 400, 640]), rank 0
2026-08-08 06:56:48.635287: predicting OpenEDS_000000161648
2026-08-08 06:56:48.636534: OpenEDS_000000161648, shape torch.Size([1, 1, 400, 640]), rank 0
2026-08-08 06:56:48.649007: predicting OpenEDS_000000161653
2026-08-08 06:56:48.650284: OpenEDS_000000161653, shape torch.Size([1, 1, 400, 640]), rank 0
2026-08-08 06:56:48.662539: predicting OpenEDS_000000161658
2026-08-08 06:56:48.663884: OpenEDS_000000161658, shape torch.Size([1, 1, 400, 640]), rank 0
2026-08-08 06:56:48.676114: predicting OpenEDS_000000164315
2026-08-08 06:56:48.677372: OpenEDS_000000164315, shape torch.Size([1, 1, 400, 640]), rank 0
2026-08-08 06:56:48.689604: predicting OpenEDS_000000164322
2026-08-08 06:56:48.690838: OpenEDS_000000164322, shape torch.Size([1, 1, 400, 640]), rank 0
2026-08-08 06:56:48.703088: predicting OpenEDS_000000164323
2026-08-08 06:56:48.704365: OpenEDS_000000164323, shape torch.Size([1, 1, 400, 640]), rank 0
2026-08-08 06:56:48.717063: predicting OpenEDS_000000164326
2026-08-08 06:56:48.718314: OpenEDS_000000164326, shape torch.Size([1, 1, 400, 640]), rank 0
2026-08-08 06:56:48.730677: predicting OpenEDS_000000164335
2026-08-08 06:56:48.731873: OpenEDS_000000164335, shape torch.Size([1, 1, 400, 640]), rank 0
2026-08-08 06:56:48.744169: predicting OpenEDS_000000164348
2026-08-08 06:56:48.745480: OpenEDS_000000164348, shape torch.Size([1, 1, 400, 640]), rank 0
2026-08-08 06:56:48.757810: predicting OpenEDS_000000164350
2026-08-08 06:56:48.759087: OpenEDS_000000164350, shape torch.Size([1, 1, 400, 640]), rank 0
2026-08-08 06:56:48.771426: predicting OpenEDS_000000164361
2026-08-08 06:56:48.772684: OpenEDS_000000164361, shape torch.Size([1, 1, 400, 640]), rank 0
2026-08-08 06:56:48.784914: predicting OpenEDS_000000164367
2026-08-08 06:56:48.786157: OpenEDS_000000164367, shape torch.Size([1, 1, 400, 640]), rank 0
2026-08-08 06:56:48.798476: predicting OpenEDS_000000164371
2026-08-08 06:56:48.799852: OpenEDS_000000164371, shape torch.Size([1, 1, 400, 640]), rank 0
2026-08-08 06:56:48.812160: predicting OpenEDS_000000164377
2026-08-08 06:56:48.813402: OpenEDS_000000164377, shape torch.Size([1, 1, 400, 640]), rank 0
2026-08-08 06:56:48.825689: predicting OpenEDS_000000164379
2026-08-08 06:56:48.826963: OpenEDS_000000164379, shape torch.Size([1, 1, 400, 640]), rank 0
2026-08-08 06:56:48.839216: predicting OpenEDS_000000164388
2026-08-08 06:56:48.840498: OpenEDS_000000164388, shape torch.Size([1, 1, 400, 640]), rank 0
2026-08-08 06:56:48.852772: predicting OpenEDS_000000164391
2026-08-08 06:56:48.854025: OpenEDS_000000164391, shape torch.Size([1, 1, 400, 640]), rank 0
2026-08-08 06:56:48.866390: predicting OpenEDS_000000167049
2026-08-08 06:56:48.867773: OpenEDS_000000167049, shape torch.Size([1, 1, 400, 640]), rank 0
2026-08-08 06:56:48.880064: predicting OpenEDS_000000167050
2026-08-08 06:56:48.881385: OpenEDS_000000167050, shape torch.Size([1, 1, 400, 640]), rank 0
2026-08-08 06:56:48.893800: predicting OpenEDS_000000167059
2026-08-08 06:56:48.895160: OpenEDS_000000167059, shape torch.Size([1, 1, 400, 640]), rank 0
2026-08-08 06:56:48.907383: predicting OpenEDS_000000167060
2026-08-08 06:56:48.908616: OpenEDS_000000167060, shape torch.Size([1, 1, 400, 640]), rank 0
2026-08-08 06:56:48.921351: predicting OpenEDS_000000167070
2026-08-08 06:56:48.922610: OpenEDS_000000167070, shape torch.Size([1, 1, 400, 640]), rank 0
2026-08-08 06:56:48.934985: predicting OpenEDS_000000167072
2026-08-08 06:56:48.936195: OpenEDS_000000167072, shape torch.Size([1, 1, 400, 640]), rank 0
2026-08-08 06:56:48.948467: predicting OpenEDS_000000167084
2026-08-08 06:56:48.949739: OpenEDS_000000167084, shape torch.Size([1, 1, 400, 640]), rank 0
2026-08-08 06:56:48.962091: predicting OpenEDS_000000167103
2026-08-08 06:56:48.963324: OpenEDS_000000167103, shape torch.Size([1, 1, 400, 640]), rank 0
2026-08-08 06:56:48.975831: predicting OpenEDS_000000167112
2026-08-08 06:56:48.977112: OpenEDS_000000167112, shape torch.Size([1, 1, 400, 640]), rank 0
2026-08-08 06:56:48.989405: predicting OpenEDS_000000167114
2026-08-08 06:56:48.990643: OpenEDS_000000167114, shape torch.Size([1, 1, 400, 640]), rank 0
2026-08-08 06:56:49.002840: predicting OpenEDS_000000169773
2026-08-08 06:56:49.004114: OpenEDS_000000169773, shape torch.Size([1, 1, 400, 640]), rank 0
2026-08-08 06:56:49.016796: predicting OpenEDS_000000169774
2026-08-08 06:56:49.018061: OpenEDS_000000169774, shape torch.Size([1, 1, 400, 640]), rank 0
2026-08-08 06:56:49.030385: predicting OpenEDS_000000169776
2026-08-08 06:56:49.031702: OpenEDS_000000169776, shape torch.Size([1, 1, 400, 640]), rank 0
2026-08-08 06:56:49.044063: predicting OpenEDS_000000169777
2026-08-08 06:56:49.045383: OpenEDS_000000169777, shape torch.Size([1, 1, 400, 640]), rank 0
2026-08-08 06:56:49.057713: predicting OpenEDS_000000169786
2026-08-08 06:56:49.058964: OpenEDS_000000169786, shape torch.Size([1, 1, 400, 640]), rank 0
2026-08-08 06:56:49.071216: predicting OpenEDS_000000169792
2026-08-08 06:56:49.072497: OpenEDS_000000169792, shape torch.Size([1, 1, 400, 640]), rank 0
2026-08-08 06:56:49.084926: predicting OpenEDS_000000169795
2026-08-08 06:56:49.086241: OpenEDS_000000169795, shape torch.Size([1, 1, 400, 640]), rank 0
2026-08-08 06:56:49.098577: predicting OpenEDS_000000169798
2026-08-08 06:56:49.099935: OpenEDS_000000169798, shape torch.Size([1, 1, 400, 640]), rank 0
2026-08-08 06:56:49.112737: predicting OpenEDS_000000169803
2026-08-08 06:56:49.114033: OpenEDS_000000169803, shape torch.Size([1, 1, 400, 640]), rank 0
2026-08-08 06:56:49.126427: predicting OpenEDS_000000169804
2026-08-08 06:56:49.127705: OpenEDS_000000169804, shape torch.Size([1, 1, 400, 640]), rank 0
2026-08-08 06:56:49.140053: predicting OpenEDS_000000169809
2026-08-08 06:56:49.141378: OpenEDS_000000169809, shape torch.Size([1, 1, 400, 640]), rank 0
2026-08-08 06:56:49.154113: predicting OpenEDS_000000169818
2026-08-08 06:56:49.155374: OpenEDS_000000169818, shape torch.Size([1, 1, 400, 640]), rank 0
2026-08-08 06:56:49.168093: predicting OpenEDS_000000169820
2026-08-08 06:56:49.169412: OpenEDS_000000169820, shape torch.Size([1, 1, 400, 640]), rank 0
2026-08-08 06:56:49.182167: predicting OpenEDS_000000169822
2026-08-08 06:56:49.183428: OpenEDS_000000169822, shape torch.Size([1, 1, 400, 640]), rank 0
2026-08-08 06:56:49.196203: predicting OpenEDS_000000169824
2026-08-08 06:56:49.197501: OpenEDS_000000169824, shape torch.Size([1, 1, 400, 640]), rank 0
2026-08-08 06:56:49.209866: predicting OpenEDS_000000169828
2026-08-08 06:56:49.211119: OpenEDS_000000169828, shape torch.Size([1, 1, 400, 640]), rank 0
2026-08-08 06:56:49.223784: predicting OpenEDS_000000169829
2026-08-08 06:56:49.225081: OpenEDS_000000169829, shape torch.Size([1, 1, 400, 640]), rank 0
2026-08-08 06:56:49.237563: predicting OpenEDS_000000169830
2026-08-08 06:56:49.238841: OpenEDS_000000169830, shape torch.Size([1, 1, 400, 640]), rank 0
2026-08-08 06:56:49.251227: predicting OpenEDS_000000169834
2026-08-08 06:56:49.252529: OpenEDS_000000169834, shape torch.Size([1, 1, 400, 640]), rank 0
2026-08-08 06:56:49.264908: predicting OpenEDS_000000169836
2026-08-08 06:56:49.266205: OpenEDS_000000169836, shape torch.Size([1, 1, 400, 640]), rank 0
2026-08-08 06:56:49.278506: predicting OpenEDS_000000169841
2026-08-08 06:56:49.279797: OpenEDS_000000169841, shape torch.Size([1, 1, 400, 640]), rank 0
2026-08-08 06:56:49.292165: predicting OpenEDS_000000169842
2026-08-08 06:56:49.293426: OpenEDS_000000169842, shape torch.Size([1, 1, 400, 640]), rank 0
2026-08-08 06:56:49.305862: predicting OpenEDS_000000169844
2026-08-08 06:56:49.307151: OpenEDS_000000169844, shape torch.Size([1, 1, 400, 640]), rank 0
2026-08-08 06:56:49.319527: predicting OpenEDS_000000172505
2026-08-08 06:56:49.320807: OpenEDS_000000172505, shape torch.Size([1, 1, 400, 640]), rank 0
2026-08-08 06:56:49.333049: predicting OpenEDS_000000172506
2026-08-08 06:56:49.334266: OpenEDS_000000172506, shape torch.Size([1, 1, 400, 640]), rank 0
2026-08-08 06:56:49.347030: predicting OpenEDS_000000172508
2026-08-08 06:56:49.348290: OpenEDS_000000172508, shape torch.Size([1, 1, 400, 640]), rank 0
2026-08-08 06:56:49.360616: predicting OpenEDS_000000172509
2026-08-08 06:56:49.361895: OpenEDS_000000172509, shape torch.Size([1, 1, 400, 640]), rank 0
2026-08-08 06:56:49.374152: predicting OpenEDS_000000172511
2026-08-08 06:56:49.375447: OpenEDS_000000172511, shape torch.Size([1, 1, 400, 640]), rank 0
2026-08-08 06:56:49.387763: predicting OpenEDS_000000172518
2026-08-08 06:56:49.389026: OpenEDS_000000172518, shape torch.Size([1, 1, 400, 640]), rank 0
2026-08-08 06:56:49.401864: predicting OpenEDS_000000172528
2026-08-08 06:56:49.403096: OpenEDS_000000172528, shape torch.Size([1, 1, 400, 640]), rank 0
2026-08-08 06:56:49.415469: predicting OpenEDS_000000172530
2026-08-08 06:56:49.416756: OpenEDS_000000172530, shape torch.Size([1, 1, 400, 640]), rank 0
2026-08-08 06:56:49.429174: predicting OpenEDS_000000172538
2026-08-08 06:56:49.430450: OpenEDS_000000172538, shape torch.Size([1, 1, 400, 640]), rank 0
2026-08-08 06:56:49.443286: predicting OpenEDS_000000172547
2026-08-08 06:56:49.444560: OpenEDS_000000172547, shape torch.Size([1, 1, 400, 640]), rank 0
2026-08-08 06:56:49.456877: predicting OpenEDS_000000172549
2026-08-08 06:56:49.458153: OpenEDS_000000172549, shape torch.Size([1, 1, 400, 640]), rank 0
2026-08-08 06:56:49.470471: predicting OpenEDS_000000172560
2026-08-08 06:56:49.471754: OpenEDS_000000172560, shape torch.Size([1, 1, 400, 640]), rank 0
2026-08-08 06:56:49.484106: predicting OpenEDS_000000172561
2026-08-08 06:56:49.485339: OpenEDS_000000172561, shape torch.Size([1, 1, 400, 640]), rank 0
2026-08-08 06:56:49.497709: predicting OpenEDS_000000172569
2026-08-08 06:56:49.499038: OpenEDS_000000172569, shape torch.Size([1, 1, 400, 640]), rank 0
2026-08-08 06:56:49.511366: predicting OpenEDS_000000172576
2026-08-08 06:56:49.512237: OpenEDS_000000172576, shape torch.Size([1, 1, 400, 640]), rank 0
2026-08-08 06:56:49.524813: predicting OpenEDS_000000172580
2026-08-08 06:56:49.526086: OpenEDS_000000172580, shape torch.Size([1, 1, 400, 640]), rank 0
2026-08-08 06:56:49.538430: predicting OpenEDS_000000175233
2026-08-08 06:56:49.539709: OpenEDS_000000175233, shape torch.Size([1, 1, 400, 640]), rank 0
2026-08-08 06:56:49.551994: predicting OpenEDS_000000175239
2026-08-08 06:56:49.553259: OpenEDS_000000175239, shape torch.Size([1, 1, 400, 640]), rank 0
2026-08-08 06:56:49.565609: predicting OpenEDS_000000175240
2026-08-08 06:56:49.566884: OpenEDS_000000175240, shape torch.Size([1, 1, 400, 640]), rank 0
2026-08-08 06:56:49.579252: predicting OpenEDS_000000175248
2026-08-08 06:56:49.580530: OpenEDS_000000175248, shape torch.Size([1, 1, 400, 640]), rank 0
2026-08-08 06:56:49.593276: predicting OpenEDS_000000175249
2026-08-08 06:56:49.594593: OpenEDS_000000175249, shape torch.Size([1, 1, 400, 640]), rank 0
2026-08-08 06:56:49.607215: predicting OpenEDS_000000175250
2026-08-08 06:56:49.608467: OpenEDS_000000175250, shape torch.Size([1, 1, 400, 640]), rank 0
2026-08-08 06:56:49.620877: predicting OpenEDS_000000175256
2026-08-08 06:56:49.622158: OpenEDS_000000175256, shape torch.Size([1, 1, 400, 640]), rank 0
2026-08-08 06:56:49.634837: predicting OpenEDS_000000175257
2026-08-08 06:56:49.636162: OpenEDS_000000175257, shape torch.Size([1, 1, 400, 640]), rank 0
2026-08-08 06:56:49.649045: predicting OpenEDS_000000175269
2026-08-08 06:56:49.650364: OpenEDS_000000175269, shape torch.Size([1, 1, 400, 640]), rank 0
2026-08-08 06:56:49.662837: predicting OpenEDS_000000175280
2026-08-08 06:56:49.664115: OpenEDS_000000175280, shape torch.Size([1, 1, 400, 640]), rank 0
2026-08-08 06:56:49.676541: predicting OpenEDS_000000175285
2026-08-08 06:56:49.677836: OpenEDS_000000175285, shape torch.Size([1, 1, 400, 640]), rank 0
2026-08-08 06:56:49.690108: predicting OpenEDS_000000175299
2026-08-08 06:56:49.691407: OpenEDS_000000175299, shape torch.Size([1, 1, 400, 640]), rank 0
2026-08-08 06:56:49.703959: predicting OpenEDS_000000175302
2026-08-08 06:56:49.705209: OpenEDS_000000175302, shape torch.Size([1, 1, 400, 640]), rank 0
2026-08-08 06:56:49.717908: predicting OpenEDS_000000175307
2026-08-08 06:56:49.719189: OpenEDS_000000175307, shape torch.Size([1, 1, 400, 640]), rank 0
2026-08-08 06:56:49.731792: predicting OpenEDS_000000175320
2026-08-08 06:56:49.733086: OpenEDS_000000175320, shape torch.Size([1, 1, 400, 640]), rank 0
2026-08-08 06:56:49.745525: predicting OpenEDS_000000175333
2026-08-08 06:56:49.746794: OpenEDS_000000175333, shape torch.Size([1, 1, 400, 640]), rank 0
2026-08-08 06:56:49.759092: predicting OpenEDS_000000175336
2026-08-08 06:56:49.760366: OpenEDS_000000175336, shape torch.Size([1, 1, 400, 640]), rank 0
2026-08-08 06:56:49.772685: predicting OpenEDS_000000175342
2026-08-08 06:56:49.773932: OpenEDS_000000175342, shape torch.Size([1, 1, 400, 640]), rank 0
2026-08-08 06:56:49.786289: predicting OpenEDS_000000175346
2026-08-08 06:56:49.787551: OpenEDS_000000175346, shape torch.Size([1, 1, 400, 640]), rank 0
2026-08-08 06:56:49.799895: predicting OpenEDS_000000175350
2026-08-08 06:56:49.801142: OpenEDS_000000175350, shape torch.Size([1, 1, 400, 640]), rank 0
2026-08-08 06:56:49.813446: predicting OpenEDS_000000178001
2026-08-08 06:56:49.814716: OpenEDS_000000178001, shape torch.Size([1, 1, 400, 640]), rank 0
2026-08-08 06:56:49.827412: predicting OpenEDS_000000178006
2026-08-08 06:56:49.828452: OpenEDS_000000178006, shape torch.Size([1, 1, 400, 640]), rank 0
2026-08-08 06:56:49.840676: predicting OpenEDS_000000178010
2026-08-08 06:56:49.841961: OpenEDS_000000178010, shape torch.Size([1, 1, 400, 640]), rank 0
2026-08-08 06:56:49.854353: predicting OpenEDS_000000178022
2026-08-08 06:56:49.855619: OpenEDS_000000178022, shape torch.Size([1, 1, 400, 640]), rank 0
2026-08-08 06:56:49.867952: predicting OpenEDS_000000178038
2026-08-08 06:56:49.869179: OpenEDS_000000178038, shape torch.Size([1, 1, 400, 640]), rank 0
2026-08-08 06:56:49.881598: predicting OpenEDS_000000178042
2026-08-08 06:56:49.882865: OpenEDS_000000178042, shape torch.Size([1, 1, 400, 640]), rank 0
2026-08-08 06:56:49.895241: predicting OpenEDS_000000178043
2026-08-08 06:56:49.896499: OpenEDS_000000178043, shape torch.Size([1, 1, 400, 640]), rank 0
2026-08-08 06:56:49.908829: predicting OpenEDS_000000178044
2026-08-08 06:56:49.910148: OpenEDS_000000178044, shape torch.Size([1, 1, 400, 640]), rank 0
2026-08-08 06:56:49.922545: predicting OpenEDS_000000178047
2026-08-08 06:56:49.923786: OpenEDS_000000178047, shape torch.Size([1, 1, 400, 640]), rank 0
2026-08-08 06:56:49.936011: predicting OpenEDS_000000178048
2026-08-08 06:56:49.937294: OpenEDS_000000178048, shape torch.Size([1, 1, 400, 640]), rank 0
2026-08-08 06:56:49.950051: predicting OpenEDS_000000178053
2026-08-08 06:56:49.951336: OpenEDS_000000178053, shape torch.Size([1, 1, 400, 640]), rank 0
2026-08-08 06:56:49.964197: predicting OpenEDS_000000178056
2026-08-08 06:56:49.965454: OpenEDS_000000178056, shape torch.Size([1, 1, 400, 640]), rank 0
2026-08-08 06:56:49.978140: predicting OpenEDS_000000178058
2026-08-08 06:56:49.979411: OpenEDS_000000178058, shape torch.Size([1, 1, 400, 640]), rank 0
2026-08-08 06:56:49.992250: predicting OpenEDS_000000178078
2026-08-08 06:56:49.993531: OpenEDS_000000178078, shape torch.Size([1, 1, 400, 640]), rank 0
2026-08-08 06:56:50.006034: predicting OpenEDS_000000180731
2026-08-08 06:56:50.007311: OpenEDS_000000180731, shape torch.Size([1, 1, 400, 640]), rank 0
2026-08-08 06:56:50.019705: predicting OpenEDS_000000180732
2026-08-08 06:56:50.020989: OpenEDS_000000180732, shape torch.Size([1, 1, 400, 640]), rank 0
2026-08-08 06:56:50.033325: predicting OpenEDS_000000180748
2026-08-08 06:56:50.034577: OpenEDS_000000180748, shape torch.Size([1, 1, 400, 640]), rank 0
2026-08-08 06:56:50.046924: predicting OpenEDS_000000180766
2026-08-08 06:56:50.048184: OpenEDS_000000180766, shape torch.Size([1, 1, 400, 640]), rank 0
2026-08-08 06:56:50.060634: predicting OpenEDS_000000180776
2026-08-08 06:56:50.061896: OpenEDS_000000180776, shape torch.Size([1, 1, 400, 640]), rank 0
2026-08-08 06:56:50.074658: predicting OpenEDS_000000180787
2026-08-08 06:56:50.075950: OpenEDS_000000180787, shape torch.Size([1, 1, 400, 640]), rank 0
2026-08-08 06:56:50.088678: predicting OpenEDS_000000180792
2026-08-08 06:56:50.089935: OpenEDS_000000180792, shape torch.Size([1, 1, 400, 640]), rank 0
2026-08-08 06:56:50.102475: predicting OpenEDS_000000180800
2026-08-08 06:56:50.103843: OpenEDS_000000180800, shape torch.Size([1, 1, 400, 640]), rank 0
2026-08-08 06:56:50.116231: predicting OpenEDS_000000180801
2026-08-08 06:56:50.117512: OpenEDS_000000180801, shape torch.Size([1, 1, 400, 640]), rank 0
2026-08-08 06:56:50.129814: predicting OpenEDS_000000180802
2026-08-08 06:56:50.131089: OpenEDS_000000180802, shape torch.Size([1, 1, 400, 640]), rank 0
2026-08-08 06:56:50.143464: predicting OpenEDS_000000180803
2026-08-08 06:56:50.144793: OpenEDS_000000180803, shape torch.Size([1, 1, 400, 640]), rank 0
2026-08-08 06:56:50.157092: predicting OpenEDS_000000183097
2026-08-08 06:56:50.158337: OpenEDS_000000183097, shape torch.Size([1, 1, 400, 640]), rank 0
2026-08-08 06:56:50.171031: predicting OpenEDS_000000183098
2026-08-08 06:56:50.172243: OpenEDS_000000183098, shape torch.Size([1, 1, 400, 640]), rank 0
2026-08-08 06:56:50.184869: predicting OpenEDS_000000183105
2026-08-08 06:56:50.186080: OpenEDS_000000183105, shape torch.Size([1, 1, 400, 640]), rank 0
2026-08-08 06:56:50.198676: predicting OpenEDS_000000183106
2026-08-08 06:56:50.199866: OpenEDS_000000183106, shape torch.Size([1, 1, 400, 640]), rank 0
2026-08-08 06:56:50.212405: predicting OpenEDS_000000183118
2026-08-08 06:56:50.213634: OpenEDS_000000183118, shape torch.Size([1, 1, 400, 640]), rank 0
2026-08-08 06:56:50.225944: predicting OpenEDS_000000183123
2026-08-08 06:56:50.227249: OpenEDS_000000183123, shape torch.Size([1, 1, 400, 640]), rank 0
2026-08-08 06:56:50.239835: predicting OpenEDS_000000183124
2026-08-08 06:56:50.241051: OpenEDS_000000183124, shape torch.Size([1, 1, 400, 640]), rank 0
2026-08-08 06:56:50.253670: predicting OpenEDS_000000183134
2026-08-08 06:56:50.254955: OpenEDS_000000183134, shape torch.Size([1, 1, 400, 640]), rank 0
2026-08-08 06:56:50.267372: predicting OpenEDS_000000183135
2026-08-08 06:56:50.268607: OpenEDS_000000183135, shape torch.Size([1, 1, 400, 640]), rank 0
2026-08-08 06:56:50.281049: predicting OpenEDS_000000183137
2026-08-08 06:56:50.282280: OpenEDS_000000183137, shape torch.Size([1, 1, 400, 640]), rank 0
2026-08-08 06:56:50.294705: predicting OpenEDS_000000183147
2026-08-08 06:56:50.295958: OpenEDS_000000183147, shape torch.Size([1, 1, 400, 640]), rank 0
2026-08-08 06:56:50.308223: predicting OpenEDS_000000183150
2026-08-08 06:56:50.309466: OpenEDS_000000183150, shape torch.Size([1, 1, 400, 640]), rank 0
2026-08-08 06:56:50.322294: predicting OpenEDS_000000185732
2026-08-08 06:56:50.323517: OpenEDS_000000185732, shape torch.Size([1, 1, 400, 640]), rank 0
2026-08-08 06:56:50.336015: predicting OpenEDS_000000185740
2026-08-08 06:56:50.337288: OpenEDS_000000185740, shape torch.Size([1, 1, 400, 640]), rank 0
2026-08-08 06:56:50.349687: predicting OpenEDS_000000185746
2026-08-08 06:56:50.350957: OpenEDS_000000185746, shape torch.Size([1, 1, 400, 640]), rank 0
2026-08-08 06:56:50.363283: predicting OpenEDS_000000185747
2026-08-08 06:56:50.364551: OpenEDS_000000185747, shape torch.Size([1, 1, 400, 640]), rank 0
2026-08-08 06:56:50.376852: predicting OpenEDS_000000185752
2026-08-08 06:56:50.378124: OpenEDS_000000185752, shape torch.Size([1, 1, 400, 640]), rank 0
2026-08-08 06:56:50.390866: predicting OpenEDS_000000185755
2026-08-08 06:56:50.392174: OpenEDS_000000185755, shape torch.Size([1, 1, 400, 640]), rank 0
2026-08-08 06:56:50.404868: predicting OpenEDS_000000185756
2026-08-08 06:56:50.406119: OpenEDS_000000185756, shape torch.Size([1, 1, 400, 640]), rank 0
2026-08-08 06:56:50.418702: predicting OpenEDS_000000185759
2026-08-08 06:56:50.420018: OpenEDS_000000185759, shape torch.Size([1, 1, 400, 640]), rank 0
2026-08-08 06:56:50.432451: predicting OpenEDS_000000185762
2026-08-08 06:56:50.433747: OpenEDS_000000185762, shape torch.Size([1, 1, 400, 640]), rank 0
2026-08-08 06:56:50.446182: predicting OpenEDS_000000185769
2026-08-08 06:56:50.447467: OpenEDS_000000185769, shape torch.Size([1, 1, 400, 640]), rank 0
2026-08-08 06:56:50.459840: predicting OpenEDS_000000185777
2026-08-08 06:56:50.461105: OpenEDS_000000185777, shape torch.Size([1, 1, 400, 640]), rank 0
2026-08-08 06:56:50.473419: predicting OpenEDS_000000185787
2026-08-08 06:56:50.474692: OpenEDS_000000185787, shape torch.Size([1, 1, 400, 640]), rank 0
2026-08-08 06:56:50.487397: predicting OpenEDS_000000185790
2026-08-08 06:56:50.488714: OpenEDS_000000185790, shape torch.Size([1, 1, 400, 640]), rank 0
2026-08-08 06:56:50.501425: predicting OpenEDS_000000185792
2026-08-08 06:56:50.502728: OpenEDS_000000185792, shape torch.Size([1, 1, 400, 640]), rank 0
2026-08-08 06:56:50.515678: predicting OpenEDS_000000185794
2026-08-08 06:56:50.516960: OpenEDS_000000185794, shape torch.Size([1, 1, 400, 640]), rank 0
2026-08-08 06:56:50.529814: predicting OpenEDS_000000185795
2026-08-08 06:56:50.531219: OpenEDS_000000185795, shape torch.Size([1, 1, 400, 640]), rank 0
2026-08-08 06:56:50.543552: predicting OpenEDS_000000185797
2026-08-08 06:56:50.544849: OpenEDS_000000185797, shape torch.Size([1, 1, 400, 640]), rank 0
2026-08-08 06:56:50.557201: predicting OpenEDS_000000185800
2026-08-08 06:56:50.558436: OpenEDS_000000185800, shape torch.Size([1, 1, 400, 640]), rank 0
2026-08-08 06:56:50.570750: predicting OpenEDS_000000185802
2026-08-08 06:56:50.572057: OpenEDS_000000185802, shape torch.Size([1, 1, 400, 640]), rank 0
2026-08-08 06:56:50.584457: predicting OpenEDS_000000185812
2026-08-08 06:56:50.585704: OpenEDS_000000185812, shape torch.Size([1, 1, 400, 640]), rank 0
2026-08-08 06:56:50.597977: predicting OpenEDS_000000188470
2026-08-08 06:56:50.599245: OpenEDS_000000188470, shape torch.Size([1, 1, 400, 640]), rank 0
2026-08-08 06:56:50.611708: predicting OpenEDS_000000188472
2026-08-08 06:56:50.612957: OpenEDS_000000188472, shape torch.Size([1, 1, 400, 640]), rank 0
2026-08-08 06:56:50.625232: predicting OpenEDS_000000188489
2026-08-08 06:56:50.626510: OpenEDS_000000188489, shape torch.Size([1, 1, 400, 640]), rank 0
2026-08-08 06:56:50.639169: predicting OpenEDS_000000188490
2026-08-08 06:56:50.640406: OpenEDS_000000188490, shape torch.Size([1, 1, 400, 640]), rank 0
2026-08-08 06:56:50.652759: predicting OpenEDS_000000188492
2026-08-08 06:56:50.654036: OpenEDS_000000188492, shape torch.Size([1, 1, 400, 640]), rank 0
2026-08-08 06:56:50.666774: predicting OpenEDS_000000188498
2026-08-08 06:56:50.668000: OpenEDS_000000188498, shape torch.Size([1, 1, 400, 640]), rank 0
2026-08-08 06:56:50.680763: predicting OpenEDS_000000188504
2026-08-08 06:56:50.682002: OpenEDS_000000188504, shape torch.Size([1, 1, 400, 640]), rank 0
2026-08-08 06:56:50.694619: predicting OpenEDS_000000188505
2026-08-08 06:56:50.695858: OpenEDS_000000188505, shape torch.Size([1, 1, 400, 640]), rank 0
2026-08-08 06:56:50.708255: predicting OpenEDS_000000188507
2026-08-08 06:56:50.709512: OpenEDS_000000188507, shape torch.Size([1, 1, 400, 640]), rank 0
2026-08-08 06:56:50.722171: predicting OpenEDS_000000188512
2026-08-08 06:56:50.723411: OpenEDS_000000188512, shape torch.Size([1, 1, 400, 640]), rank 0
2026-08-08 06:56:50.736173: predicting OpenEDS_000000188516
2026-08-08 06:56:50.737392: OpenEDS_000000188516, shape torch.Size([1, 1, 400, 640]), rank 0
2026-08-08 06:56:50.749999: predicting OpenEDS_000000188517
2026-08-08 06:56:50.751261: OpenEDS_000000188517, shape torch.Size([1, 1, 400, 640]), rank 0
2026-08-08 06:56:50.763814: predicting OpenEDS_000000188526
2026-08-08 06:56:50.765113: OpenEDS_000000188526, shape torch.Size([1, 1, 400, 640]), rank 0
2026-08-08 06:56:50.777499: predicting OpenEDS_000000188529
2026-08-08 06:56:50.778718: OpenEDS_000000188529, shape torch.Size([1, 1, 400, 640]), rank 0
2026-08-08 06:56:50.791081: predicting OpenEDS_000000188531
2026-08-08 06:56:50.792388: OpenEDS_000000188531, shape torch.Size([1, 1, 400, 640]), rank 0
2026-08-08 06:56:50.805211: predicting OpenEDS_000000188536
2026-08-08 06:56:50.806475: OpenEDS_000000188536, shape torch.Size([1, 1, 400, 640]), rank 0
2026-08-08 06:56:50.819074: predicting OpenEDS_000000188541
2026-08-08 06:56:50.820343: OpenEDS_000000188541, shape torch.Size([1, 1, 400, 640]), rank 0
2026-08-08 06:56:50.832996: predicting OpenEDS_000000188552
2026-08-08 06:56:50.834270: OpenEDS_000000188552, shape torch.Size([1, 1, 400, 640]), rank 0
2026-08-08 06:56:50.846895: predicting OpenEDS_000000188555
2026-08-08 06:56:50.848166: OpenEDS_000000188555, shape torch.Size([1, 1, 400, 640]), rank 0
2026-08-08 06:56:50.860820: predicting OpenEDS_000000188557
2026-08-08 06:56:50.862062: OpenEDS_000000188557, shape torch.Size([1, 1, 400, 640]), rank 0
2026-08-08 06:56:50.874421: predicting OpenEDS_000000188570
2026-08-08 06:56:50.875710: OpenEDS_000000188570, shape torch.Size([1, 1, 400, 640]), rank 0
2026-08-08 06:56:50.888101: predicting OpenEDS_000000188572
2026-08-08 06:56:50.889334: OpenEDS_000000188572, shape torch.Size([1, 1, 400, 640]), rank 0
2026-08-08 06:56:50.901878: predicting OpenEDS_000000188579
2026-08-08 06:56:50.903219: OpenEDS_000000188579, shape torch.Size([1, 1, 400, 640]), rank 0
2026-08-08 06:56:50.915906: predicting OpenEDS_000000188582
2026-08-08 06:56:50.917155: OpenEDS_000000188582, shape torch.Size([1, 1, 400, 640]), rank 0
2026-08-08 06:56:50.929756: predicting OpenEDS_000000191231
2026-08-08 06:56:50.930982: OpenEDS_000000191231, shape torch.Size([1, 1, 400, 640]), rank 0
2026-08-08 06:56:50.943990: predicting OpenEDS_000000191237
2026-08-08 06:56:50.945091: OpenEDS_000000191237, shape torch.Size([1, 1, 400, 640]), rank 0
2026-08-08 06:56:50.957757: predicting OpenEDS_000000191246
2026-08-08 06:56:50.958991: OpenEDS_000000191246, shape torch.Size([1, 1, 400, 640]), rank 0
2026-08-08 06:56:50.971692: predicting OpenEDS_000000191252
2026-08-08 06:56:50.972923: OpenEDS_000000191252, shape torch.Size([1, 1, 400, 640]), rank 0
2026-08-08 06:56:50.985296: predicting OpenEDS_000000191255
2026-08-08 06:56:50.986606: OpenEDS_000000191255, shape torch.Size([1, 1, 400, 640]), rank 0
2026-08-08 06:56:50.999050: predicting OpenEDS_000000191257
2026-08-08 06:56:51.000320: OpenEDS_000000191257, shape torch.Size([1, 1, 400, 640]), rank 0
2026-08-08 06:56:51.012740: predicting OpenEDS_000000191263
2026-08-08 06:56:51.014045: OpenEDS_000000191263, shape torch.Size([1, 1, 400, 640]), rank 0
2026-08-08 06:56:51.026459: predicting OpenEDS_000000191265
2026-08-08 06:56:51.027757: OpenEDS_000000191265, shape torch.Size([1, 1, 400, 640]), rank 0
2026-08-08 06:56:51.040109: predicting OpenEDS_000000191267
2026-08-08 06:56:51.041405: OpenEDS_000000191267, shape torch.Size([1, 1, 400, 640]), rank 0
2026-08-08 06:56:51.053740: predicting OpenEDS_000000191270
2026-08-08 06:56:51.055062: OpenEDS_000000191270, shape torch.Size([1, 1, 400, 640]), rank 0
2026-08-08 06:56:51.067456: predicting OpenEDS_000000191274
2026-08-08 06:56:51.068725: OpenEDS_000000191274, shape torch.Size([1, 1, 400, 640]), rank 0
2026-08-08 06:56:51.081112: predicting OpenEDS_000000191275
2026-08-08 06:56:51.082320: OpenEDS_000000191275, shape torch.Size([1, 1, 400, 640]), rank 0
2026-08-08 06:56:51.094705: predicting OpenEDS_000000191278
2026-08-08 06:56:51.095987: OpenEDS_000000191278, shape torch.Size([1, 1, 400, 640]), rank 0
2026-08-08 06:56:51.108823: predicting OpenEDS_000000191281
2026-08-08 06:56:51.110107: OpenEDS_000000191281, shape torch.Size([1, 1, 400, 640]), rank 0
2026-08-08 06:56:51.122698: predicting OpenEDS_000000191283
2026-08-08 06:56:51.124043: OpenEDS_000000191283, shape torch.Size([1, 1, 400, 640]), rank 0
2026-08-08 06:56:51.136730: predicting OpenEDS_000000191292
2026-08-08 06:56:51.138016: OpenEDS_000000191292, shape torch.Size([1, 1, 400, 640]), rank 0
2026-08-08 06:56:51.150616: predicting OpenEDS_000000191293
2026-08-08 06:56:51.151869: OpenEDS_000000191293, shape torch.Size([1, 1, 400, 640]), rank 0
2026-08-08 06:56:51.164444: predicting OpenEDS_000000191295
2026-08-08 06:56:51.165830: OpenEDS_000000191295, shape torch.Size([1, 1, 400, 640]), rank 0
2026-08-08 06:56:51.178189: predicting OpenEDS_000000191303
2026-08-08 06:56:51.179454: OpenEDS_000000191303, shape torch.Size([1, 1, 400, 640]), rank 0
2026-08-08 06:56:51.191881: predicting OpenEDS_000000191307
2026-08-08 06:56:51.193147: OpenEDS_000000191307, shape torch.Size([1, 1, 400, 640]), rank 0
2026-08-08 06:56:51.205433: predicting OpenEDS_000000191308
2026-08-08 06:56:51.206715: OpenEDS_000000191308, shape torch.Size([1, 1, 400, 640]), rank 0
2026-08-08 06:56:51.219083: predicting OpenEDS_000000191314
2026-08-08 06:56:51.220339: OpenEDS_000000191314, shape torch.Size([1, 1, 400, 640]), rank 0
2026-08-08 06:56:51.232693: predicting OpenEDS_000000193965
2026-08-08 06:56:51.233973: OpenEDS_000000193965, shape torch.Size([1, 1, 400, 640]), rank 0
2026-08-08 06:56:51.246345: predicting OpenEDS_000000193971
2026-08-08 06:56:51.247562: OpenEDS_000000193971, shape torch.Size([1, 1, 400, 640]), rank 0
2026-08-08 06:56:51.259991: predicting OpenEDS_000000193972
2026-08-08 06:56:51.261295: OpenEDS_000000193972, shape torch.Size([1, 1, 400, 640]), rank 0
2026-08-08 06:56:51.273682: predicting OpenEDS_000000193982
2026-08-08 06:56:51.275012: OpenEDS_000000193982, shape torch.Size([1, 1, 400, 640]), rank 0
2026-08-08 06:56:51.287874: predicting OpenEDS_000000193986
2026-08-08 06:56:51.288933: OpenEDS_000000193986, shape torch.Size([1, 1, 400, 640]), rank 0
2026-08-08 06:56:51.301244: predicting OpenEDS_000000193989
2026-08-08 06:56:51.302450: OpenEDS_000000193989, shape torch.Size([1, 1, 400, 640]), rank 0
2026-08-08 06:56:51.314795: predicting OpenEDS_000000193994
2026-08-08 06:56:51.316027: OpenEDS_000000193994, shape torch.Size([1, 1, 400, 640]), rank 0
2026-08-08 06:56:51.328349: predicting OpenEDS_000000193995
2026-08-08 06:56:51.329540: OpenEDS_000000193995, shape torch.Size([1, 1, 400, 640]), rank 0
2026-08-08 06:56:51.341853: predicting OpenEDS_000000193997
2026-08-08 06:56:51.343097: OpenEDS_000000193997, shape torch.Size([1, 1, 400, 640]), rank 0
2026-08-08 06:56:51.355545: predicting OpenEDS_000000194001
2026-08-08 06:56:51.356861: OpenEDS_000000194001, shape torch.Size([1, 1, 400, 640]), rank 0
2026-08-08 06:56:51.369251: predicting OpenEDS_000000194014
2026-08-08 06:56:51.370480: OpenEDS_000000194014, shape torch.Size([1, 1, 400, 640]), rank 0
2026-08-08 06:56:51.382797: predicting OpenEDS_000000194017
2026-08-08 06:56:51.384036: OpenEDS_000000194017, shape torch.Size([1, 1, 400, 640]), rank 0
2026-08-08 06:56:51.396501: predicting OpenEDS_000000194020
2026-08-08 06:56:51.397725: OpenEDS_000000194020, shape torch.Size([1, 1, 400, 640]), rank 0
2026-08-08 06:56:51.410143: predicting OpenEDS_000000194022
2026-08-08 06:56:51.411436: OpenEDS_000000194022, shape torch.Size([1, 1, 400, 640]), rank 0
2026-08-08 06:56:51.424285: predicting OpenEDS_000000194031
2026-08-08 06:56:51.425533: OpenEDS_000000194031, shape torch.Size([1, 1, 400, 640]), rank 0
2026-08-08 06:56:51.438142: predicting OpenEDS_000000194036
2026-08-08 06:56:51.439349: OpenEDS_000000194036, shape torch.Size([1, 1, 400, 640]), rank 0
2026-08-08 06:56:51.452015: predicting OpenEDS_000000194038
2026-08-08 06:56:51.453258: OpenEDS_000000194038, shape torch.Size([1, 1, 400, 640]), rank 0
2026-08-08 06:56:51.466270: predicting OpenEDS_000000194042
2026-08-08 06:56:51.467427: OpenEDS_000000194042, shape torch.Size([1, 1, 400, 640]), rank 0
2026-08-08 06:56:51.479843: predicting OpenEDS_000000196702
2026-08-08 06:56:51.481081: OpenEDS_000000196702, shape torch.Size([1, 1, 400, 640]), rank 0
2026-08-08 06:56:51.493597: predicting OpenEDS_000000196704
2026-08-08 06:56:51.494906: OpenEDS_000000196704, shape torch.Size([1, 1, 400, 640]), rank 0
2026-08-08 06:56:51.507272: predicting OpenEDS_000000196708
2026-08-08 06:56:51.508554: OpenEDS_000000196708, shape torch.Size([1, 1, 400, 640]), rank 0
2026-08-08 06:56:51.520927: predicting OpenEDS_000000196716
2026-08-08 06:56:51.522191: OpenEDS_000000196716, shape torch.Size([1, 1, 400, 640]), rank 0
2026-08-08 06:56:51.534527: predicting OpenEDS_000000196720
2026-08-08 06:56:51.535735: OpenEDS_000000196720, shape torch.Size([1, 1, 400, 640]), rank 0
2026-08-08 06:56:51.548042: predicting OpenEDS_000000196728
2026-08-08 06:56:51.549327: OpenEDS_000000196728, shape torch.Size([1, 1, 400, 640]), rank 0
2026-08-08 06:56:51.561728: predicting OpenEDS_000000196729
2026-08-08 06:56:51.563031: OpenEDS_000000196729, shape torch.Size([1, 1, 400, 640]), rank 0
2026-08-08 06:56:51.575379: predicting OpenEDS_000000196743
2026-08-08 06:56:51.576613: OpenEDS_000000196743, shape torch.Size([1, 1, 400, 640]), rank 0
2026-08-08 06:56:51.588984: predicting OpenEDS_000000196749
2026-08-08 06:56:51.590245: OpenEDS_000000196749, shape torch.Size([1, 1, 400, 640]), rank 0
2026-08-08 06:56:51.602618: predicting OpenEDS_000000196753
2026-08-08 06:56:51.603875: OpenEDS_000000196753, shape torch.Size([1, 1, 400, 640]), rank 0
2026-08-08 06:56:51.616249: predicting OpenEDS_000000196755
2026-08-08 06:56:51.617521: OpenEDS_000000196755, shape torch.Size([1, 1, 400, 640]), rank 0
2026-08-08 06:56:51.630260: predicting OpenEDS_000000196757
2026-08-08 06:56:51.631431: OpenEDS_000000196757, shape torch.Size([1, 1, 400, 640]), rank 0
2026-08-08 06:56:51.644080: predicting OpenEDS_000000196775
2026-08-08 06:56:51.645344: OpenEDS_000000196775, shape torch.Size([1, 1, 400, 640]), rank 0
2026-08-08 06:56:51.658103: predicting OpenEDS_000000196776
2026-08-08 06:56:51.659339: OpenEDS_000000196776, shape torch.Size([1, 1, 400, 640]), rank 0
2026-08-08 06:56:51.671886: predicting OpenEDS_000000196777
2026-08-08 06:56:51.673167: OpenEDS_000000196777, shape torch.Size([1, 1, 400, 640]), rank 0
2026-08-08 06:56:51.685622: predicting OpenEDS_000000196779
2026-08-08 06:56:51.686831: OpenEDS_000000196779, shape torch.Size([1, 1, 400, 640]), rank 0
2026-08-08 06:56:51.699174: predicting OpenEDS_000000196780
2026-08-08 06:56:51.700485: OpenEDS_000000196780, shape torch.Size([1, 1, 400, 640]), rank 0
2026-08-08 06:56:51.712936: predicting OpenEDS_000000196785
2026-08-08 06:56:51.714166: OpenEDS_000000196785, shape torch.Size([1, 1, 400, 640]), rank 0
2026-08-08 06:56:51.726995: predicting OpenEDS_000000196794
2026-08-08 06:56:51.728257: OpenEDS_000000196794, shape torch.Size([1, 1, 400, 640]), rank 0
2026-08-08 06:56:51.740899: predicting OpenEDS_000000196798
2026-08-08 06:56:51.742114: OpenEDS_000000196798, shape torch.Size([1, 1, 400, 640]), rank 0
2026-08-08 06:56:51.754841: predicting OpenEDS_000000196801
2026-08-08 06:56:51.756067: OpenEDS_000000196801, shape torch.Size([1, 1, 400, 640]), rank 0
2026-08-08 06:56:51.768607: predicting OpenEDS_000000196807
2026-08-08 06:56:51.769766: OpenEDS_000000196807, shape torch.Size([1, 1, 400, 640]), rank 0
2026-08-08 06:56:51.782106: predicting OpenEDS_000000196809
2026-08-08 06:56:51.783362: OpenEDS_000000196809, shape torch.Size([1, 1, 400, 640]), rank 0
2026-08-08 06:56:51.795633: predicting OpenEDS_000000199471
2026-08-08 06:56:51.796958: OpenEDS_000000199471, shape torch.Size([1, 1, 400, 640]), rank 0
2026-08-08 06:56:51.809364: predicting OpenEDS_000000199482
2026-08-08 06:56:51.810602: OpenEDS_000000199482, shape torch.Size([1, 1, 400, 640]), rank 0
2026-08-08 06:56:51.822878: predicting OpenEDS_000000199484
2026-08-08 06:56:51.824137: OpenEDS_000000199484, shape torch.Size([1, 1, 400, 640]), rank 0
2026-08-08 06:56:51.836511: predicting OpenEDS_000000199489
2026-08-08 06:56:51.837742: OpenEDS_000000199489, shape torch.Size([1, 1, 400, 640]), rank 0
2026-08-08 06:56:51.850067: predicting OpenEDS_000000199493
2026-08-08 06:56:51.851305: OpenEDS_000000199493, shape torch.Size([1, 1, 400, 640]), rank 0
2026-08-08 06:56:51.863584: predicting OpenEDS_000000199495
2026-08-08 06:56:51.864799: OpenEDS_000000199495, shape torch.Size([1, 1, 400, 640]), rank 0
2026-08-08 06:56:51.877097: predicting OpenEDS_000000199504
2026-08-08 06:56:51.878319: OpenEDS_000000199504, shape torch.Size([1, 1, 400, 640]), rank 0
2026-08-08 06:56:51.890684: predicting OpenEDS_000000199509
2026-08-08 06:56:51.891955: OpenEDS_000000199509, shape torch.Size([1, 1, 400, 640]), rank 0
2026-08-08 06:56:51.904260: predicting OpenEDS_000000199516
2026-08-08 06:56:51.905543: OpenEDS_000000199516, shape torch.Size([1, 1, 400, 640]), rank 0
2026-08-08 06:56:51.917964: predicting OpenEDS_000000199520
2026-08-08 06:56:51.919234: OpenEDS_000000199520, shape torch.Size([1, 1, 400, 640]), rank 0
2026-08-08 06:56:51.931736: predicting OpenEDS_000000199522
2026-08-08 06:56:51.932981: OpenEDS_000000199522, shape torch.Size([1, 1, 400, 640]), rank 0
2026-08-08 06:56:51.945414: predicting OpenEDS_000000199528
2026-08-08 06:56:51.946709: OpenEDS_000000199528, shape torch.Size([1, 1, 400, 640]), rank 0
2026-08-08 06:56:51.959033: predicting OpenEDS_000000199538
2026-08-08 06:56:51.960269: OpenEDS_000000199538, shape torch.Size([1, 1, 400, 640]), rank 0
2026-08-08 06:56:51.972652: predicting OpenEDS_000000199541
2026-08-08 06:56:51.973908: OpenEDS_000000199541, shape torch.Size([1, 1, 400, 640]), rank 0
2026-08-08 06:56:51.986318: predicting OpenEDS_000000199545
2026-08-08 06:56:51.987565: OpenEDS_000000199545, shape torch.Size([1, 1, 400, 640]), rank 0
2026-08-08 06:56:51.999914: predicting OpenEDS_000000199546
2026-08-08 06:56:52.001130: OpenEDS_000000199546, shape torch.Size([1, 1, 400, 640]), rank 0
2026-08-08 06:56:52.013586: predicting OpenEDS_000000202205
2026-08-08 06:56:52.014839: OpenEDS_000000202205, shape torch.Size([1, 1, 400, 640]), rank 0
2026-08-08 06:56:52.027159: predicting OpenEDS_000000202212
2026-08-08 06:56:52.028447: OpenEDS_000000202212, shape torch.Size([1, 1, 400, 640]), rank 0
2026-08-08 06:56:52.040769: predicting OpenEDS_000000202226
2026-08-08 06:56:52.042057: OpenEDS_000000202226, shape torch.Size([1, 1, 400, 640]), rank 0
2026-08-08 06:56:52.054423: predicting OpenEDS_000000202233
2026-08-08 06:56:52.055659: OpenEDS_000000202233, shape torch.Size([1, 1, 400, 640]), rank 0
2026-08-08 06:56:52.068028: predicting OpenEDS_000000202234
2026-08-08 06:56:52.069293: OpenEDS_000000202234, shape torch.Size([1, 1, 400, 640]), rank 0
2026-08-08 06:56:52.081644: predicting OpenEDS_000000202249
2026-08-08 06:56:52.082920: OpenEDS_000000202249, shape torch.Size([1, 1, 400, 640]), rank 0
2026-08-08 06:56:52.095276: predicting OpenEDS_000000202254
2026-08-08 06:56:52.096507: OpenEDS_000000202254, shape torch.Size([1, 1, 400, 640]), rank 0
2026-08-08 06:56:52.108838: predicting OpenEDS_000000202258
2026-08-08 06:56:52.110104: OpenEDS_000000202258, shape torch.Size([1, 1, 400, 640]), rank 0
2026-08-08 06:56:52.122477: predicting OpenEDS_000000202260
2026-08-08 06:56:52.123721: OpenEDS_000000202260, shape torch.Size([1, 1, 400, 640]), rank 0
2026-08-08 06:56:52.136097: predicting OpenEDS_000000202263
2026-08-08 06:56:52.137358: OpenEDS_000000202263, shape torch.Size([1, 1, 400, 640]), rank 0
2026-08-08 06:56:52.149674: predicting OpenEDS_000000202266
2026-08-08 06:56:52.150921: OpenEDS_000000202266, shape torch.Size([1, 1, 400, 640]), rank 0
2026-08-08 06:56:52.163330: predicting OpenEDS_000000202269
2026-08-08 06:56:52.164557: OpenEDS_000000202269, shape torch.Size([1, 1, 400, 640]), rank 0
2026-08-08 06:56:52.176840: predicting OpenEDS_000000202274
2026-08-08 06:56:52.178126: OpenEDS_000000202274, shape torch.Size([1, 1, 400, 640]), rank 0
2026-08-08 06:56:52.190919: predicting OpenEDS_000000202275
2026-08-08 06:56:52.192194: OpenEDS_000000202275, shape torch.Size([1, 1, 400, 640]), rank 0
2026-08-08 06:56:52.204561: predicting OpenEDS_000000202278
2026-08-08 06:56:52.205795: OpenEDS_000000202278, shape torch.Size([1, 1, 400, 640]), rank 0
2026-08-08 06:56:52.218122: predicting OpenEDS_000000202285
2026-08-08 06:56:52.219410: OpenEDS_000000202285, shape torch.Size([1, 1, 400, 640]), rank 0
2026-08-08 06:56:52.231716: predicting OpenEDS_000000204948
2026-08-08 06:56:52.232956: OpenEDS_000000204948, shape torch.Size([1, 1, 400, 640]), rank 0
2026-08-08 06:56:52.245311: predicting OpenEDS_000000204949
2026-08-08 06:56:52.246585: OpenEDS_000000204949, shape torch.Size([1, 1, 400, 640]), rank 0
2026-08-08 06:56:52.259214: predicting OpenEDS_000000204950
2026-08-08 06:56:52.260487: OpenEDS_000000204950, shape torch.Size([1, 1, 400, 640]), rank 0
2026-08-08 06:56:52.273076: predicting OpenEDS_000000204956
2026-08-08 06:56:52.274378: OpenEDS_000000204956, shape torch.Size([1, 1, 400, 640]), rank 0
2026-08-08 06:56:52.287381: predicting OpenEDS_000000204965
2026-08-08 06:56:52.288448: OpenEDS_000000204965, shape torch.Size([1, 1, 400, 640]), rank 0
2026-08-08 06:56:52.300875: predicting OpenEDS_000000204968
2026-08-08 06:56:52.302120: OpenEDS_000000204968, shape torch.Size([1, 1, 400, 640]), rank 0
2026-08-08 06:56:52.314585: predicting OpenEDS_000000204970
2026-08-08 06:56:52.315847: OpenEDS_000000204970, shape torch.Size([1, 1, 400, 640]), rank 0
2026-08-08 06:56:52.328223: predicting OpenEDS_000000204972
2026-08-08 06:56:52.329535: OpenEDS_000000204972, shape torch.Size([1, 1, 400, 640]), rank 0
2026-08-08 06:56:52.341954: predicting OpenEDS_000000204974
2026-08-08 06:56:52.343245: OpenEDS_000000204974, shape torch.Size([1, 1, 400, 640]), rank 0
2026-08-08 06:56:52.355704: predicting OpenEDS_000000204975
2026-08-08 06:56:52.356960: OpenEDS_000000204975, shape torch.Size([1, 1, 400, 640]), rank 0
2026-08-08 06:56:52.369343: predicting OpenEDS_000000204983
2026-08-08 06:56:52.370682: OpenEDS_000000204983, shape torch.Size([1, 1, 400, 640]), rank 0
2026-08-08 06:56:52.383136: predicting OpenEDS_000000204986
2026-08-08 06:56:52.384453: OpenEDS_000000204986, shape torch.Size([1, 1, 400, 640]), rank 0
2026-08-08 06:56:52.396814: predicting OpenEDS_000000204998
2026-08-08 06:56:52.398079: OpenEDS_000000204998, shape torch.Size([1, 1, 400, 640]), rank 0
2026-08-08 06:56:52.410477: predicting OpenEDS_000000204999
2026-08-08 06:56:52.411807: OpenEDS_000000204999, shape torch.Size([1, 1, 400, 640]), rank 0
2026-08-08 06:56:52.424180: predicting OpenEDS_000000205001
2026-08-08 06:56:52.425508: OpenEDS_000000205001, shape torch.Size([1, 1, 400, 640]), rank 0
2026-08-08 06:56:52.437892: predicting OpenEDS_000000205011
2026-08-08 06:56:52.439211: OpenEDS_000000205011, shape torch.Size([1, 1, 400, 640]), rank 0
2026-08-08 06:56:52.451593: predicting OpenEDS_000000205016
2026-08-08 06:56:52.452869: OpenEDS_000000205016, shape torch.Size([1, 1, 400, 640]), rank 0
2026-08-08 06:56:52.465283: predicting OpenEDS_000000205018
2026-08-08 06:56:52.466561: OpenEDS_000000205018, shape torch.Size([1, 1, 400, 640]), rank 0
2026-08-08 06:56:52.478894: predicting OpenEDS_000000205019
2026-08-08 06:56:52.480192: OpenEDS_000000205019, shape torch.Size([1, 1, 400, 640]), rank 0
2026-08-08 06:56:52.492900: predicting OpenEDS_000000205021
2026-08-08 06:56:52.494220: OpenEDS_000000205021, shape torch.Size([1, 1, 400, 640]), rank 0
2026-08-08 06:56:52.506687: predicting OpenEDS_000000205024
2026-08-08 06:56:52.507985: OpenEDS_000000205024, shape torch.Size([1, 1, 400, 640]), rank 0
2026-08-08 06:56:52.520323: predicting OpenEDS_000000205025
2026-08-08 06:56:52.521622: OpenEDS_000000205025, shape torch.Size([1, 1, 400, 640]), rank 0
2026-08-08 06:56:52.534198: predicting OpenEDS_000000205026
2026-08-08 06:56:52.535459: OpenEDS_000000205026, shape torch.Size([1, 1, 400, 640]), rank 0
2026-08-08 06:56:52.548065: predicting OpenEDS_000000205031
2026-08-08 06:56:52.549350: OpenEDS_000000205031, shape torch.Size([1, 1, 400, 640]), rank 0
2026-08-08 06:56:52.562498: predicting OpenEDS_000000207676
2026-08-08 06:56:52.563560: OpenEDS_000000207676, shape torch.Size([1, 1, 400, 640]), rank 0
2026-08-08 06:56:52.576257: predicting OpenEDS_000000207678
2026-08-08 06:56:52.577544: OpenEDS_000000207678, shape torch.Size([1, 1, 400, 640]), rank 0
2026-08-08 06:56:52.590337: predicting OpenEDS_000000207684
2026-08-08 06:56:52.591642: OpenEDS_000000207684, shape torch.Size([1, 1, 400, 640]), rank 0
2026-08-08 06:56:52.604314: predicting OpenEDS_000000207691
2026-08-08 06:56:52.605587: OpenEDS_000000207691, shape torch.Size([1, 1, 400, 640]), rank 0
2026-08-08 06:56:52.617995: predicting OpenEDS_000000207693
2026-08-08 06:56:52.619247: OpenEDS_000000207693, shape torch.Size([1, 1, 400, 640]), rank 0
2026-08-08 06:56:52.631629: predicting OpenEDS_000000207702
2026-08-08 06:56:52.633000: OpenEDS_000000207702, shape torch.Size([1, 1, 400, 640]), rank 0
2026-08-08 06:56:52.645365: predicting OpenEDS_000000207714
2026-08-08 06:56:52.646613: OpenEDS_000000207714, shape torch.Size([1, 1, 400, 640]), rank 0
2026-08-08 06:56:52.659056: predicting OpenEDS_000000207717
2026-08-08 06:56:52.660404: OpenEDS_000000207717, shape torch.Size([1, 1, 400, 640]), rank 0
2026-08-08 06:56:52.672794: predicting OpenEDS_000000207722
2026-08-08 06:56:52.674087: OpenEDS_000000207722, shape torch.Size([1, 1, 400, 640]), rank 0
2026-08-08 06:56:52.686457: predicting OpenEDS_000000207733
2026-08-08 06:56:52.687752: OpenEDS_000000207733, shape torch.Size([1, 1, 400, 640]), rank 0
2026-08-08 06:56:52.700166: predicting OpenEDS_000000207736
2026-08-08 06:56:52.701454: OpenEDS_000000207736, shape torch.Size([1, 1, 400, 640]), rank 0
2026-08-08 06:56:52.713917: predicting OpenEDS_000000207737
2026-08-08 06:56:52.715160: OpenEDS_000000207737, shape torch.Size([1, 1, 400, 640]), rank 0
2026-08-08 06:56:52.727644: predicting OpenEDS_000000207739
2026-08-08 06:56:52.728934: OpenEDS_000000207739, shape torch.Size([1, 1, 400, 640]), rank 0
2026-08-08 06:56:52.741341: predicting OpenEDS_000000207741
2026-08-08 06:56:52.742595: OpenEDS_000000207741, shape torch.Size([1, 1, 400, 640]), rank 0
2026-08-08 06:56:52.755003: predicting OpenEDS_000000207746
2026-08-08 06:56:52.756349: OpenEDS_000000207746, shape torch.Size([1, 1, 400, 640]), rank 0
2026-08-08 06:56:52.768794: predicting OpenEDS_000000207756
2026-08-08 06:56:52.770057: OpenEDS_000000207756, shape torch.Size([1, 1, 400, 640]), rank 0
2026-08-08 06:56:52.782575: predicting OpenEDS_000000207761
2026-08-08 06:56:52.783880: OpenEDS_000000207761, shape torch.Size([1, 1, 400, 640]), rank 0
2026-08-08 06:56:52.796430: predicting OpenEDS_000000207763
2026-08-08 06:56:52.797680: OpenEDS_000000207763, shape torch.Size([1, 1, 400, 640]), rank 0
2026-08-08 06:56:52.810389: predicting OpenEDS_000000207767
2026-08-08 06:56:52.811686: OpenEDS_000000207767, shape torch.Size([1, 1, 400, 640]), rank 0
2026-08-08 06:56:52.824338: predicting OpenEDS_000000207770
2026-08-08 06:56:52.825628: OpenEDS_000000207770, shape torch.Size([1, 1, 400, 640]), rank 0
2026-08-08 06:56:52.838250: predicting OpenEDS_000000207771
2026-08-08 06:56:52.839499: OpenEDS_000000207771, shape torch.Size([1, 1, 400, 640]), rank 0
2026-08-08 06:56:52.852008: predicting OpenEDS_000000207788
2026-08-08 06:56:52.853308: OpenEDS_000000207788, shape torch.Size([1, 1, 400, 640]), rank 0
2026-08-08 06:56:52.865687: predicting OpenEDS_000000207789
2026-08-08 06:56:52.866994: OpenEDS_000000207789, shape torch.Size([1, 1, 400, 640]), rank 0
2026-08-08 06:56:52.879409: predicting OpenEDS_000000207793
2026-08-08 06:56:52.880651: OpenEDS_000000207793, shape torch.Size([1, 1, 400, 640]), rank 0
2026-08-08 06:56:52.893051: predicting OpenEDS_000000207797
2026-08-08 06:56:52.894341: OpenEDS_000000207797, shape torch.Size([1, 1, 400, 640]), rank 0
2026-08-08 06:56:52.906994: predicting OpenEDS_000000210451
2026-08-08 06:56:52.908257: OpenEDS_000000210451, shape torch.Size([1, 1, 400, 640]), rank 0
2026-08-08 06:56:52.921042: predicting OpenEDS_000000210452
2026-08-08 06:56:52.922298: OpenEDS_000000210452, shape torch.Size([1, 1, 400, 640]), rank 0
2026-08-08 06:56:52.935020: predicting OpenEDS_000000210456
2026-08-08 06:56:52.936262: OpenEDS_000000210456, shape torch.Size([1, 1, 400, 640]), rank 0
2026-08-08 06:56:52.948855: predicting OpenEDS_000000210458
2026-08-08 06:56:52.950107: OpenEDS_000000210458, shape torch.Size([1, 1, 400, 640]), rank 0
2026-08-08 06:56:52.962677: predicting OpenEDS_000000210464
2026-08-08 06:56:52.963959: OpenEDS_000000210464, shape torch.Size([1, 1, 400, 640]), rank 0
2026-08-08 06:56:52.976682: predicting OpenEDS_000000210467
2026-08-08 06:56:52.977951: OpenEDS_000000210467, shape torch.Size([1, 1, 400, 640]), rank 0
2026-08-08 06:56:52.990693: predicting OpenEDS_000000210470
2026-08-08 06:56:52.991952: OpenEDS_000000210470, shape torch.Size([1, 1, 400, 640]), rank 0
2026-08-08 06:56:53.004525: predicting OpenEDS_000000210472
2026-08-08 06:56:53.005836: OpenEDS_000000210472, shape torch.Size([1, 1, 400, 640]), rank 0
2026-08-08 06:56:53.018284: predicting OpenEDS_000000210474
2026-08-08 06:56:53.019569: OpenEDS_000000210474, shape torch.Size([1, 1, 400, 640]), rank 0
2026-08-08 06:56:53.032011: predicting OpenEDS_000000210489
2026-08-08 06:56:53.033312: OpenEDS_000000210489, shape torch.Size([1, 1, 400, 640]), rank 0
2026-08-08 06:56:53.045751: predicting OpenEDS_000000210490
2026-08-08 06:56:53.047057: OpenEDS_000000210490, shape torch.Size([1, 1, 400, 640]), rank 0
2026-08-08 06:56:53.059440: predicting OpenEDS_000000210491
2026-08-08 06:56:53.060743: OpenEDS_000000210491, shape torch.Size([1, 1, 400, 640]), rank 0
2026-08-08 06:56:53.073528: predicting OpenEDS_000000210494
2026-08-08 06:56:53.074768: OpenEDS_000000210494, shape torch.Size([1, 1, 400, 640]), rank 0
2026-08-08 06:56:53.087187: predicting OpenEDS_000000210500
2026-08-08 06:56:53.088442: OpenEDS_000000210500, shape torch.Size([1, 1, 400, 640]), rank 0
2026-08-08 06:56:53.100896: predicting OpenEDS_000000210511
2026-08-08 06:56:53.102161: OpenEDS_000000210511, shape torch.Size([1, 1, 400, 640]), rank 0
2026-08-08 06:56:53.114674: predicting OpenEDS_000000210521
2026-08-08 06:56:53.115982: OpenEDS_000000210521, shape torch.Size([1, 1, 400, 640]), rank 0
2026-08-08 06:56:53.128383: predicting OpenEDS_000000210526
2026-08-08 06:56:53.129696: OpenEDS_000000210526, shape torch.Size([1, 1, 400, 640]), rank 0
2026-08-08 06:56:53.142480: predicting OpenEDS_000000210527
2026-08-08 06:56:53.143799: OpenEDS_000000210527, shape torch.Size([1, 1, 400, 640]), rank 0
2026-08-08 06:56:53.156287: predicting OpenEDS_000000213183
2026-08-08 06:56:53.157577: OpenEDS_000000213183, shape torch.Size([1, 1, 400, 640]), rank 0
2026-08-08 06:56:53.170027: predicting OpenEDS_000000213186
2026-08-08 06:56:53.171304: OpenEDS_000000213186, shape torch.Size([1, 1, 400, 640]), rank 0
2026-08-08 06:56:53.183719: predicting OpenEDS_000000213189
2026-08-08 06:56:53.185058: OpenEDS_000000213189, shape torch.Size([1, 1, 400, 640]), rank 0
2026-08-08 06:56:53.197570: predicting OpenEDS_000000213191
2026-08-08 06:56:53.198844: OpenEDS_000000213191, shape torch.Size([1, 1, 400, 640]), rank 0
2026-08-08 06:56:53.211278: predicting OpenEDS_000000213198
2026-08-08 06:56:53.212578: OpenEDS_000000213198, shape torch.Size([1, 1, 400, 640]), rank 0
2026-08-08 06:56:53.224969: predicting OpenEDS_000000213201
2026-08-08 06:56:53.226233: OpenEDS_000000213201, shape torch.Size([1, 1, 400, 640]), rank 0
2026-08-08 06:56:53.238721: predicting OpenEDS_000000213203
2026-08-08 06:56:53.240074: OpenEDS_000000213203, shape torch.Size([1, 1, 400, 640]), rank 0
2026-08-08 06:56:53.252567: predicting OpenEDS_000000213204
2026-08-08 06:56:53.253841: OpenEDS_000000213204, shape torch.Size([1, 1, 400, 640]), rank 0
2026-08-08 06:56:53.266599: predicting OpenEDS_000000213207
2026-08-08 06:56:53.267919: OpenEDS_000000213207, shape torch.Size([1, 1, 400, 640]), rank 0
2026-08-08 06:56:53.280688: predicting OpenEDS_000000213215
2026-08-08 06:56:53.281974: OpenEDS_000000213215, shape torch.Size([1, 1, 400, 640]), rank 0
2026-08-08 06:56:53.294542: predicting OpenEDS_000000213223
2026-08-08 06:56:53.295906: OpenEDS_000000213223, shape torch.Size([1, 1, 400, 640]), rank 0
2026-08-08 06:56:53.308312: predicting OpenEDS_000000213224
2026-08-08 06:56:53.309602: OpenEDS_000000213224, shape torch.Size([1, 1, 400, 640]), rank 0
2026-08-08 06:56:53.321999: predicting OpenEDS_000000213240
2026-08-08 06:56:53.323272: OpenEDS_000000213240, shape torch.Size([1, 1, 400, 640]), rank 0
2026-08-08 06:56:53.335745: predicting OpenEDS_000000213241
2026-08-08 06:56:53.336986: OpenEDS_000000213241, shape torch.Size([1, 1, 400, 640]), rank 0
2026-08-08 06:56:53.349410: predicting OpenEDS_000000213245
2026-08-08 06:56:53.350705: OpenEDS_000000213245, shape torch.Size([1, 1, 400, 640]), rank 0
2026-08-08 06:56:53.363248: predicting OpenEDS_000000213250
2026-08-08 06:56:53.364539: OpenEDS_000000213250, shape torch.Size([1, 1, 400, 640]), rank 0
2026-08-08 06:56:53.377107: predicting OpenEDS_000000213252
2026-08-08 06:56:53.378399: OpenEDS_000000213252, shape torch.Size([1, 1, 400, 640]), rank 0
2026-08-08 06:56:53.390799: predicting OpenEDS_000000213253
2026-08-08 06:56:53.392111: OpenEDS_000000213253, shape torch.Size([1, 1, 400, 640]), rank 0
2026-08-08 06:56:53.404666: predicting OpenEDS_000000215902
2026-08-08 06:56:53.405955: OpenEDS_000000215902, shape torch.Size([1, 1, 400, 640]), rank 0
2026-08-08 06:56:53.418761: predicting OpenEDS_000000215904
2026-08-08 06:56:53.420023: OpenEDS_000000215904, shape torch.Size([1, 1, 400, 640]), rank 0
2026-08-08 06:56:53.432419: predicting OpenEDS_000000215917
2026-08-08 06:56:53.433687: OpenEDS_000000215917, shape torch.Size([1, 1, 400, 640]), rank 0
2026-08-08 06:56:53.446079: predicting OpenEDS_000000215918
2026-08-08 06:56:53.447329: OpenEDS_000000215918, shape torch.Size([1, 1, 400, 640]), rank 0
2026-08-08 06:56:53.459805: predicting OpenEDS_000000215921
2026-08-08 06:56:53.461092: OpenEDS_000000215921, shape torch.Size([1, 1, 400, 640]), rank 0
2026-08-08 06:56:53.473527: predicting OpenEDS_000000215932
2026-08-08 06:56:53.474869: OpenEDS_000000215932, shape torch.Size([1, 1, 400, 640]), rank 0
2026-08-08 06:56:53.487293: predicting OpenEDS_000000215940
2026-08-08 06:56:53.488636: OpenEDS_000000215940, shape torch.Size([1, 1, 400, 640]), rank 0
2026-08-08 06:56:53.501057: predicting OpenEDS_000000215953
2026-08-08 06:56:53.502393: OpenEDS_000000215953, shape torch.Size([1, 1, 400, 640]), rank 0
2026-08-08 06:56:53.514824: predicting OpenEDS_000000215960
2026-08-08 06:56:53.516087: OpenEDS_000000215960, shape torch.Size([1, 1, 400, 640]), rank 0
2026-08-08 06:56:53.528490: predicting OpenEDS_000000215965
2026-08-08 06:56:53.529761: OpenEDS_000000215965, shape torch.Size([1, 1, 400, 640]), rank 0
2026-08-08 06:56:53.542183: predicting OpenEDS_000000215966
2026-08-08 06:56:53.543494: OpenEDS_000000215966, shape torch.Size([1, 1, 400, 640]), rank 0
2026-08-08 06:56:53.556019: predicting OpenEDS_000000215968
2026-08-08 06:56:53.557318: OpenEDS_000000215968, shape torch.Size([1, 1, 400, 640]), rank 0
2026-08-08 06:56:53.569758: predicting OpenEDS_000000215977
2026-08-08 06:56:53.571039: OpenEDS_000000215977, shape torch.Size([1, 1, 400, 640]), rank 0
2026-08-08 06:56:53.583426: predicting OpenEDS_000000215980
2026-08-08 06:56:53.584719: OpenEDS_000000215980, shape torch.Size([1, 1, 400, 640]), rank 0
2026-08-08 06:56:53.597635: predicting OpenEDS_000000215981
2026-08-08 06:56:53.598949: OpenEDS_000000215981, shape torch.Size([1, 1, 400, 640]), rank 0
2026-08-08 06:56:53.611500: predicting OpenEDS_000000215982
2026-08-08 06:56:53.612861: OpenEDS_000000215982, shape torch.Size([1, 1, 400, 640]), rank 0
2026-08-08 06:56:53.625327: predicting OpenEDS_000000215983
2026-08-08 06:56:53.626641: OpenEDS_000000215983, shape torch.Size([1, 1, 400, 640]), rank 0
2026-08-08 06:56:53.639064: predicting OpenEDS_000000215985
2026-08-08 06:56:53.640363: OpenEDS_000000215985, shape torch.Size([1, 1, 400, 640]), rank 0
2026-08-08 06:56:53.652809: predicting OpenEDS_000000218634
2026-08-08 06:56:53.654134: OpenEDS_000000218634, shape torch.Size([1, 1, 400, 640]), rank 0
2026-08-08 06:56:53.666470: predicting OpenEDS_000000218643
2026-08-08 06:56:53.667773: OpenEDS_000000218643, shape torch.Size([1, 1, 400, 640]), rank 0
2026-08-08 06:56:53.680128: predicting OpenEDS_000000218644
2026-08-08 06:56:53.681435: OpenEDS_000000218644, shape torch.Size([1, 1, 400, 640]), rank 0
2026-08-08 06:56:53.693776: predicting OpenEDS_000000218651
2026-08-08 06:56:53.695064: OpenEDS_000000218651, shape torch.Size([1, 1, 400, 640]), rank 0
2026-08-08 06:56:53.707430: predicting OpenEDS_000000218654
2026-08-08 06:56:53.708775: OpenEDS_000000218654, shape torch.Size([1, 1, 400, 640]), rank 0
2026-08-08 06:56:53.721370: predicting OpenEDS_000000218655
2026-08-08 06:56:53.722673: OpenEDS_000000218655, shape torch.Size([1, 1, 400, 640]), rank 0
2026-08-08 06:56:53.735014: predicting OpenEDS_000000218656
2026-08-08 06:56:53.736284: OpenEDS_000000218656, shape torch.Size([1, 1, 400, 640]), rank 0
2026-08-08 06:56:53.748659: predicting OpenEDS_000000218662
2026-08-08 06:56:53.749943: OpenEDS_000000218662, shape torch.Size([1, 1, 400, 640]), rank 0
2026-08-08 06:56:53.762243: predicting OpenEDS_000000218674
2026-08-08 06:56:53.763476: OpenEDS_000000218674, shape torch.Size([1, 1, 400, 640]), rank 0
2026-08-08 06:56:53.775826: predicting OpenEDS_000000218679
2026-08-08 06:56:53.777082: OpenEDS_000000218679, shape torch.Size([1, 1, 400, 640]), rank 0
2026-08-08 06:56:53.789594: predicting OpenEDS_000000218688
2026-08-08 06:56:53.790872: OpenEDS_000000218688, shape torch.Size([1, 1, 400, 640]), rank 0
2026-08-08 06:56:53.803262: predicting OpenEDS_000000218705
2026-08-08 06:56:53.804611: OpenEDS_000000218705, shape torch.Size([1, 1, 400, 640]), rank 0
2026-08-08 06:56:53.816979: predicting OpenEDS_000000218713
2026-08-08 06:56:53.818414: OpenEDS_000000218713, shape torch.Size([1, 1, 400, 640]), rank 0
2026-08-08 06:56:53.830894: predicting OpenEDS_000000218714
2026-08-08 06:56:53.832135: OpenEDS_000000218714, shape torch.Size([1, 1, 400, 640]), rank 0
2026-08-08 06:56:53.844479: predicting OpenEDS_000000218716
2026-08-08 06:56:53.845766: OpenEDS_000000218716, shape torch.Size([1, 1, 400, 640]), rank 0
2026-08-08 06:56:53.858221: predicting OpenEDS_000000221381
2026-08-08 06:56:53.859513: OpenEDS_000000221381, shape torch.Size([1, 1, 400, 640]), rank 0
2026-08-08 06:56:53.872087: predicting OpenEDS_000000221382
2026-08-08 06:56:53.873363: OpenEDS_000000221382, shape torch.Size([1, 1, 400, 640]), rank 0
2026-08-08 06:56:53.886173: predicting OpenEDS_000000221384
2026-08-08 06:56:53.887448: OpenEDS_000000221384, shape torch.Size([1, 1, 400, 640]), rank 0
2026-08-08 06:56:53.900112: predicting OpenEDS_000000221387
2026-08-08 06:56:53.901366: OpenEDS_000000221387, shape torch.Size([1, 1, 400, 640]), rank 0
2026-08-08 06:56:53.913914: predicting OpenEDS_000000221388
2026-08-08 06:56:53.915229: OpenEDS_000000221388, shape torch.Size([1, 1, 400, 640]), rank 0
2026-08-08 06:56:53.927722: predicting OpenEDS_000000221394
2026-08-08 06:56:53.929010: OpenEDS_000000221394, shape torch.Size([1, 1, 400, 640]), rank 0
2026-08-08 06:56:53.941608: predicting OpenEDS_000000221399
2026-08-08 06:56:53.942895: OpenEDS_000000221399, shape torch.Size([1, 1, 400, 640]), rank 0
2026-08-08 06:56:53.955357: predicting OpenEDS_000000221405
2026-08-08 06:56:53.956722: OpenEDS_000000221405, shape torch.Size([1, 1, 400, 640]), rank 0
2026-08-08 06:56:53.969131: predicting OpenEDS_000000221407
2026-08-08 06:56:53.970453: OpenEDS_000000221407, shape torch.Size([1, 1, 400, 640]), rank 0
2026-08-08 06:56:53.982823: predicting OpenEDS_000000221409
2026-08-08 06:56:53.984141: OpenEDS_000000221409, shape torch.Size([1, 1, 400, 640]), rank 0
2026-08-08 06:56:53.996680: predicting OpenEDS_000000221417
2026-08-08 06:56:53.997968: OpenEDS_000000221417, shape torch.Size([1, 1, 400, 640]), rank 0
2026-08-08 06:56:54.010458: predicting OpenEDS_000000221420
2026-08-08 06:56:54.011744: OpenEDS_000000221420, shape torch.Size([1, 1, 400, 640]), rank 0
2026-08-08 06:56:54.024162: predicting OpenEDS_000000221425
2026-08-08 06:56:54.025454: OpenEDS_000000221425, shape torch.Size([1, 1, 400, 640]), rank 0
2026-08-08 06:56:54.037898: predicting OpenEDS_000000221432
2026-08-08 06:56:54.039151: OpenEDS_000000221432, shape torch.Size([1, 1, 400, 640]), rank 0
2026-08-08 06:56:54.051498: predicting OpenEDS_000000221438
2026-08-08 06:56:54.052812: OpenEDS_000000221438, shape torch.Size([1, 1, 400, 640]), rank 0
2026-08-08 06:56:54.065147: predicting OpenEDS_000000221439
2026-08-08 06:56:54.066421: OpenEDS_000000221439, shape torch.Size([1, 1, 400, 640]), rank 0
2026-08-08 06:56:54.079185: predicting OpenEDS_000000221440
2026-08-08 06:56:54.080493: OpenEDS_000000221440, shape torch.Size([1, 1, 400, 640]), rank 0
2026-08-08 06:56:54.092881: predicting OpenEDS_000000221445
2026-08-08 06:56:54.094170: OpenEDS_000000221445, shape torch.Size([1, 1, 400, 640]), rank 0
2026-08-08 06:56:54.106638: predicting OpenEDS_000000224099
2026-08-08 06:56:54.107885: OpenEDS_000000224099, shape torch.Size([1, 1, 400, 640]), rank 0
2026-08-08 06:56:54.120255: predicting OpenEDS_000000224101
2026-08-08 06:56:54.121578: OpenEDS_000000224101, shape torch.Size([1, 1, 400, 640]), rank 0
2026-08-08 06:56:54.133951: predicting OpenEDS_000000224102
2026-08-08 06:56:54.135224: OpenEDS_000000224102, shape torch.Size([1, 1, 400, 640]), rank 0
2026-08-08 06:56:54.148014: predicting OpenEDS_000000224104
2026-08-08 06:56:54.149320: OpenEDS_000000224104, shape torch.Size([1, 1, 400, 640]), rank 0
2026-08-08 06:56:54.162068: predicting OpenEDS_000000224107
2026-08-08 06:56:54.163378: OpenEDS_000000224107, shape torch.Size([1, 1, 400, 640]), rank 0
2026-08-08 06:56:54.176274: predicting OpenEDS_000000224111
2026-08-08 06:56:54.177556: OpenEDS_000000224111, shape torch.Size([1, 1, 400, 640]), rank 0
2026-08-08 06:56:54.190447: predicting OpenEDS_000000224124
2026-08-08 06:56:54.191716: OpenEDS_000000224124, shape torch.Size([1, 1, 400, 640]), rank 0
2026-08-08 06:56:54.204510: predicting OpenEDS_000000224130
2026-08-08 06:56:54.205781: OpenEDS_000000224130, shape torch.Size([1, 1, 400, 640]), rank 0
2026-08-08 06:56:54.218427: predicting OpenEDS_000000224136
2026-08-08 06:56:54.219716: OpenEDS_000000224136, shape torch.Size([1, 1, 400, 640]), rank 0
2026-08-08 06:56:54.232109: predicting OpenEDS_000000224150
2026-08-08 06:56:54.233364: OpenEDS_000000224150, shape torch.Size([1, 1, 400, 640]), rank 0
2026-08-08 06:56:54.246186: predicting OpenEDS_000000224154
2026-08-08 06:56:54.247517: OpenEDS_000000224154, shape torch.Size([1, 1, 400, 640]), rank 0
2026-08-08 06:56:54.259995: predicting OpenEDS_000000224156
2026-08-08 06:56:54.261303: OpenEDS_000000224156, shape torch.Size([1, 1, 400, 640]), rank 0
2026-08-08 06:56:54.273758: predicting OpenEDS_000000224157
2026-08-08 06:56:54.275074: OpenEDS_000000224157, shape torch.Size([1, 1, 400, 640]), rank 0
2026-08-08 06:56:54.287702: predicting OpenEDS_000000224162
2026-08-08 06:56:54.289011: OpenEDS_000000224162, shape torch.Size([1, 1, 400, 640]), rank 0
2026-08-08 06:56:54.301408: predicting OpenEDS_000000224176
2026-08-08 06:56:54.302667: OpenEDS_000000224176, shape torch.Size([1, 1, 400, 640]), rank 0
2026-08-08 06:56:54.315086: predicting OpenEDS_000000224179
2026-08-08 06:56:54.316406: OpenEDS_000000224179, shape torch.Size([1, 1, 400, 640]), rank 0
2026-08-08 06:56:54.328802: predicting OpenEDS_000000224191
2026-08-08 06:56:54.330107: OpenEDS_000000224191, shape torch.Size([1, 1, 400, 640]), rank 0
2026-08-08 06:56:54.342556: predicting OpenEDS_000000224195
2026-08-08 06:56:54.343892: OpenEDS_000000224195, shape torch.Size([1, 1, 400, 640]), rank 0
2026-08-08 06:56:54.356314: predicting OpenEDS_000000224198
2026-08-08 06:56:54.357588: OpenEDS_000000224198, shape torch.Size([1, 1, 400, 640]), rank 0
2026-08-08 06:56:54.370111: predicting OpenEDS_000000224203
2026-08-08 06:56:54.371436: OpenEDS_000000224203, shape torch.Size([1, 1, 400, 640]), rank 0
2026-08-08 06:56:54.383883: predicting OpenEDS_000000226845
2026-08-08 06:56:54.385185: OpenEDS_000000226845, shape torch.Size([1, 1, 400, 640]), rank 0
2026-08-08 06:56:54.397763: predicting OpenEDS_000000226863
2026-08-08 06:56:54.399012: OpenEDS_000000226863, shape torch.Size([1, 1, 400, 640]), rank 0
2026-08-08 06:56:54.411484: predicting OpenEDS_000000226865
2026-08-08 06:56:54.412830: OpenEDS_000000226865, shape torch.Size([1, 1, 400, 640]), rank 0
2026-08-08 06:56:54.425195: predicting OpenEDS_000000226870
2026-08-08 06:56:54.426499: OpenEDS_000000226870, shape torch.Size([1, 1, 400, 640]), rank 0
2026-08-08 06:56:54.438916: predicting OpenEDS_000000226876
2026-08-08 06:56:54.440198: OpenEDS_000000226876, shape torch.Size([1, 1, 400, 640]), rank 0
2026-08-08 06:56:54.452682: predicting OpenEDS_000000226882
2026-08-08 06:56:54.453990: OpenEDS_000000226882, shape torch.Size([1, 1, 400, 640]), rank 0
2026-08-08 06:56:54.466433: predicting OpenEDS_000000226885
2026-08-08 06:56:54.467728: OpenEDS_000000226885, shape torch.Size([1, 1, 400, 640]), rank 0
2026-08-08 06:56:54.480159: predicting OpenEDS_000000226888
2026-08-08 06:56:54.481464: OpenEDS_000000226888, shape torch.Size([1, 1, 400, 640]), rank 0
2026-08-08 06:56:54.493860: predicting OpenEDS_000000226894
2026-08-08 06:56:54.495144: OpenEDS_000000226894, shape torch.Size([1, 1, 400, 640]), rank 0
2026-08-08 06:56:54.507628: predicting OpenEDS_000000226895
2026-08-08 06:56:54.508906: OpenEDS_000000226895, shape torch.Size([1, 1, 400, 640]), rank 0
2026-08-08 06:56:54.521302: predicting OpenEDS_000000226896
2026-08-08 06:56:54.522611: OpenEDS_000000226896, shape torch.Size([1, 1, 400, 640]), rank 0
2026-08-08 06:56:54.534996: predicting OpenEDS_000000226904
2026-08-08 06:56:54.536284: OpenEDS_000000226904, shape torch.Size([1, 1, 400, 640]), rank 0
2026-08-08 06:56:54.548672: predicting OpenEDS_000000226907
2026-08-08 06:56:54.549969: OpenEDS_000000226907, shape torch.Size([1, 1, 400, 640]), rank 0
2026-08-08 06:56:54.562710: predicting OpenEDS_000000226911
2026-08-08 06:56:54.564033: OpenEDS_000000226911, shape torch.Size([1, 1, 400, 640]), rank 0
2026-08-08 06:56:54.576586: predicting OpenEDS_000000226915
2026-08-08 06:56:54.577891: OpenEDS_000000226915, shape torch.Size([1, 1, 400, 640]), rank 0
2026-08-08 06:56:54.590723: predicting OpenEDS_000000226921
2026-08-08 06:56:54.592037: OpenEDS_000000226921, shape torch.Size([1, 1, 400, 640]), rank 0
2026-08-08 06:56:54.604433: predicting OpenEDS_000000226927
2026-08-08 06:56:54.605718: OpenEDS_000000226927, shape torch.Size([1, 1, 400, 640]), rank 0
2026-08-08 06:56:54.618116: predicting OpenEDS_000000226928
2026-08-08 06:56:54.619474: OpenEDS_000000226928, shape torch.Size([1, 1, 400, 640]), rank 0
2026-08-08 06:56:54.631923: predicting OpenEDS_000000226929
2026-08-08 06:56:54.633223: OpenEDS_000000226929, shape torch.Size([1, 1, 400, 640]), rank 0
2026-08-08 06:56:54.646043: predicting OpenEDS_000000226935
2026-08-08 06:56:54.647358: OpenEDS_000000226935, shape torch.Size([1, 1, 400, 640]), rank 0
2026-08-08 06:56:54.660165: predicting OpenEDS_000000229608
2026-08-08 06:56:54.661493: OpenEDS_000000229608, shape torch.Size([1, 1, 400, 640]), rank 0
2026-08-08 06:56:54.674298: predicting OpenEDS_000000229616
2026-08-08 06:56:54.675562: OpenEDS_000000229616, shape torch.Size([1, 1, 400, 640]), rank 0
2026-08-08 06:56:54.688509: predicting OpenEDS_000000229617
2026-08-08 06:56:54.689801: OpenEDS_000000229617, shape torch.Size([1, 1, 400, 640]), rank 0
2026-08-08 06:56:54.702446: predicting OpenEDS_000000229619
2026-08-08 06:56:54.703707: OpenEDS_000000229619, shape torch.Size([1, 1, 400, 640]), rank 0
2026-08-08 06:56:54.716159: predicting OpenEDS_000000229622
2026-08-08 06:56:54.717406: OpenEDS_000000229622, shape torch.Size([1, 1, 400, 640]), rank 0
2026-08-08 06:56:54.729843: predicting OpenEDS_000000229623
2026-08-08 06:56:54.731127: OpenEDS_000000229623, shape torch.Size([1, 1, 400, 640]), rank 0
2026-08-08 06:56:54.743610: predicting OpenEDS_000000229627
2026-08-08 06:56:54.744987: OpenEDS_000000229627, shape torch.Size([1, 1, 400, 640]), rank 0
2026-08-08 06:56:54.757399: predicting OpenEDS_000000229628
2026-08-08 06:56:54.758674: OpenEDS_000000229628, shape torch.Size([1, 1, 400, 640]), rank 0
2026-08-08 06:56:54.771047: predicting OpenEDS_000000229629
2026-08-08 06:56:54.772353: OpenEDS_000000229629, shape torch.Size([1, 1, 400, 640]), rank 0
2026-08-08 06:56:54.785097: predicting OpenEDS_000000229630
2026-08-08 06:56:54.786377: OpenEDS_000000229630, shape torch.Size([1, 1, 400, 640]), rank 0
2026-08-08 06:56:54.798878: predicting OpenEDS_000000229633
2026-08-08 06:56:54.800198: OpenEDS_000000229633, shape torch.Size([1, 1, 400, 640]), rank 0
2026-08-08 06:56:54.812651: predicting OpenEDS_000000229634
2026-08-08 06:56:54.813975: OpenEDS_000000229634, shape torch.Size([1, 1, 400, 640]), rank 0
2026-08-08 06:56:54.826389: predicting OpenEDS_000000229637
2026-08-08 06:56:54.827714: OpenEDS_000000229637, shape torch.Size([1, 1, 400, 640]), rank 0
2026-08-08 06:56:54.840096: predicting OpenEDS_000000229645
2026-08-08 06:56:54.841387: OpenEDS_000000229645, shape torch.Size([1, 1, 400, 640]), rank 0
2026-08-08 06:56:54.853812: predicting OpenEDS_000000229646
2026-08-08 06:56:54.855082: OpenEDS_000000229646, shape torch.Size([1, 1, 400, 640]), rank 0
2026-08-08 06:56:54.867505: predicting OpenEDS_000000229657
2026-08-08 06:56:54.868749: OpenEDS_000000229657, shape torch.Size([1, 1, 400, 640]), rank 0
2026-08-08 06:56:54.881169: predicting OpenEDS_000000229661
2026-08-08 06:56:54.882508: OpenEDS_000000229661, shape torch.Size([1, 1, 400, 640]), rank 0
2026-08-08 06:56:54.894898: predicting OpenEDS_000000229670
2026-08-08 06:56:54.896194: OpenEDS_000000229670, shape torch.Size([1, 1, 400, 640]), rank 0
2026-08-08 06:56:54.908652: predicting OpenEDS_000000229674
2026-08-08 06:56:54.909997: OpenEDS_000000229674, shape torch.Size([1, 1, 400, 640]), rank 0
2026-08-08 06:56:54.922407: predicting OpenEDS_000000229678
2026-08-08 06:56:54.923736: OpenEDS_000000229678, shape torch.Size([1, 1, 400, 640]), rank 0
2026-08-08 06:56:54.936149: predicting OpenEDS_000000229680
2026-08-08 06:56:54.937426: OpenEDS_000000229680, shape torch.Size([1, 1, 400, 640]), rank 0
2026-08-08 06:56:54.949793: predicting OpenEDS_000000229681
2026-08-08 06:56:54.951050: OpenEDS_000000229681, shape torch.Size([1, 1, 400, 640]), rank 0
2026-08-08 06:56:54.963534: predicting OpenEDS_000000229688
2026-08-08 06:56:54.964800: OpenEDS_000000229688, shape torch.Size([1, 1, 400, 640]), rank 0
2026-08-08 06:56:54.977580: predicting OpenEDS_000000229693
2026-08-08 06:56:54.978893: OpenEDS_000000229693, shape torch.Size([1, 1, 400, 640]), rank 0
2026-08-08 06:56:54.991602: predicting OpenEDS_000000229695
2026-08-08 06:56:54.992869: OpenEDS_000000229695, shape torch.Size([1, 1, 400, 640]), rank 0
2026-08-08 06:56:55.005586: predicting OpenEDS_000000229696
2026-08-08 06:56:55.006905: OpenEDS_000000229696, shape torch.Size([1, 1, 400, 640]), rank 0
2026-08-08 06:56:55.019367: predicting OpenEDS_000000229707
2026-08-08 06:56:55.020641: OpenEDS_000000229707, shape torch.Size([1, 1, 400, 640]), rank 0
2026-08-08 06:56:55.033493: predicting OpenEDS_000000229708
2026-08-08 06:56:55.034534: OpenEDS_000000229708, shape torch.Size([1, 1, 400, 640]), rank 0
2026-08-08 06:56:55.046865: predicting OpenEDS_000000229712
2026-08-08 06:56:55.048154: OpenEDS_000000229712, shape torch.Size([1, 1, 400, 640]), rank 0
2026-08-08 06:56:55.060592: predicting OpenEDS_000000232360
2026-08-08 06:56:55.061898: OpenEDS_000000232360, shape torch.Size([1, 1, 400, 640]), rank 0
2026-08-08 06:56:55.074273: predicting OpenEDS_000000232363
2026-08-08 06:56:55.075558: OpenEDS_000000232363, shape torch.Size([1, 1, 400, 640]), rank 0
2026-08-08 06:56:55.088425: predicting OpenEDS_000000232370
2026-08-08 06:56:55.089757: OpenEDS_000000232370, shape torch.Size([1, 1, 400, 640]), rank 0
2026-08-08 06:56:55.102458: predicting OpenEDS_000000232371
2026-08-08 06:56:55.103769: OpenEDS_000000232371, shape torch.Size([1, 1, 400, 640]), rank 0
2026-08-08 06:56:55.116454: predicting OpenEDS_000000232373
2026-08-08 06:56:55.117743: OpenEDS_000000232373, shape torch.Size([1, 1, 400, 640]), rank 0
2026-08-08 06:56:55.130796: predicting OpenEDS_000000232379
2026-08-08 06:56:55.132063: OpenEDS_000000232379, shape torch.Size([1, 1, 400, 640]), rank 0
2026-08-08 06:56:55.144974: predicting OpenEDS_000000232381
2026-08-08 06:56:55.146238: OpenEDS_000000232381, shape torch.Size([1, 1, 400, 640]), rank 0
2026-08-08 06:56:55.159117: predicting OpenEDS_000000232382
2026-08-08 06:56:55.160431: OpenEDS_000000232382, shape torch.Size([1, 1, 400, 640]), rank 0
2026-08-08 06:56:55.173213: predicting OpenEDS_000000232386
2026-08-08 06:56:55.174473: OpenEDS_000000232386, shape torch.Size([1, 1, 400, 640]), rank 0
2026-08-08 06:56:55.187045: predicting OpenEDS_000000232387
2026-08-08 06:56:55.188289: OpenEDS_000000232387, shape torch.Size([1, 1, 400, 640]), rank 0
2026-08-08 06:56:55.200821: predicting OpenEDS_000000232393
2026-08-08 06:56:55.202141: OpenEDS_000000232393, shape torch.Size([1, 1, 400, 640]), rank 0
2026-08-08 06:56:55.214634: predicting OpenEDS_000000232396
2026-08-08 06:56:55.215902: OpenEDS_000000232396, shape torch.Size([1, 1, 400, 640]), rank 0
2026-08-08 06:56:55.228351: predicting OpenEDS_000000232398
2026-08-08 06:56:55.229660: OpenEDS_000000232398, shape torch.Size([1, 1, 400, 640]), rank 0
2026-08-08 06:56:55.242134: predicting OpenEDS_000000232409
2026-08-08 06:56:55.243433: OpenEDS_000000232409, shape torch.Size([1, 1, 400, 640]), rank 0
2026-08-08 06:56:55.255920: predicting OpenEDS_000000232411
2026-08-08 06:56:55.257183: OpenEDS_000000232411, shape torch.Size([1, 1, 400, 640]), rank 0
2026-08-08 06:56:55.270016: predicting OpenEDS_000000232415
2026-08-08 06:56:55.271283: OpenEDS_000000232415, shape torch.Size([1, 1, 400, 640]), rank 0
2026-08-08 06:56:55.283754: predicting OpenEDS_000000232424
2026-08-08 06:56:55.285007: OpenEDS_000000232424, shape torch.Size([1, 1, 400, 640]), rank 0
2026-08-08 06:56:55.297447: predicting OpenEDS_000000232429
2026-08-08 06:56:55.298680: OpenEDS_000000232429, shape torch.Size([1, 1, 400, 640]), rank 0
2026-08-08 06:56:55.311241: predicting OpenEDS_000000232450
2026-08-08 06:56:55.312510: OpenEDS_000000232450, shape torch.Size([1, 1, 400, 640]), rank 0
2026-08-08 06:56:55.324971: predicting OpenEDS_000000232452
2026-08-08 06:56:55.326227: OpenEDS_000000232452, shape torch.Size([1, 1, 400, 640]), rank 0
2026-08-08 06:56:55.338646: predicting OpenEDS_000000232469
2026-08-08 06:56:55.339869: OpenEDS_000000232469, shape torch.Size([1, 1, 400, 640]), rank 0
2026-08-08 06:56:55.352306: predicting OpenEDS_000000232475
2026-08-08 06:56:55.353548: OpenEDS_000000232475, shape torch.Size([1, 1, 400, 640]), rank 0
2026-08-08 06:56:55.366056: predicting OpenEDS_000000232478
2026-08-08 06:56:55.367307: OpenEDS_000000232478, shape torch.Size([1, 1, 400, 640]), rank 0
2026-08-08 06:56:55.379719: predicting OpenEDS_000000232480
2026-08-08 06:56:55.380993: OpenEDS_000000232480, shape torch.Size([1, 1, 400, 640]), rank 0
2026-08-08 06:56:55.393542: predicting OpenEDS_000000235118
2026-08-08 06:56:55.394828: OpenEDS_000000235118, shape torch.Size([1, 1, 400, 640]), rank 0
2026-08-08 06:56:55.407277: predicting OpenEDS_000000235123
2026-08-08 06:56:55.408576: OpenEDS_000000235123, shape torch.Size([1, 1, 400, 640]), rank 0
2026-08-08 06:56:55.421422: predicting OpenEDS_000000235129
2026-08-08 06:56:55.422702: OpenEDS_000000235129, shape torch.Size([1, 1, 400, 640]), rank 0
2026-08-08 06:56:55.435530: predicting OpenEDS_000000235134
2026-08-08 06:56:55.436821: OpenEDS_000000235134, shape torch.Size([1, 1, 400, 640]), rank 0
2026-08-08 06:56:55.449656: predicting OpenEDS_000000235137
2026-08-08 06:56:55.450923: OpenEDS_000000235137, shape torch.Size([1, 1, 400, 640]), rank 0
2026-08-08 06:56:55.463665: predicting OpenEDS_000000235145
2026-08-08 06:56:55.464955: OpenEDS_000000235145, shape torch.Size([1, 1, 400, 640]), rank 0
2026-08-08 06:56:55.477694: predicting OpenEDS_000000235149
2026-08-08 06:56:55.478962: OpenEDS_000000235149, shape torch.Size([1, 1, 400, 640]), rank 0
2026-08-08 06:56:55.491438: predicting OpenEDS_000000235154
2026-08-08 06:56:55.492743: OpenEDS_000000235154, shape torch.Size([1, 1, 400, 640]), rank 0
2026-08-08 06:56:55.505196: predicting OpenEDS_000000235158
2026-08-08 06:56:55.506469: OpenEDS_000000235158, shape torch.Size([1, 1, 400, 640]), rank 0
2026-08-08 06:56:55.518912: predicting OpenEDS_000000235162
2026-08-08 06:56:55.520209: OpenEDS_000000235162, shape torch.Size([1, 1, 400, 640]), rank 0
2026-08-08 06:56:55.532638: predicting OpenEDS_000000235166
2026-08-08 06:56:55.533941: OpenEDS_000000235166, shape torch.Size([1, 1, 400, 640]), rank 0
2026-08-08 06:56:55.546418: predicting OpenEDS_000000235172
2026-08-08 06:56:55.547718: OpenEDS_000000235172, shape torch.Size([1, 1, 400, 640]), rank 0
2026-08-08 06:56:55.560566: predicting OpenEDS_000000235173
2026-08-08 06:56:55.561865: OpenEDS_000000235173, shape torch.Size([1, 1, 400, 640]), rank 0
2026-08-08 06:56:55.574415: predicting OpenEDS_000000235176
2026-08-08 06:56:55.575682: OpenEDS_000000235176, shape torch.Size([1, 1, 400, 640]), rank 0
2026-08-08 06:56:55.588162: predicting OpenEDS_000000235181
2026-08-08 06:56:55.589437: OpenEDS_000000235181, shape torch.Size([1, 1, 400, 640]), rank 0
2026-08-08 06:56:55.602490: predicting OpenEDS_000000235184
2026-08-08 06:56:55.603597: OpenEDS_000000235184, shape torch.Size([1, 1, 400, 640]), rank 0
2026-08-08 06:56:55.615973: predicting OpenEDS_000000235185
2026-08-08 06:56:55.617215: OpenEDS_000000235185, shape torch.Size([1, 1, 400, 640]), rank 0
2026-08-08 06:56:55.629608: predicting OpenEDS_000000235186
2026-08-08 06:56:55.630905: OpenEDS_000000235186, shape torch.Size([1, 1, 400, 640]), rank 0
2026-08-08 06:56:55.643348: predicting OpenEDS_000000235188
2026-08-08 06:56:55.644672: OpenEDS_000000235188, shape torch.Size([1, 1, 400, 640]), rank 0
2026-08-08 06:56:55.657182: predicting OpenEDS_000000235189
2026-08-08 06:56:55.658431: OpenEDS_000000235189, shape torch.Size([1, 1, 400, 640]), rank 0
2026-08-08 06:56:55.670922: predicting OpenEDS_000000235191
2026-08-08 06:56:55.672231: OpenEDS_000000235191, shape torch.Size([1, 1, 400, 640]), rank 0
2026-08-08 06:56:55.685167: predicting OpenEDS_000000235192
2026-08-08 06:56:55.686466: OpenEDS_000000235192, shape torch.Size([1, 1, 400, 640]), rank 0
2026-08-08 06:56:55.699310: predicting OpenEDS_000000235193
2026-08-08 06:56:55.700602: OpenEDS_000000235193, shape torch.Size([1, 1, 400, 640]), rank 0
2026-08-08 06:56:55.713419: predicting OpenEDS_000000235197
2026-08-08 06:56:55.714714: OpenEDS_000000235197, shape torch.Size([1, 1, 400, 640]), rank 0
2026-08-08 06:56:55.727274: predicting OpenEDS_000000235198
2026-08-08 06:56:55.728544: OpenEDS_000000235198, shape torch.Size([1, 1, 400, 640]), rank 0
2026-08-08 06:56:55.740979: predicting OpenEDS_000000235203
2026-08-08 06:56:55.742267: OpenEDS_000000235203, shape torch.Size([1, 1, 400, 640]), rank 0
2026-08-08 06:56:55.754761: predicting OpenEDS_000000235207
2026-08-08 06:56:55.756040: OpenEDS_000000235207, shape torch.Size([1, 1, 400, 640]), rank 0
2026-08-08 06:56:55.768623: predicting OpenEDS_000000235212
2026-08-08 06:56:55.769845: OpenEDS_000000235212, shape torch.Size([1, 1, 400, 640]), rank 0
2026-08-08 06:56:55.782331: predicting OpenEDS_000000235214
2026-08-08 06:56:55.783579: OpenEDS_000000235214, shape torch.Size([1, 1, 400, 640]), rank 0
2026-08-08 06:56:55.796365: predicting OpenEDS_000000235217
2026-08-08 06:56:55.797637: OpenEDS_000000235217, shape torch.Size([1, 1, 400, 640]), rank 0
2026-08-08 06:56:55.810188: predicting OpenEDS_000000235221
2026-08-08 06:56:55.811470: OpenEDS_000000235221, shape torch.Size([1, 1, 400, 640]), rank 0
2026-08-08 06:56:55.824296: predicting OpenEDS_000000235223
2026-08-08 06:56:55.825598: OpenEDS_000000235223, shape torch.Size([1, 1, 400, 640]), rank 0
2026-08-08 06:56:55.838090: predicting OpenEDS_000000235229
2026-08-08 06:56:55.839345: OpenEDS_000000235229, shape torch.Size([1, 1, 400, 640]), rank 0
2026-08-08 06:56:55.851859: predicting OpenEDS_000000235231
2026-08-08 06:56:55.853134: OpenEDS_000000235231, shape torch.Size([1, 1, 400, 640]), rank 0
2026-08-08 06:56:55.865576: predicting OpenEDS_000000235237
2026-08-08 06:56:55.866826: OpenEDS_000000235237, shape torch.Size([1, 1, 400, 640]), rank 0
2026-08-08 06:56:55.879299: predicting OpenEDS_000000235238
2026-08-08 06:56:55.880594: OpenEDS_000000235238, shape torch.Size([1, 1, 400, 640]), rank 0
2026-08-08 06:56:55.893398: predicting OpenEDS_000000235240
2026-08-08 06:56:55.894677: OpenEDS_000000235240, shape torch.Size([1, 1, 400, 640]), rank 0
2026-08-08 06:56:55.907515: predicting OpenEDS_000000235249
2026-08-08 06:56:55.908850: OpenEDS_000000235249, shape torch.Size([1, 1, 400, 640]), rank 0
2026-08-08 06:56:55.921347: predicting OpenEDS_000000237904
2026-08-08 06:56:55.922639: OpenEDS_000000237904, shape torch.Size([1, 1, 400, 640]), rank 0
2026-08-08 06:56:55.935092: predicting OpenEDS_000000237915
2026-08-08 06:56:55.936351: OpenEDS_000000237915, shape torch.Size([1, 1, 400, 640]), rank 0
2026-08-08 06:56:55.948802: predicting OpenEDS_000000237916
2026-08-08 06:56:55.950105: OpenEDS_000000237916, shape torch.Size([1, 1, 400, 640]), rank 0
2026-08-08 06:56:55.962703: predicting OpenEDS_000000237919
2026-08-08 06:56:55.964004: OpenEDS_000000237919, shape torch.Size([1, 1, 400, 640]), rank 0
2026-08-08 06:56:55.976444: predicting OpenEDS_000000237930
2026-08-08 06:56:55.977750: OpenEDS_000000237930, shape torch.Size([1, 1, 400, 640]), rank 0
2026-08-08 06:56:55.990756: predicting OpenEDS_000000237932
2026-08-08 06:56:55.992028: OpenEDS_000000237932, shape torch.Size([1, 1, 400, 640]), rank 0
2026-08-08 06:56:56.004557: predicting OpenEDS_000000237933
2026-08-08 06:56:56.005848: OpenEDS_000000237933, shape torch.Size([1, 1, 400, 640]), rank 0
2026-08-08 06:56:56.018337: predicting OpenEDS_000000237946
2026-08-08 06:56:56.019645: OpenEDS_000000237946, shape torch.Size([1, 1, 400, 640]), rank 0
2026-08-08 06:56:56.032065: predicting OpenEDS_000000237958
2026-08-08 06:56:56.033314: OpenEDS_000000237958, shape torch.Size([1, 1, 400, 640]), rank 0
2026-08-08 06:56:56.045795: predicting OpenEDS_000000237961
2026-08-08 06:56:56.047067: OpenEDS_000000237961, shape torch.Size([1, 1, 400, 640]), rank 0
2026-08-08 06:56:56.059537: predicting OpenEDS_000000237968
2026-08-08 06:56:56.060805: OpenEDS_000000237968, shape torch.Size([1, 1, 400, 640]), rank 0
2026-08-08 06:56:56.073211: predicting OpenEDS_000000237976
2026-08-08 06:56:56.074433: OpenEDS_000000237976, shape torch.Size([1, 1, 400, 640]), rank 0
2026-08-08 06:56:56.086904: predicting OpenEDS_000000237988
2026-08-08 06:56:56.088158: OpenEDS_000000237988, shape torch.Size([1, 1, 400, 640]), rank 0
2026-08-08 06:56:56.100658: predicting OpenEDS_000000237995
2026-08-08 06:56:56.101919: OpenEDS_000000237995, shape torch.Size([1, 1, 400, 640]), rank 0
2026-08-08 06:56:56.114419: predicting OpenEDS_000000238001
2026-08-08 06:56:56.115723: OpenEDS_000000238001, shape torch.Size([1, 1, 400, 640]), rank 0
2026-08-08 06:56:56.128168: predicting OpenEDS_000000238005
2026-08-08 06:56:56.129435: OpenEDS_000000238005, shape torch.Size([1, 1, 400, 640]), rank 0
2026-08-08 06:56:56.141846: predicting OpenEDS_000000238006
2026-08-08 06:56:56.143147: OpenEDS_000000238006, shape torch.Size([1, 1, 400, 640]), rank 0
2026-08-08 06:56:56.155557: predicting OpenEDS_000000238008
2026-08-08 06:56:56.156854: OpenEDS_000000238008, shape torch.Size([1, 1, 400, 640]), rank 0
2026-08-08 06:56:56.169799: predicting OpenEDS_000000238010
2026-08-08 06:56:56.171081: OpenEDS_000000238010, shape torch.Size([1, 1, 400, 640]), rank 0
2026-08-08 06:56:56.183883: predicting OpenEDS_000000238016
2026-08-08 06:56:56.185169: OpenEDS_000000238016, shape torch.Size([1, 1, 400, 640]), rank 0
2026-08-08 06:56:56.198008: predicting OpenEDS_000000238026
2026-08-08 06:56:56.199271: OpenEDS_000000238026, shape torch.Size([1, 1, 400, 640]), rank 0
2026-08-08 06:56:56.211950: predicting OpenEDS_000000238028
2026-08-08 06:56:56.213259: OpenEDS_000000238028, shape torch.Size([1, 1, 400, 640]), rank 0
2026-08-08 06:56:56.225760: predicting OpenEDS_000000240678
2026-08-08 06:56:56.227026: OpenEDS_000000240678, shape torch.Size([1, 1, 400, 640]), rank 0
2026-08-08 06:56:56.239560: predicting OpenEDS_000000240679
2026-08-08 06:56:56.240856: OpenEDS_000000240679, shape torch.Size([1, 1, 400, 640]), rank 0
2026-08-08 06:56:56.253285: predicting OpenEDS_000000240689
2026-08-08 06:56:56.254559: OpenEDS_000000240689, shape torch.Size([1, 1, 400, 640]), rank 0
2026-08-08 06:56:56.267017: predicting OpenEDS_000000240690
2026-08-08 06:56:56.268267: OpenEDS_000000240690, shape torch.Size([1, 1, 400, 640]), rank 0
2026-08-08 06:56:56.280777: predicting OpenEDS_000000240695
2026-08-08 06:56:56.282051: OpenEDS_000000240695, shape torch.Size([1, 1, 400, 640]), rank 0
2026-08-08 06:56:56.294532: predicting OpenEDS_000000240697
2026-08-08 06:56:56.295758: OpenEDS_000000240697, shape torch.Size([1, 1, 400, 640]), rank 0
2026-08-08 06:56:56.308248: predicting OpenEDS_000000240700
2026-08-08 06:56:56.309511: OpenEDS_000000240700, shape torch.Size([1, 1, 400, 640]), rank 0
2026-08-08 06:56:56.322571: predicting OpenEDS_000000240703
2026-08-08 06:56:56.323724: OpenEDS_000000240703, shape torch.Size([1, 1, 400, 640]), rank 0
2026-08-08 06:56:56.336185: predicting OpenEDS_000000240704
2026-08-08 06:56:56.337446: OpenEDS_000000240704, shape torch.Size([1, 1, 400, 640]), rank 0
2026-08-08 06:56:56.349874: predicting OpenEDS_000000240711
2026-08-08 06:56:56.351097: OpenEDS_000000240711, shape torch.Size([1, 1, 400, 640]), rank 0
2026-08-08 06:56:56.363570: predicting OpenEDS_000000240715
2026-08-08 06:56:56.364945: OpenEDS_000000240715, shape torch.Size([1, 1, 400, 640]), rank 0
2026-08-08 06:56:56.377419: predicting OpenEDS_000000240727
2026-08-08 06:56:56.378707: OpenEDS_000000240727, shape torch.Size([1, 1, 400, 640]), rank 0
2026-08-08 06:56:56.391225: predicting OpenEDS_000000240729
2026-08-08 06:56:56.392493: OpenEDS_000000240729, shape torch.Size([1, 1, 400, 640]), rank 0
2026-08-08 06:56:56.404935: predicting OpenEDS_000000240730
2026-08-08 06:56:56.406188: OpenEDS_000000240730, shape torch.Size([1, 1, 400, 640]), rank 0
2026-08-08 06:56:56.418789: predicting OpenEDS_000000240733
2026-08-08 06:56:56.420037: OpenEDS_000000240733, shape torch.Size([1, 1, 400, 640]), rank 0
2026-08-08 06:56:56.432600: predicting OpenEDS_000000240737
2026-08-08 06:56:56.433918: OpenEDS_000000240737, shape torch.Size([1, 1, 400, 640]), rank 0
2026-08-08 06:56:56.446370: predicting OpenEDS_000000240741
2026-08-08 06:56:56.447599: OpenEDS_000000240741, shape torch.Size([1, 1, 400, 640]), rank 0
2026-08-08 06:56:56.460078: predicting OpenEDS_000000240743
2026-08-08 06:56:56.461435: OpenEDS_000000240743, shape torch.Size([1, 1, 400, 640]), rank 0
2026-08-08 06:56:56.473966: predicting OpenEDS_000000240745
2026-08-08 06:56:56.475276: OpenEDS_000000240745, shape torch.Size([1, 1, 400, 640]), rank 0
2026-08-08 06:56:56.488125: predicting OpenEDS_000000240747
2026-08-08 06:56:56.489356: OpenEDS_000000240747, shape torch.Size([1, 1, 400, 640]), rank 0
2026-08-08 06:56:56.502193: predicting OpenEDS_000000240756
2026-08-08 06:56:56.503459: OpenEDS_000000240756, shape torch.Size([1, 1, 400, 640]), rank 0
2026-08-08 06:56:56.516211: predicting OpenEDS_000000240761
2026-08-08 06:56:56.517490: OpenEDS_000000240761, shape torch.Size([1, 1, 400, 640]), rank 0
2026-08-08 06:56:56.530217: predicting OpenEDS_000000240762
2026-08-08 06:56:56.531510: OpenEDS_000000240762, shape torch.Size([1, 1, 400, 640]), rank 0
2026-08-08 06:56:56.544210: predicting OpenEDS_000000240763
2026-08-08 06:56:56.545458: OpenEDS_000000240763, shape torch.Size([1, 1, 400, 640]), rank 0
2026-08-08 06:56:56.558010: predicting OpenEDS_000000240764
2026-08-08 06:56:56.559236: OpenEDS_000000240764, shape torch.Size([1, 1, 400, 640]), rank 0
2026-08-08 06:56:56.571784: predicting OpenEDS_000000246078
2026-08-08 06:56:56.573039: OpenEDS_000000246078, shape torch.Size([1, 1, 400, 640]), rank 0
2026-08-08 06:56:56.585630: predicting OpenEDS_000000246080
2026-08-08 06:56:56.586886: OpenEDS_000000246080, shape torch.Size([1, 1, 400, 640]), rank 0
2026-08-08 06:56:56.599302: predicting OpenEDS_000000246081
2026-08-08 06:56:56.600611: OpenEDS_000000246081, shape torch.Size([1, 1, 400, 640]), rank 0
2026-08-08 06:56:56.613222: predicting OpenEDS_000000246085
2026-08-08 06:56:56.614532: OpenEDS_000000246085, shape torch.Size([1, 1, 400, 640]), rank 0
2026-08-08 06:56:56.626867: predicting OpenEDS_000000246092
2026-08-08 06:56:56.628160: OpenEDS_000000246092, shape torch.Size([1, 1, 400, 640]), rank 0
2026-08-08 06:56:56.640555: predicting OpenEDS_000000246098
2026-08-08 06:56:56.641876: OpenEDS_000000246098, shape torch.Size([1, 1, 400, 640]), rank 0
2026-08-08 06:56:56.654732: predicting OpenEDS_000000246105
2026-08-08 06:56:56.656080: OpenEDS_000000246105, shape torch.Size([1, 1, 400, 640]), rank 0
2026-08-08 06:56:56.668923: predicting OpenEDS_000000246108
2026-08-08 06:56:56.670205: OpenEDS_000000246108, shape torch.Size([1, 1, 400, 640]), rank 0
2026-08-08 06:56:56.682889: predicting OpenEDS_000000246115
2026-08-08 06:56:56.684162: OpenEDS_000000246115, shape torch.Size([1, 1, 400, 640]), rank 0
2026-08-08 06:56:56.696698: predicting OpenEDS_000000246117
2026-08-08 06:56:56.697967: OpenEDS_000000246117, shape torch.Size([1, 1, 400, 640]), rank 0
2026-08-08 06:56:56.710460: predicting OpenEDS_000000246126
2026-08-08 06:56:56.711713: OpenEDS_000000246126, shape torch.Size([1, 1, 400, 640]), rank 0
2026-08-08 06:56:56.724266: predicting OpenEDS_000000246141
2026-08-08 06:56:56.725579: OpenEDS_000000246141, shape torch.Size([1, 1, 400, 640]), rank 0
2026-08-08 06:56:56.738219: predicting OpenEDS_000000246147
2026-08-08 06:56:56.739499: OpenEDS_000000246147, shape torch.Size([1, 1, 400, 640]), rank 0
2026-08-08 06:56:56.752162: predicting OpenEDS_000000246152
2026-08-08 06:56:56.753460: OpenEDS_000000246152, shape torch.Size([1, 1, 400, 640]), rank 0
2026-08-08 06:56:56.765957: predicting OpenEDS_000000248776
2026-08-08 06:56:56.767241: OpenEDS_000000248776, shape torch.Size([1, 1, 400, 640]), rank 0
2026-08-08 06:56:56.779950: predicting OpenEDS_000000248780
2026-08-08 06:56:56.781149: OpenEDS_000000248780, shape torch.Size([1, 1, 400, 640]), rank 0
2026-08-08 06:56:56.793711: predicting OpenEDS_000000248787
2026-08-08 06:56:56.794987: OpenEDS_000000248787, shape torch.Size([1, 1, 400, 640]), rank 0
2026-08-08 06:56:56.807566: predicting OpenEDS_000000248790
2026-08-08 06:56:56.808822: OpenEDS_000000248790, shape torch.Size([1, 1, 400, 640]), rank 0
2026-08-08 06:56:56.821305: predicting OpenEDS_000000248799
2026-08-08 06:56:56.822635: OpenEDS_000000248799, shape torch.Size([1, 1, 400, 640]), rank 0
2026-08-08 06:56:56.835023: predicting OpenEDS_000000248801
2026-08-08 06:56:56.836304: OpenEDS_000000248801, shape torch.Size([1, 1, 400, 640]), rank 0
2026-08-08 06:56:56.848796: predicting OpenEDS_000000248805
2026-08-08 06:56:56.850049: OpenEDS_000000248805, shape torch.Size([1, 1, 400, 640]), rank 0
2026-08-08 06:56:56.862519: predicting OpenEDS_000000248814
2026-08-08 06:56:56.863816: OpenEDS_000000248814, shape torch.Size([1, 1, 400, 640]), rank 0
2026-08-08 06:56:56.876319: predicting OpenEDS_000000248816
2026-08-08 06:56:56.877581: OpenEDS_000000248816, shape torch.Size([1, 1, 400, 640]), rank 0
2026-08-08 06:56:56.890024: predicting OpenEDS_000000248818
2026-08-08 06:56:56.891290: OpenEDS_000000248818, shape torch.Size([1, 1, 400, 640]), rank 0
2026-08-08 06:56:56.903862: predicting OpenEDS_000000248820
2026-08-08 06:56:56.905121: OpenEDS_000000248820, shape torch.Size([1, 1, 400, 640]), rank 0
2026-08-08 06:56:56.918027: predicting OpenEDS_000000248822
2026-08-08 06:56:56.919301: OpenEDS_000000248822, shape torch.Size([1, 1, 400, 640]), rank 0
2026-08-08 06:56:56.931771: predicting OpenEDS_000000248824
2026-08-08 06:56:56.933037: OpenEDS_000000248824, shape torch.Size([1, 1, 400, 640]), rank 0
2026-08-08 06:56:56.945456: predicting OpenEDS_000000248826
2026-08-08 06:56:56.946745: OpenEDS_000000248826, shape torch.Size([1, 1, 400, 640]), rank 0
2026-08-08 06:56:56.959229: predicting OpenEDS_000000248834
2026-08-08 06:56:56.960515: OpenEDS_000000248834, shape torch.Size([1, 1, 400, 640]), rank 0
2026-08-08 06:56:56.973058: predicting OpenEDS_000000248840
2026-08-08 06:56:56.974339: OpenEDS_000000248840, shape torch.Size([1, 1, 400, 640]), rank 0
2026-08-08 06:56:56.987069: predicting OpenEDS_000000248843
2026-08-08 06:56:56.988328: OpenEDS_000000248843, shape torch.Size([1, 1, 400, 640]), rank 0
2026-08-08 06:56:57.001228: predicting OpenEDS_000000248846
2026-08-08 06:56:57.002583: OpenEDS_000000248846, shape torch.Size([1, 1, 400, 640]), rank 0
2026-08-08 06:56:57.015532: predicting OpenEDS_000000248851
2026-08-08 06:56:57.016832: OpenEDS_000000248851, shape torch.Size([1, 1, 400, 640]), rank 0
2026-08-08 06:56:57.029529: predicting OpenEDS_000000251504
2026-08-08 06:56:57.030821: OpenEDS_000000251504, shape torch.Size([1, 1, 400, 640]), rank 0
2026-08-08 06:56:57.043408: predicting OpenEDS_000000251508
2026-08-08 06:56:57.044783: OpenEDS_000000251508, shape torch.Size([1, 1, 400, 640]), rank 0
2026-08-08 06:56:57.057271: predicting OpenEDS_000000251511
2026-08-08 06:56:57.058528: OpenEDS_000000251511, shape torch.Size([1, 1, 400, 640]), rank 0
2026-08-08 06:56:57.071047: predicting OpenEDS_000000251514
2026-08-08 06:56:57.072313: OpenEDS_000000251514, shape torch.Size([1, 1, 400, 640]), rank 0
2026-08-08 06:56:57.084867: predicting OpenEDS_000000251519
2026-08-08 06:56:57.086219: OpenEDS_000000251519, shape torch.Size([1, 1, 400, 640]), rank 0
2026-08-08 06:56:57.098692: predicting OpenEDS_000000251527
2026-08-08 06:56:57.099934: OpenEDS_000000251527, shape torch.Size([1, 1, 400, 640]), rank 0
2026-08-08 06:56:57.112478: predicting OpenEDS_000000251530
2026-08-08 06:56:57.113773: OpenEDS_000000251530, shape torch.Size([1, 1, 400, 640]), rank 0
2026-08-08 06:56:57.126433: predicting OpenEDS_000000251531
2026-08-08 06:56:57.127707: OpenEDS_000000251531, shape torch.Size([1, 1, 400, 640]), rank 0
2026-08-08 06:56:57.140201: predicting OpenEDS_000000251535
2026-08-08 06:56:57.141532: OpenEDS_000000251535, shape torch.Size([1, 1, 400, 640]), rank 0
2026-08-08 06:56:57.153920: predicting OpenEDS_000000251537
2026-08-08 06:56:57.155210: OpenEDS_000000251537, shape torch.Size([1, 1, 400, 640]), rank 0
2026-08-08 06:56:57.167744: predicting OpenEDS_000000251539
2026-08-08 06:56:57.169010: OpenEDS_000000251539, shape torch.Size([1, 1, 400, 640]), rank 0
2026-08-08 06:56:57.181612: predicting OpenEDS_000000251541
2026-08-08 06:56:57.182843: OpenEDS_000000251541, shape torch.Size([1, 1, 400, 640]), rank 0
2026-08-08 06:56:57.195468: predicting OpenEDS_000000251543
2026-08-08 06:56:57.196775: OpenEDS_000000251543, shape torch.Size([1, 1, 400, 640]), rank 0
2026-08-08 06:56:57.209291: predicting OpenEDS_000000251545
2026-08-08 06:56:57.210617: OpenEDS_000000251545, shape torch.Size([1, 1, 400, 640]), rank 0
2026-08-08 06:56:57.223192: predicting OpenEDS_000000251552
2026-08-08 06:56:57.224646: OpenEDS_000000251552, shape torch.Size([1, 1, 400, 640]), rank 0
2026-08-08 06:56:57.237151: predicting OpenEDS_000000251560
2026-08-08 06:56:57.238433: OpenEDS_000000251560, shape torch.Size([1, 1, 400, 640]), rank 0
2026-08-08 06:56:57.250987: predicting OpenEDS_000000251563
2026-08-08 06:56:57.252326: OpenEDS_000000251563, shape torch.Size([1, 1, 400, 640]), rank 0
2026-08-08 06:56:57.264877: predicting OpenEDS_000000251567
2026-08-08 06:56:57.266179: OpenEDS_000000251567, shape torch.Size([1, 1, 400, 640]), rank 0
2026-08-08 06:56:57.278638: predicting OpenEDS_000000251573
2026-08-08 06:56:57.279909: OpenEDS_000000251573, shape torch.Size([1, 1, 400, 640]), rank 0
2026-08-08 06:56:57.292413: predicting OpenEDS_000000251578
2026-08-08 06:56:57.293681: OpenEDS_000000251578, shape torch.Size([1, 1, 400, 640]), rank 0
2026-08-08 06:56:57.306686: predicting OpenEDS_000000251579
2026-08-08 06:56:57.307950: OpenEDS_000000251579, shape torch.Size([1, 1, 400, 640]), rank 0
2026-08-08 06:56:57.320654: predicting OpenEDS_000000251582
2026-08-08 06:56:57.321963: OpenEDS_000000251582, shape torch.Size([1, 1, 400, 640]), rank 0
2026-08-08 06:56:57.334795: predicting OpenEDS_000000251592
2026-08-08 06:56:57.336136: OpenEDS_000000251592, shape torch.Size([1, 1, 400, 640]), rank 0
2026-08-08 06:56:57.348637: predicting OpenEDS_000000251593
2026-08-08 06:56:57.349910: OpenEDS_000000251593, shape torch.Size([1, 1, 400, 640]), rank 0
2026-08-08 06:56:57.362378: predicting OpenEDS_000000254249
2026-08-08 06:56:57.363634: OpenEDS_000000254249, shape torch.Size([1, 1, 400, 640]), rank 0
2026-08-08 06:56:57.376173: predicting OpenEDS_000000254250
2026-08-08 06:56:57.377469: OpenEDS_000000254250, shape torch.Size([1, 1, 400, 640]), rank 0
2026-08-08 06:56:57.389923: predicting OpenEDS_000000254253
2026-08-08 06:56:57.391189: OpenEDS_000000254253, shape torch.Size([1, 1, 400, 640]), rank 0
2026-08-08 06:56:57.403641: predicting OpenEDS_000000254256
2026-08-08 06:56:57.404891: OpenEDS_000000254256, shape torch.Size([1, 1, 400, 640]), rank 0
2026-08-08 06:56:57.417417: predicting OpenEDS_000000254260
2026-08-08 06:56:57.418656: OpenEDS_000000254260, shape torch.Size([1, 1, 400, 640]), rank 0
2026-08-08 06:56:57.431511: predicting OpenEDS_000000254263
2026-08-08 06:56:57.432787: OpenEDS_000000254263, shape torch.Size([1, 1, 400, 640]), rank 0
2026-08-08 06:56:57.445594: predicting OpenEDS_000000254272
2026-08-08 06:56:57.446871: OpenEDS_000000254272, shape torch.Size([1, 1, 400, 640]), rank 0
2026-08-08 06:56:57.459533: predicting OpenEDS_000000254287
2026-08-08 06:56:57.460862: OpenEDS_000000254287, shape torch.Size([1, 1, 400, 640]), rank 0
2026-08-08 06:56:57.473526: predicting OpenEDS_000000254289
2026-08-08 06:56:57.474830: OpenEDS_000000254289, shape torch.Size([1, 1, 400, 640]), rank 0
2026-08-08 06:56:57.487350: predicting OpenEDS_000000254301
2026-08-08 06:56:57.488670: OpenEDS_000000254301, shape torch.Size([1, 1, 400, 640]), rank 0
2026-08-08 06:56:57.501339: predicting OpenEDS_000000254302
2026-08-08 06:56:57.502636: OpenEDS_000000254302, shape torch.Size([1, 1, 400, 640]), rank 0
2026-08-08 06:56:57.515133: predicting OpenEDS_000000254303
2026-08-08 06:56:57.516430: OpenEDS_000000254303, shape torch.Size([1, 1, 400, 640]), rank 0
2026-08-08 06:56:57.528833: predicting OpenEDS_000000254309
2026-08-08 06:56:57.530124: OpenEDS_000000254309, shape torch.Size([1, 1, 400, 640]), rank 0
2026-08-08 06:56:57.542984: predicting OpenEDS_000000254311
2026-08-08 06:56:57.544242: OpenEDS_000000254311, shape torch.Size([1, 1, 400, 640]), rank 0
2026-08-08 06:56:57.556723: predicting OpenEDS_000000254313
2026-08-08 06:56:57.557998: OpenEDS_000000254313, shape torch.Size([1, 1, 400, 640]), rank 0
2026-08-08 06:56:57.570895: predicting OpenEDS_000000254318
2026-08-08 06:56:57.572147: OpenEDS_000000254318, shape torch.Size([1, 1, 400, 640]), rank 0
2026-08-08 06:56:57.584672: predicting OpenEDS_000000254322
2026-08-08 06:56:57.585961: OpenEDS_000000254322, shape torch.Size([1, 1, 400, 640]), rank 0
2026-08-08 06:56:57.598551: predicting OpenEDS_000000256981
2026-08-08 06:56:57.600065: OpenEDS_000000256981, shape torch.Size([1, 1, 400, 640]), rank 0
2026-08-08 06:56:57.612630: predicting OpenEDS_000000257002
2026-08-08 06:56:57.613951: OpenEDS_000000257002, shape torch.Size([1, 1, 400, 640]), rank 0
2026-08-08 06:56:57.626555: predicting OpenEDS_000000257005
2026-08-08 06:56:57.627821: OpenEDS_000000257005, shape torch.Size([1, 1, 400, 640]), rank 0
2026-08-08 06:56:57.640322: predicting OpenEDS_000000257011
2026-08-08 06:56:57.641628: OpenEDS_000000257011, shape torch.Size([1, 1, 400, 640]), rank 0
2026-08-08 06:56:57.654202: predicting OpenEDS_000000257014
2026-08-08 06:56:57.655500: OpenEDS_000000257014, shape torch.Size([1, 1, 400, 640]), rank 0
2026-08-08 06:56:57.668028: predicting OpenEDS_000000257019
2026-08-08 06:56:57.669296: OpenEDS_000000257019, shape torch.Size([1, 1, 400, 640]), rank 0
2026-08-08 06:56:57.681920: predicting OpenEDS_000000257023
2026-08-08 06:56:57.683245: OpenEDS_000000257023, shape torch.Size([1, 1, 400, 640]), rank 0
2026-08-08 06:56:57.695746: predicting OpenEDS_000000257026
2026-08-08 06:56:57.697014: OpenEDS_000000257026, shape torch.Size([1, 1, 400, 640]), rank 0
2026-08-08 06:56:57.709512: predicting OpenEDS_000000257027
2026-08-08 06:56:57.711016: OpenEDS_000000257027, shape torch.Size([1, 1, 400, 640]), rank 0
2026-08-08 06:56:57.723958: predicting OpenEDS_000000257030
2026-08-08 06:56:57.725238: OpenEDS_000000257030, shape torch.Size([1, 1, 400, 640]), rank 0
2026-08-08 06:56:57.737802: predicting OpenEDS_000000257031
2026-08-08 06:56:57.739078: OpenEDS_000000257031, shape torch.Size([1, 1, 400, 640]), rank 0
2026-08-08 06:56:57.751614: predicting OpenEDS_000000257038
2026-08-08 06:56:57.752949: OpenEDS_000000257038, shape torch.Size([1, 1, 400, 640]), rank 0
2026-08-08 06:56:57.765434: predicting OpenEDS_000000257046
2026-08-08 06:56:57.766710: OpenEDS_000000257046, shape torch.Size([1, 1, 400, 640]), rank 0
2026-08-08 06:56:57.779233: predicting OpenEDS_000000257052
2026-08-08 06:56:57.780518: OpenEDS_000000257052, shape torch.Size([1, 1, 400, 640]), rank 0
2026-08-08 06:56:57.793075: predicting OpenEDS_000000257053
2026-08-08 06:56:57.794328: OpenEDS_000000257053, shape torch.Size([1, 1, 400, 640]), rank 0
2026-08-08 06:56:57.806878: predicting OpenEDS_000000257056
2026-08-08 06:56:57.808165: OpenEDS_000000257056, shape torch.Size([1, 1, 400, 640]), rank 0
2026-08-08 06:56:57.820670: predicting OpenEDS_000000257057
2026-08-08 06:56:57.821947: OpenEDS_000000257057, shape torch.Size([1, 1, 400, 640]), rank 0
2026-08-08 06:56:57.834357: predicting OpenEDS_000000259715
2026-08-08 06:56:57.835647: OpenEDS_000000259715, shape torch.Size([1, 1, 400, 640]), rank 0
2026-08-08 06:56:57.848107: predicting OpenEDS_000000259716
2026-08-08 06:56:57.849336: OpenEDS_000000259716, shape torch.Size([1, 1, 400, 640]), rank 0
2026-08-08 06:56:57.861827: predicting OpenEDS_000000259720
2026-08-08 06:56:57.863101: OpenEDS_000000259720, shape torch.Size([1, 1, 400, 640]), rank 0
2026-08-08 06:56:57.875655: predicting OpenEDS_000000259723
2026-08-08 06:56:57.876916: OpenEDS_000000259723, shape torch.Size([1, 1, 400, 640]), rank 0
2026-08-08 06:56:57.889527: predicting OpenEDS_000000259728
2026-08-08 06:56:57.890857: OpenEDS_000000259728, shape torch.Size([1, 1, 400, 640]), rank 0
2026-08-08 06:56:57.903425: predicting OpenEDS_000000259730
2026-08-08 06:56:57.904724: OpenEDS_000000259730, shape torch.Size([1, 1, 400, 640]), rank 0
2026-08-08 06:56:57.917198: predicting OpenEDS_000000259740
2026-08-08 06:56:57.918485: OpenEDS_000000259740, shape torch.Size([1, 1, 400, 640]), rank 0
2026-08-08 06:56:57.930952: predicting OpenEDS_000000259742
2026-08-08 06:56:57.932169: OpenEDS_000000259742, shape torch.Size([1, 1, 400, 640]), rank 0
2026-08-08 06:56:57.944658: predicting OpenEDS_000000259745
2026-08-08 06:56:57.945878: OpenEDS_000000259745, shape torch.Size([1, 1, 400, 640]), rank 0
2026-08-08 06:56:57.958411: predicting OpenEDS_000000259753
2026-08-08 06:56:57.959847: OpenEDS_000000259753, shape torch.Size([1, 1, 400, 640]), rank 0
2026-08-08 06:56:57.972858: predicting OpenEDS_000000259755
2026-08-08 06:56:57.974233: OpenEDS_000000259755, shape torch.Size([1, 1, 400, 640]), rank 0
2026-08-08 06:56:57.987195: predicting OpenEDS_000000259760
2026-08-08 06:56:57.988478: OpenEDS_000000259760, shape torch.Size([1, 1, 400, 640]), rank 0
2026-08-08 06:56:58.001338: predicting OpenEDS_000000259762
2026-08-08 06:56:58.002645: OpenEDS_000000259762, shape torch.Size([1, 1, 400, 640]), rank 0
2026-08-08 06:56:58.015497: predicting OpenEDS_000000259765
2026-08-08 06:56:58.016855: OpenEDS_000000259765, shape torch.Size([1, 1, 400, 640]), rank 0
2026-08-08 06:56:58.029639: predicting OpenEDS_000000259767
2026-08-08 06:56:58.030940: OpenEDS_000000259767, shape torch.Size([1, 1, 400, 640]), rank 0
2026-08-08 06:56:58.043522: predicting OpenEDS_000000259768
2026-08-08 06:56:58.044839: OpenEDS_000000259768, shape torch.Size([1, 1, 400, 640]), rank 0
2026-08-08 06:56:58.057406: predicting OpenEDS_000000259769
2026-08-08 06:56:58.058701: OpenEDS_000000259769, shape torch.Size([1, 1, 400, 640]), rank 0
2026-08-08 06:56:58.071305: predicting OpenEDS_000000259770
2026-08-08 06:56:58.072590: OpenEDS_000000259770, shape torch.Size([1, 1, 400, 640]), rank 0
2026-08-08 06:56:58.085207: predicting OpenEDS_000000259773
2026-08-08 06:56:58.086518: OpenEDS_000000259773, shape torch.Size([1, 1, 400, 640]), rank 0
2026-08-08 06:56:58.099095: predicting OpenEDS_000000259776
2026-08-08 06:56:58.100353: OpenEDS_000000259776, shape torch.Size([1, 1, 400, 640]), rank 0
2026-08-08 06:56:58.112965: predicting OpenEDS_000000259781
2026-08-08 06:56:58.114244: OpenEDS_000000259781, shape torch.Size([1, 1, 400, 640]), rank 0
2026-08-08 06:56:58.127162: predicting OpenEDS_000000259782
2026-08-08 06:56:58.128420: OpenEDS_000000259782, shape torch.Size([1, 1, 400, 640]), rank 0
2026-08-08 06:56:58.140895: predicting OpenEDS_000000259790
2026-08-08 06:56:58.142194: OpenEDS_000000259790, shape torch.Size([1, 1, 400, 640]), rank 0
2026-08-08 06:56:58.155086: predicting OpenEDS_000000259792
2026-08-08 06:56:58.156200: OpenEDS_000000259792, shape torch.Size([1, 1, 400, 640]), rank 0
2026-08-08 06:56:58.168529: predicting OpenEDS_000000259794
2026-08-08 06:56:58.169800: OpenEDS_000000259794, shape torch.Size([1, 1, 400, 640]), rank 0
2026-08-08 06:56:58.182244: predicting OpenEDS_000000259797
2026-08-08 06:56:58.183508: OpenEDS_000000259797, shape torch.Size([1, 1, 400, 640]), rank 0
2026-08-08 06:56:58.196480: predicting OpenEDS_000000262447
2026-08-08 06:56:58.197605: OpenEDS_000000262447, shape torch.Size([1, 1, 400, 640]), rank 0
2026-08-08 06:56:58.210099: predicting OpenEDS_000000262450
2026-08-08 06:56:58.211409: OpenEDS_000000262450, shape torch.Size([1, 1, 400, 640]), rank 0
2026-08-08 06:56:58.223959: predicting OpenEDS_000000262452
2026-08-08 06:56:58.225244: OpenEDS_000000262452, shape torch.Size([1, 1, 400, 640]), rank 0
2026-08-08 06:56:58.237778: predicting OpenEDS_000000262454
2026-08-08 06:56:58.239055: OpenEDS_000000262454, shape torch.Size([1, 1, 400, 640]), rank 0
2026-08-08 06:56:58.251593: predicting OpenEDS_000000262459
2026-08-08 06:56:58.252928: OpenEDS_000000262459, shape torch.Size([1, 1, 400, 640]), rank 0
2026-08-08 06:56:58.265454: predicting OpenEDS_000000262462
2026-08-08 06:56:58.266789: OpenEDS_000000262462, shape torch.Size([1, 1, 400, 640]), rank 0
2026-08-08 06:56:58.279224: predicting OpenEDS_000000262466
2026-08-08 06:56:58.280510: OpenEDS_000000262466, shape torch.Size([1, 1, 400, 640]), rank 0
2026-08-08 06:56:58.293411: predicting OpenEDS_000000262470
2026-08-08 06:56:58.294710: OpenEDS_000000262470, shape torch.Size([1, 1, 400, 640]), rank 0
2026-08-08 06:56:58.307256: predicting OpenEDS_000000262474
2026-08-08 06:56:58.308589: OpenEDS_000000262474, shape torch.Size([1, 1, 400, 640]), rank 0
2026-08-08 06:56:58.321267: predicting OpenEDS_000000262479
2026-08-08 06:56:58.322553: OpenEDS_000000262479, shape torch.Size([1, 1, 400, 640]), rank 0
2026-08-08 06:56:58.334963: predicting OpenEDS_000000262488
2026-08-08 06:56:58.336244: OpenEDS_000000262488, shape torch.Size([1, 1, 400, 640]), rank 0
2026-08-08 06:56:58.348819: predicting OpenEDS_000000262489
2026-08-08 06:56:58.350105: OpenEDS_000000262489, shape torch.Size([1, 1, 400, 640]), rank 0
2026-08-08 06:56:58.362667: predicting OpenEDS_000000262502
2026-08-08 06:56:58.363903: OpenEDS_000000262502, shape torch.Size([1, 1, 400, 640]), rank 0
2026-08-08 06:56:58.376450: predicting OpenEDS_000000262510
2026-08-08 06:56:58.377741: OpenEDS_000000262510, shape torch.Size([1, 1, 400, 640]), rank 0
2026-08-08 06:56:58.390202: predicting OpenEDS_000000262511
2026-08-08 06:56:58.391490: OpenEDS_000000262511, shape torch.Size([1, 1, 400, 640]), rank 0
2026-08-08 06:56:58.403872: predicting OpenEDS_000000262512
2026-08-08 06:56:58.405130: OpenEDS_000000262512, shape torch.Size([1, 1, 400, 640]), rank 0
2026-08-08 06:56:58.417675: predicting OpenEDS_000000262518
2026-08-08 06:56:58.418943: OpenEDS_000000262518, shape torch.Size([1, 1, 400, 640]), rank 0
2026-08-08 06:56:58.431459: predicting OpenEDS_000000262520
2026-08-08 06:56:58.432773: OpenEDS_000000262520, shape torch.Size([1, 1, 400, 640]), rank 0
2026-08-08 06:56:58.445240: predicting OpenEDS_000000262523
2026-08-08 06:56:58.446507: OpenEDS_000000262523, shape torch.Size([1, 1, 400, 640]), rank 0
2026-08-08 06:56:58.459045: predicting OpenEDS_000000262525
2026-08-08 06:56:58.460334: OpenEDS_000000262525, shape torch.Size([1, 1, 400, 640]), rank 0
2026-08-08 06:56:58.472892: predicting OpenEDS_000000262526
2026-08-08 06:56:58.474149: OpenEDS_000000262526, shape torch.Size([1, 1, 400, 640]), rank 0
2026-08-08 06:56:58.486604: predicting OpenEDS_000000262529
2026-08-08 06:56:58.487876: OpenEDS_000000262529, shape torch.Size([1, 1, 400, 640]), rank 0
2026-08-08 06:56:58.500359: predicting OpenEDS_000000262530
2026-08-08 06:56:58.501892: OpenEDS_000000262530, shape torch.Size([1, 1, 400, 640]), rank 0
2026-08-08 06:56:58.515225: predicting OpenEDS_000000262533
2026-08-08 06:56:58.516276: OpenEDS_000000262533, shape torch.Size([1, 1, 400, 640]), rank 0
2026-08-08 06:56:58.529103: predicting OpenEDS_000000262538
2026-08-08 06:56:58.530385: OpenEDS_000000262538, shape torch.Size([1, 1, 400, 640]), rank 0
2026-08-08 06:56:58.542908: predicting OpenEDS_000000262552
2026-08-08 06:56:58.544210: OpenEDS_000000262552, shape torch.Size([1, 1, 400, 640]), rank 0
2026-08-08 06:56:58.556874: predicting OpenEDS_000000262554
2026-08-08 06:56:58.558181: OpenEDS_000000262554, shape torch.Size([1, 1, 400, 640]), rank 0
2026-08-08 06:56:58.570711: predicting OpenEDS_000000262555
2026-08-08 06:56:58.572015: OpenEDS_000000262555, shape torch.Size([1, 1, 400, 640]), rank 0
2026-08-08 06:56:58.584596: predicting OpenEDS_000000262558
2026-08-08 06:56:58.585854: OpenEDS_000000262558, shape torch.Size([1, 1, 400, 640]), rank 0
2026-08-08 06:56:58.598345: predicting OpenEDS_000000262561
2026-08-08 06:56:58.599618: OpenEDS_000000262561, shape torch.Size([1, 1, 400, 640]), rank 0
2026-08-08 06:56:58.612309: predicting OpenEDS_000000262563
2026-08-08 06:56:58.613643: OpenEDS_000000262563, shape torch.Size([1, 1, 400, 640]), rank 0
2026-08-08 06:56:58.626376: predicting OpenEDS_000000265212
2026-08-08 06:56:58.627687: OpenEDS_000000265212, shape torch.Size([1, 1, 400, 640]), rank 0
2026-08-08 06:56:58.640186: predicting OpenEDS_000000265217
2026-08-08 06:56:58.641633: OpenEDS_000000265217, shape torch.Size([1, 1, 400, 640]), rank 0
2026-08-08 06:56:58.654132: predicting OpenEDS_000000265224
2026-08-08 06:56:58.655424: OpenEDS_000000265224, shape torch.Size([1, 1, 400, 640]), rank 0
2026-08-08 06:56:58.668253: predicting OpenEDS_000000265230
2026-08-08 06:56:58.669567: OpenEDS_000000265230, shape torch.Size([1, 1, 400, 640]), rank 0
2026-08-08 06:56:58.682206: predicting OpenEDS_000000265232
2026-08-08 06:56:58.683465: OpenEDS_000000265232, shape torch.Size([1, 1, 400, 640]), rank 0
2026-08-08 06:56:58.696015: predicting OpenEDS_000000265250
2026-08-08 06:56:58.697300: OpenEDS_000000265250, shape torch.Size([1, 1, 400, 640]), rank 0
2026-08-08 06:56:58.710228: predicting OpenEDS_000000265258
2026-08-08 06:56:58.711552: OpenEDS_000000265258, shape torch.Size([1, 1, 400, 640]), rank 0
2026-08-08 06:56:58.724281: predicting OpenEDS_000000265268
2026-08-08 06:56:58.725552: OpenEDS_000000265268, shape torch.Size([1, 1, 400, 640]), rank 0
2026-08-08 06:56:58.738098: predicting OpenEDS_000000265270
2026-08-08 06:56:58.739344: OpenEDS_000000265270, shape torch.Size([1, 1, 400, 640]), rank 0
2026-08-08 06:56:58.751915: predicting OpenEDS_000000265271
2026-08-08 06:56:58.753195: OpenEDS_000000265271, shape torch.Size([1, 1, 400, 640]), rank 0
2026-08-08 06:56:58.765812: predicting OpenEDS_000000265272
2026-08-08 06:56:58.767078: OpenEDS_000000265272, shape torch.Size([1, 1, 400, 640]), rank 0
2026-08-08 06:56:58.779749: predicting OpenEDS_000000265276
2026-08-08 06:56:58.781081: OpenEDS_000000265276, shape torch.Size([1, 1, 400, 640]), rank 0
2026-08-08 06:56:58.793576: predicting OpenEDS_000000265284
2026-08-08 06:56:58.794875: OpenEDS_000000265284, shape torch.Size([1, 1, 400, 640]), rank 0
2026-08-08 06:56:58.807853: predicting OpenEDS_000000265285
2026-08-08 06:56:58.809119: OpenEDS_000000265285, shape torch.Size([1, 1, 400, 640]), rank 0
2026-08-08 06:56:58.821733: predicting OpenEDS_000000267942
2026-08-08 06:56:58.822985: OpenEDS_000000267942, shape torch.Size([1, 1, 400, 640]), rank 0
2026-08-08 06:56:58.835640: predicting OpenEDS_000000267945
2026-08-08 06:56:58.836836: OpenEDS_000000267945, shape torch.Size([1, 1, 400, 640]), rank 0
2026-08-08 06:56:58.849331: predicting OpenEDS_000000267946
2026-08-08 06:56:58.850686: OpenEDS_000000267946, shape torch.Size([1, 1, 400, 640]), rank 0
2026-08-08 06:56:58.863272: predicting OpenEDS_000000267947
2026-08-08 06:56:58.864554: OpenEDS_000000267947, shape torch.Size([1, 1, 400, 640]), rank 0
2026-08-08 06:56:58.877158: predicting OpenEDS_000000267949
2026-08-08 06:56:58.878432: OpenEDS_000000267949, shape torch.Size([1, 1, 400, 640]), rank 0
2026-08-08 06:56:58.890955: predicting OpenEDS_000000267952
2026-08-08 06:56:58.892267: OpenEDS_000000267952, shape torch.Size([1, 1, 400, 640]), rank 0
2026-08-08 06:56:58.904760: predicting OpenEDS_000000267955
2026-08-08 06:56:58.906025: OpenEDS_000000267955, shape torch.Size([1, 1, 400, 640]), rank 0
2026-08-08 06:56:58.918944: predicting OpenEDS_000000267956
2026-08-08 06:56:58.920221: OpenEDS_000000267956, shape torch.Size([1, 1, 400, 640]), rank 0
2026-08-08 06:56:58.932751: predicting OpenEDS_000000267958
2026-08-08 06:56:58.933976: OpenEDS_000000267958, shape torch.Size([1, 1, 400, 640]), rank 0
2026-08-08 06:56:58.946498: predicting OpenEDS_000000267959
2026-08-08 06:56:58.947798: OpenEDS_000000267959, shape torch.Size([1, 1, 400, 640]), rank 0
2026-08-08 06:56:58.960312: predicting OpenEDS_000000267960
2026-08-08 06:56:58.961596: OpenEDS_000000267960, shape torch.Size([1, 1, 400, 640]), rank 0
2026-08-08 06:56:58.974116: predicting OpenEDS_000000267971
2026-08-08 06:56:58.975372: OpenEDS_000000267971, shape torch.Size([1, 1, 400, 640]), rank 0
2026-08-08 06:56:58.987858: predicting OpenEDS_000000267976
2026-08-08 06:56:58.989127: OpenEDS_000000267976, shape torch.Size([1, 1, 400, 640]), rank 0
2026-08-08 06:56:59.001675: predicting OpenEDS_000000267980
2026-08-08 06:56:59.002978: OpenEDS_000000267980, shape torch.Size([1, 1, 400, 640]), rank 0
2026-08-08 06:56:59.015960: predicting OpenEDS_000000267982
2026-08-08 06:56:59.017235: OpenEDS_000000267982, shape torch.Size([1, 1, 400, 640]), rank 0
2026-08-08 06:56:59.029745: predicting OpenEDS_000000267985
2026-08-08 06:56:59.030993: OpenEDS_000000267985, shape torch.Size([1, 1, 400, 640]), rank 0
2026-08-08 06:56:59.043536: predicting OpenEDS_000000267989
2026-08-08 06:56:59.044792: OpenEDS_000000267989, shape torch.Size([1, 1, 400, 640]), rank 0
2026-08-08 06:56:59.057257: predicting OpenEDS_000000267993
2026-08-08 06:56:59.058487: OpenEDS_000000267993, shape torch.Size([1, 1, 400, 640]), rank 0
2026-08-08 06:56:59.071041: predicting OpenEDS_000000268015
2026-08-08 06:56:59.072369: OpenEDS_000000268015, shape torch.Size([1, 1, 400, 640]), rank 0
2026-08-08 06:56:59.084998: predicting OpenEDS_000000270670
2026-08-08 06:56:59.086468: OpenEDS_000000270670, shape torch.Size([1, 1, 400, 640]), rank 0
2026-08-08 06:56:59.099270: predicting OpenEDS_000000270673
2026-08-08 06:56:59.100571: OpenEDS_000000270673, shape torch.Size([1, 1, 400, 640]), rank 0
2026-08-08 06:56:59.113068: predicting OpenEDS_000000270678
2026-08-08 06:56:59.114341: OpenEDS_000000270678, shape torch.Size([1, 1, 400, 640]), rank 0
2026-08-08 06:56:59.126847: predicting OpenEDS_000000270698
2026-08-08 06:56:59.128141: OpenEDS_000000270698, shape torch.Size([1, 1, 400, 640]), rank 0
2026-08-08 06:56:59.140821: predicting OpenEDS_000000270699
2026-08-08 06:56:59.142208: OpenEDS_000000270699, shape torch.Size([1, 1, 400, 640]), rank 0
2026-08-08 06:56:59.154741: predicting OpenEDS_000000270701
2026-08-08 06:56:59.156017: OpenEDS_000000270701, shape torch.Size([1, 1, 400, 640]), rank 0
2026-08-08 06:56:59.168580: predicting OpenEDS_000000270704
2026-08-08 06:56:59.169864: OpenEDS_000000270704, shape torch.Size([1, 1, 400, 640]), rank 0
2026-08-08 06:56:59.182382: predicting OpenEDS_000000270712
2026-08-08 06:56:59.183718: OpenEDS_000000270712, shape torch.Size([1, 1, 400, 640]), rank 0
2026-08-08 06:56:59.196278: predicting OpenEDS_000000270721
2026-08-08 06:56:59.197546: OpenEDS_000000270721, shape torch.Size([1, 1, 400, 640]), rank 0
2026-08-08 06:56:59.210071: predicting OpenEDS_000000273387
2026-08-08 06:56:59.211307: OpenEDS_000000273387, shape torch.Size([1, 1, 400, 640]), rank 0
2026-08-08 06:56:59.223845: predicting OpenEDS_000000273388
2026-08-08 06:56:59.225241: OpenEDS_000000273388, shape torch.Size([1, 1, 400, 640]), rank 0
2026-08-08 06:56:59.237871: predicting OpenEDS_000000273391
2026-08-08 06:56:59.239134: OpenEDS_000000273391, shape torch.Size([1, 1, 400, 640]), rank 0
2026-08-08 06:56:59.251770: predicting OpenEDS_000000276053
2026-08-08 06:56:59.253060: OpenEDS_000000276053, shape torch.Size([1, 1, 400, 640]), rank 0
2026-08-08 06:56:59.265607: predicting OpenEDS_000000276060
2026-08-08 06:56:59.267024: OpenEDS_000000276060, shape torch.Size([1, 1, 400, 640]), rank 0
2026-08-08 06:56:59.279567: predicting OpenEDS_000000276063
2026-08-08 06:56:59.280870: OpenEDS_000000276063, shape torch.Size([1, 1, 400, 640]), rank 0
2026-08-08 06:56:59.293373: predicting OpenEDS_000000276065
2026-08-08 06:56:59.294655: OpenEDS_000000276065, shape torch.Size([1, 1, 400, 640]), rank 0
2026-08-08 06:56:59.307235: predicting OpenEDS_000000276069
2026-08-08 06:56:59.308507: OpenEDS_000000276069, shape torch.Size([1, 1, 400, 640]), rank 0
2026-08-08 06:56:59.321403: predicting OpenEDS_000000276075
2026-08-08 06:56:59.322676: OpenEDS_000000276075, shape torch.Size([1, 1, 400, 640]), rank 0
2026-08-08 06:56:59.335233: predicting OpenEDS_000000276077
2026-08-08 06:56:59.336779: OpenEDS_000000276077, shape torch.Size([1, 1, 400, 640]), rank 0
2026-08-08 06:56:59.349364: predicting OpenEDS_000000276082
2026-08-08 06:56:59.350671: OpenEDS_000000276082, shape torch.Size([1, 1, 400, 640]), rank 0
2026-08-08 06:56:59.363307: predicting OpenEDS_000000276089
2026-08-08 06:56:59.364620: OpenEDS_000000276089, shape torch.Size([1, 1, 400, 640]), rank 0
2026-08-08 06:56:59.377125: predicting OpenEDS_000000276091
2026-08-08 06:56:59.378411: OpenEDS_000000276091, shape torch.Size([1, 1, 400, 640]), rank 0
2026-08-08 06:56:59.390905: predicting OpenEDS_000000276092
2026-08-08 06:56:59.392173: OpenEDS_000000276092, shape torch.Size([1, 1, 400, 640]), rank 0
2026-08-08 06:56:59.404717: predicting OpenEDS_000000276094
2026-08-08 06:56:59.406004: OpenEDS_000000276094, shape torch.Size([1, 1, 400, 640]), rank 0
2026-08-08 06:56:59.419154: predicting OpenEDS_000000276100
2026-08-08 06:56:59.420561: OpenEDS_000000276100, shape torch.Size([1, 1, 400, 640]), rank 0
2026-08-08 06:56:59.433506: predicting OpenEDS_000000276101
2026-08-08 06:56:59.434890: OpenEDS_000000276101, shape torch.Size([1, 1, 400, 640]), rank 0
2026-08-08 06:56:59.447843: predicting OpenEDS_000000276103
2026-08-08 06:56:59.449087: OpenEDS_000000276103, shape torch.Size([1, 1, 400, 640]), rank 0
2026-08-08 06:56:59.461789: predicting OpenEDS_000000276110
2026-08-08 06:56:59.463070: OpenEDS_000000276110, shape torch.Size([1, 1, 400, 640]), rank 0
2026-08-08 06:56:59.475643: predicting OpenEDS_000000276111
2026-08-08 06:56:59.476909: OpenEDS_000000276111, shape torch.Size([1, 1, 400, 640]), rank 0
2026-08-08 06:56:59.489874: predicting OpenEDS_000000276116
2026-08-08 06:56:59.491192: OpenEDS_000000276116, shape torch.Size([1, 1, 400, 640]), rank 0
2026-08-08 06:56:59.503838: predicting OpenEDS_000000276117
2026-08-08 06:56:59.505110: OpenEDS_000000276117, shape torch.Size([1, 1, 400, 640]), rank 0
2026-08-08 06:56:59.517698: predicting OpenEDS_000000276122
2026-08-08 06:56:59.518965: OpenEDS_000000276122, shape torch.Size([1, 1, 400, 640]), rank 0
2026-08-08 06:56:59.531558: predicting OpenEDS_000000276126
2026-08-08 06:56:59.532870: OpenEDS_000000276126, shape torch.Size([1, 1, 400, 640]), rank 0
2026-08-08 06:56:59.545855: predicting OpenEDS_000000278776
2026-08-08 06:56:59.547131: OpenEDS_000000278776, shape torch.Size([1, 1, 400, 640]), rank 0
2026-08-08 06:56:59.560036: predicting OpenEDS_000000278778
2026-08-08 06:56:59.561544: OpenEDS_000000278778, shape torch.Size([1, 1, 400, 640]), rank 0
2026-08-08 06:56:59.574319: predicting OpenEDS_000000278779
2026-08-08 06:56:59.575620: OpenEDS_000000278779, shape torch.Size([1, 1, 400, 640]), rank 0
2026-08-08 06:56:59.588292: predicting OpenEDS_000000278792
2026-08-08 06:56:59.589785: OpenEDS_000000278792, shape torch.Size([1, 1, 400, 640]), rank 0
2026-08-08 06:56:59.602327: predicting OpenEDS_000000278808
2026-08-08 06:56:59.603601: OpenEDS_000000278808, shape torch.Size([1, 1, 400, 640]), rank 0
2026-08-08 06:56:59.616105: predicting OpenEDS_000000278809
2026-08-08 06:56:59.617394: OpenEDS_000000278809, shape torch.Size([1, 1, 400, 640]), rank 0
2026-08-08 06:56:59.629972: predicting OpenEDS_000000278822
2026-08-08 06:56:59.631246: OpenEDS_000000278822, shape torch.Size([1, 1, 400, 640]), rank 0
2026-08-08 06:56:59.643857: predicting OpenEDS_000000278836
2026-08-08 06:56:59.645151: OpenEDS_000000278836, shape torch.Size([1, 1, 400, 640]), rank 0
2026-08-08 06:56:59.658067: predicting OpenEDS_000000278841
2026-08-08 06:56:59.659109: OpenEDS_000000278841, shape torch.Size([1, 1, 400, 640]), rank 0
2026-08-08 06:56:59.671619: predicting OpenEDS_000000278842
2026-08-08 06:56:59.672895: OpenEDS_000000278842, shape torch.Size([1, 1, 400, 640]), rank 0
2026-08-08 06:56:59.685444: predicting OpenEDS_000000278846
2026-08-08 06:56:59.686712: OpenEDS_000000278846, shape torch.Size([1, 1, 400, 640]), rank 0
2026-08-08 06:56:59.699270: predicting OpenEDS_000000278852
2026-08-08 06:56:59.700643: OpenEDS_000000278852, shape torch.Size([1, 1, 400, 640]), rank 0
2026-08-08 06:56:59.713243: predicting OpenEDS_000000278855
2026-08-08 06:56:59.714513: OpenEDS_000000278855, shape torch.Size([1, 1, 400, 640]), rank 0
2026-08-08 06:56:59.727077: predicting OpenEDS_000000278860
2026-08-08 06:56:59.728412: OpenEDS_000000278860, shape torch.Size([1, 1, 400, 640]), rank 0
2026-08-08 06:56:59.740984: predicting OpenEDS_000000278876
2026-08-08 06:56:59.742340: OpenEDS_000000278876, shape torch.Size([1, 1, 400, 640]), rank 0
2026-08-08 06:56:59.755240: predicting OpenEDS_000000281546
2026-08-08 06:56:59.756536: OpenEDS_000000281546, shape torch.Size([1, 1, 400, 640]), rank 0
2026-08-08 06:56:59.769150: predicting OpenEDS_000000281551
2026-08-08 06:56:59.770509: OpenEDS_000000281551, shape torch.Size([1, 1, 400, 640]), rank 0
2026-08-08 06:56:59.783047: predicting OpenEDS_000000281552
2026-08-08 06:56:59.784339: OpenEDS_000000281552, shape torch.Size([1, 1, 400, 640]), rank 0
2026-08-08 06:56:59.797287: predicting OpenEDS_000000281557
2026-08-08 06:56:59.798384: OpenEDS_000000281557, shape torch.Size([1, 1, 400, 640]), rank 0
2026-08-08 06:56:59.811222: predicting OpenEDS_000000281568
2026-08-08 06:56:59.812473: OpenEDS_000000281568, shape torch.Size([1, 1, 400, 640]), rank 0
2026-08-08 06:56:59.825272: predicting OpenEDS_000000281569
2026-08-08 06:56:59.826634: OpenEDS_000000281569, shape torch.Size([1, 1, 400, 640]), rank 0
2026-08-08 06:56:59.839460: predicting OpenEDS_000000281573
2026-08-08 06:56:59.840749: OpenEDS_000000281573, shape torch.Size([1, 1, 400, 640]), rank 0
2026-08-08 06:56:59.853495: predicting OpenEDS_000000281577
2026-08-08 06:56:59.854766: OpenEDS_000000281577, shape torch.Size([1, 1, 400, 640]), rank 0
2026-08-08 06:56:59.867448: predicting OpenEDS_000000281580
2026-08-08 06:56:59.868768: OpenEDS_000000281580, shape torch.Size([1, 1, 400, 640]), rank 0
2026-08-08 06:56:59.881287: predicting OpenEDS_000000281599
2026-08-08 06:56:59.882590: OpenEDS_000000281599, shape torch.Size([1, 1, 400, 640]), rank 0
2026-08-08 06:56:59.895206: predicting OpenEDS_000000281610
2026-08-08 06:56:59.896520: OpenEDS_000000281610, shape torch.Size([1, 1, 400, 640]), rank 0
2026-08-08 06:56:59.909465: predicting OpenEDS_000000281626
2026-08-08 06:56:59.910739: OpenEDS_000000281626, shape torch.Size([1, 1, 400, 640]), rank 0
2026-08-08 06:56:59.923335: predicting OpenEDS_000000284289
2026-08-08 06:56:59.924610: OpenEDS_000000284289, shape torch.Size([1, 1, 400, 640]), rank 0
2026-08-08 06:56:59.937239: predicting OpenEDS_000000284290
2026-08-08 06:56:59.938471: OpenEDS_000000284290, shape torch.Size([1, 1, 400, 640]), rank 0
2026-08-08 06:56:59.950922: predicting OpenEDS_000000284296
2026-08-08 06:56:59.952200: OpenEDS_000000284296, shape torch.Size([1, 1, 400, 640]), rank 0
2026-08-08 06:56:59.964843: predicting OpenEDS_000000284299
2026-08-08 06:56:59.966089: OpenEDS_000000284299, shape torch.Size([1, 1, 400, 640]), rank 0
2026-08-08 06:56:59.978701: predicting OpenEDS_000000284309
2026-08-08 06:56:59.980013: OpenEDS_000000284309, shape torch.Size([1, 1, 400, 640]), rank 0
2026-08-08 06:56:59.992581: predicting OpenEDS_000000284314
2026-08-08 06:56:59.993886: OpenEDS_000000284314, shape torch.Size([1, 1, 400, 640]), rank 0
2026-08-08 06:57:00.006935: predicting OpenEDS_000000284316
2026-08-08 06:57:00.008362: OpenEDS_000000284316, shape torch.Size([1, 1, 400, 640]), rank 0
2026-08-08 06:57:00.021266: predicting OpenEDS_000000284325
2026-08-08 06:57:00.022645: OpenEDS_000000284325, shape torch.Size([1, 1, 400, 640]), rank 0
2026-08-08 06:57:00.035500: predicting OpenEDS_000000284328
2026-08-08 06:57:00.036811: OpenEDS_000000284328, shape torch.Size([1, 1, 400, 640]), rank 0
2026-08-08 06:57:00.049638: predicting OpenEDS_000000284332
2026-08-08 06:57:00.050981: OpenEDS_000000284332, shape torch.Size([1, 1, 400, 640]), rank 0
2026-08-08 06:57:00.063620: predicting OpenEDS_000000284334
2026-08-08 06:57:00.064891: OpenEDS_000000284334, shape torch.Size([1, 1, 400, 640]), rank 0
2026-08-08 06:57:00.077482: predicting OpenEDS_000000284338
2026-08-08 06:57:00.078798: OpenEDS_000000284338, shape torch.Size([1, 1, 400, 640]), rank 0
2026-08-08 06:57:00.091374: predicting OpenEDS_000000284342
2026-08-08 06:57:00.092662: OpenEDS_000000284342, shape torch.Size([1, 1, 400, 640]), rank 0
2026-08-08 06:57:00.105255: predicting OpenEDS_000000284351
2026-08-08 06:57:00.106617: OpenEDS_000000284351, shape torch.Size([1, 1, 400, 640]), rank 0
2026-08-08 06:57:00.119159: predicting OpenEDS_000000284354
2026-08-08 06:57:00.120462: OpenEDS_000000284354, shape torch.Size([1, 1, 400, 640]), rank 0
2026-08-08 06:57:00.133019: predicting OpenEDS_000000284361
2026-08-08 06:57:00.134296: OpenEDS_000000284361, shape torch.Size([1, 1, 400, 640]), rank 0
2026-08-08 06:57:00.146973: predicting OpenEDS_000000284366
2026-08-08 06:57:00.148263: OpenEDS_000000284366, shape torch.Size([1, 1, 400, 640]), rank 0
2026-08-08 06:57:00.160770: predicting OpenEDS_000000284371
2026-08-08 06:57:00.162053: OpenEDS_000000284371, shape torch.Size([1, 1, 400, 640]), rank 0
2026-08-08 06:57:00.174815: predicting OpenEDS_000000284373
2026-08-08 06:57:00.176316: OpenEDS_000000284373, shape torch.Size([1, 1, 400, 640]), rank 0
2026-08-08 06:57:00.189065: predicting OpenEDS_000000284374
2026-08-08 06:57:00.190346: OpenEDS_000000284374, shape torch.Size([1, 1, 400, 640]), rank 0
2026-08-08 06:57:00.202985: predicting OpenEDS_000000284376
2026-08-08 06:57:00.204287: OpenEDS_000000284376, shape torch.Size([1, 1, 400, 640]), rank 0
2026-08-08 06:57:00.216935: predicting OpenEDS_000000284385
2026-08-08 06:57:00.218261: OpenEDS_000000284385, shape torch.Size([1, 1, 400, 640]), rank 0
2026-08-08 06:57:00.230956: predicting OpenEDS_000000284388
2026-08-08 06:57:00.232273: OpenEDS_000000284388, shape torch.Size([1, 1, 400, 640]), rank 0
2026-08-08 06:57:00.244837: predicting OpenEDS_000000284391
2026-08-08 06:57:00.246124: OpenEDS_000000284391, shape torch.Size([1, 1, 400, 640]), rank 0
2026-08-08 06:57:00.258797: predicting OpenEDS_000000284397
2026-08-08 06:57:00.260077: OpenEDS_000000284397, shape torch.Size([1, 1, 400, 640]), rank 0
2026-08-08 06:57:00.272648: predicting OpenEDS_000000284400
2026-08-08 06:57:00.273974: OpenEDS_000000284400, shape torch.Size([1, 1, 400, 640]), rank 0
2026-08-08 06:57:00.286453: predicting OpenEDS_000000284402
2026-08-08 06:57:00.287718: OpenEDS_000000284402, shape torch.Size([1, 1, 400, 640]), rank 0
2026-08-08 06:57:00.300234: predicting OpenEDS_000000287054
2026-08-08 06:57:00.301652: OpenEDS_000000287054, shape torch.Size([1, 1, 400, 640]), rank 0
2026-08-08 06:57:00.314527: predicting OpenEDS_000000287061
2026-08-08 06:57:00.315817: OpenEDS_000000287061, shape torch.Size([1, 1, 400, 640]), rank 0
2026-08-08 06:57:00.328665: predicting OpenEDS_000000287065
2026-08-08 06:57:00.329984: OpenEDS_000000287065, shape torch.Size([1, 1, 400, 640]), rank 0
2026-08-08 06:57:00.342685: predicting OpenEDS_000000287069
2026-08-08 06:57:00.343956: OpenEDS_000000287069, shape torch.Size([1, 1, 400, 640]), rank 0
2026-08-08 06:57:00.356386: predicting OpenEDS_000000287071
2026-08-08 06:57:00.357597: OpenEDS_000000287071, shape torch.Size([1, 1, 400, 640]), rank 0
2026-08-08 06:57:00.370324: predicting OpenEDS_000000287075
2026-08-08 06:57:00.371602: OpenEDS_000000287075, shape torch.Size([1, 1, 400, 640]), rank 0
2026-08-08 06:57:00.384163: predicting OpenEDS_000000287084
2026-08-08 06:57:00.385453: OpenEDS_000000287084, shape torch.Size([1, 1, 400, 640]), rank 0
2026-08-08 06:57:00.398000: predicting OpenEDS_000000287086
2026-08-08 06:57:00.399249: OpenEDS_000000287086, shape torch.Size([1, 1, 400, 640]), rank 0
2026-08-08 06:57:00.411991: predicting OpenEDS_000000287090
2026-08-08 06:57:00.413294: OpenEDS_000000287090, shape torch.Size([1, 1, 400, 640]), rank 0
2026-08-08 06:57:00.426327: predicting OpenEDS_000000287091
2026-08-08 06:57:00.427720: OpenEDS_000000287091, shape torch.Size([1, 1, 400, 640]), rank 0
2026-08-08 06:57:00.441104: predicting OpenEDS_000000287095
2026-08-08 06:57:00.442216: OpenEDS_000000287095, shape torch.Size([1, 1, 400, 640]), rank 0
2026-08-08 06:57:00.454957: predicting OpenEDS_000000287097
2026-08-08 06:57:00.456213: OpenEDS_000000287097, shape torch.Size([1, 1, 400, 640]), rank 0
2026-08-08 06:57:00.468777: predicting OpenEDS_000000287103
2026-08-08 06:57:00.470084: OpenEDS_000000287103, shape torch.Size([1, 1, 400, 640]), rank 0
2026-08-08 06:57:00.483107: predicting OpenEDS_000000287104
2026-08-08 06:57:00.484403: OpenEDS_000000287104, shape torch.Size([1, 1, 400, 640]), rank 0
2026-08-08 06:57:00.497286: predicting OpenEDS_000000287108
2026-08-08 06:57:00.498622: OpenEDS_000000287108, shape torch.Size([1, 1, 400, 640]), rank 0
2026-08-08 06:57:00.511305: predicting OpenEDS_000000287115
2026-08-08 06:57:00.512534: OpenEDS_000000287115, shape torch.Size([1, 1, 400, 640]), rank 0
2026-08-08 06:57:00.525536: predicting OpenEDS_000000287123
2026-08-08 06:57:00.526813: OpenEDS_000000287123, shape torch.Size([1, 1, 400, 640]), rank 0
2026-08-08 06:57:00.539492: predicting OpenEDS_000000287130
2026-08-08 06:57:00.540806: OpenEDS_000000287130, shape torch.Size([1, 1, 400, 640]), rank 0
2026-08-08 06:57:00.553399: predicting OpenEDS_000000287131
2026-08-08 06:57:00.554872: OpenEDS_000000287131, shape torch.Size([1, 1, 400, 640]), rank 0
2026-08-08 06:57:00.567497: predicting OpenEDS_000000287133
2026-08-08 06:57:00.568805: OpenEDS_000000287133, shape torch.Size([1, 1, 400, 640]), rank 0
2026-08-08 06:57:00.581365: predicting OpenEDS_000000289788
2026-08-08 06:57:00.582634: OpenEDS_000000289788, shape torch.Size([1, 1, 400, 640]), rank 0
2026-08-08 06:57:00.595568: predicting OpenEDS_000000289790
2026-08-08 06:57:00.596853: OpenEDS_000000289790, shape torch.Size([1, 1, 400, 640]), rank 0
2026-08-08 06:57:00.609447: predicting OpenEDS_000000289791
2026-08-08 06:57:00.610719: OpenEDS_000000289791, shape torch.Size([1, 1, 400, 640]), rank 0
2026-08-08 06:57:00.623264: predicting OpenEDS_000000289792
2026-08-08 06:57:00.624604: OpenEDS_000000289792, shape torch.Size([1, 1, 400, 640]), rank 0
2026-08-08 06:57:00.637189: predicting OpenEDS_000000289801
2026-08-08 06:57:00.638516: OpenEDS_000000289801, shape torch.Size([1, 1, 400, 640]), rank 0
2026-08-08 06:57:00.651163: predicting OpenEDS_000000289802
2026-08-08 06:57:00.652432: OpenEDS_000000289802, shape torch.Size([1, 1, 400, 640]), rank 0
2026-08-08 06:57:00.665088: predicting OpenEDS_000000289805
2026-08-08 06:57:00.666441: OpenEDS_000000289805, shape torch.Size([1, 1, 400, 640]), rank 0
2026-08-08 06:57:00.678960: predicting OpenEDS_000000289807
2026-08-08 06:57:00.680225: OpenEDS_000000289807, shape torch.Size([1, 1, 400, 640]), rank 0
2026-08-08 06:57:00.692841: predicting OpenEDS_000000289808
2026-08-08 06:57:00.694097: OpenEDS_000000289808, shape torch.Size([1, 1, 400, 640]), rank 0
2026-08-08 06:57:00.706740: predicting OpenEDS_000000289811
2026-08-08 06:57:00.708078: OpenEDS_000000289811, shape torch.Size([1, 1, 400, 640]), rank 0
2026-08-08 06:57:00.721150: predicting OpenEDS_000000289816
2026-08-08 06:57:00.722421: OpenEDS_000000289816, shape torch.Size([1, 1, 400, 640]), rank 0
2026-08-08 06:57:00.735125: predicting OpenEDS_000000289819
2026-08-08 06:57:00.736644: OpenEDS_000000289819, shape torch.Size([1, 1, 400, 640]), rank 0
2026-08-08 06:57:00.749214: predicting OpenEDS_000000289821
2026-08-08 06:57:00.750505: OpenEDS_000000289821, shape torch.Size([1, 1, 400, 640]), rank 0
2026-08-08 06:57:00.763062: predicting OpenEDS_000000289839
2026-08-08 06:57:00.764426: OpenEDS_000000289839, shape torch.Size([1, 1, 400, 640]), rank 0
2026-08-08 06:57:00.777094: predicting OpenEDS_000000289840
2026-08-08 06:57:00.778352: OpenEDS_000000289840, shape torch.Size([1, 1, 400, 640]), rank 0
2026-08-08 06:57:00.790963: predicting OpenEDS_000000289848
2026-08-08 06:57:00.792198: OpenEDS_000000289848, shape torch.Size([1, 1, 400, 640]), rank 0
2026-08-08 06:57:00.804760: predicting OpenEDS_000000289849
2026-08-08 06:57:00.806057: OpenEDS_000000289849, shape torch.Size([1, 1, 400, 640]), rank 0
2026-08-08 06:57:00.818717: predicting OpenEDS_000000289852
2026-08-08 06:57:00.820087: OpenEDS_000000289852, shape torch.Size([1, 1, 400, 640]), rank 0
2026-08-08 06:57:00.832597: predicting OpenEDS_000000289857
2026-08-08 06:57:00.833869: OpenEDS_000000289857, shape torch.Size([1, 1, 400, 640]), rank 0
2026-08-08 06:57:00.846395: predicting OpenEDS_000000289858
2026-08-08 06:57:00.847958: OpenEDS_000000289858, shape torch.Size([1, 1, 400, 640]), rank 0
2026-08-08 06:57:00.860564: predicting OpenEDS_000000292511
2026-08-08 06:57:00.861824: OpenEDS_000000292511, shape torch.Size([1, 1, 400, 640]), rank 0
2026-08-08 06:57:00.874397: predicting OpenEDS_000000292514
2026-08-08 06:57:00.875699: OpenEDS_000000292514, shape torch.Size([1, 1, 400, 640]), rank 0
2026-08-08 06:57:00.888381: predicting OpenEDS_000000292537
2026-08-08 06:57:00.889729: OpenEDS_000000292537, shape torch.Size([1, 1, 400, 640]), rank 0
2026-08-08 06:57:00.902363: predicting OpenEDS_000000292544
2026-08-08 06:57:00.903649: OpenEDS_000000292544, shape torch.Size([1, 1, 400, 640]), rank 0
2026-08-08 06:57:00.916273: predicting OpenEDS_000000292546
2026-08-08 06:57:00.917626: OpenEDS_000000292546, shape torch.Size([1, 1, 400, 640]), rank 0
2026-08-08 06:57:00.930197: predicting OpenEDS_000000292547
2026-08-08 06:57:00.931494: OpenEDS_000000292547, shape torch.Size([1, 1, 400, 640]), rank 0
2026-08-08 06:57:00.944459: predicting OpenEDS_000000292548
2026-08-08 06:57:00.945754: OpenEDS_000000292548, shape torch.Size([1, 1, 400, 640]), rank 0
2026-08-08 06:57:00.958780: predicting OpenEDS_000000292561
2026-08-08 06:57:00.960258: OpenEDS_000000292561, shape torch.Size([1, 1, 400, 640]), rank 0
2026-08-08 06:57:00.973207: predicting OpenEDS_000000292566
2026-08-08 06:57:00.974488: OpenEDS_000000292566, shape torch.Size([1, 1, 400, 640]), rank 0
2026-08-08 06:57:00.987295: predicting OpenEDS_000000292568
2026-08-08 06:57:00.988862: OpenEDS_000000292568, shape torch.Size([1, 1, 400, 640]), rank 0
2026-08-08 06:57:01.001472: predicting OpenEDS_000000292569
2026-08-08 06:57:01.002731: OpenEDS_000000292569, shape torch.Size([1, 1, 400, 640]), rank 0
2026-08-08 06:57:01.015488: predicting OpenEDS_000000292574
2026-08-08 06:57:01.017007: OpenEDS_000000292574, shape torch.Size([1, 1, 400, 640]), rank 0
2026-08-08 06:57:01.030034: predicting OpenEDS_000000292582
2026-08-08 06:57:01.031347: OpenEDS_000000292582, shape torch.Size([1, 1, 400, 640]), rank 0
2026-08-08 06:57:01.044208: predicting OpenEDS_000000295238
2026-08-08 06:57:01.045498: OpenEDS_000000295238, shape torch.Size([1, 1, 400, 640]), rank 0
2026-08-08 06:57:01.058200: predicting OpenEDS_000000295240
2026-08-08 06:57:01.059483: OpenEDS_000000295240, shape torch.Size([1, 1, 400, 640]), rank 0
2026-08-08 06:57:01.072512: predicting OpenEDS_000000295242
2026-08-08 06:57:01.073582: OpenEDS_000000295242, shape torch.Size([1, 1, 400, 640]), rank 0
2026-08-08 06:57:01.086122: predicting OpenEDS_000000295245
2026-08-08 06:57:01.087616: OpenEDS_000000295245, shape torch.Size([1, 1, 400, 640]), rank 0
2026-08-08 06:57:01.100296: predicting OpenEDS_000000295249
2026-08-08 06:57:01.101631: OpenEDS_000000295249, shape torch.Size([1, 1, 400, 640]), rank 0
2026-08-08 06:57:01.114163: predicting OpenEDS_000000295254
2026-08-08 06:57:01.115527: OpenEDS_000000295254, shape torch.Size([1, 1, 400, 640]), rank 0
2026-08-08 06:57:01.128024: predicting OpenEDS_000000295265
2026-08-08 06:57:01.129309: OpenEDS_000000295265, shape torch.Size([1, 1, 400, 640]), rank 0
2026-08-08 06:57:01.141885: predicting OpenEDS_000000295268
2026-08-08 06:57:01.143178: OpenEDS_000000295268, shape torch.Size([1, 1, 400, 640]), rank 0
2026-08-08 06:57:01.155709: predicting OpenEDS_000000295286
2026-08-08 06:57:01.157059: OpenEDS_000000295286, shape torch.Size([1, 1, 400, 640]), rank 0
2026-08-08 06:57:01.169611: predicting OpenEDS_000000295287
2026-08-08 06:57:01.170884: OpenEDS_000000295287, shape torch.Size([1, 1, 400, 640]), rank 0
2026-08-08 06:57:01.183404: predicting OpenEDS_000000295290
2026-08-08 06:57:01.184681: OpenEDS_000000295290, shape torch.Size([1, 1, 400, 640]), rank 0
2026-08-08 06:57:01.197314: predicting OpenEDS_000000295299
2026-08-08 06:57:01.198626: OpenEDS_000000295299, shape torch.Size([1, 1, 400, 640]), rank 0
2026-08-08 06:57:01.211298: predicting OpenEDS_000000295310
2026-08-08 06:57:01.212567: OpenEDS_000000295310, shape torch.Size([1, 1, 400, 640]), rank 0
2026-08-08 06:57:01.225531: predicting OpenEDS_000000295314
2026-08-08 06:57:01.226830: OpenEDS_000000295314, shape torch.Size([1, 1, 400, 640]), rank 0
2026-08-08 06:57:01.239760: predicting OpenEDS_000000295321
2026-08-08 06:57:01.241047: OpenEDS_000000295321, shape torch.Size([1, 1, 400, 640]), rank 0
2026-08-08 06:57:01.253703: predicting OpenEDS_000000295322
2026-08-08 06:57:01.254939: OpenEDS_000000295322, shape torch.Size([1, 1, 400, 640]), rank 0
2026-08-08 06:57:01.267659: predicting OpenEDS_000000295338
2026-08-08 06:57:01.269123: OpenEDS_000000295338, shape torch.Size([1, 1, 400, 640]), rank 0
2026-08-08 06:57:01.281751: predicting OpenEDS_000000295341
2026-08-08 06:57:01.282992: OpenEDS_000000295341, shape torch.Size([1, 1, 400, 640]), rank 0
2026-08-08 06:57:01.295540: predicting OpenEDS_000000298001
2026-08-08 06:57:01.296849: OpenEDS_000000298001, shape torch.Size([1, 1, 400, 640]), rank 0
2026-08-08 06:57:01.309367: predicting OpenEDS_000000298004
2026-08-08 06:57:01.310828: OpenEDS_000000298004, shape torch.Size([1, 1, 400, 640]), rank 0
2026-08-08 06:57:01.323462: predicting OpenEDS_000000298011
2026-08-08 06:57:01.324759: OpenEDS_000000298011, shape torch.Size([1, 1, 400, 640]), rank 0
2026-08-08 06:57:01.337323: predicting OpenEDS_000000298012
2026-08-08 06:57:01.338621: OpenEDS_000000298012, shape torch.Size([1, 1, 400, 640]), rank 0
2026-08-08 06:57:01.351265: predicting OpenEDS_000000298014
2026-08-08 06:57:01.352617: OpenEDS_000000298014, shape torch.Size([1, 1, 400, 640]), rank 0
2026-08-08 06:57:01.365271: predicting OpenEDS_000000298019
2026-08-08 06:57:01.366600: OpenEDS_000000298019, shape torch.Size([1, 1, 400, 640]), rank 0
2026-08-08 06:57:01.379228: predicting OpenEDS_000000298023
2026-08-08 06:57:01.380581: OpenEDS_000000298023, shape torch.Size([1, 1, 400, 640]), rank 0
2026-08-08 06:57:01.393126: predicting OpenEDS_000000298025
2026-08-08 06:57:01.394418: OpenEDS_000000298025, shape torch.Size([1, 1, 400, 640]), rank 0
2026-08-08 06:57:01.406977: predicting OpenEDS_000000298035
2026-08-08 06:57:01.408244: OpenEDS_000000298035, shape torch.Size([1, 1, 400, 640]), rank 0
2026-08-08 06:57:01.420821: predicting OpenEDS_000000298037
2026-08-08 06:57:01.422156: OpenEDS_000000298037, shape torch.Size([1, 1, 400, 640]), rank 0
2026-08-08 06:57:01.434695: predicting OpenEDS_000000298046
2026-08-08 06:57:01.435946: OpenEDS_000000298046, shape torch.Size([1, 1, 400, 640]), rank 0
2026-08-08 06:57:01.448549: predicting OpenEDS_000000298049
2026-08-08 06:57:01.449836: OpenEDS_000000298049, shape torch.Size([1, 1, 400, 640]), rank 0
2026-08-08 06:57:01.462423: predicting OpenEDS_000000298051
2026-08-08 06:57:01.463686: OpenEDS_000000298051, shape torch.Size([1, 1, 400, 640]), rank 0
2026-08-08 06:57:01.476309: predicting OpenEDS_000000298062
2026-08-08 06:57:01.477791: OpenEDS_000000298062, shape torch.Size([1, 1, 400, 640]), rank 0
2026-08-08 06:57:01.490357: predicting OpenEDS_000000298067
2026-08-08 06:57:01.491587: OpenEDS_000000298067, shape torch.Size([1, 1, 400, 640]), rank 0
2026-08-08 06:57:01.504197: predicting OpenEDS_000000298069
2026-08-08 06:57:01.505486: OpenEDS_000000298069, shape torch.Size([1, 1, 400, 640]), rank 0
2026-08-08 06:57:01.518025: predicting OpenEDS_000000298074
2026-08-08 06:57:01.519238: OpenEDS_000000298074, shape torch.Size([1, 1, 400, 640]), rank 0
2026-08-08 06:57:01.531763: predicting OpenEDS_000000298080
2026-08-08 06:57:01.533006: OpenEDS_000000298080, shape torch.Size([1, 1, 400, 640]), rank 0
2026-08-08 06:57:01.545592: predicting OpenEDS_000000298084
2026-08-08 06:57:01.546793: OpenEDS_000000298084, shape torch.Size([1, 1, 400, 640]), rank 0
2026-08-08 06:57:01.559759: predicting OpenEDS_000000298088
2026-08-08 06:57:01.561061: OpenEDS_000000298088, shape torch.Size([1, 1, 400, 640]), rank 0
2026-08-08 06:57:01.573704: predicting OpenEDS_000000298090
2026-08-08 06:57:01.575011: OpenEDS_000000298090, shape torch.Size([1, 1, 400, 640]), rank 0
2026-08-08 06:57:01.587639: predicting OpenEDS_000000298094
2026-08-08 06:57:01.588935: OpenEDS_000000298094, shape torch.Size([1, 1, 400, 640]), rank 0
2026-08-08 06:57:01.602070: predicting OpenEDS_000000298108
2026-08-08 06:57:01.603541: OpenEDS_000000298108, shape torch.Size([1, 1, 400, 640]), rank 0
2026-08-08 06:57:01.616323: predicting OpenEDS_000000298118
2026-08-08 06:57:01.617578: OpenEDS_000000298118, shape torch.Size([1, 1, 400, 640]), rank 0
2026-08-08 06:57:01.630241: predicting OpenEDS_000000298123
2026-08-08 06:57:01.631528: OpenEDS_000000298123, shape torch.Size([1, 1, 400, 640]), rank 0
2026-08-08 06:57:01.644435: predicting OpenEDS_000000300777
2026-08-08 06:57:01.645662: OpenEDS_000000300777, shape torch.Size([1, 1, 400, 640]), rank 0
2026-08-08 06:57:01.658663: predicting OpenEDS_000000300781
2026-08-08 06:57:01.659994: OpenEDS_000000300781, shape torch.Size([1, 1, 400, 640]), rank 0
2026-08-08 06:57:01.672914: predicting OpenEDS_000000300782
2026-08-08 06:57:01.674237: OpenEDS_000000300782, shape torch.Size([1, 1, 400, 640]), rank 0
2026-08-08 06:57:01.686895: predicting OpenEDS_000000300787
2026-08-08 06:57:01.688160: OpenEDS_000000300787, shape torch.Size([1, 1, 400, 640]), rank 0
2026-08-08 06:57:01.700889: predicting OpenEDS_000000300794
2026-08-08 06:57:01.702388: OpenEDS_000000300794, shape torch.Size([1, 1, 400, 640]), rank 0
2026-08-08 06:57:01.715102: predicting OpenEDS_000000300803
2026-08-08 06:57:01.716421: OpenEDS_000000300803, shape torch.Size([1, 1, 400, 640]), rank 0
2026-08-08 06:57:01.729583: predicting OpenEDS_000000300811
2026-08-08 06:57:01.730833: OpenEDS_000000300811, shape torch.Size([1, 1, 400, 640]), rank 0
2026-08-08 06:57:01.743458: predicting OpenEDS_000000300835
2026-08-08 06:57:01.744722: OpenEDS_000000300835, shape torch.Size([1, 1, 400, 640]), rank 0
2026-08-08 06:57:01.757240: predicting OpenEDS_000000300837
2026-08-08 06:57:01.758499: OpenEDS_000000300837, shape torch.Size([1, 1, 400, 640]), rank 0
2026-08-08 06:57:01.771025: predicting OpenEDS_000000300838
2026-08-08 06:57:01.772300: OpenEDS_000000300838, shape torch.Size([1, 1, 400, 640]), rank 0
2026-08-08 06:57:01.785171: predicting OpenEDS_000000300843
2026-08-08 06:57:01.786542: OpenEDS_000000300843, shape torch.Size([1, 1, 400, 640]), rank 0
2026-08-08 06:57:01.799632: predicting OpenEDS_000000300854
2026-08-08 06:57:01.800778: OpenEDS_000000300854, shape torch.Size([1, 1, 400, 640]), rank 0
2026-08-08 06:57:01.813746: predicting OpenEDS_000000300857
2026-08-08 06:57:01.815025: OpenEDS_000000300857, shape torch.Size([1, 1, 400, 640]), rank 0
2026-08-08 06:57:01.827722: predicting OpenEDS_000000300861
2026-08-08 06:57:01.829069: OpenEDS_000000300861, shape torch.Size([1, 1, 400, 640]), rank 0
2026-08-08 06:57:01.841859: predicting OpenEDS_000000300863
2026-08-08 06:57:01.843162: OpenEDS_000000300863, shape torch.Size([1, 1, 400, 640]), rank 0
2026-08-08 06:57:01.855817: predicting OpenEDS_000000303514
2026-08-08 06:57:01.857114: OpenEDS_000000303514, shape torch.Size([1, 1, 400, 640]), rank 0
2026-08-08 06:57:01.869776: predicting OpenEDS_000000303518
2026-08-08 06:57:01.871066: OpenEDS_000000303518, shape torch.Size([1, 1, 400, 640]), rank 0
2026-08-08 06:57:01.883668: predicting OpenEDS_000000303519
2026-08-08 06:57:01.884929: OpenEDS_000000303519, shape torch.Size([1, 1, 400, 640]), rank 0
2026-08-08 06:57:01.898021: predicting OpenEDS_000000303532
2026-08-08 06:57:01.899490: OpenEDS_000000303532, shape torch.Size([1, 1, 400, 640]), rank 0
2026-08-08 06:57:01.912586: predicting OpenEDS_000000303534
2026-08-08 06:57:01.913685: OpenEDS_000000303534, shape torch.Size([1, 1, 400, 640]), rank 0
2026-08-08 06:57:01.926204: predicting OpenEDS_000000303541
2026-08-08 06:57:01.927484: OpenEDS_000000303541, shape torch.Size([1, 1, 400, 640]), rank 0
2026-08-08 06:57:01.940120: predicting OpenEDS_000000303543
2026-08-08 06:57:01.941378: OpenEDS_000000303543, shape torch.Size([1, 1, 400, 640]), rank 0
2026-08-08 06:57:01.954007: predicting OpenEDS_000000303552
2026-08-08 06:57:01.955322: OpenEDS_000000303552, shape torch.Size([1, 1, 400, 640]), rank 0
2026-08-08 06:57:01.967923: predicting OpenEDS_000000303563
2026-08-08 06:57:01.969174: OpenEDS_000000303563, shape torch.Size([1, 1, 400, 640]), rank 0
2026-08-08 06:57:01.981803: predicting OpenEDS_000000303575
2026-08-08 06:57:01.983046: OpenEDS_000000303575, shape torch.Size([1, 1, 400, 640]), rank 0
2026-08-08 06:57:01.995643: predicting OpenEDS_000000303576
2026-08-08 06:57:01.996927: OpenEDS_000000303576, shape torch.Size([1, 1, 400, 640]), rank 0
2026-08-08 06:57:02.009639: predicting OpenEDS_000000303577
2026-08-08 06:57:02.010872: OpenEDS_000000303577, shape torch.Size([1, 1, 400, 640]), rank 0
2026-08-08 06:57:02.023874: predicting OpenEDS_000000303583
2026-08-08 06:57:02.025136: OpenEDS_000000303583, shape torch.Size([1, 1, 400, 640]), rank 0
2026-08-08 06:57:02.037821: predicting OpenEDS_000000303586
2026-08-08 06:57:02.039072: OpenEDS_000000303586, shape torch.Size([1, 1, 400, 640]), rank 0
2026-08-08 06:57:02.051651: predicting OpenEDS_000000303588
2026-08-08 06:57:02.052941: OpenEDS_000000303588, shape torch.Size([1, 1, 400, 640]), rank 0
2026-08-08 06:57:02.065454: predicting OpenEDS_000000303595
2026-08-08 06:57:02.066711: OpenEDS_000000303595, shape torch.Size([1, 1, 400, 640]), rank 0
2026-08-08 06:57:02.079374: predicting OpenEDS_000000303598
2026-08-08 06:57:02.080624: OpenEDS_000000303598, shape torch.Size([1, 1, 400, 640]), rank 0
2026-08-08 06:57:02.093517: predicting OpenEDS_000000303604
2026-08-08 06:57:02.094754: OpenEDS_000000303604, shape torch.Size([1, 1, 400, 640]), rank 0
2026-08-08 06:57:02.107675: predicting OpenEDS_000000306251
2026-08-08 06:57:02.108946: OpenEDS_000000306251, shape torch.Size([1, 1, 400, 640]), rank 0
2026-08-08 06:57:02.121749: predicting OpenEDS_000000306258
2026-08-08 06:57:02.123020: OpenEDS_000000306258, shape torch.Size([1, 1, 400, 640]), rank 0
2026-08-08 06:57:02.135839: predicting OpenEDS_000000306259
2026-08-08 06:57:02.137092: OpenEDS_000000306259, shape torch.Size([1, 1, 400, 640]), rank 0
2026-08-08 06:57:02.149838: predicting OpenEDS_000000306260
2026-08-08 06:57:02.151122: OpenEDS_000000306260, shape torch.Size([1, 1, 400, 640]), rank 0
2026-08-08 06:57:02.163696: predicting OpenEDS_000000306273
2026-08-08 06:57:02.165079: OpenEDS_000000306273, shape torch.Size([1, 1, 400, 640]), rank 0
2026-08-08 06:57:02.177834: predicting OpenEDS_000000306281
2026-08-08 06:57:02.179119: OpenEDS_000000306281, shape torch.Size([1, 1, 400, 640]), rank 0
2026-08-08 06:57:02.191705: predicting OpenEDS_000000306282
2026-08-08 06:57:02.193031: OpenEDS_000000306282, shape torch.Size([1, 1, 400, 640]), rank 0
2026-08-08 06:57:02.205637: predicting OpenEDS_000000306289
2026-08-08 06:57:02.206978: OpenEDS_000000306289, shape torch.Size([1, 1, 400, 640]), rank 0
2026-08-08 06:57:02.220033: predicting OpenEDS_000000306291
2026-08-08 06:57:02.221332: OpenEDS_000000306291, shape torch.Size([1, 1, 400, 640]), rank 0
2026-08-08 06:57:02.234007: predicting OpenEDS_000000306295
2026-08-08 06:57:02.235299: OpenEDS_000000306295, shape torch.Size([1, 1, 400, 640]), rank 0
2026-08-08 06:57:02.247953: predicting OpenEDS_000000306297
2026-08-08 06:57:02.249236: OpenEDS_000000306297, shape torch.Size([1, 1, 400, 640]), rank 0
2026-08-08 06:57:02.261812: predicting OpenEDS_000000306300
2026-08-08 06:57:02.263050: OpenEDS_000000306300, shape torch.Size([1, 1, 400, 640]), rank 0
2026-08-08 06:57:02.275674: predicting OpenEDS_000000306303
2026-08-08 06:57:02.276965: OpenEDS_000000306303, shape torch.Size([1, 1, 400, 640]), rank 0
2026-08-08 06:57:02.289867: predicting OpenEDS_000000306306
2026-08-08 06:57:02.291164: OpenEDS_000000306306, shape torch.Size([1, 1, 400, 640]), rank 0
2026-08-08 06:57:02.303807: predicting OpenEDS_000000306310
2026-08-08 06:57:02.305089: OpenEDS_000000306310, shape torch.Size([1, 1, 400, 640]), rank 0
2026-08-08 06:57:02.317663: predicting OpenEDS_000000306311
2026-08-08 06:57:02.318934: OpenEDS_000000306311, shape torch.Size([1, 1, 400, 640]), rank 0
2026-08-08 06:57:02.332077: predicting OpenEDS_000000306312
2026-08-08 06:57:02.333314: OpenEDS_000000306312, shape torch.Size([1, 1, 400, 640]), rank 0
2026-08-08 06:57:02.345953: predicting OpenEDS_000000306315
2026-08-08 06:57:02.347232: OpenEDS_000000306315, shape torch.Size([1, 1, 400, 640]), rank 0
2026-08-08 06:57:02.359902: predicting OpenEDS_000000306318
2026-08-08 06:57:02.361193: OpenEDS_000000306318, shape torch.Size([1, 1, 400, 640]), rank 0
2026-08-08 06:57:02.373808: predicting OpenEDS_000000306320
2026-08-08 06:57:02.375065: OpenEDS_000000306320, shape torch.Size([1, 1, 400, 640]), rank 0
2026-08-08 06:57:02.387697: predicting OpenEDS_000000306328
2026-08-08 06:57:02.389056: OpenEDS_000000306328, shape torch.Size([1, 1, 400, 640]), rank 0
2026-08-08 06:57:02.401650: predicting OpenEDS_000000306332
2026-08-08 06:57:02.402898: OpenEDS_000000306332, shape torch.Size([1, 1, 400, 640]), rank 0
2026-08-08 06:57:02.415559: predicting OpenEDS_000000306335
2026-08-08 06:57:02.417045: OpenEDS_000000306335, shape torch.Size([1, 1, 400, 640]), rank 0
2026-08-08 06:57:02.429679: predicting OpenEDS_000000306336
2026-08-08 06:57:02.430952: OpenEDS_000000306336, shape torch.Size([1, 1, 400, 640]), rank 0
2026-08-08 06:57:02.443656: predicting OpenEDS_000000306346
2026-08-08 06:57:02.444979: OpenEDS_000000306346, shape torch.Size([1, 1, 400, 640]), rank 0
2026-08-08 06:57:02.457615: predicting OpenEDS_000000306354
2026-08-08 06:57:02.458895: OpenEDS_000000306354, shape torch.Size([1, 1, 400, 640]), rank 0
2026-08-08 06:57:02.471662: predicting OpenEDS_000000306358
2026-08-08 06:57:02.472958: OpenEDS_000000306358, shape torch.Size([1, 1, 400, 640]), rank 0
2026-08-08 06:57:02.485605: predicting OpenEDS_000000309028
2026-08-08 06:57:02.486871: OpenEDS_000000309028, shape torch.Size([1, 1, 400, 640]), rank 0
2026-08-08 06:57:02.499469: predicting OpenEDS_000000309033
2026-08-08 06:57:02.500824: OpenEDS_000000309033, shape torch.Size([1, 1, 400, 640]), rank 0
2026-08-08 06:57:02.513945: predicting OpenEDS_000000309048
2026-08-08 06:57:02.515266: OpenEDS_000000309048, shape torch.Size([1, 1, 400, 640]), rank 0
2026-08-08 06:57:02.527930: predicting OpenEDS_000000309051
2026-08-08 06:57:02.529190: OpenEDS_000000309051, shape torch.Size([1, 1, 400, 640]), rank 0
2026-08-08 06:57:02.541816: predicting OpenEDS_000000309059
2026-08-08 06:57:02.543085: OpenEDS_000000309059, shape torch.Size([1, 1, 400, 640]), rank 0
2026-08-08 06:57:02.555810: predicting OpenEDS_000000309060
2026-08-08 06:57:02.557097: OpenEDS_000000309060, shape torch.Size([1, 1, 400, 640]), rank 0
2026-08-08 06:57:02.569659: predicting OpenEDS_000000309062
2026-08-08 06:57:02.570939: OpenEDS_000000309062, shape torch.Size([1, 1, 400, 640]), rank 0
2026-08-08 06:57:02.583591: predicting OpenEDS_000000309064
2026-08-08 06:57:02.584865: OpenEDS_000000309064, shape torch.Size([1, 1, 400, 640]), rank 0
2026-08-08 06:57:02.597468: predicting OpenEDS_000000309066
2026-08-08 06:57:02.598963: OpenEDS_000000309066, shape torch.Size([1, 1, 400, 640]), rank 0
2026-08-08 06:57:02.612050: predicting OpenEDS_000000309071
2026-08-08 06:57:02.613585: OpenEDS_000000309071, shape torch.Size([1, 1, 400, 640]), rank 0
2026-08-08 06:57:02.626223: predicting OpenEDS_000000309073
2026-08-08 06:57:02.627528: OpenEDS_000000309073, shape torch.Size([1, 1, 400, 640]), rank 0
2026-08-08 06:57:02.640141: predicting OpenEDS_000000311726
2026-08-08 06:57:02.641441: OpenEDS_000000311726, shape torch.Size([1, 1, 400, 640]), rank 0
2026-08-08 06:57:02.654124: predicting OpenEDS_000000311733
2026-08-08 06:57:02.655704: OpenEDS_000000311733, shape torch.Size([1, 1, 400, 640]), rank 0
2026-08-08 06:57:02.668347: predicting OpenEDS_000000311742
2026-08-08 06:57:02.669684: OpenEDS_000000311742, shape torch.Size([1, 1, 400, 640]), rank 0
2026-08-08 06:57:02.682808: predicting OpenEDS_000000311745
2026-08-08 06:57:02.684068: OpenEDS_000000311745, shape torch.Size([1, 1, 400, 640]), rank 0
2026-08-08 06:57:02.696657: predicting OpenEDS_000000311754
2026-08-08 06:57:02.697977: OpenEDS_000000311754, shape torch.Size([1, 1, 400, 640]), rank 0
2026-08-08 06:57:02.710590: predicting OpenEDS_000000311755
2026-08-08 06:57:02.711879: OpenEDS_000000311755, shape torch.Size([1, 1, 400, 640]), rank 0
2026-08-08 06:57:02.724496: predicting OpenEDS_000000311757
2026-08-08 06:57:02.725793: OpenEDS_000000311757, shape torch.Size([1, 1, 400, 640]), rank 0
2026-08-08 06:57:02.738965: predicting OpenEDS_000000311770
2026-08-08 06:57:02.740221: OpenEDS_000000311770, shape torch.Size([1, 1, 400, 640]), rank 0
2026-08-08 06:57:02.752888: predicting OpenEDS_000000311780
2026-08-08 06:57:02.754165: OpenEDS_000000311780, shape torch.Size([1, 1, 400, 640]), rank 0
2026-08-08 06:57:02.766822: predicting OpenEDS_000000311793
2026-08-08 06:57:02.768320: OpenEDS_000000311793, shape torch.Size([1, 1, 400, 640]), rank 0
2026-08-08 06:57:02.780948: predicting OpenEDS_000000311803
2026-08-08 06:57:02.782231: OpenEDS_000000311803, shape torch.Size([1, 1, 400, 640]), rank 0
2026-08-08 06:57:02.794774: predicting OpenEDS_000000311804
2026-08-08 06:57:02.796026: OpenEDS_000000311804, shape torch.Size([1, 1, 400, 640]), rank 0
2026-08-08 06:57:02.808779: predicting OpenEDS_000000314459
2026-08-08 06:57:02.810064: OpenEDS_000000314459, shape torch.Size([1, 1, 400, 640]), rank 0
2026-08-08 06:57:02.822757: predicting OpenEDS_000000314468
2026-08-08 06:57:02.823979: OpenEDS_000000314468, shape torch.Size([1, 1, 400, 640]), rank 0
2026-08-08 06:57:02.836985: predicting OpenEDS_000000314478
2026-08-08 06:57:02.838306: OpenEDS_000000314478, shape torch.Size([1, 1, 400, 640]), rank 0
2026-08-08 06:57:02.850995: predicting OpenEDS_000000314488
2026-08-08 06:57:02.852294: OpenEDS_000000314488, shape torch.Size([1, 1, 400, 640]), rank 0
2026-08-08 06:57:02.864868: predicting OpenEDS_000000314489
2026-08-08 06:57:02.866130: OpenEDS_000000314489, shape torch.Size([1, 1, 400, 640]), rank 0
2026-08-08 06:57:02.878900: predicting OpenEDS_000000314495
2026-08-08 06:57:02.880213: OpenEDS_000000314495, shape torch.Size([1, 1, 400, 640]), rank 0
2026-08-08 06:57:02.892905: predicting OpenEDS_000000314500
2026-08-08 06:57:02.894193: OpenEDS_000000314500, shape torch.Size([1, 1, 400, 640]), rank 0
2026-08-08 06:57:02.907307: predicting OpenEDS_000000314501
2026-08-08 06:57:02.908551: OpenEDS_000000314501, shape torch.Size([1, 1, 400, 640]), rank 0
2026-08-08 06:57:02.921588: predicting OpenEDS_000000314504
2026-08-08 06:57:02.922825: OpenEDS_000000314504, shape torch.Size([1, 1, 400, 640]), rank 0
2026-08-08 06:57:02.935704: predicting OpenEDS_000000314509
2026-08-08 06:57:02.936972: OpenEDS_000000314509, shape torch.Size([1, 1, 400, 640]), rank 0
2026-08-08 06:57:02.949556: predicting OpenEDS_000000314519
2026-08-08 06:57:02.950818: OpenEDS_000000314519, shape torch.Size([1, 1, 400, 640]), rank 0
2026-08-08 06:57:02.963550: predicting OpenEDS_000000317172
2026-08-08 06:57:02.964860: OpenEDS_000000317172, shape torch.Size([1, 1, 400, 640]), rank 0
2026-08-08 06:57:02.977606: predicting OpenEDS_000000317176
2026-08-08 06:57:02.979034: OpenEDS_000000317176, shape torch.Size([1, 1, 400, 640]), rank 0
2026-08-08 06:57:02.991719: predicting OpenEDS_000000317179
2026-08-08 06:57:02.992971: OpenEDS_000000317179, shape torch.Size([1, 1, 400, 640]), rank 0
2026-08-08 06:57:03.005601: predicting OpenEDS_000000317187
2026-08-08 06:57:03.006872: OpenEDS_000000317187, shape torch.Size([1, 1, 400, 640]), rank 0
2026-08-08 06:57:03.019538: predicting OpenEDS_000000317188
2026-08-08 06:57:03.020823: OpenEDS_000000317188, shape torch.Size([1, 1, 400, 640]), rank 0
2026-08-08 06:57:03.033499: predicting OpenEDS_000000317193
2026-08-08 06:57:03.034810: OpenEDS_000000317193, shape torch.Size([1, 1, 400, 640]), rank 0
2026-08-08 06:57:03.047464: predicting OpenEDS_000000317198
2026-08-08 06:57:03.048735: OpenEDS_000000317198, shape torch.Size([1, 1, 400, 640]), rank 0
2026-08-08 06:57:03.061405: predicting OpenEDS_000000317200
2026-08-08 06:57:03.062742: OpenEDS_000000317200, shape torch.Size([1, 1, 400, 640]), rank 0
2026-08-08 06:57:03.075357: predicting OpenEDS_000000317222
2026-08-08 06:57:03.076612: OpenEDS_000000317222, shape torch.Size([1, 1, 400, 640]), rank 0
2026-08-08 06:57:03.089213: predicting OpenEDS_000000317227
2026-08-08 06:57:03.090470: OpenEDS_000000317227, shape torch.Size([1, 1, 400, 640]), rank 0
2026-08-08 06:57:03.103079: predicting OpenEDS_000000317231
2026-08-08 06:57:03.104383: OpenEDS_000000317231, shape torch.Size([1, 1, 400, 640]), rank 0
2026-08-08 06:57:03.117642: predicting OpenEDS_000000317232
2026-08-08 06:57:03.118988: OpenEDS_000000317232, shape torch.Size([1, 1, 400, 640]), rank 0
2026-08-08 06:57:03.131793: predicting OpenEDS_000000317238
2026-08-08 06:57:03.133092: OpenEDS_000000317238, shape torch.Size([1, 1, 400, 640]), rank 0
2026-08-08 06:57:03.146247: predicting OpenEDS_000000317242
2026-08-08 06:57:03.147579: OpenEDS_000000317242, shape torch.Size([1, 1, 400, 640]), rank 0
2026-08-08 06:57:03.160287: predicting OpenEDS_000000319896
2026-08-08 06:57:03.161810: OpenEDS_000000319896, shape torch.Size([1, 1, 400, 640]), rank 0
2026-08-08 06:57:03.174560: predicting OpenEDS_000000319899
2026-08-08 06:57:03.175859: OpenEDS_000000319899, shape torch.Size([1, 1, 400, 640]), rank 0
2026-08-08 06:57:03.188459: predicting OpenEDS_000000319900
2026-08-08 06:57:03.189763: OpenEDS_000000319900, shape torch.Size([1, 1, 400, 640]), rank 0
2026-08-08 06:57:03.202432: predicting OpenEDS_000000319905
2026-08-08 06:57:03.203752: OpenEDS_000000319905, shape torch.Size([1, 1, 400, 640]), rank 0
2026-08-08 06:57:03.216811: predicting OpenEDS_000000319907
2026-08-08 06:57:03.218101: OpenEDS_000000319907, shape torch.Size([1, 1, 400, 640]), rank 0
2026-08-08 06:57:03.230840: predicting OpenEDS_000000319909
2026-08-08 06:57:03.232162: OpenEDS_000000319909, shape torch.Size([1, 1, 400, 640]), rank 0
2026-08-08 06:57:03.244902: predicting OpenEDS_000000319919
2026-08-08 06:57:03.246177: OpenEDS_000000319919, shape torch.Size([1, 1, 400, 640]), rank 0
2026-08-08 06:57:03.258848: predicting OpenEDS_000000319924
2026-08-08 06:57:03.260133: OpenEDS_000000319924, shape torch.Size([1, 1, 400, 640]), rank 0
2026-08-08 06:57:03.272810: predicting OpenEDS_000000319929
2026-08-08 06:57:03.274085: OpenEDS_000000319929, shape torch.Size([1, 1, 400, 640]), rank 0
2026-08-08 06:57:03.286807: predicting OpenEDS_000000319934
2026-08-08 06:57:03.288062: OpenEDS_000000319934, shape torch.Size([1, 1, 400, 640]), rank 0
2026-08-08 06:57:03.300697: predicting OpenEDS_000000319938
2026-08-08 06:57:03.302112: OpenEDS_000000319938, shape torch.Size([1, 1, 400, 640]), rank 0
2026-08-08 06:57:03.315258: predicting OpenEDS_000000319939
2026-08-08 06:57:03.316746: OpenEDS_000000319939, shape torch.Size([1, 1, 400, 640]), rank 0
2026-08-08 06:57:03.329422: predicting OpenEDS_000000319944
2026-08-08 06:57:03.330679: OpenEDS_000000319944, shape torch.Size([1, 1, 400, 640]), rank 0
2026-08-08 06:57:03.343717: predicting OpenEDS_000000319949
2026-08-08 06:57:03.345345: OpenEDS_000000319949, shape torch.Size([1, 1, 400, 640]), rank 0
2026-08-08 06:57:03.358001: predicting OpenEDS_000000319952
2026-08-08 06:57:03.359305: OpenEDS_000000319952, shape torch.Size([1, 1, 400, 640]), rank 0
2026-08-08 06:57:03.371963: predicting OpenEDS_000000319959
2026-08-08 06:57:03.373280: OpenEDS_000000319959, shape torch.Size([1, 1, 400, 640]), rank 0
2026-08-08 06:57:03.385967: predicting OpenEDS_000000319962
2026-08-08 06:57:03.387274: OpenEDS_000000319962, shape torch.Size([1, 1, 400, 640]), rank 0
2026-08-08 06:57:03.399927: predicting OpenEDS_000000322632
2026-08-08 06:57:03.401197: OpenEDS_000000322632, shape torch.Size([1, 1, 400, 640]), rank 0
2026-08-08 06:57:03.414259: predicting OpenEDS_000000322635
2026-08-08 06:57:03.415858: OpenEDS_000000322635, shape torch.Size([1, 1, 400, 640]), rank 0
2026-08-08 06:57:03.428406: predicting OpenEDS_000000322653
2026-08-08 06:57:03.429849: OpenEDS_000000322653, shape torch.Size([1, 1, 400, 640]), rank 0
2026-08-08 06:57:03.442427: predicting OpenEDS_000000322654
2026-08-08 06:57:03.443705: OpenEDS_000000322654, shape torch.Size([1, 1, 400, 640]), rank 0
2026-08-08 06:57:03.456315: predicting OpenEDS_000000322661
2026-08-08 06:57:03.457619: OpenEDS_000000322661, shape torch.Size([1, 1, 400, 640]), rank 0
2026-08-08 06:57:03.470268: predicting OpenEDS_000000322662
2026-08-08 06:57:03.471537: OpenEDS_000000322662, shape torch.Size([1, 1, 400, 640]), rank 0
2026-08-08 06:57:03.484198: predicting OpenEDS_000000322669
2026-08-08 06:57:03.485437: OpenEDS_000000322669, shape torch.Size([1, 1, 400, 640]), rank 0
2026-08-08 06:57:03.498057: predicting OpenEDS_000000322672
2026-08-08 06:57:03.499369: OpenEDS_000000322672, shape torch.Size([1, 1, 400, 640]), rank 0
2026-08-08 06:57:03.512082: predicting OpenEDS_000000322675
2026-08-08 06:57:03.513362: OpenEDS_000000322675, shape torch.Size([1, 1, 400, 640]), rank 0
2026-08-08 06:57:03.526038: predicting OpenEDS_000000322677
2026-08-08 06:57:03.527384: OpenEDS_000000322677, shape torch.Size([1, 1, 400, 640]), rank 0
2026-08-08 06:57:03.540599: predicting OpenEDS_000000322679
2026-08-08 06:57:03.542025: OpenEDS_000000322679, shape torch.Size([1, 1, 400, 640]), rank 0
2026-08-08 06:57:03.554722: predicting OpenEDS_000000322680
2026-08-08 06:57:03.555979: OpenEDS_000000322680, shape torch.Size([1, 1, 400, 640]), rank 0
2026-08-08 06:57:03.568672: predicting OpenEDS_000000322684
2026-08-08 06:57:03.570014: OpenEDS_000000322684, shape torch.Size([1, 1, 400, 640]), rank 0
2026-08-08 06:57:03.582700: predicting OpenEDS_000000322685
2026-08-08 06:57:03.584001: OpenEDS_000000322685, shape torch.Size([1, 1, 400, 640]), rank 0
2026-08-08 06:57:03.597309: predicting OpenEDS_000000322689
2026-08-08 06:57:03.598901: OpenEDS_000000322689, shape torch.Size([1, 1, 400, 640]), rank 0
2026-08-08 06:57:03.611556: predicting OpenEDS_000000322690
2026-08-08 06:57:03.612805: OpenEDS_000000322690, shape torch.Size([1, 1, 400, 640]), rank 0
2026-08-08 06:57:03.625487: predicting OpenEDS_000000322693
2026-08-08 06:57:03.626896: OpenEDS_000000322693, shape torch.Size([1, 1, 400, 640]), rank 0
2026-08-08 06:57:03.639718: predicting OpenEDS_000000325354
2026-08-08 06:57:03.641006: OpenEDS_000000325354, shape torch.Size([1, 1, 400, 640]), rank 0
2026-08-08 06:57:03.653946: predicting OpenEDS_000000325357
2026-08-08 06:57:03.655210: OpenEDS_000000325357, shape torch.Size([1, 1, 400, 640]), rank 0
2026-08-08 06:57:03.667947: predicting OpenEDS_000000325361
2026-08-08 06:57:03.669206: OpenEDS_000000325361, shape torch.Size([1, 1, 400, 640]), rank 0
2026-08-08 06:57:03.681907: predicting OpenEDS_000000325363
2026-08-08 06:57:03.683177: OpenEDS_000000325363, shape torch.Size([1, 1, 400, 640]), rank 0
2026-08-08 06:57:03.696275: predicting OpenEDS_000000325366
2026-08-08 06:57:03.697545: OpenEDS_000000325366, shape torch.Size([1, 1, 400, 640]), rank 0
2026-08-08 06:57:03.710452: predicting OpenEDS_000000325367
2026-08-08 06:57:03.711763: OpenEDS_000000325367, shape torch.Size([1, 1, 400, 640]), rank 0
2026-08-08 06:57:03.724952: predicting OpenEDS_000000325377
2026-08-08 06:57:03.726304: OpenEDS_000000325377, shape torch.Size([1, 1, 400, 640]), rank 0
2026-08-08 06:57:03.739382: predicting OpenEDS_000000325381
2026-08-08 06:57:03.741266: OpenEDS_000000325381, shape torch.Size([1, 1, 400, 640]), rank 0
2026-08-08 06:57:03.754227: predicting OpenEDS_000000325385
2026-08-08 06:57:03.755505: OpenEDS_000000325385, shape torch.Size([1, 1, 400, 640]), rank 0
2026-08-08 06:57:03.768493: predicting OpenEDS_000000325398
2026-08-08 06:57:03.769771: OpenEDS_000000325398, shape torch.Size([1, 1, 400, 640]), rank 0
2026-08-08 06:57:03.782826: predicting OpenEDS_000000325399
2026-08-08 06:57:03.784140: OpenEDS_000000325399, shape torch.Size([1, 1, 400, 640]), rank 0
2026-08-08 06:57:03.796981: predicting OpenEDS_000000325403
2026-08-08 06:57:03.798257: OpenEDS_000000325403, shape torch.Size([1, 1, 400, 640]), rank 0
2026-08-08 06:57:03.810986: predicting OpenEDS_000000325406
2026-08-08 06:57:03.812253: OpenEDS_000000325406, shape torch.Size([1, 1, 400, 640]), rank 0
2026-08-08 06:57:03.824989: predicting OpenEDS_000000325410
2026-08-08 06:57:03.826336: OpenEDS_000000325410, shape torch.Size([1, 1, 400, 640]), rank 0
2026-08-08 06:57:03.839351: predicting OpenEDS_000000328074
2026-08-08 06:57:03.840872: OpenEDS_000000328074, shape torch.Size([1, 1, 400, 640]), rank 0
2026-08-08 06:57:03.853486: predicting OpenEDS_000000328077
2026-08-08 06:57:03.854784: OpenEDS_000000328077, shape torch.Size([1, 1, 400, 640]), rank 0
2026-08-08 06:57:03.867381: predicting OpenEDS_000000328085
2026-08-08 06:57:03.868628: OpenEDS_000000328085, shape torch.Size([1, 1, 400, 640]), rank 0
2026-08-08 06:57:03.881269: predicting OpenEDS_000000328088
2026-08-08 06:57:03.882563: OpenEDS_000000328088, shape torch.Size([1, 1, 400, 640]), rank 0
2026-08-08 06:57:03.895196: predicting OpenEDS_000000328092
2026-08-08 06:57:03.896473: OpenEDS_000000328092, shape torch.Size([1, 1, 400, 640]), rank 0
2026-08-08 06:57:03.909117: predicting OpenEDS_000000328093
2026-08-08 06:57:03.910611: OpenEDS_000000328093, shape torch.Size([1, 1, 400, 640]), rank 0
2026-08-08 06:57:03.923349: predicting OpenEDS_000000328101
2026-08-08 06:57:03.924615: OpenEDS_000000328101, shape torch.Size([1, 1, 400, 640]), rank 0
2026-08-08 06:57:03.937744: predicting OpenEDS_000000328111
2026-08-08 06:57:03.939010: OpenEDS_000000328111, shape torch.Size([1, 1, 400, 640]), rank 0
2026-08-08 06:57:03.951665: predicting OpenEDS_000000328117
2026-08-08 06:57:03.952984: OpenEDS_000000328117, shape torch.Size([1, 1, 400, 640]), rank 0
2026-08-08 06:57:03.965620: predicting OpenEDS_000000330768
2026-08-08 06:57:03.966891: OpenEDS_000000330768, shape torch.Size([1, 1, 400, 640]), rank 0
2026-08-08 06:57:03.979568: predicting OpenEDS_000000330771
2026-08-08 06:57:03.981072: OpenEDS_000000330771, shape torch.Size([1, 1, 400, 640]), rank 0
2026-08-08 06:57:03.993701: predicting OpenEDS_000000330774
2026-08-08 06:57:03.995041: OpenEDS_000000330774, shape torch.Size([1, 1, 400, 640]), rank 0
2026-08-08 06:57:04.007634: predicting OpenEDS_000000330775
2026-08-08 06:57:04.008907: OpenEDS_000000330775, shape torch.Size([1, 1, 400, 640]), rank 0
2026-08-08 06:57:04.021923: predicting OpenEDS_000000330777
2026-08-08 06:57:04.023239: OpenEDS_000000330777, shape torch.Size([1, 1, 400, 640]), rank 0
2026-08-08 06:57:04.036181: predicting OpenEDS_000000330781
2026-08-08 06:57:04.037462: OpenEDS_000000330781, shape torch.Size([1, 1, 400, 640]), rank 0
2026-08-08 06:57:04.050116: predicting OpenEDS_000000330795
2026-08-08 06:57:04.051589: OpenEDS_000000330795, shape torch.Size([1, 1, 400, 640]), rank 0
2026-08-08 06:57:04.064340: predicting OpenEDS_000000330802
2026-08-08 06:57:04.065681: OpenEDS_000000330802, shape torch.Size([1, 1, 400, 640]), rank 0
2026-08-08 06:57:04.078301: predicting OpenEDS_000000330804
2026-08-08 06:57:04.079695: OpenEDS_000000330804, shape torch.Size([1, 1, 400, 640]), rank 0
2026-08-08 06:57:04.092417: predicting OpenEDS_000000330822
2026-08-08 06:57:04.093704: OpenEDS_000000330822, shape torch.Size([1, 1, 400, 640]), rank 0
2026-08-08 06:57:04.106372: predicting OpenEDS_000000330824
2026-08-08 06:57:04.107687: OpenEDS_000000330824, shape torch.Size([1, 1, 400, 640]), rank 0
2026-08-08 06:57:04.120360: predicting OpenEDS_000000330834
2026-08-08 06:57:04.121666: OpenEDS_000000330834, shape torch.Size([1, 1, 400, 640]), rank 0
2026-08-08 06:57:04.134286: predicting OpenEDS_000000330845
2026-08-08 06:57:04.135591: OpenEDS_000000330845, shape torch.Size([1, 1, 400, 640]), rank 0
2026-08-08 06:57:04.148222: predicting OpenEDS_000000330846
2026-08-08 06:57:04.149488: OpenEDS_000000330846, shape torch.Size([1, 1, 400, 640]), rank 0
2026-08-08 06:57:04.162498: predicting OpenEDS_000000330850
2026-08-08 06:57:04.163800: OpenEDS_000000330850, shape torch.Size([1, 1, 400, 640]), rank 0
2026-08-08 06:57:04.176993: predicting OpenEDS_000000333504
2026-08-08 06:57:04.178305: OpenEDS_000000333504, shape torch.Size([1, 1, 400, 640]), rank 0
2026-08-08 06:57:04.191354: predicting OpenEDS_000000333508
2026-08-08 06:57:04.192708: OpenEDS_000000333508, shape torch.Size([1, 1, 400, 640]), rank 0
2026-08-08 06:57:04.205725: predicting OpenEDS_000000333519
2026-08-08 06:57:04.207261: OpenEDS_000000333519, shape torch.Size([1, 1, 400, 640]), rank 0
2026-08-08 06:57:04.220066: predicting OpenEDS_000000333529
2026-08-08 06:57:04.221348: OpenEDS_000000333529, shape torch.Size([1, 1, 400, 640]), rank 0
2026-08-08 06:57:04.234097: predicting OpenEDS_000000333533
2026-08-08 06:57:04.235352: OpenEDS_000000333533, shape torch.Size([1, 1, 400, 640]), rank 0
2026-08-08 06:57:04.248009: predicting OpenEDS_000000333542
2026-08-08 06:57:04.249276: OpenEDS_000000333542, shape torch.Size([1, 1, 400, 640]), rank 0
2026-08-08 06:57:04.261889: predicting OpenEDS_000000333552
2026-08-08 06:57:04.263174: OpenEDS_000000333552, shape torch.Size([1, 1, 400, 640]), rank 0
2026-08-08 06:57:04.275832: predicting OpenEDS_000000333553
2026-08-08 06:57:04.277147: OpenEDS_000000333553, shape torch.Size([1, 1, 400, 640]), rank 0
2026-08-08 06:57:04.289834: predicting OpenEDS_000000333554
2026-08-08 06:57:04.291108: OpenEDS_000000333554, shape torch.Size([1, 1, 400, 640]), rank 0
2026-08-08 06:57:04.303843: predicting OpenEDS_000000333561
2026-08-08 06:57:04.305102: OpenEDS_000000333561, shape torch.Size([1, 1, 400, 640]), rank 0
2026-08-08 06:57:04.317879: predicting OpenEDS_000000333564
2026-08-08 06:57:04.319144: OpenEDS_000000333564, shape torch.Size([1, 1, 400, 640]), rank 0
2026-08-08 06:57:04.332162: predicting OpenEDS_000000333570
2026-08-08 06:57:04.333522: OpenEDS_000000333570, shape torch.Size([1, 1, 400, 640]), rank 0
2026-08-08 06:57:04.346144: predicting OpenEDS_000000333577
2026-08-08 06:57:04.347404: OpenEDS_000000333577, shape torch.Size([1, 1, 400, 640]), rank 0
2026-08-08 06:57:04.359996: predicting OpenEDS_000000333582
2026-08-08 06:57:04.361225: OpenEDS_000000333582, shape torch.Size([1, 1, 400, 640]), rank 0
2026-08-08 06:57:04.373868: predicting OpenEDS_000000333583
2026-08-08 06:57:04.375103: OpenEDS_000000333583, shape torch.Size([1, 1, 400, 640]), rank 0
2026-08-08 06:57:04.387816: predicting OpenEDS_000000336242
2026-08-08 06:57:04.389268: OpenEDS_000000336242, shape torch.Size([1, 1, 400, 640]), rank 0
2026-08-08 06:57:04.401975: predicting OpenEDS_000000336247
2026-08-08 06:57:04.403241: OpenEDS_000000336247, shape torch.Size([1, 1, 400, 640]), rank 0
2026-08-08 06:57:04.416347: predicting OpenEDS_000000336251
2026-08-08 06:57:04.417755: OpenEDS_000000336251, shape torch.Size([1, 1, 400, 640]), rank 0
2026-08-08 06:57:04.430876: predicting OpenEDS_000000336254
2026-08-08 06:57:04.432144: OpenEDS_000000336254, shape torch.Size([1, 1, 400, 640]), rank 0
2026-08-08 06:57:04.444750: predicting OpenEDS_000000336260
2026-08-08 06:57:04.446025: OpenEDS_000000336260, shape torch.Size([1, 1, 400, 640]), rank 0
2026-08-08 06:57:04.458669: predicting OpenEDS_000000336263
2026-08-08 06:57:04.459983: OpenEDS_000000336263, shape torch.Size([1, 1, 400, 640]), rank 0
2026-08-08 06:57:04.472626: predicting OpenEDS_000000336267
2026-08-08 06:57:04.473914: OpenEDS_000000336267, shape torch.Size([1, 1, 400, 640]), rank 0
2026-08-08 06:57:04.486619: predicting OpenEDS_000000336282
2026-08-08 06:57:04.487929: OpenEDS_000000336282, shape torch.Size([1, 1, 400, 640]), rank 0
2026-08-08 06:57:04.500617: predicting OpenEDS_000000336285
2026-08-08 06:57:04.501892: OpenEDS_000000336285, shape torch.Size([1, 1, 400, 640]), rank 0
2026-08-08 06:57:04.514500: predicting OpenEDS_000000336297
2026-08-08 06:57:04.515793: OpenEDS_000000336297, shape torch.Size([1, 1, 400, 640]), rank 0
2026-08-08 06:57:04.528324: predicting OpenEDS_000000336304
2026-08-08 06:57:04.529602: OpenEDS_000000336304, shape torch.Size([1, 1, 400, 640]), rank 0
2026-08-08 06:57:04.542255: predicting OpenEDS_000000336320
2026-08-08 06:57:04.543519: OpenEDS_000000336320, shape torch.Size([1, 1, 400, 640]), rank 0
2026-08-08 06:57:04.556200: predicting OpenEDS_000000336321
2026-08-08 06:57:04.557779: OpenEDS_000000336321, shape torch.Size([1, 1, 400, 640]), rank 0
2026-08-08 06:57:04.570494: predicting OpenEDS_000000336329
2026-08-08 06:57:04.571914: OpenEDS_000000336329, shape torch.Size([1, 1, 400, 640]), rank 0
2026-08-08 06:57:04.584595: predicting OpenEDS_000000336330
2026-08-08 06:57:04.585882: OpenEDS_000000336330, shape torch.Size([1, 1, 400, 640]), rank 0
2026-08-08 06:57:04.598618: predicting OpenEDS_000000336331
2026-08-08 06:57:04.599942: OpenEDS_000000336331, shape torch.Size([1, 1, 400, 640]), rank 0
2026-08-08 06:57:08.258019: Validation complete
2026-08-08 06:57:08.258126: Mean Validation Dice:  0.9706695325935053
