
############################
INFO: You are using the old nnU-Net default plans. We have updated our recommendations. Please consider using those instead! Read more here: https://github.com/MIC-DKFZ/nnUNet/blob/master/documentation/resenc_presets.md
############################

Using device: cuda:0

#######################################################################
Please cite the following paper when using nnU-Net:
Isensee, F., Jaeger, P. F., Kohl, S. A., Petersen, J., & Maier-Hein, K. H. (2021). nnU-Net: a self-configuring method for deep learning-based biomedical image segmentation. Nature methods, 18(2), 203-211.
#######################################################################

[nnUNetTrainer_Vivim] Natively building Vivim (Video Vision Mamba) Temporal Architecture inside nnUNet v2!
2026-08-07 17:13:59.150355: do_dummy_2d_data_aug: False
2026-08-07 17:13:59.159331: Using splits from existing split file: /home/iulab0/PycharmProjects/nnUNet/nnUNet_preprocessed/Dataset600_OpenEDS2019/splits_final.json
2026-08-07 17:13:59.161567: The split file contains 5 splits.
2026-08-07 17:13:59.161619: Desired fold for training: 1
2026-08-07 17:13:59.161649: This split has 9055 training and 2264 validation cases.
using pin_memory on device 0
using pin_memory on device 0

This is the configuration used by this training:
Configuration name: 2d
 {'data_identifier': 'nnUNetPlans_2d', 'preprocessor_name': 'DefaultPreprocessor', 'batch_size': 11, 'patch_size': [448, 640], 'median_image_size_in_voxels': [400.0, 640.0], 'spacing': [1.0, 1.0], 'normalization_schemes': ['ZScoreNormalization'], 'use_mask_for_norm': [False], 'resampling_fn_data': 'resample_data_or_seg_to_shape', 'resampling_fn_seg': 'resample_data_or_seg_to_shape', 'resampling_fn_data_kwargs': {'is_seg': False, 'order': 3, 'order_z': 0, 'force_separate_z': None}, 'resampling_fn_seg_kwargs': {'is_seg': True, 'order': 1, 'order_z': 0, 'force_separate_z': None}, 'resampling_fn_probabilities': 'resample_data_or_seg_to_shape', 'resampling_fn_probabilities_kwargs': {'is_seg': False, 'order': 1, 'order_z': 0, 'force_separate_z': None}, 'architecture': {'network_class_name': 'dynamic_network_architectures.architectures.unet.PlainConvUNet', 'arch_kwargs': {'n_stages': 7, 'features_per_stage': [32, 64, 128, 256, 512, 512, 512], 'conv_op': 'torch.nn.modules.conv.Conv2d', 'kernel_sizes': [[3, 3], [3, 3], [3, 3], [3, 3], [3, 3], [3, 3], [3, 3]], 'strides': [[1, 1], [2, 2], [2, 2], [2, 2], [2, 2], [2, 2], [2, 2]], 'n_conv_per_stage': [2, 2, 2, 2, 2, 2, 2], 'n_conv_per_stage_decoder': [2, 2, 2, 2, 2, 2], 'conv_bias': True, 'norm_op': 'torch.nn.modules.instancenorm.InstanceNorm2d', 'norm_op_kwargs': {'eps': 1e-05, 'affine': True}, 'dropout_op': None, 'dropout_op_kwargs': None, 'nonlin': 'torch.nn.LeakyReLU', 'nonlin_kwargs': {'inplace': True}}, '_kw_requires_import': ['conv_op', 'norm_op', 'dropout_op', 'nonlin']}, 'batch_dice': True} 

These are the global plan.json settings:
 {'dataset_name': 'Dataset600_OpenEDS2019', 'plans_name': 'nnUNetPlans', 'original_median_spacing_after_transp': [1.0, 1.0, 1.0], 'original_median_shape_after_transp': [1, 400, 640], 'image_reader_writer': 'SimpleITKIO', 'transpose_forward': [0, 1, 2], 'transpose_backward': [0, 1, 2], 'experiment_planner_used': 'ExperimentPlanner', 'label_manager': 'LabelManager', 'foreground_intensity_properties_per_channel': {'0': {'max': 255.0, 'mean': 86.44979858398438, 'median': 79.0, 'min': 6.0, 'percentile_00_5': 19.0, 'percentile_99_5': 255.0, 'std': 39.93887710571289}}} 

2026-08-07 17:14:00.232695: Unable to plot network architecture:
2026-08-07 17:14:00.233311: No module named 'hiddenlayer'
[nnUNetTrainer_Vivim] Initializing WandB Sync for Temporal T=9 run: nnUNet_Vivim_Mamba_Temporal_T9_fold1_20260807_171400
wandb: [wandb.login()] Loaded credentials for https://api.wandb.ai from /home/iulab0/.netrc.
wandb: Currently logged in as: hyun02051 (hyun02051-hongik-university) to https://api.wandb.ai. Use `wandb login --relogin` to force relogin
wandb: setting up run 8ig9w5h1
wandb: Tracking run with wandb version 0.28.1
wandb: Run data is saved locally in /home/iulab0/PycharmProjects/nnUNet/wandb/run-20260807_171400-8ig9w5h1
wandb: Run `wandb offline` to turn off syncing.
wandb: Syncing run nnUNet_Vivim_Mamba_Temporal_T9_fold1_20260807_171400
wandb: ⭐️ View project at https://wandb.ai/hyun02051-hongik-university/eyeball-3d
wandb: 🚀 View run at https://wandb.ai/hyun02051-hongik-university/eyeball-3d/runs/8ig9w5h1
2026-08-07 17:14:01.908048: 
2026-08-07 17:14:01.908334: Epoch 0
2026-08-07 17:14:01.908704: Current learning rate: 0.01
2026-08-07 17:15:04.645184: train_loss -0.1741
2026-08-07 17:15:04.645579: val_loss -0.4117
2026-08-07 17:15:04.645762: Pseudo dice [np.float32(0.5659), np.float32(0.7692), np.float32(0.7114)]
2026-08-07 17:15:04.646333: Epoch time: 62.74 s
2026-08-07 17:15:04.646556: Yayy! New best EMA pseudo Dice: 0.682200014591217
2026-08-07 17:15:05.010069: 
2026-08-07 17:15:05.010301: Epoch 1
2026-08-07 17:15:05.010862: Current learning rate: 0.00999
2026-08-07 17:15:29.135693: train_loss -0.5946
2026-08-07 17:15:29.136092: val_loss -0.6701
2026-08-07 17:15:29.136414: Pseudo dice [np.float32(0.7361), np.float32(0.8667), np.float32(0.8745)]
2026-08-07 17:15:29.137605: Epoch time: 24.13 s
2026-08-07 17:15:29.137782: Yayy! New best EMA pseudo Dice: 0.6966000199317932
2026-08-07 17:15:29.567348: 
2026-08-07 17:15:29.567611: Epoch 2
2026-08-07 17:15:29.567819: Current learning rate: 0.00998
2026-08-07 17:15:53.713474: train_loss -0.7434
2026-08-07 17:15:53.713871: val_loss -0.8202
2026-08-07 17:15:53.714543: Pseudo dice [np.float32(0.8635), np.float32(0.9276), np.float32(0.9438)]
2026-08-07 17:15:53.715764: Epoch time: 24.15 s
2026-08-07 17:15:53.716213: Yayy! New best EMA pseudo Dice: 0.7181000113487244
2026-08-07 17:15:54.342866: 
2026-08-07 17:15:54.343093: Epoch 3
2026-08-07 17:15:54.343269: Current learning rate: 0.00997
2026-08-07 17:16:18.490860: train_loss -0.8084
2026-08-07 17:16:18.491261: val_loss -0.8415
2026-08-07 17:16:18.491742: Pseudo dice [np.float32(0.8709), np.float32(0.9423), np.float32(0.9477)]
2026-08-07 17:16:18.492815: Epoch time: 24.15 s
2026-08-07 17:16:18.493454: Yayy! New best EMA pseudo Dice: 0.7383000254631042
2026-08-07 17:16:18.922371: 
2026-08-07 17:16:18.922586: Epoch 4
2026-08-07 17:16:18.923450: Current learning rate: 0.00996
2026-08-07 17:16:43.072860: train_loss -0.8325
2026-08-07 17:16:43.073265: val_loss -0.8601
2026-08-07 17:16:43.073542: Pseudo dice [np.float32(0.8864), np.float32(0.949), np.float32(0.9549)]
2026-08-07 17:16:43.074320: Epoch time: 24.15 s
2026-08-07 17:16:43.074792: Yayy! New best EMA pseudo Dice: 0.7574999928474426
2026-08-07 17:16:43.507231: 
2026-08-07 17:16:43.507534: Epoch 5
2026-08-07 17:16:43.507735: Current learning rate: 0.00995
2026-08-07 17:17:07.662497: train_loss -0.8535
2026-08-07 17:17:07.662910: val_loss -0.8817
2026-08-07 17:17:07.664919: Pseudo dice [np.float32(0.9101), np.float32(0.9492), np.float32(0.9622)]
2026-08-07 17:17:07.665588: Epoch time: 24.16 s
2026-08-07 17:17:07.665710: Yayy! New best EMA pseudo Dice: 0.7757999897003174
2026-08-07 17:17:08.087295: 
2026-08-07 17:17:08.087539: Epoch 6
2026-08-07 17:17:08.088055: Current learning rate: 0.00995
2026-08-07 17:17:32.245950: train_loss -0.866
2026-08-07 17:17:32.246442: val_loss -0.8763
2026-08-07 17:17:32.246774: Pseudo dice [np.float32(0.8997), np.float32(0.9482), np.float32(0.961)]
2026-08-07 17:17:32.247053: Epoch time: 24.16 s
2026-08-07 17:17:32.247368: Yayy! New best EMA pseudo Dice: 0.7918000221252441
2026-08-07 17:17:32.669896: 
2026-08-07 17:17:32.670116: Epoch 7
2026-08-07 17:17:32.670252: Current learning rate: 0.00994
2026-08-07 17:17:56.828509: train_loss -0.8765
2026-08-07 17:17:56.829116: val_loss -0.8786
2026-08-07 17:17:56.830883: Pseudo dice [np.float32(0.9071), np.float32(0.9567), np.float32(0.9496)]
2026-08-07 17:17:56.831967: Epoch time: 24.16 s
2026-08-07 17:17:56.832227: Yayy! New best EMA pseudo Dice: 0.8064000010490417
2026-08-07 17:17:57.262271: 
2026-08-07 17:17:57.262707: Epoch 8
2026-08-07 17:17:57.262992: Current learning rate: 0.00993
2026-08-07 17:18:21.419178: train_loss -0.8844
2026-08-07 17:18:21.419587: val_loss -0.8967
2026-08-07 17:18:21.420016: Pseudo dice [np.float32(0.9189), np.float32(0.9616), np.float32(0.9631)]
2026-08-07 17:18:21.420357: Epoch time: 24.16 s
2026-08-07 17:18:21.420649: Yayy! New best EMA pseudo Dice: 0.8205999732017517
2026-08-07 17:18:21.854551: 
2026-08-07 17:18:21.854774: Epoch 9
2026-08-07 17:18:21.855142: Current learning rate: 0.00992
2026-08-07 17:18:46.011681: train_loss -0.8855
2026-08-07 17:18:46.012096: val_loss -0.9013
2026-08-07 17:18:46.012635: Pseudo dice [np.float32(0.9214), np.float32(0.9642), np.float32(0.9643)]
2026-08-07 17:18:46.013060: Epoch time: 24.16 s
2026-08-07 17:18:46.013312: Yayy! New best EMA pseudo Dice: 0.8335000276565552
2026-08-07 17:18:46.433564: 
2026-08-07 17:18:46.433785: Epoch 10
2026-08-07 17:18:46.433921: Current learning rate: 0.00991
2026-08-07 17:19:10.583816: train_loss -0.8953
2026-08-07 17:19:10.584313: val_loss -0.9132
2026-08-07 17:19:10.584769: Pseudo dice [np.float32(0.9354), np.float32(0.963), np.float32(0.9666)]
2026-08-07 17:19:10.585135: Epoch time: 24.15 s
2026-08-07 17:19:10.585400: Yayy! New best EMA pseudo Dice: 0.8457000255584717
2026-08-07 17:19:11.015252: 
2026-08-07 17:19:11.015536: Epoch 11
2026-08-07 17:19:11.015864: Current learning rate: 0.0099
2026-08-07 17:19:35.158231: train_loss -0.8951
2026-08-07 17:19:35.158779: val_loss -0.9079
2026-08-07 17:19:35.158965: Pseudo dice [np.float32(0.9313), np.float32(0.9625), np.float32(0.9632)]
2026-08-07 17:19:35.159267: Epoch time: 24.14 s
2026-08-07 17:19:35.159550: Yayy! New best EMA pseudo Dice: 0.8562999963760376
2026-08-07 17:19:35.585953: 
2026-08-07 17:19:35.586218: Epoch 12
2026-08-07 17:19:35.586375: Current learning rate: 0.00989
2026-08-07 17:19:59.730836: train_loss -0.898
2026-08-07 17:19:59.731367: val_loss -0.9013
2026-08-07 17:19:59.731720: Pseudo dice [np.float32(0.9249), np.float32(0.9592), np.float32(0.9601)]
2026-08-07 17:19:59.731966: Epoch time: 24.15 s
2026-08-07 17:19:59.732275: Yayy! New best EMA pseudo Dice: 0.8654999732971191
2026-08-07 17:20:00.153405: 
2026-08-07 17:20:00.153732: Epoch 13
2026-08-07 17:20:00.153956: Current learning rate: 0.00988
2026-08-07 17:20:24.308133: train_loss -0.9066
2026-08-07 17:20:24.308555: val_loss -0.9155
2026-08-07 17:20:24.308879: Pseudo dice [np.float32(0.9359), np.float32(0.9655), np.float32(0.9648)]
2026-08-07 17:20:24.309062: Epoch time: 24.15 s
2026-08-07 17:20:24.309173: Yayy! New best EMA pseudo Dice: 0.8744999766349792
2026-08-07 17:20:24.730341: 
2026-08-07 17:20:24.730562: Epoch 14
2026-08-07 17:20:24.730961: Current learning rate: 0.00987
2026-08-07 17:20:48.880126: train_loss -0.909
2026-08-07 17:20:48.880620: val_loss -0.9177
2026-08-07 17:20:48.880802: Pseudo dice [np.float32(0.9366), np.float32(0.966), np.float32(0.965)]
2026-08-07 17:20:48.881409: Epoch time: 24.15 s
2026-08-07 17:20:48.882101: Yayy! New best EMA pseudo Dice: 0.8826000094413757
2026-08-07 17:20:49.528053: 
2026-08-07 17:20:49.528620: Epoch 15
2026-08-07 17:20:49.528914: Current learning rate: 0.00986
2026-08-07 17:21:13.684749: train_loss -0.9073
2026-08-07 17:21:13.685156: val_loss -0.9199
2026-08-07 17:21:13.685517: Pseudo dice [np.float32(0.9382), np.float32(0.9655), np.float32(0.9699)]
2026-08-07 17:21:13.687214: Epoch time: 24.16 s
2026-08-07 17:21:13.687359: Yayy! New best EMA pseudo Dice: 0.8902000188827515
2026-08-07 17:21:14.117082: 
2026-08-07 17:21:14.117342: Epoch 16
2026-08-07 17:21:14.117558: Current learning rate: 0.00986
2026-08-07 17:21:38.270119: train_loss -0.9103
2026-08-07 17:21:38.270663: val_loss -0.9218
2026-08-07 17:21:38.270852: Pseudo dice [np.float32(0.9398), np.float32(0.967), np.float32(0.9675)]
2026-08-07 17:21:38.271024: Epoch time: 24.15 s
2026-08-07 17:21:38.271139: Yayy! New best EMA pseudo Dice: 0.8968999981880188
2026-08-07 17:21:38.704050: 
2026-08-07 17:21:38.704276: Epoch 17
2026-08-07 17:21:38.704583: Current learning rate: 0.00985
2026-08-07 17:22:02.861732: train_loss -0.9132
2026-08-07 17:22:02.862424: val_loss -0.9257
2026-08-07 17:22:02.862688: Pseudo dice [np.float32(0.9453), np.float32(0.9688), np.float32(0.9662)]
2026-08-07 17:22:02.863682: Epoch time: 24.16 s
2026-08-07 17:22:02.863904: Yayy! New best EMA pseudo Dice: 0.9032999873161316
2026-08-07 17:22:03.296438: 
2026-08-07 17:22:03.296668: Epoch 18
2026-08-07 17:22:03.296814: Current learning rate: 0.00984
2026-08-07 17:22:27.451924: train_loss -0.9132
2026-08-07 17:22:27.452306: val_loss -0.9027
2026-08-07 17:22:27.452675: Pseudo dice [np.float32(0.9189), np.float32(0.965), np.float32(0.9657)]
2026-08-07 17:22:27.453246: Epoch time: 24.16 s
2026-08-07 17:22:27.453363: Yayy! New best EMA pseudo Dice: 0.9078999757766724
2026-08-07 17:22:27.891619: 
2026-08-07 17:22:27.891846: Epoch 19
2026-08-07 17:22:27.893142: Current learning rate: 0.00983
2026-08-07 17:22:52.058178: train_loss -0.9126
2026-08-07 17:22:52.058649: val_loss -0.9232
2026-08-07 17:22:52.060488: Pseudo dice [np.float32(0.9409), np.float32(0.9689), np.float32(0.967)]
2026-08-07 17:22:52.060897: Epoch time: 24.17 s
2026-08-07 17:22:52.061091: Yayy! New best EMA pseudo Dice: 0.9129999876022339
2026-08-07 17:22:52.506456: 
2026-08-07 17:22:52.506767: Epoch 20
2026-08-07 17:22:52.507229: Current learning rate: 0.00982
2026-08-07 17:23:16.667945: train_loss -0.9158
2026-08-07 17:23:16.668801: val_loss -0.9174
2026-08-07 17:23:16.669090: Pseudo dice [np.float32(0.9398), np.float32(0.9659), np.float32(0.9605)]
2026-08-07 17:23:16.669325: Epoch time: 24.16 s
2026-08-07 17:23:16.669549: Yayy! New best EMA pseudo Dice: 0.9172999858856201
2026-08-07 17:23:17.120032: 
2026-08-07 17:23:17.120243: Epoch 21
2026-08-07 17:23:17.120382: Current learning rate: 0.00981
2026-08-07 17:23:41.280538: train_loss -0.9169
2026-08-07 17:23:41.281495: val_loss -0.9292
2026-08-07 17:23:41.282557: Pseudo dice [np.float32(0.9466), np.float32(0.9691), np.float32(0.9699)]
2026-08-07 17:23:41.282999: Epoch time: 24.16 s
2026-08-07 17:23:41.283265: Yayy! New best EMA pseudo Dice: 0.9217000007629395
2026-08-07 17:23:41.703659: 
2026-08-07 17:23:41.703875: Epoch 22
2026-08-07 17:23:41.704667: Current learning rate: 0.0098
2026-08-07 17:24:05.868178: train_loss -0.9186
2026-08-07 17:24:05.868729: val_loss -0.9308
2026-08-07 17:24:05.868921: Pseudo dice [np.float32(0.9485), np.float32(0.9702), np.float32(0.9708)]
2026-08-07 17:24:05.869093: Epoch time: 24.16 s
2026-08-07 17:24:05.869978: Yayy! New best EMA pseudo Dice: 0.9258999824523926
2026-08-07 17:24:06.294024: 
2026-08-07 17:24:06.294242: Epoch 23
2026-08-07 17:24:06.294387: Current learning rate: 0.00979
2026-08-07 17:24:30.450065: train_loss -0.9178
2026-08-07 17:24:30.450655: val_loss -0.9262
2026-08-07 17:24:30.450961: Pseudo dice [np.float32(0.9432), np.float32(0.9693), np.float32(0.969)]
2026-08-07 17:24:30.451723: Epoch time: 24.16 s
2026-08-07 17:24:30.452008: Yayy! New best EMA pseudo Dice: 0.9293000102043152
2026-08-07 17:24:30.871809: 
2026-08-07 17:24:30.872048: Epoch 24
2026-08-07 17:24:30.872184: Current learning rate: 0.00978
2026-08-07 17:24:55.041371: train_loss -0.9204
2026-08-07 17:24:55.041777: val_loss -0.9234
2026-08-07 17:24:55.042228: Pseudo dice [np.float32(0.943), np.float32(0.9698), np.float32(0.9632)]
2026-08-07 17:24:55.044397: Epoch time: 24.17 s
2026-08-07 17:24:55.044714: Yayy! New best EMA pseudo Dice: 0.9322999715805054
2026-08-07 17:24:55.470551: 
2026-08-07 17:24:55.471590: Epoch 25
2026-08-07 17:24:55.471743: Current learning rate: 0.00977
2026-08-07 17:25:19.640429: train_loss -0.9235
2026-08-07 17:25:19.641166: val_loss -0.9321
2026-08-07 17:25:19.642585: Pseudo dice [np.float32(0.9487), np.float32(0.9706), np.float32(0.9704)]
2026-08-07 17:25:19.643006: Epoch time: 24.17 s
2026-08-07 17:25:19.643215: Yayy! New best EMA pseudo Dice: 0.9354000091552734
2026-08-07 17:25:20.059023: 
2026-08-07 17:25:20.060528: Epoch 26
2026-08-07 17:25:20.060741: Current learning rate: 0.00977
2026-08-07 17:25:44.223723: train_loss -0.9205
2026-08-07 17:25:44.224132: val_loss -0.9345
2026-08-07 17:25:44.224672: Pseudo dice [np.float32(0.9509), np.float32(0.9721), np.float32(0.9703)]
2026-08-07 17:25:44.225176: Epoch time: 24.16 s
2026-08-07 17:25:44.225692: Yayy! New best EMA pseudo Dice: 0.9383000135421753
2026-08-07 17:25:44.641713: 
2026-08-07 17:25:44.641936: Epoch 27
2026-08-07 17:25:44.642190: Current learning rate: 0.00976
2026-08-07 17:26:08.796720: train_loss -0.9246
2026-08-07 17:26:08.797409: val_loss -0.9202
2026-08-07 17:26:08.797861: Pseudo dice [np.float32(0.9365), np.float32(0.968), np.float32(0.9628)]
2026-08-07 17:26:08.798178: Epoch time: 24.16 s
2026-08-07 17:26:08.798446: Yayy! New best EMA pseudo Dice: 0.9399999976158142
2026-08-07 17:26:09.444045: 
2026-08-07 17:26:09.444269: Epoch 28
2026-08-07 17:26:09.444422: Current learning rate: 0.00975
2026-08-07 17:26:33.600252: train_loss -0.925
2026-08-07 17:26:33.600666: val_loss -0.9248
2026-08-07 17:26:33.601574: Pseudo dice [np.float32(0.9419), np.float32(0.9709), np.float32(0.9661)]
2026-08-07 17:26:33.601966: Epoch time: 24.16 s
2026-08-07 17:26:33.602187: Yayy! New best EMA pseudo Dice: 0.9419999718666077
2026-08-07 17:26:34.022986: 
2026-08-07 17:26:34.023210: Epoch 29
2026-08-07 17:26:34.023366: Current learning rate: 0.00974
2026-08-07 17:26:58.182847: train_loss -0.9253
2026-08-07 17:26:58.183255: val_loss -0.9303
2026-08-07 17:26:58.183604: Pseudo dice [np.float32(0.9494), np.float32(0.9711), np.float32(0.9669)]
2026-08-07 17:26:58.184001: Epoch time: 24.16 s
2026-08-07 17:26:58.184431: Yayy! New best EMA pseudo Dice: 0.9440000057220459
2026-08-07 17:26:58.602431: 
2026-08-07 17:26:58.602691: Epoch 30
2026-08-07 17:26:58.602981: Current learning rate: 0.00973
2026-08-07 17:27:22.769243: train_loss -0.9246
2026-08-07 17:27:22.769938: val_loss -0.9359
2026-08-07 17:27:22.771276: Pseudo dice [np.float32(0.9525), np.float32(0.9731), np.float32(0.9698)]
2026-08-07 17:27:22.771812: Epoch time: 24.17 s
2026-08-07 17:27:22.772018: Yayy! New best EMA pseudo Dice: 0.9460999965667725
2026-08-07 17:27:23.198036: 
2026-08-07 17:27:23.198244: Epoch 31
2026-08-07 17:27:23.198378: Current learning rate: 0.00972
2026-08-07 17:27:47.358869: train_loss -0.9234
2026-08-07 17:27:47.359306: val_loss -0.9073
2026-08-07 17:27:47.359710: Pseudo dice [np.float32(0.9234), np.float32(0.9658), np.float32(0.9639)]
2026-08-07 17:27:47.360356: Epoch time: 24.16 s
2026-08-07 17:27:47.361025: Yayy! New best EMA pseudo Dice: 0.9466000199317932
2026-08-07 17:27:47.792046: 
2026-08-07 17:27:47.792550: Epoch 32
2026-08-07 17:27:47.793982: Current learning rate: 0.00971
2026-08-07 17:28:11.945492: train_loss -0.9247
2026-08-07 17:28:11.945973: val_loss -0.9358
2026-08-07 17:28:11.946280: Pseudo dice [np.float32(0.9521), np.float32(0.9729), np.float32(0.969)]
2026-08-07 17:28:11.946704: Epoch time: 24.15 s
2026-08-07 17:28:11.947568: Yayy! New best EMA pseudo Dice: 0.9484000205993652
2026-08-07 17:28:12.373178: 
2026-08-07 17:28:12.373455: Epoch 33
2026-08-07 17:28:12.373674: Current learning rate: 0.0097
2026-08-07 17:28:36.536260: train_loss -0.9251
2026-08-07 17:28:36.536660: val_loss -0.934
2026-08-07 17:28:36.537177: Pseudo dice [np.float32(0.9508), np.float32(0.9709), np.float32(0.9696)]
2026-08-07 17:28:36.537361: Epoch time: 24.16 s
2026-08-07 17:28:36.538099: Yayy! New best EMA pseudo Dice: 0.949999988079071
2026-08-07 17:28:36.963328: 
2026-08-07 17:28:36.963620: Epoch 34
2026-08-07 17:28:36.963992: Current learning rate: 0.00969
2026-08-07 17:29:01.122048: train_loss -0.9244
2026-08-07 17:29:01.122653: val_loss -0.922
2026-08-07 17:29:01.123335: Pseudo dice [np.float32(0.9411), np.float32(0.9676), np.float32(0.9651)]
2026-08-07 17:29:01.123639: Epoch time: 24.16 s
2026-08-07 17:29:01.123761: Yayy! New best EMA pseudo Dice: 0.9508000016212463
2026-08-07 17:29:01.552080: 
2026-08-07 17:29:01.552321: Epoch 35
2026-08-07 17:29:01.552681: Current learning rate: 0.00968
2026-08-07 17:29:25.715396: train_loss -0.9245
2026-08-07 17:29:25.715891: val_loss -0.9343
2026-08-07 17:29:25.716196: Pseudo dice [np.float32(0.9538), np.float32(0.9728), np.float32(0.9673)]
2026-08-07 17:29:25.716431: Epoch time: 24.16 s
2026-08-07 17:29:25.716793: Yayy! New best EMA pseudo Dice: 0.9521999955177307
2026-08-07 17:29:26.145363: 
2026-08-07 17:29:26.145935: Epoch 36
2026-08-07 17:29:26.146345: Current learning rate: 0.00968
2026-08-07 17:29:50.308410: train_loss -0.9279
2026-08-07 17:29:50.308818: val_loss -0.9386
2026-08-07 17:29:50.309276: Pseudo dice [np.float32(0.9552), np.float32(0.9735), np.float32(0.97)]
2026-08-07 17:29:50.312146: Epoch time: 24.16 s
2026-08-07 17:29:50.312414: Yayy! New best EMA pseudo Dice: 0.9535999894142151
2026-08-07 17:29:50.740711: 
2026-08-07 17:29:50.741076: Epoch 37
2026-08-07 17:29:50.741514: Current learning rate: 0.00967
2026-08-07 17:30:14.897159: train_loss -0.9272
2026-08-07 17:30:14.898241: val_loss -0.9315
2026-08-07 17:30:14.898456: Pseudo dice [np.float32(0.95), np.float32(0.9692), np.float32(0.9678)]
2026-08-07 17:30:14.898786: Epoch time: 24.16 s
2026-08-07 17:30:14.899015: Yayy! New best EMA pseudo Dice: 0.9544000029563904
2026-08-07 17:30:15.341744: 
2026-08-07 17:30:15.342020: Epoch 38
2026-08-07 17:30:15.342312: Current learning rate: 0.00966
2026-08-07 17:30:39.495738: train_loss -0.9291
2026-08-07 17:30:39.496899: val_loss -0.9311
2026-08-07 17:30:39.497725: Pseudo dice [np.float32(0.9488), np.float32(0.9717), np.float32(0.9664)]
2026-08-07 17:30:39.497967: Epoch time: 24.15 s
2026-08-07 17:30:39.498315: Yayy! New best EMA pseudo Dice: 0.9552000164985657
2026-08-07 17:30:39.926145: 
2026-08-07 17:30:39.926356: Epoch 39
2026-08-07 17:30:39.926564: Current learning rate: 0.00965
2026-08-07 17:31:04.077810: train_loss -0.9305
2026-08-07 17:31:04.078253: val_loss -0.9386
2026-08-07 17:31:04.078805: Pseudo dice [np.float32(0.9553), np.float32(0.9738), np.float32(0.9701)]
2026-08-07 17:31:04.079121: Epoch time: 24.15 s
2026-08-07 17:31:04.079363: Yayy! New best EMA pseudo Dice: 0.9563000202178955
2026-08-07 17:31:04.519674: 
2026-08-07 17:31:04.520092: Epoch 40
2026-08-07 17:31:04.520455: Current learning rate: 0.00964
2026-08-07 17:31:28.688322: train_loss -0.9291
2026-08-07 17:31:28.688866: val_loss -0.9375
2026-08-07 17:31:28.689046: Pseudo dice [np.float32(0.9534), np.float32(0.9731), np.float32(0.9691)]
2026-08-07 17:31:28.689980: Epoch time: 24.17 s
2026-08-07 17:31:28.690313: Yayy! New best EMA pseudo Dice: 0.9571999907493591
2026-08-07 17:31:29.352268: 
2026-08-07 17:31:29.352788: Epoch 41
2026-08-07 17:31:29.353061: Current learning rate: 0.00963
2026-08-07 17:31:53.502195: train_loss -0.9281
2026-08-07 17:31:53.502697: val_loss -0.9346
2026-08-07 17:31:53.503617: Pseudo dice [np.float32(0.9524), np.float32(0.9723), np.float32(0.9672)]
2026-08-07 17:31:53.503986: Epoch time: 24.15 s
2026-08-07 17:31:53.504193: Yayy! New best EMA pseudo Dice: 0.9578999876976013
2026-08-07 17:31:53.922250: 
2026-08-07 17:31:53.922721: Epoch 42
2026-08-07 17:31:53.923597: Current learning rate: 0.00962
2026-08-07 17:32:18.082070: train_loss -0.927
2026-08-07 17:32:18.082625: val_loss -0.9306
2026-08-07 17:32:18.083055: Pseudo dice [np.float32(0.9474), np.float32(0.9726), np.float32(0.9694)]
2026-08-07 17:32:18.083636: Epoch time: 24.16 s
2026-08-07 17:32:18.083940: Yayy! New best EMA pseudo Dice: 0.9584000110626221
2026-08-07 17:32:18.507762: 
2026-08-07 17:32:18.507991: Epoch 43
2026-08-07 17:32:18.508376: Current learning rate: 0.00961
2026-08-07 17:32:42.666628: train_loss -0.9308
2026-08-07 17:32:42.667119: val_loss -0.9402
2026-08-07 17:32:42.667611: Pseudo dice [np.float32(0.9565), np.float32(0.973), np.float32(0.9715)]
2026-08-07 17:32:42.668569: Epoch time: 24.16 s
2026-08-07 17:32:42.668829: Yayy! New best EMA pseudo Dice: 0.9592999815940857
2026-08-07 17:32:43.088160: 
2026-08-07 17:32:43.088458: Epoch 44
2026-08-07 17:32:43.088723: Current learning rate: 0.0096
2026-08-07 17:33:07.246434: train_loss -0.9294
2026-08-07 17:33:07.246854: val_loss -0.9379
2026-08-07 17:33:07.247165: Pseudo dice [np.float32(0.9537), np.float32(0.9728), np.float32(0.9709)]
2026-08-07 17:33:07.247504: Epoch time: 24.16 s
2026-08-07 17:33:07.247874: Yayy! New best EMA pseudo Dice: 0.9599000215530396
2026-08-07 17:33:07.672684: 
2026-08-07 17:33:07.672901: Epoch 45
2026-08-07 17:33:07.673041: Current learning rate: 0.00959
2026-08-07 17:33:31.831566: train_loss -0.9318
2026-08-07 17:33:31.831969: val_loss -0.941
2026-08-07 17:33:31.832500: Pseudo dice [np.float32(0.9571), np.float32(0.9744), np.float32(0.9717)]
2026-08-07 17:33:31.833314: Epoch time: 24.16 s
2026-08-07 17:33:31.833699: Yayy! New best EMA pseudo Dice: 0.9606999754905701
2026-08-07 17:33:32.257245: 
2026-08-07 17:33:32.257466: Epoch 46
2026-08-07 17:33:32.257715: Current learning rate: 0.00959
2026-08-07 17:33:56.410591: train_loss -0.9293
2026-08-07 17:33:56.411389: val_loss -0.92
2026-08-07 17:33:56.412283: Pseudo dice [np.float32(0.9328), np.float32(0.9716), np.float32(0.9671)]
2026-08-07 17:33:56.412619: Epoch time: 24.15 s
2026-08-07 17:33:56.808280: 
2026-08-07 17:33:56.808953: Epoch 47
2026-08-07 17:33:56.809320: Current learning rate: 0.00958
2026-08-07 17:34:20.958529: train_loss -0.9326
2026-08-07 17:34:20.958939: val_loss -0.934
2026-08-07 17:34:20.960168: Pseudo dice [np.float32(0.9502), np.float32(0.9732), np.float32(0.9666)]
2026-08-07 17:34:20.961186: Epoch time: 24.15 s
2026-08-07 17:34:21.361819: 
2026-08-07 17:34:21.362029: Epoch 48
2026-08-07 17:34:21.362629: Current learning rate: 0.00957
2026-08-07 17:34:45.519107: train_loss -0.932
2026-08-07 17:34:45.521448: val_loss -0.9403
2026-08-07 17:34:45.521801: Pseudo dice [np.float32(0.9573), np.float32(0.9742), np.float32(0.9694)]
2026-08-07 17:34:45.521976: Epoch time: 24.16 s
2026-08-07 17:34:45.522146: Yayy! New best EMA pseudo Dice: 0.9613000154495239
2026-08-07 17:34:45.941555: 
2026-08-07 17:34:45.941807: Epoch 49
2026-08-07 17:34:45.942612: Current learning rate: 0.00956
2026-08-07 17:35:10.096348: train_loss -0.9295
2026-08-07 17:35:10.096747: val_loss -0.9365
2026-08-07 17:35:10.097124: Pseudo dice [np.float32(0.9536), np.float32(0.9728), np.float32(0.9681)]
2026-08-07 17:35:10.097891: Epoch time: 24.15 s
2026-08-07 17:35:10.113145: Yayy! New best EMA pseudo Dice: 0.9616000056266785
2026-08-07 17:35:10.539068: 
2026-08-07 17:35:10.539288: Epoch 50
2026-08-07 17:35:10.539499: Current learning rate: 0.00955
2026-08-07 17:35:34.690601: train_loss -0.9309
2026-08-07 17:35:34.691116: val_loss -0.9361
2026-08-07 17:35:34.691324: Pseudo dice [np.float32(0.9531), np.float32(0.9714), np.float32(0.9692)]
2026-08-07 17:35:34.691840: Epoch time: 24.15 s
2026-08-07 17:35:34.692089: Yayy! New best EMA pseudo Dice: 0.961899995803833
2026-08-07 17:35:35.116648: 
2026-08-07 17:35:35.116860: Epoch 51
2026-08-07 17:35:35.117144: Current learning rate: 0.00954
2026-08-07 17:35:59.280678: train_loss -0.9303
2026-08-07 17:35:59.281099: val_loss -0.9409
2026-08-07 17:35:59.281884: Pseudo dice [np.float32(0.9573), np.float32(0.9745), np.float32(0.9714)]
2026-08-07 17:35:59.282269: Epoch time: 24.16 s
2026-08-07 17:35:59.282454: Yayy! New best EMA pseudo Dice: 0.9624999761581421
2026-08-07 17:35:59.698148: 
2026-08-07 17:35:59.698371: Epoch 52
2026-08-07 17:35:59.698739: Current learning rate: 0.00953
2026-08-07 17:36:23.857365: train_loss -0.9319
2026-08-07 17:36:23.857763: val_loss -0.9381
2026-08-07 17:36:23.859051: Pseudo dice [np.float32(0.9553), np.float32(0.9727), np.float32(0.9679)]
2026-08-07 17:36:23.859569: Epoch time: 24.16 s
2026-08-07 17:36:23.859920: Yayy! New best EMA pseudo Dice: 0.9628000259399414
2026-08-07 17:36:24.280755: 
2026-08-07 17:36:24.280991: Epoch 53
2026-08-07 17:36:24.281151: Current learning rate: 0.00952
2026-08-07 17:36:48.661619: train_loss -0.9316
2026-08-07 17:36:48.662099: val_loss -0.9394
2026-08-07 17:36:48.662555: Pseudo dice [np.float32(0.9542), np.float32(0.9743), np.float32(0.9717)]
2026-08-07 17:36:48.662778: Epoch time: 24.38 s
2026-08-07 17:36:48.662897: Yayy! New best EMA pseudo Dice: 0.9631999731063843
2026-08-07 17:36:49.082803: 
2026-08-07 17:36:49.083122: Epoch 54
2026-08-07 17:36:49.083373: Current learning rate: 0.00951
2026-08-07 17:37:13.240196: train_loss -0.9347
2026-08-07 17:37:13.240632: val_loss -0.9207
2026-08-07 17:37:13.240821: Pseudo dice [np.float32(0.9342), np.float32(0.9719), np.float32(0.9639)]
2026-08-07 17:37:13.241212: Epoch time: 24.16 s
2026-08-07 17:37:13.647339: 
2026-08-07 17:37:13.647582: Epoch 55
2026-08-07 17:37:13.647739: Current learning rate: 0.0095
2026-08-07 17:37:37.797776: train_loss -0.9348
2026-08-07 17:37:37.798368: val_loss -0.9407
2026-08-07 17:37:37.798938: Pseudo dice [np.float32(0.957), np.float32(0.9747), np.float32(0.9682)]
2026-08-07 17:37:37.799232: Epoch time: 24.15 s
2026-08-07 17:37:38.195786: 
2026-08-07 17:37:38.196001: Epoch 56
2026-08-07 17:37:38.196137: Current learning rate: 0.00949
2026-08-07 17:38:02.345644: train_loss -0.9343
2026-08-07 17:38:02.346046: val_loss -0.9353
2026-08-07 17:38:02.346230: Pseudo dice [np.float32(0.9539), np.float32(0.9712), np.float32(0.9663)]
2026-08-07 17:38:02.347594: Epoch time: 24.15 s
2026-08-07 17:38:02.752191: 
2026-08-07 17:38:02.752534: Epoch 57
2026-08-07 17:38:02.752686: Current learning rate: 0.00949
2026-08-07 17:38:26.906198: train_loss -0.932
2026-08-07 17:38:26.906712: val_loss -0.9025
2026-08-07 17:38:26.907186: Pseudo dice [np.float32(0.9166), np.float32(0.9671), np.float32(0.962)]
2026-08-07 17:38:26.907743: Epoch time: 24.15 s
2026-08-07 17:38:27.304420: 
2026-08-07 17:38:27.304966: Epoch 58
2026-08-07 17:38:27.305672: Current learning rate: 0.00948
2026-08-07 17:38:51.461011: train_loss -0.9334
2026-08-07 17:38:51.461515: val_loss -0.9383
2026-08-07 17:38:51.462021: Pseudo dice [np.float32(0.9538), np.float32(0.9743), np.float32(0.9691)]
2026-08-07 17:38:51.462343: Epoch time: 24.16 s
2026-08-07 17:38:51.875683: 
2026-08-07 17:38:51.875949: Epoch 59
2026-08-07 17:38:51.876367: Current learning rate: 0.00947
2026-08-07 17:39:16.039005: train_loss -0.9335
2026-08-07 17:39:16.039391: val_loss -0.9401
2026-08-07 17:39:16.039719: Pseudo dice [np.float32(0.9556), np.float32(0.9738), np.float32(0.9701)]
2026-08-07 17:39:16.041643: Epoch time: 24.16 s
2026-08-07 17:39:16.453857: 
2026-08-07 17:39:16.454168: Epoch 60
2026-08-07 17:39:16.454495: Current learning rate: 0.00946
2026-08-07 17:39:40.613364: train_loss -0.9315
2026-08-07 17:39:40.613961: val_loss -0.9411
2026-08-07 17:39:40.614604: Pseudo dice [np.float32(0.957), np.float32(0.9745), np.float32(0.9698)]
2026-08-07 17:39:40.614972: Epoch time: 24.16 s
2026-08-07 17:39:41.016688: 
2026-08-07 17:39:41.016919: Epoch 61
2026-08-07 17:39:41.017247: Current learning rate: 0.00945
2026-08-07 17:40:05.180175: train_loss -0.9326
2026-08-07 17:40:05.180686: val_loss -0.9418
2026-08-07 17:40:05.181007: Pseudo dice [np.float32(0.9567), np.float32(0.9744), np.float32(0.9713)]
2026-08-07 17:40:05.181186: Epoch time: 24.16 s
2026-08-07 17:40:05.182484: Yayy! New best EMA pseudo Dice: 0.9634000062942505
2026-08-07 17:40:05.609375: 
2026-08-07 17:40:05.609607: Epoch 62
2026-08-07 17:40:05.609825: Current learning rate: 0.00944
2026-08-07 17:40:29.772274: train_loss -0.9345
2026-08-07 17:40:29.772660: val_loss -0.938
2026-08-07 17:40:29.773172: Pseudo dice [np.float32(0.9547), np.float32(0.9734), np.float32(0.9691)]
2026-08-07 17:40:29.774050: Epoch time: 24.16 s
2026-08-07 17:40:29.774438: Yayy! New best EMA pseudo Dice: 0.9635999798774719
2026-08-07 17:40:30.205388: 
2026-08-07 17:40:30.205636: Epoch 63
2026-08-07 17:40:30.205776: Current learning rate: 0.00943
2026-08-07 17:40:54.379295: train_loss -0.9345
2026-08-07 17:40:54.379975: val_loss -0.8846
2026-08-07 17:40:54.382519: Pseudo dice [np.float32(0.8869), np.float32(0.9712), np.float32(0.9681)]
2026-08-07 17:40:54.382828: Epoch time: 24.17 s
2026-08-07 17:40:54.796384: 
2026-08-07 17:40:54.796675: Epoch 64
2026-08-07 17:40:54.797115: Current learning rate: 0.00942
2026-08-07 17:41:18.956767: train_loss -0.9347
2026-08-07 17:41:18.957245: val_loss -0.9333
2026-08-07 17:41:18.958109: Pseudo dice [np.float32(0.9487), np.float32(0.9725), np.float32(0.9696)]
2026-08-07 17:41:18.958468: Epoch time: 24.16 s
2026-08-07 17:41:19.372248: 
2026-08-07 17:41:19.374578: Epoch 65
2026-08-07 17:41:19.374754: Current learning rate: 0.00941
2026-08-07 17:41:43.536474: train_loss -0.9327
2026-08-07 17:41:43.536925: val_loss -0.9432
2026-08-07 17:41:43.537116: Pseudo dice [np.float32(0.9588), np.float32(0.975), np.float32(0.9708)]
2026-08-07 17:41:43.537616: Epoch time: 24.16 s
2026-08-07 17:41:44.175491: 
2026-08-07 17:41:44.175750: Epoch 66
2026-08-07 17:41:44.175965: Current learning rate: 0.0094
2026-08-07 17:42:08.339163: train_loss -0.9337
2026-08-07 17:42:08.339546: val_loss -0.9436
2026-08-07 17:42:08.339792: Pseudo dice [np.float32(0.9593), np.float32(0.9747), np.float32(0.9727)]
2026-08-07 17:42:08.339963: Epoch time: 24.16 s
2026-08-07 17:42:08.749521: 
2026-08-07 17:42:08.749796: Epoch 67
2026-08-07 17:42:08.750080: Current learning rate: 0.00939
2026-08-07 17:42:32.914611: train_loss -0.9357
2026-08-07 17:42:32.915030: val_loss -0.832
2026-08-07 17:42:32.915408: Pseudo dice [np.float32(0.8485), np.float32(0.9739), np.float32(0.9673)]
2026-08-07 17:42:32.915804: Epoch time: 24.17 s
2026-08-07 17:42:33.336657: 
2026-08-07 17:42:33.336867: Epoch 68
2026-08-07 17:42:33.337109: Current learning rate: 0.00939
2026-08-07 17:42:57.498984: train_loss -0.9349
2026-08-07 17:42:57.499406: val_loss -0.9416
2026-08-07 17:42:57.499914: Pseudo dice [np.float32(0.9579), np.float32(0.9735), np.float32(0.9704)]
2026-08-07 17:42:57.500198: Epoch time: 24.16 s
2026-08-07 17:42:57.911215: 
2026-08-07 17:42:57.911477: Epoch 69
2026-08-07 17:42:57.911629: Current learning rate: 0.00938
2026-08-07 17:43:22.077361: train_loss -0.9352
2026-08-07 17:43:22.077773: val_loss -0.9431
2026-08-07 17:43:22.078124: Pseudo dice [np.float32(0.9584), np.float32(0.9751), np.float32(0.9709)]
2026-08-07 17:43:22.079486: Epoch time: 24.17 s
2026-08-07 17:43:22.496066: 
2026-08-07 17:43:22.496297: Epoch 70
2026-08-07 17:43:22.497382: Current learning rate: 0.00937
2026-08-07 17:43:46.661212: train_loss -0.9368
2026-08-07 17:43:46.661623: val_loss -0.9361
2026-08-07 17:43:46.661813: Pseudo dice [np.float32(0.9523), np.float32(0.9713), np.float32(0.9702)]
2026-08-07 17:43:46.661990: Epoch time: 24.17 s
2026-08-07 17:43:47.071486: 
2026-08-07 17:43:47.071911: Epoch 71
2026-08-07 17:43:47.072379: Current learning rate: 0.00936
2026-08-07 17:44:11.233985: train_loss -0.9356
2026-08-07 17:44:11.235442: val_loss -0.9426
2026-08-07 17:44:11.235764: Pseudo dice [np.float32(0.9587), np.float32(0.9745), np.float32(0.9706)]
2026-08-07 17:44:11.236177: Epoch time: 24.16 s
2026-08-07 17:44:11.650495: 
2026-08-07 17:44:11.650707: Epoch 72
2026-08-07 17:44:11.650910: Current learning rate: 0.00935
2026-08-07 17:44:35.814197: train_loss -0.9333
2026-08-07 17:44:35.814734: val_loss -0.9142
2026-08-07 17:44:35.815216: Pseudo dice [np.float32(0.9171), np.float32(0.9736), np.float32(0.9682)]
2026-08-07 17:44:35.815650: Epoch time: 24.16 s
2026-08-07 17:44:36.229528: 
2026-08-07 17:44:36.230053: Epoch 73
2026-08-07 17:44:36.230713: Current learning rate: 0.00934
2026-08-07 17:45:00.398173: train_loss -0.9363
2026-08-07 17:45:00.398657: val_loss -0.8509
2026-08-07 17:45:00.398967: Pseudo dice [np.float32(0.8679), np.float32(0.9723), np.float32(0.9662)]
2026-08-07 17:45:00.399224: Epoch time: 24.17 s
2026-08-07 17:45:00.811331: 
2026-08-07 17:45:00.811595: Epoch 74
2026-08-07 17:45:00.811830: Current learning rate: 0.00933
2026-08-07 17:45:24.985434: train_loss -0.9362
2026-08-07 17:45:24.985913: val_loss -0.9226
2026-08-07 17:45:24.987333: Pseudo dice [np.float32(0.935), np.float32(0.973), np.float32(0.9666)]
2026-08-07 17:45:24.987808: Epoch time: 24.17 s
2026-08-07 17:45:25.400738: 
2026-08-07 17:45:25.401047: Epoch 75
2026-08-07 17:45:25.401277: Current learning rate: 0.00932
2026-08-07 17:45:49.566142: train_loss -0.9365
2026-08-07 17:45:49.566540: val_loss -0.9427
2026-08-07 17:45:49.566729: Pseudo dice [np.float32(0.9577), np.float32(0.9757), np.float32(0.9711)]
2026-08-07 17:45:49.567353: Epoch time: 24.17 s
2026-08-07 17:45:49.995626: 
2026-08-07 17:45:49.995845: Epoch 76
2026-08-07 17:45:49.996539: Current learning rate: 0.00931
2026-08-07 17:46:14.165318: train_loss -0.9366
2026-08-07 17:46:14.165744: val_loss -0.941
2026-08-07 17:46:14.165927: Pseudo dice [np.float32(0.9575), np.float32(0.9735), np.float32(0.9693)]
2026-08-07 17:46:14.166098: Epoch time: 24.17 s
2026-08-07 17:46:14.580099: 
2026-08-07 17:46:14.580316: Epoch 77
2026-08-07 17:46:14.581212: Current learning rate: 0.0093
2026-08-07 17:46:38.748308: train_loss -0.9364
2026-08-07 17:46:38.748758: val_loss -0.939
2026-08-07 17:46:38.749088: Pseudo dice [np.float32(0.9556), np.float32(0.9731), np.float32(0.9692)]
2026-08-07 17:46:38.749396: Epoch time: 24.17 s
2026-08-07 17:46:39.390433: 
2026-08-07 17:46:39.390730: Epoch 78
2026-08-07 17:46:39.390879: Current learning rate: 0.0093
2026-08-07 17:47:03.562550: train_loss -0.9363
2026-08-07 17:47:03.562951: val_loss -0.9163
2026-08-07 17:47:03.563452: Pseudo dice [np.float32(0.9274), np.float32(0.9728), np.float32(0.963)]
2026-08-07 17:47:03.563997: Epoch time: 24.17 s
2026-08-07 17:47:03.983605: 
2026-08-07 17:47:03.983899: Epoch 79
2026-08-07 17:47:03.984124: Current learning rate: 0.00929
2026-08-07 17:47:28.152075: train_loss -0.9345
2026-08-07 17:47:28.152531: val_loss -0.8627
2026-08-07 17:47:28.153723: Pseudo dice [np.float32(0.8772), np.float32(0.971), np.float32(0.963)]
2026-08-07 17:47:28.154251: Epoch time: 24.17 s
2026-08-07 17:47:28.568076: 
2026-08-07 17:47:28.568288: Epoch 80
2026-08-07 17:47:28.569165: Current learning rate: 0.00928
2026-08-07 17:47:52.739611: train_loss -0.9356
2026-08-07 17:47:52.740021: val_loss -0.7247
2026-08-07 17:47:52.740325: Pseudo dice [np.float32(0.7787), np.float32(0.9704), np.float32(0.9563)]
2026-08-07 17:47:52.740999: Epoch time: 24.17 s
2026-08-07 17:47:53.166080: 
2026-08-07 17:47:53.166495: Epoch 81
2026-08-07 17:47:53.166773: Current learning rate: 0.00927
2026-08-07 17:48:17.341988: train_loss -0.9374
2026-08-07 17:48:17.342381: val_loss -0.9414
2026-08-07 17:48:17.342810: Pseudo dice [np.float32(0.958), np.float32(0.9741), np.float32(0.9677)]
2026-08-07 17:48:17.343321: Epoch time: 24.18 s
2026-08-07 17:48:17.764006: 
2026-08-07 17:48:17.764396: Epoch 82
2026-08-07 17:48:17.764581: Current learning rate: 0.00926
2026-08-07 17:48:41.942019: train_loss -0.9378
2026-08-07 17:48:41.942444: val_loss -0.9426
2026-08-07 17:48:41.942750: Pseudo dice [np.float32(0.9584), np.float32(0.974), np.float32(0.9704)]
2026-08-07 17:48:41.942927: Epoch time: 24.18 s
2026-08-07 17:48:42.358400: 
2026-08-07 17:48:42.358630: Epoch 83
2026-08-07 17:48:42.359226: Current learning rate: 0.00925
2026-08-07 17:49:06.531953: train_loss -0.9363
2026-08-07 17:49:06.532518: val_loss -0.9402
2026-08-07 17:49:06.532851: Pseudo dice [np.float32(0.9568), np.float32(0.9731), np.float32(0.9689)]
2026-08-07 17:49:06.533021: Epoch time: 24.17 s
2026-08-07 17:49:06.938586: 
2026-08-07 17:49:06.938938: Epoch 84
2026-08-07 17:49:06.939441: Current learning rate: 0.00924
2026-08-07 17:49:31.110281: train_loss -0.9371
2026-08-07 17:49:31.111607: val_loss -0.8859
2026-08-07 17:49:31.112132: Pseudo dice [np.float32(0.9001), np.float32(0.9731), np.float32(0.9687)]
2026-08-07 17:49:31.112425: Epoch time: 24.17 s
2026-08-07 17:49:31.511695: 
2026-08-07 17:49:31.512009: Epoch 85
2026-08-07 17:49:31.512401: Current learning rate: 0.00923
2026-08-07 17:49:55.680963: train_loss -0.9366
2026-08-07 17:49:55.681385: val_loss -0.9385
2026-08-07 17:49:55.682587: Pseudo dice [np.float32(0.9555), np.float32(0.9734), np.float32(0.9686)]
2026-08-07 17:49:55.682970: Epoch time: 24.17 s
2026-08-07 17:49:56.083725: 
2026-08-07 17:49:56.084005: Epoch 86
2026-08-07 17:49:56.084264: Current learning rate: 0.00922
2026-08-07 17:50:20.257256: train_loss -0.9367
2026-08-07 17:50:20.257664: val_loss -0.9435
2026-08-07 17:50:20.258825: Pseudo dice [np.float32(0.9594), np.float32(0.9742), np.float32(0.9723)]
2026-08-07 17:50:20.259211: Epoch time: 24.17 s
2026-08-07 17:50:20.668367: 
2026-08-07 17:50:20.668597: Epoch 87
2026-08-07 17:50:20.669038: Current learning rate: 0.00921
2026-08-07 17:50:44.833267: train_loss -0.9364
2026-08-07 17:50:44.833663: val_loss -0.9434
2026-08-07 17:50:44.834110: Pseudo dice [np.float32(0.9593), np.float32(0.9742), np.float32(0.9712)]
2026-08-07 17:50:44.835761: Epoch time: 24.17 s
2026-08-07 17:50:45.243316: 
2026-08-07 17:50:45.243523: Epoch 88
2026-08-07 17:50:45.243830: Current learning rate: 0.0092
2026-08-07 17:51:09.406439: train_loss -0.9362
2026-08-07 17:51:09.406847: val_loss -0.9467
2026-08-07 17:51:09.407173: Pseudo dice [np.float32(0.9618), np.float32(0.9758), np.float32(0.9712)]
2026-08-07 17:51:09.408034: Epoch time: 24.16 s
2026-08-07 17:51:09.814800: 
2026-08-07 17:51:09.815004: Epoch 89
2026-08-07 17:51:09.815600: Current learning rate: 0.0092
2026-08-07 17:51:33.984523: train_loss -0.9363
2026-08-07 17:51:33.984940: val_loss -0.9401
2026-08-07 17:51:33.985746: Pseudo dice [np.float32(0.9556), np.float32(0.9741), np.float32(0.9697)]
2026-08-07 17:51:33.986419: Epoch time: 24.17 s
2026-08-07 17:51:34.622054: 
2026-08-07 17:51:34.622518: Epoch 90
2026-08-07 17:51:34.623388: Current learning rate: 0.00919
2026-08-07 17:51:58.791605: train_loss -0.9369
2026-08-07 17:51:58.792220: val_loss -0.9418
2026-08-07 17:51:58.792619: Pseudo dice [np.float32(0.9582), np.float32(0.9739), np.float32(0.9695)]
2026-08-07 17:51:58.793007: Epoch time: 24.17 s
2026-08-07 17:51:59.199736: 
2026-08-07 17:51:59.199952: Epoch 91
2026-08-07 17:51:59.200090: Current learning rate: 0.00918
2026-08-07 17:52:23.374946: train_loss -0.937
2026-08-07 17:52:23.375380: val_loss -0.9347
2026-08-07 17:52:23.376051: Pseudo dice [np.float32(0.9547), np.float32(0.9703), np.float32(0.9655)]
2026-08-07 17:52:23.376419: Epoch time: 24.18 s
2026-08-07 17:52:23.779272: 
2026-08-07 17:52:23.779507: Epoch 92
2026-08-07 17:52:23.779807: Current learning rate: 0.00917
2026-08-07 17:52:47.944855: train_loss -0.9354
2026-08-07 17:52:47.945252: val_loss -0.9411
2026-08-07 17:52:47.945718: Pseudo dice [np.float32(0.9565), np.float32(0.9749), np.float32(0.9713)]
2026-08-07 17:52:47.946051: Epoch time: 24.17 s
2026-08-07 17:52:48.348000: 
2026-08-07 17:52:48.348209: Epoch 93
2026-08-07 17:52:48.348510: Current learning rate: 0.00916
2026-08-07 17:53:12.520438: train_loss -0.9368
2026-08-07 17:53:12.521132: val_loss -0.9101
2026-08-07 17:53:12.522035: Pseudo dice [np.float32(0.9221), np.float32(0.971), np.float32(0.9662)]
2026-08-07 17:53:12.522628: Epoch time: 24.17 s
2026-08-07 17:53:12.918598: 
2026-08-07 17:53:12.918863: Epoch 94
2026-08-07 17:53:12.919075: Current learning rate: 0.00915
2026-08-07 17:53:37.088120: train_loss -0.9377
2026-08-07 17:53:37.088656: val_loss -0.9447
2026-08-07 17:53:37.088959: Pseudo dice [np.float32(0.9592), np.float32(0.9756), np.float32(0.9728)]
2026-08-07 17:53:37.089163: Epoch time: 24.17 s
2026-08-07 17:53:37.488511: 
2026-08-07 17:53:37.488760: Epoch 95
2026-08-07 17:53:37.488999: Current learning rate: 0.00914
2026-08-07 17:54:01.663681: train_loss -0.9373
2026-08-07 17:54:01.664374: val_loss -0.9304
2026-08-07 17:54:01.665249: Pseudo dice [np.float32(0.9436), np.float32(0.974), np.float32(0.9698)]
2026-08-07 17:54:01.666108: Epoch time: 24.18 s
2026-08-07 17:54:02.075981: 
2026-08-07 17:54:02.076219: Epoch 96
2026-08-07 17:54:02.076485: Current learning rate: 0.00913
2026-08-07 17:54:26.241959: train_loss -0.9383
2026-08-07 17:54:26.242364: val_loss -0.939
2026-08-07 17:54:26.243457: Pseudo dice [np.float32(0.9548), np.float32(0.9738), np.float32(0.9692)]
2026-08-07 17:54:26.244341: Epoch time: 24.17 s
2026-08-07 17:54:26.643488: 
2026-08-07 17:54:26.643862: Epoch 97
2026-08-07 17:54:26.644205: Current learning rate: 0.00912
2026-08-07 17:54:50.814253: train_loss -0.9385
2026-08-07 17:54:50.814796: val_loss -0.9455
2026-08-07 17:54:50.815426: Pseudo dice [np.float32(0.96), np.float32(0.9749), np.float32(0.9725)]
2026-08-07 17:54:50.817526: Epoch time: 24.17 s
2026-08-07 17:54:51.227649: 
2026-08-07 17:54:51.227870: Epoch 98
2026-08-07 17:54:51.228530: Current learning rate: 0.00911
2026-08-07 17:55:15.391406: train_loss -0.9354
2026-08-07 17:55:15.392201: val_loss -0.9292
2026-08-07 17:55:15.393111: Pseudo dice [np.float32(0.9451), np.float32(0.9723), np.float32(0.9674)]
2026-08-07 17:55:15.394080: Epoch time: 24.16 s
2026-08-07 17:55:15.802801: 
2026-08-07 17:55:15.803170: Epoch 99
2026-08-07 17:55:15.803799: Current learning rate: 0.0091
2026-08-07 17:55:39.967483: train_loss -0.9387
2026-08-07 17:55:39.968370: val_loss -0.9427
2026-08-07 17:55:39.968753: Pseudo dice [np.float32(0.9582), np.float32(0.9742), np.float32(0.9716)]
2026-08-07 17:55:39.969072: Epoch time: 24.16 s
2026-08-07 17:55:40.390942: 
2026-08-07 17:55:40.391153: Epoch 100
2026-08-07 17:55:40.391287: Current learning rate: 0.0091
2026-08-07 17:56:04.568935: train_loss -0.9374
2026-08-07 17:56:04.569358: val_loss -0.9445
2026-08-07 17:56:04.570686: Pseudo dice [np.float32(0.9608), np.float32(0.9751), np.float32(0.9702)]
2026-08-07 17:56:04.571180: Epoch time: 24.18 s
2026-08-07 17:56:04.571317: Yayy! New best EMA pseudo Dice: 0.9639000296592712
2026-08-07 17:56:04.992443: 
2026-08-07 17:56:04.992668: Epoch 101
2026-08-07 17:56:04.993089: Current learning rate: 0.00909
2026-08-07 17:56:29.162040: train_loss -0.9392
2026-08-07 17:56:29.162493: val_loss -0.9442
2026-08-07 17:56:29.163398: Pseudo dice [np.float32(0.9602), np.float32(0.9747), np.float32(0.9714)]
2026-08-07 17:56:29.163590: Epoch time: 24.17 s
2026-08-07 17:56:29.163919: Yayy! New best EMA pseudo Dice: 0.9643999934196472
2026-08-07 17:56:29.596520: 
2026-08-07 17:56:29.596821: Epoch 102
2026-08-07 17:56:29.597060: Current learning rate: 0.00908
2026-08-07 17:56:53.768004: train_loss -0.9368
2026-08-07 17:56:53.768423: val_loss -0.941
2026-08-07 17:56:53.769078: Pseudo dice [np.float32(0.9574), np.float32(0.9741), np.float32(0.969)]
2026-08-07 17:56:53.769270: Epoch time: 24.17 s
2026-08-07 17:56:53.769489: Yayy! New best EMA pseudo Dice: 0.9646999835968018
2026-08-07 17:56:54.193765: 
2026-08-07 17:56:54.194049: Epoch 103
2026-08-07 17:56:54.194204: Current learning rate: 0.00907
2026-08-07 17:57:18.367861: train_loss -0.9384
2026-08-07 17:57:18.368325: val_loss -0.9418
2026-08-07 17:57:18.369256: Pseudo dice [np.float32(0.9573), np.float32(0.9733), np.float32(0.9711)]
2026-08-07 17:57:18.369664: Epoch time: 24.17 s
2026-08-07 17:57:18.369900: Yayy! New best EMA pseudo Dice: 0.964900016784668
2026-08-07 17:57:19.051522: 
2026-08-07 17:57:19.051902: Epoch 104
2026-08-07 17:57:19.052657: Current learning rate: 0.00906
2026-08-07 17:57:43.216532: train_loss -0.9368
2026-08-07 17:57:43.216999: val_loss -0.9417
2026-08-07 17:57:43.218123: Pseudo dice [np.float32(0.9574), np.float32(0.9743), np.float32(0.9701)]
2026-08-07 17:57:43.219540: Epoch time: 24.17 s
2026-08-07 17:57:43.219862: Yayy! New best EMA pseudo Dice: 0.9650999903678894
2026-08-07 17:57:43.648677: 
2026-08-07 17:57:43.648895: Epoch 105
2026-08-07 17:57:43.649029: Current learning rate: 0.00905
2026-08-07 17:58:07.821180: train_loss -0.9374
2026-08-07 17:58:07.821740: val_loss -0.944
2026-08-07 17:58:07.822465: Pseudo dice [np.float32(0.9602), np.float32(0.9746), np.float32(0.9702)]
2026-08-07 17:58:07.822710: Epoch time: 24.17 s
2026-08-07 17:58:07.822824: Yayy! New best EMA pseudo Dice: 0.965499997138977
2026-08-07 17:58:08.243221: 
2026-08-07 17:58:08.243445: Epoch 106
2026-08-07 17:58:08.243889: Current learning rate: 0.00904
2026-08-07 17:58:32.416317: train_loss -0.9393
2026-08-07 17:58:32.416721: val_loss -0.9467
2026-08-07 17:58:32.418356: Pseudo dice [np.float32(0.9611), np.float32(0.9762), np.float32(0.9729)]
2026-08-07 17:58:32.418968: Epoch time: 24.17 s
2026-08-07 17:58:32.419139: Yayy! New best EMA pseudo Dice: 0.9659000039100647
2026-08-07 17:58:32.843655: 
2026-08-07 17:58:32.844008: Epoch 107
2026-08-07 17:58:32.844933: Current learning rate: 0.00903
2026-08-07 17:58:57.015356: train_loss -0.9385
2026-08-07 17:58:57.015798: val_loss -0.9434
2026-08-07 17:58:57.017206: Pseudo dice [np.float32(0.9598), np.float32(0.9746), np.float32(0.9697)]
2026-08-07 17:58:57.018539: Epoch time: 24.17 s
2026-08-07 17:58:57.018782: Yayy! New best EMA pseudo Dice: 0.9660999774932861
2026-08-07 17:58:57.449508: 
2026-08-07 17:58:57.449738: Epoch 108
2026-08-07 17:58:57.451086: Current learning rate: 0.00902
2026-08-07 17:59:21.617674: train_loss -0.9375
2026-08-07 17:59:21.618076: val_loss -0.8536
2026-08-07 17:59:21.618732: Pseudo dice [np.float32(0.884), np.float32(0.9554), np.float32(0.9248)]
2026-08-07 17:59:21.619075: Epoch time: 24.17 s
2026-08-07 17:59:22.028464: 
2026-08-07 17:59:22.028705: Epoch 109
2026-08-07 17:59:22.028994: Current learning rate: 0.00901
2026-08-07 17:59:46.201559: train_loss -0.9371
2026-08-07 17:59:46.202162: val_loss -0.9375
2026-08-07 17:59:46.202450: Pseudo dice [np.float32(0.9544), np.float32(0.9709), np.float32(0.9696)]
2026-08-07 17:59:46.202629: Epoch time: 24.17 s
2026-08-07 17:59:46.616408: 
2026-08-07 17:59:46.616659: Epoch 110
2026-08-07 17:59:46.616875: Current learning rate: 0.009
2026-08-07 18:00:10.787860: train_loss -0.9391
2026-08-07 18:00:10.788258: val_loss -0.9438
2026-08-07 18:00:10.788978: Pseudo dice [np.float32(0.9597), np.float32(0.975), np.float32(0.9692)]
2026-08-07 18:00:10.789432: Epoch time: 24.17 s
2026-08-07 18:00:11.199183: 
2026-08-07 18:00:11.199418: Epoch 111
2026-08-07 18:00:11.199708: Current learning rate: 0.009
2026-08-07 18:00:35.365983: train_loss -0.94
2026-08-07 18:00:35.366694: val_loss -0.9459
2026-08-07 18:00:35.367540: Pseudo dice [np.float32(0.961), np.float32(0.9751), np.float32(0.9725)]
2026-08-07 18:00:35.367796: Epoch time: 24.17 s
2026-08-07 18:00:35.774614: 
2026-08-07 18:00:35.775155: Epoch 112
2026-08-07 18:00:35.775481: Current learning rate: 0.00899
2026-08-07 18:00:59.953289: train_loss -0.9392
2026-08-07 18:00:59.953721: val_loss -0.9456
2026-08-07 18:00:59.954447: Pseudo dice [np.float32(0.9604), np.float32(0.9757), np.float32(0.9717)]
2026-08-07 18:00:59.954976: Epoch time: 24.18 s
2026-08-07 18:01:00.357605: 
2026-08-07 18:01:00.357825: Epoch 113
2026-08-07 18:01:00.358043: Current learning rate: 0.00898
2026-08-07 18:01:24.527313: train_loss -0.939
2026-08-07 18:01:24.527709: val_loss -0.9464
2026-08-07 18:01:24.527894: Pseudo dice [np.float32(0.9606), np.float32(0.9761), np.float32(0.973)]
2026-08-07 18:01:24.528203: Epoch time: 24.17 s
2026-08-07 18:01:24.934187: 
2026-08-07 18:01:24.934402: Epoch 114
2026-08-07 18:01:24.934604: Current learning rate: 0.00897
2026-08-07 18:01:49.114916: train_loss -0.9399
2026-08-07 18:01:49.115330: val_loss -0.9428
2026-08-07 18:01:49.115996: Pseudo dice [np.float32(0.9588), np.float32(0.9737), np.float32(0.9704)]
2026-08-07 18:01:49.116348: Epoch time: 24.18 s
2026-08-07 18:01:49.517870: 
2026-08-07 18:01:49.518129: Epoch 115
2026-08-07 18:01:49.518393: Current learning rate: 0.00896
2026-08-07 18:02:13.687892: train_loss -0.9382
2026-08-07 18:02:13.688311: val_loss -0.9445
2026-08-07 18:02:13.688975: Pseudo dice [np.float32(0.96), np.float32(0.9756), np.float32(0.9711)]
2026-08-07 18:02:13.689402: Epoch time: 24.17 s
2026-08-07 18:02:14.324446: 
2026-08-07 18:02:14.324678: Epoch 116
2026-08-07 18:02:14.324834: Current learning rate: 0.00895
2026-08-07 18:02:38.498619: train_loss -0.9386
2026-08-07 18:02:38.500319: val_loss -0.9353
2026-08-07 18:02:38.500782: Pseudo dice [np.float32(0.9498), np.float32(0.9756), np.float32(0.9711)]
2026-08-07 18:02:38.501121: Epoch time: 24.17 s
2026-08-07 18:02:38.911457: 
2026-08-07 18:02:38.911680: Epoch 117
2026-08-07 18:02:38.911819: Current learning rate: 0.00894
2026-08-07 18:03:03.085710: train_loss -0.9392
2026-08-07 18:03:03.086262: val_loss -0.9437
2026-08-07 18:03:03.086726: Pseudo dice [np.float32(0.9587), np.float32(0.9754), np.float32(0.9696)]
2026-08-07 18:03:03.087080: Epoch time: 24.17 s
2026-08-07 18:03:03.498025: 
2026-08-07 18:03:03.498251: Epoch 118
2026-08-07 18:03:03.498483: Current learning rate: 0.00893
2026-08-07 18:03:27.671178: train_loss -0.9384
2026-08-07 18:03:27.671571: val_loss -0.9452
2026-08-07 18:03:27.671938: Pseudo dice [np.float32(0.9599), np.float32(0.9759), np.float32(0.9725)]
2026-08-07 18:03:27.673539: Epoch time: 24.17 s
2026-08-07 18:03:28.091493: 
2026-08-07 18:03:28.091713: Epoch 119
2026-08-07 18:03:28.091862: Current learning rate: 0.00892
2026-08-07 18:03:52.273087: train_loss -0.9392
2026-08-07 18:03:52.273664: val_loss -0.9064
2026-08-07 18:03:52.274505: Pseudo dice [np.float32(0.9159), np.float32(0.9737), np.float32(0.9703)]
2026-08-07 18:03:52.274947: Epoch time: 24.18 s
2026-08-07 18:03:52.680174: 
2026-08-07 18:03:52.680387: Epoch 120
2026-08-07 18:03:52.680606: Current learning rate: 0.00891
2026-08-07 18:04:16.854232: train_loss -0.9389
2026-08-07 18:04:16.854630: val_loss -0.9421
2026-08-07 18:04:16.855297: Pseudo dice [np.float32(0.9581), np.float32(0.9743), np.float32(0.9699)]
2026-08-07 18:04:16.855923: Epoch time: 24.17 s
2026-08-07 18:04:17.261724: 
2026-08-07 18:04:17.261944: Epoch 121
2026-08-07 18:04:17.262078: Current learning rate: 0.0089
2026-08-07 18:04:41.438994: train_loss -0.9409
2026-08-07 18:04:41.439459: val_loss -0.9459
2026-08-07 18:04:41.439865: Pseudo dice [np.float32(0.9609), np.float32(0.9756), np.float32(0.9721)]
2026-08-07 18:04:41.440177: Epoch time: 24.18 s
2026-08-07 18:04:41.848390: 
2026-08-07 18:04:41.849056: Epoch 122
2026-08-07 18:04:41.849527: Current learning rate: 0.00889
2026-08-07 18:05:06.022509: train_loss -0.9397
2026-08-07 18:05:06.023525: val_loss -0.9439
2026-08-07 18:05:06.023922: Pseudo dice [np.float32(0.9593), np.float32(0.9751), np.float32(0.9709)]
2026-08-07 18:05:06.024176: Epoch time: 24.17 s
2026-08-07 18:05:06.434820: 
2026-08-07 18:05:06.435514: Epoch 123
2026-08-07 18:05:06.435725: Current learning rate: 0.00889
2026-08-07 18:05:30.608787: train_loss -0.9393
2026-08-07 18:05:30.609185: val_loss -0.9465
2026-08-07 18:05:30.609607: Pseudo dice [np.float32(0.9613), np.float32(0.976), np.float32(0.9722)]
2026-08-07 18:05:30.610047: Epoch time: 24.17 s
2026-08-07 18:05:31.022526: 
2026-08-07 18:05:31.023085: Epoch 124
2026-08-07 18:05:31.024061: Current learning rate: 0.00888
2026-08-07 18:05:55.201613: train_loss -0.9401
2026-08-07 18:05:55.202153: val_loss -0.9411
2026-08-07 18:05:55.202489: Pseudo dice [np.float32(0.9578), np.float32(0.9735), np.float32(0.9692)]
2026-08-07 18:05:55.202672: Epoch time: 24.18 s
2026-08-07 18:05:55.202996: Yayy! New best EMA pseudo Dice: 0.9661999940872192
2026-08-07 18:05:55.633429: 
2026-08-07 18:05:55.633668: Epoch 125
2026-08-07 18:05:55.633811: Current learning rate: 0.00887
2026-08-07 18:06:19.800368: train_loss -0.9395
2026-08-07 18:06:19.800761: val_loss -0.9451
2026-08-07 18:06:19.801673: Pseudo dice [np.float32(0.9606), np.float32(0.9758), np.float32(0.97)]
2026-08-07 18:06:19.802200: Epoch time: 24.17 s
2026-08-07 18:06:19.802401: Yayy! New best EMA pseudo Dice: 0.9664000272750854
2026-08-07 18:06:20.229273: 
2026-08-07 18:06:20.229480: Epoch 126
2026-08-07 18:06:20.229686: Current learning rate: 0.00886
2026-08-07 18:06:44.401925: train_loss -0.9406
2026-08-07 18:06:44.402408: val_loss -0.9438
2026-08-07 18:06:44.403475: Pseudo dice [np.float32(0.9595), np.float32(0.9739), np.float32(0.9719)]
2026-08-07 18:06:44.403900: Epoch time: 24.17 s
2026-08-07 18:06:44.404170: Yayy! New best EMA pseudo Dice: 0.9666000008583069
2026-08-07 18:06:44.833103: 
2026-08-07 18:06:44.833459: Epoch 127
2026-08-07 18:06:44.833710: Current learning rate: 0.00885
2026-08-07 18:07:09.010302: train_loss -0.9383
2026-08-07 18:07:09.010806: val_loss -0.9229
2026-08-07 18:07:09.011172: Pseudo dice [np.float32(0.9338), np.float32(0.9712), np.float32(0.9699)]
2026-08-07 18:07:09.011459: Epoch time: 24.18 s
2026-08-07 18:07:09.427283: 
2026-08-07 18:07:09.427525: Epoch 128
2026-08-07 18:07:09.427681: Current learning rate: 0.00884
2026-08-07 18:07:33.602767: train_loss -0.9403
2026-08-07 18:07:33.603587: val_loss -0.9405
2026-08-07 18:07:33.604143: Pseudo dice [np.float32(0.957), np.float32(0.9754), np.float32(0.9688)]
2026-08-07 18:07:33.604589: Epoch time: 24.18 s
2026-08-07 18:07:34.256537: 
2026-08-07 18:07:34.256759: Epoch 129
2026-08-07 18:07:34.257060: Current learning rate: 0.00883
2026-08-07 18:07:58.423375: train_loss -0.9398
2026-08-07 18:07:58.423913: val_loss -0.9449
2026-08-07 18:07:58.424091: Pseudo dice [np.float32(0.9608), np.float32(0.975), np.float32(0.971)]
2026-08-07 18:07:58.425504: Epoch time: 24.17 s
2026-08-07 18:07:58.849487: 
2026-08-07 18:07:58.849708: Epoch 130
2026-08-07 18:07:58.850173: Current learning rate: 0.00882
2026-08-07 18:08:23.013578: train_loss -0.9365
2026-08-07 18:08:23.014027: val_loss -0.9427
2026-08-07 18:08:23.014769: Pseudo dice [np.float32(0.958), np.float32(0.9742), np.float32(0.9707)]
2026-08-07 18:08:23.015143: Epoch time: 24.16 s
2026-08-07 18:08:23.438943: 
2026-08-07 18:08:23.439204: Epoch 131
2026-08-07 18:08:23.439434: Current learning rate: 0.00881
2026-08-07 18:08:47.619075: train_loss -0.9399
2026-08-07 18:08:47.619467: val_loss -0.9437
2026-08-07 18:08:47.620111: Pseudo dice [np.float32(0.9597), np.float32(0.9743), np.float32(0.9706)]
2026-08-07 18:08:47.620581: Epoch time: 24.18 s
2026-08-07 18:08:48.033379: 
2026-08-07 18:08:48.033656: Epoch 132
2026-08-07 18:08:48.033906: Current learning rate: 0.0088
2026-08-07 18:09:12.199286: train_loss -0.9385
2026-08-07 18:09:12.199699: val_loss -0.9423
2026-08-07 18:09:12.201518: Pseudo dice [np.float32(0.9589), np.float32(0.9746), np.float32(0.9705)]
2026-08-07 18:09:12.201890: Epoch time: 24.17 s
2026-08-07 18:09:12.202181: Yayy! New best EMA pseudo Dice: 0.96670001745224
2026-08-07 18:09:12.634766: 
2026-08-07 18:09:12.634996: Epoch 133
2026-08-07 18:09:12.635251: Current learning rate: 0.00879
2026-08-07 18:09:36.796448: train_loss -0.94
2026-08-07 18:09:36.796841: val_loss -0.9439
2026-08-07 18:09:36.797382: Pseudo dice [np.float32(0.9594), np.float32(0.9753), np.float32(0.9719)]
2026-08-07 18:09:36.798400: Epoch time: 24.16 s
2026-08-07 18:09:36.799069: Yayy! New best EMA pseudo Dice: 0.9668999910354614
2026-08-07 18:09:37.233674: 
2026-08-07 18:09:37.233911: Epoch 134
2026-08-07 18:09:37.234198: Current learning rate: 0.00879
2026-08-07 18:10:01.406452: train_loss -0.9405
2026-08-07 18:10:01.406943: val_loss -0.9416
2026-08-07 18:10:01.407129: Pseudo dice [np.float32(0.9569), np.float32(0.9744), np.float32(0.9704)]
2026-08-07 18:10:01.407300: Epoch time: 24.17 s
2026-08-07 18:10:01.407429: Yayy! New best EMA pseudo Dice: 0.9668999910354614
2026-08-07 18:10:01.850947: 
2026-08-07 18:10:01.851169: Epoch 135
2026-08-07 18:10:01.851319: Current learning rate: 0.00878
2026-08-07 18:10:26.025853: train_loss -0.9408
2026-08-07 18:10:26.026615: val_loss -0.9429
2026-08-07 18:10:26.026942: Pseudo dice [np.float32(0.9599), np.float32(0.9749), np.float32(0.9682)]
2026-08-07 18:10:26.027208: Epoch time: 24.18 s
2026-08-07 18:10:26.027587: Yayy! New best EMA pseudo Dice: 0.9670000076293945
2026-08-07 18:10:26.464653: 
2026-08-07 18:10:26.465031: Epoch 136
2026-08-07 18:10:26.465342: Current learning rate: 0.00877
2026-08-07 18:10:50.631122: train_loss -0.9395
2026-08-07 18:10:50.631673: val_loss -0.8297
2026-08-07 18:10:50.632021: Pseudo dice [np.float32(0.8466), np.float32(0.9697), np.float32(0.9609)]
2026-08-07 18:10:50.632412: Epoch time: 24.17 s
2026-08-07 18:10:51.051535: 
2026-08-07 18:10:51.051764: Epoch 137
2026-08-07 18:10:51.051976: Current learning rate: 0.00876
2026-08-07 18:11:15.220472: train_loss -0.9399
2026-08-07 18:11:15.220865: val_loss -0.9377
2026-08-07 18:11:15.221194: Pseudo dice [np.float32(0.9526), np.float32(0.9754), np.float32(0.9714)]
2026-08-07 18:11:15.221847: Epoch time: 24.17 s
2026-08-07 18:11:15.639309: 
2026-08-07 18:11:15.639917: Epoch 138
2026-08-07 18:11:15.640501: Current learning rate: 0.00875
2026-08-07 18:11:39.810063: train_loss -0.9405
2026-08-07 18:11:39.810607: val_loss -0.9431
2026-08-07 18:11:39.811002: Pseudo dice [np.float32(0.9596), np.float32(0.9748), np.float32(0.9708)]
2026-08-07 18:11:39.811549: Epoch time: 24.17 s
2026-08-07 18:11:40.233355: 
2026-08-07 18:11:40.233586: Epoch 139
2026-08-07 18:11:40.234112: Current learning rate: 0.00874
2026-08-07 18:12:04.411323: train_loss -0.9392
2026-08-07 18:12:04.411728: val_loss -0.9458
2026-08-07 18:12:04.412273: Pseudo dice [np.float32(0.9595), np.float32(0.976), np.float32(0.9731)]
2026-08-07 18:12:04.412512: Epoch time: 24.18 s
2026-08-07 18:12:04.832554: 
2026-08-07 18:12:04.833963: Epoch 140
2026-08-07 18:12:04.834647: Current learning rate: 0.00873
2026-08-07 18:12:28.994698: train_loss -0.9395
2026-08-07 18:12:28.995231: val_loss -0.9382
2026-08-07 18:12:28.995790: Pseudo dice [np.float32(0.9525), np.float32(0.9748), np.float32(0.9713)]
2026-08-07 18:12:28.996487: Epoch time: 24.16 s
2026-08-07 18:12:29.411368: 
2026-08-07 18:12:29.412029: Epoch 141
2026-08-07 18:12:29.412317: Current learning rate: 0.00872
2026-08-07 18:12:53.584697: train_loss -0.94
2026-08-07 18:12:53.585099: val_loss -0.9442
2026-08-07 18:12:53.585749: Pseudo dice [np.float32(0.9605), np.float32(0.9751), np.float32(0.969)]
2026-08-07 18:12:53.586018: Epoch time: 24.17 s
2026-08-07 18:12:54.230411: 
2026-08-07 18:12:54.230642: Epoch 142
2026-08-07 18:12:54.230853: Current learning rate: 0.00871
2026-08-07 18:13:18.410466: train_loss -0.9395
2026-08-07 18:13:18.410946: val_loss -0.9458
2026-08-07 18:13:18.411281: Pseudo dice [np.float32(0.9606), np.float32(0.9755), np.float32(0.9721)]
2026-08-07 18:13:18.411502: Epoch time: 24.18 s
2026-08-07 18:13:18.833150: 
2026-08-07 18:13:18.833456: Epoch 143
2026-08-07 18:13:18.833789: Current learning rate: 0.0087
2026-08-07 18:13:43.015453: train_loss -0.9407
2026-08-07 18:13:43.015910: val_loss -0.9414
2026-08-07 18:13:43.016621: Pseudo dice [np.float32(0.9551), np.float32(0.9753), np.float32(0.9719)]
2026-08-07 18:13:43.016990: Epoch time: 24.18 s
2026-08-07 18:13:43.428552: 
2026-08-07 18:13:43.428939: Epoch 144
2026-08-07 18:13:43.429354: Current learning rate: 0.00869
2026-08-07 18:14:07.604011: train_loss -0.9412
2026-08-07 18:14:07.604517: val_loss -0.921
2026-08-07 18:14:07.605024: Pseudo dice [np.float32(0.929), np.float32(0.9739), np.float32(0.9695)]
2026-08-07 18:14:07.605376: Epoch time: 24.18 s
2026-08-07 18:14:08.014465: 
2026-08-07 18:14:08.014933: Epoch 145
2026-08-07 18:14:08.015470: Current learning rate: 0.00868
2026-08-07 18:14:32.191510: train_loss -0.9427
2026-08-07 18:14:32.192163: val_loss -0.9484
2026-08-07 18:14:32.192416: Pseudo dice [np.float32(0.9621), np.float32(0.9772), np.float32(0.9725)]
2026-08-07 18:14:32.192947: Epoch time: 24.18 s
2026-08-07 18:14:32.624035: 
2026-08-07 18:14:32.624267: Epoch 146
2026-08-07 18:14:32.624741: Current learning rate: 0.00868
2026-08-07 18:14:56.801741: train_loss -0.9415
2026-08-07 18:14:56.802991: val_loss -0.9469
2026-08-07 18:14:56.804429: Pseudo dice [np.float32(0.9614), np.float32(0.976), np.float32(0.9727)]
2026-08-07 18:14:56.804809: Epoch time: 24.18 s
2026-08-07 18:14:57.222035: 
2026-08-07 18:14:57.223254: Epoch 147
2026-08-07 18:14:57.223418: Current learning rate: 0.00867
2026-08-07 18:15:21.399564: train_loss -0.9396
2026-08-07 18:15:21.399999: val_loss -0.9439
2026-08-07 18:15:21.400542: Pseudo dice [np.float32(0.9598), np.float32(0.975), np.float32(0.9709)]
2026-08-07 18:15:21.400783: Epoch time: 24.18 s
2026-08-07 18:15:21.811130: 
2026-08-07 18:15:21.811337: Epoch 148
2026-08-07 18:15:21.811579: Current learning rate: 0.00866
2026-08-07 18:15:45.986328: train_loss -0.9391
2026-08-07 18:15:45.986978: val_loss -0.8316
2026-08-07 18:15:45.987902: Pseudo dice [np.float32(0.8509), np.float32(0.9743), np.float32(0.9713)]
2026-08-07 18:15:45.988257: Epoch time: 24.18 s
2026-08-07 18:15:46.406749: 
2026-08-07 18:15:46.406962: Epoch 149
2026-08-07 18:15:46.407104: Current learning rate: 0.00865
2026-08-07 18:16:10.582257: train_loss -0.9395
2026-08-07 18:16:10.583170: val_loss -0.9411
2026-08-07 18:16:10.583975: Pseudo dice [np.float32(0.956), np.float32(0.9751), np.float32(0.9713)]
2026-08-07 18:16:10.584289: Epoch time: 24.18 s
2026-08-07 18:16:11.026878: 
2026-08-07 18:16:11.027117: Epoch 150
2026-08-07 18:16:11.028197: Current learning rate: 0.00864
2026-08-07 18:16:35.201266: train_loss -0.9394
2026-08-07 18:16:35.201677: val_loss -0.9458
2026-08-07 18:16:35.202180: Pseudo dice [np.float32(0.9618), np.float32(0.9753), np.float32(0.9702)]
2026-08-07 18:16:35.202605: Epoch time: 24.17 s
2026-08-07 18:16:35.615113: 
2026-08-07 18:16:35.615349: Epoch 151
2026-08-07 18:16:35.615715: Current learning rate: 0.00863
2026-08-07 18:16:59.789889: train_loss -0.9417
2026-08-07 18:16:59.790279: val_loss -0.9462
2026-08-07 18:16:59.790849: Pseudo dice [np.float32(0.9603), np.float32(0.9765), np.float32(0.9724)]
2026-08-07 18:16:59.791299: Epoch time: 24.17 s
2026-08-07 18:17:00.213088: 
2026-08-07 18:17:00.213454: Epoch 152
2026-08-07 18:17:00.213712: Current learning rate: 0.00862
2026-08-07 18:17:24.387643: train_loss -0.9386
2026-08-07 18:17:24.388081: val_loss -0.9434
2026-08-07 18:17:24.388461: Pseudo dice [np.float32(0.9602), np.float32(0.9748), np.float32(0.9689)]
2026-08-07 18:17:24.389680: Epoch time: 24.17 s
2026-08-07 18:17:24.804338: 
2026-08-07 18:17:24.804563: Epoch 153
2026-08-07 18:17:24.805387: Current learning rate: 0.00861
2026-08-07 18:17:48.972695: train_loss -0.9414
2026-08-07 18:17:48.973224: val_loss -0.9464
2026-08-07 18:17:48.973413: Pseudo dice [np.float32(0.9609), np.float32(0.9755), np.float32(0.9724)]
2026-08-07 18:17:48.973718: Epoch time: 24.17 s
2026-08-07 18:17:49.635225: 
2026-08-07 18:17:49.635731: Epoch 154
2026-08-07 18:17:49.635922: Current learning rate: 0.0086
2026-08-07 18:18:13.805791: train_loss -0.942
2026-08-07 18:18:13.806193: val_loss -0.9471
2026-08-07 18:18:13.807331: Pseudo dice [np.float32(0.9614), np.float32(0.9765), np.float32(0.9721)]
2026-08-07 18:18:13.807755: Epoch time: 24.17 s
2026-08-07 18:18:14.235838: 
2026-08-07 18:18:14.236088: Epoch 155
2026-08-07 18:18:14.237497: Current learning rate: 0.00859
2026-08-07 18:18:38.407419: train_loss -0.9422
2026-08-07 18:18:38.408056: val_loss -0.9438
2026-08-07 18:18:38.409476: Pseudo dice [np.float32(0.961), np.float32(0.974), np.float32(0.9679)]
2026-08-07 18:18:38.409827: Epoch time: 24.17 s
2026-08-07 18:18:38.842010: 
2026-08-07 18:18:38.842222: Epoch 156
2026-08-07 18:18:38.842683: Current learning rate: 0.00858
2026-08-07 18:19:03.010132: train_loss -0.9413
2026-08-07 18:19:03.010679: val_loss -0.9453
2026-08-07 18:19:03.010862: Pseudo dice [np.float32(0.9597), np.float32(0.9765), np.float32(0.9706)]
2026-08-07 18:19:03.011119: Epoch time: 24.17 s
2026-08-07 18:19:03.433074: 
2026-08-07 18:19:03.433291: Epoch 157
2026-08-07 18:19:03.433427: Current learning rate: 0.00858
2026-08-07 18:19:27.600367: train_loss -0.9403
2026-08-07 18:19:27.600763: val_loss -0.8852
2026-08-07 18:19:27.601928: Pseudo dice [np.float32(0.8784), np.float32(0.9744), np.float32(0.9705)]
2026-08-07 18:19:27.602291: Epoch time: 24.17 s
2026-08-07 18:19:28.023434: 
2026-08-07 18:19:28.023651: Epoch 158
2026-08-07 18:19:28.023844: Current learning rate: 0.00857
2026-08-07 18:19:52.198444: train_loss -0.9406
2026-08-07 18:19:52.198868: val_loss -0.9449
2026-08-07 18:19:52.199939: Pseudo dice [np.float32(0.9609), np.float32(0.9752), np.float32(0.9708)]
2026-08-07 18:19:52.201169: Epoch time: 24.18 s
2026-08-07 18:19:52.625715: 
2026-08-07 18:19:52.625935: Epoch 159
2026-08-07 18:19:52.626793: Current learning rate: 0.00856
2026-08-07 18:20:16.800598: train_loss -0.9394
2026-08-07 18:20:16.801360: val_loss -0.944
2026-08-07 18:20:16.802788: Pseudo dice [np.float32(0.9611), np.float32(0.9748), np.float32(0.9679)]
2026-08-07 18:20:16.803355: Epoch time: 24.18 s
2026-08-07 18:20:17.230369: 
2026-08-07 18:20:17.230586: Epoch 160
2026-08-07 18:20:17.230732: Current learning rate: 0.00855
2026-08-07 18:20:41.404489: train_loss -0.9404
2026-08-07 18:20:41.404899: val_loss -0.9459
2026-08-07 18:20:41.405236: Pseudo dice [np.float32(0.9618), np.float32(0.9757), np.float32(0.9709)]
2026-08-07 18:20:41.405613: Epoch time: 24.17 s
2026-08-07 18:20:41.828724: 
2026-08-07 18:20:41.829225: Epoch 161
2026-08-07 18:20:41.829596: Current learning rate: 0.00854
2026-08-07 18:21:06.005005: train_loss -0.9398
2026-08-07 18:21:06.005417: val_loss -0.945
2026-08-07 18:21:06.005733: Pseudo dice [np.float32(0.9599), np.float32(0.9751), np.float32(0.9708)]
2026-08-07 18:21:06.006071: Epoch time: 24.18 s
2026-08-07 18:21:06.429640: 
2026-08-07 18:21:06.430132: Epoch 162
2026-08-07 18:21:06.430285: Current learning rate: 0.00853
2026-08-07 18:21:30.598905: train_loss -0.9401
2026-08-07 18:21:30.599309: val_loss -0.9131
2026-08-07 18:21:30.599723: Pseudo dice [np.float32(0.9202), np.float32(0.9737), np.float32(0.972)]
2026-08-07 18:21:30.600297: Epoch time: 24.17 s
2026-08-07 18:21:31.023044: 
2026-08-07 18:21:31.023252: Epoch 163
2026-08-07 18:21:31.023380: Current learning rate: 0.00852
2026-08-07 18:21:55.199905: train_loss -0.9418
2026-08-07 18:21:55.200346: val_loss -0.9466
2026-08-07 18:21:55.201375: Pseudo dice [np.float32(0.9616), np.float32(0.9761), np.float32(0.9719)]
2026-08-07 18:21:55.201825: Epoch time: 24.18 s
2026-08-07 18:21:55.627711: 
2026-08-07 18:21:55.627934: Epoch 164
2026-08-07 18:21:55.628500: Current learning rate: 0.00851
2026-08-07 18:22:19.802369: train_loss -0.9408
2026-08-07 18:22:19.802792: val_loss -0.9464
2026-08-07 18:22:19.803241: Pseudo dice [np.float32(0.9616), np.float32(0.9758), np.float32(0.9704)]
2026-08-07 18:22:19.803816: Epoch time: 24.17 s
2026-08-07 18:22:20.217153: 
2026-08-07 18:22:20.217407: Epoch 165
2026-08-07 18:22:20.218047: Current learning rate: 0.0085
2026-08-07 18:22:44.395549: train_loss -0.9407
2026-08-07 18:22:44.395958: val_loss -0.9453
2026-08-07 18:22:44.397321: Pseudo dice [np.float32(0.9601), np.float32(0.9762), np.float32(0.972)]
2026-08-07 18:22:44.398938: Epoch time: 24.18 s
2026-08-07 18:22:45.040327: 
2026-08-07 18:22:45.040622: Epoch 166
2026-08-07 18:22:45.041556: Current learning rate: 0.00849
2026-08-07 18:23:09.211341: train_loss -0.9403
2026-08-07 18:23:09.211744: val_loss -0.9346
2026-08-07 18:23:09.211925: Pseudo dice [np.float32(0.9511), np.float32(0.9739), np.float32(0.9695)]
2026-08-07 18:23:09.212129: Epoch time: 24.17 s
2026-08-07 18:23:09.631728: 
2026-08-07 18:23:09.631941: Epoch 167
2026-08-07 18:23:09.632458: Current learning rate: 0.00848
2026-08-07 18:23:33.803733: train_loss -0.9412
2026-08-07 18:23:33.804400: val_loss -0.925
2026-08-07 18:23:33.804823: Pseudo dice [np.float32(0.9291), np.float32(0.9742), np.float32(0.9724)]
2026-08-07 18:23:33.805146: Epoch time: 24.17 s
2026-08-07 18:23:34.226707: 
2026-08-07 18:23:34.227469: Epoch 168
2026-08-07 18:23:34.227891: Current learning rate: 0.00847
2026-08-07 18:23:58.393207: train_loss -0.9406
2026-08-07 18:23:58.393825: val_loss -0.9455
2026-08-07 18:23:58.394940: Pseudo dice [np.float32(0.9613), np.float32(0.9748), np.float32(0.9701)]
2026-08-07 18:23:58.395618: Epoch time: 24.17 s
2026-08-07 18:23:58.818746: 
2026-08-07 18:23:58.819212: Epoch 169
2026-08-07 18:23:58.819368: Current learning rate: 0.00847
2026-08-07 18:24:22.994764: train_loss -0.9408
2026-08-07 18:24:22.995619: val_loss -0.8977
2026-08-07 18:24:22.996481: Pseudo dice [np.float32(0.8978), np.float32(0.9734), np.float32(0.9684)]
2026-08-07 18:24:22.996866: Epoch time: 24.18 s
2026-08-07 18:24:23.414590: 
2026-08-07 18:24:23.414794: Epoch 170
2026-08-07 18:24:23.415261: Current learning rate: 0.00846
2026-08-07 18:24:47.590270: train_loss -0.9407
2026-08-07 18:24:47.590700: val_loss -0.9037
2026-08-07 18:24:47.591091: Pseudo dice [np.float32(0.9076), np.float32(0.9756), np.float32(0.971)]
2026-08-07 18:24:47.591277: Epoch time: 24.18 s
2026-08-07 18:24:48.009624: 
2026-08-07 18:24:48.009845: Epoch 171
2026-08-07 18:24:48.009991: Current learning rate: 0.00845
2026-08-07 18:25:12.187866: train_loss -0.9393
2026-08-07 18:25:12.188396: val_loss -0.9472
2026-08-07 18:25:12.188887: Pseudo dice [np.float32(0.9612), np.float32(0.9762), np.float32(0.9731)]
2026-08-07 18:25:12.189212: Epoch time: 24.18 s
2026-08-07 18:25:12.609166: 
2026-08-07 18:25:12.609520: Epoch 172
2026-08-07 18:25:12.610086: Current learning rate: 0.00844
2026-08-07 18:25:36.790711: train_loss -0.9393
2026-08-07 18:25:36.791112: val_loss -0.9453
2026-08-07 18:25:36.793427: Pseudo dice [np.float32(0.9613), np.float32(0.9744), np.float32(0.9721)]
2026-08-07 18:25:36.793710: Epoch time: 24.18 s
2026-08-07 18:25:37.221467: 
2026-08-07 18:25:37.221820: Epoch 173
2026-08-07 18:25:37.222323: Current learning rate: 0.00843
2026-08-07 18:26:01.392334: train_loss -0.9395
2026-08-07 18:26:01.392739: val_loss -0.9055
2026-08-07 18:26:01.393103: Pseudo dice [np.float32(0.9149), np.float32(0.9718), np.float32(0.9663)]
2026-08-07 18:26:01.393773: Epoch time: 24.17 s
2026-08-07 18:26:01.815324: 
2026-08-07 18:26:01.815548: Epoch 174
2026-08-07 18:26:01.815819: Current learning rate: 0.00842
2026-08-07 18:26:25.996202: train_loss -0.9414
2026-08-07 18:26:25.996853: val_loss -0.8824
2026-08-07 18:26:25.997036: Pseudo dice [np.float32(0.8926), np.float32(0.9753), np.float32(0.9694)]
2026-08-07 18:26:25.997905: Epoch time: 24.18 s
2026-08-07 18:26:26.411329: 
2026-08-07 18:26:26.411547: Epoch 175
2026-08-07 18:26:26.411775: Current learning rate: 0.00841
2026-08-07 18:26:50.589310: train_loss -0.9406
2026-08-07 18:26:50.589702: val_loss -0.9258
2026-08-07 18:26:50.590367: Pseudo dice [np.float32(0.9349), np.float32(0.9747), np.float32(0.9707)]
2026-08-07 18:26:50.590698: Epoch time: 24.18 s
2026-08-07 18:26:51.008297: 
2026-08-07 18:26:51.008568: Epoch 176
2026-08-07 18:26:51.008842: Current learning rate: 0.0084
2026-08-07 18:27:15.184702: train_loss -0.9391
2026-08-07 18:27:15.185107: val_loss -0.9462
2026-08-07 18:27:15.185750: Pseudo dice [np.float32(0.9603), np.float32(0.976), np.float32(0.9727)]
2026-08-07 18:27:15.186166: Epoch time: 24.18 s
2026-08-07 18:27:15.845666: 
2026-08-07 18:27:15.845905: Epoch 177
2026-08-07 18:27:15.846440: Current learning rate: 0.00839
2026-08-07 18:27:40.017995: train_loss -0.9407
2026-08-07 18:27:40.018395: val_loss -0.9454
2026-08-07 18:27:40.018975: Pseudo dice [np.float32(0.9609), np.float32(0.9748), np.float32(0.9707)]
2026-08-07 18:27:40.019481: Epoch time: 24.17 s
2026-08-07 18:27:40.433496: 
2026-08-07 18:27:40.433717: Epoch 178
2026-08-07 18:27:40.434081: Current learning rate: 0.00838
2026-08-07 18:28:04.607716: train_loss -0.94
2026-08-07 18:28:04.608471: val_loss -0.9467
2026-08-07 18:28:04.609591: Pseudo dice [np.float32(0.9618), np.float32(0.9761), np.float32(0.9701)]
2026-08-07 18:28:04.609771: Epoch time: 24.17 s
2026-08-07 18:28:05.038613: 
2026-08-07 18:28:05.039273: Epoch 179
2026-08-07 18:28:05.040113: Current learning rate: 0.00837
2026-08-07 18:28:29.213503: train_loss -0.9423
2026-08-07 18:28:29.214217: val_loss -0.948
2026-08-07 18:28:29.214405: Pseudo dice [np.float32(0.9624), np.float32(0.9765), np.float32(0.9729)]
2026-08-07 18:28:29.214669: Epoch time: 24.18 s
2026-08-07 18:28:29.639452: 
2026-08-07 18:28:29.639786: Epoch 180
2026-08-07 18:28:29.639944: Current learning rate: 0.00836
2026-08-07 18:28:53.812054: train_loss -0.9422
2026-08-07 18:28:53.812445: val_loss -0.95
2026-08-07 18:28:53.813357: Pseudo dice [np.float32(0.9633), np.float32(0.9774), np.float32(0.9748)]
2026-08-07 18:28:53.814570: Epoch time: 24.17 s
2026-08-07 18:28:54.232275: 
2026-08-07 18:28:54.232575: Epoch 181
2026-08-07 18:28:54.232711: Current learning rate: 0.00836
2026-08-07 18:29:18.410882: train_loss -0.9436
2026-08-07 18:29:18.411314: val_loss -0.9462
2026-08-07 18:29:18.411910: Pseudo dice [np.float32(0.9604), np.float32(0.976), np.float32(0.9715)]
2026-08-07 18:29:18.412267: Epoch time: 24.18 s
2026-08-07 18:29:18.827847: 
2026-08-07 18:29:18.828347: Epoch 182
2026-08-07 18:29:18.828557: Current learning rate: 0.00835
2026-08-07 18:29:43.008048: train_loss -0.9418
2026-08-07 18:29:43.008626: val_loss -0.9325
2026-08-07 18:29:43.009043: Pseudo dice [np.float32(0.9437), np.float32(0.9752), np.float32(0.9706)]
2026-08-07 18:29:43.009398: Epoch time: 24.18 s
2026-08-07 18:29:43.426296: 
2026-08-07 18:29:43.426514: Epoch 183
2026-08-07 18:29:43.426651: Current learning rate: 0.00834
2026-08-07 18:30:07.598460: train_loss -0.9419
2026-08-07 18:30:07.599000: val_loss -0.8347
2026-08-07 18:30:07.599765: Pseudo dice [np.float32(0.8495), np.float32(0.9733), np.float32(0.9699)]
2026-08-07 18:30:07.600114: Epoch time: 24.17 s
2026-08-07 18:30:08.009512: 
2026-08-07 18:30:08.009786: Epoch 184
2026-08-07 18:30:08.009940: Current learning rate: 0.00833
2026-08-07 18:30:32.183307: train_loss -0.9411
2026-08-07 18:30:32.183712: val_loss -0.9463
2026-08-07 18:30:32.184400: Pseudo dice [np.float32(0.9612), np.float32(0.9755), np.float32(0.9722)]
2026-08-07 18:30:32.185501: Epoch time: 24.17 s
2026-08-07 18:30:32.605810: 
2026-08-07 18:30:32.606356: Epoch 185
2026-08-07 18:30:32.607121: Current learning rate: 0.00832
2026-08-07 18:30:56.784077: train_loss -0.9421
2026-08-07 18:30:56.784489: val_loss -0.948
2026-08-07 18:30:56.785757: Pseudo dice [np.float32(0.9625), np.float32(0.9758), np.float32(0.9732)]
2026-08-07 18:30:56.785998: Epoch time: 24.18 s
2026-08-07 18:30:57.207527: 
2026-08-07 18:30:57.208392: Epoch 186
2026-08-07 18:30:57.209329: Current learning rate: 0.00831
2026-08-07 18:31:21.378919: train_loss -0.9418
2026-08-07 18:31:21.379343: val_loss -0.9468
2026-08-07 18:31:21.380711: Pseudo dice [np.float32(0.9616), np.float32(0.9762), np.float32(0.972)]
2026-08-07 18:31:21.381880: Epoch time: 24.17 s
2026-08-07 18:31:21.801996: 
2026-08-07 18:31:21.802211: Epoch 187
2026-08-07 18:31:21.802347: Current learning rate: 0.0083
2026-08-07 18:31:45.971724: train_loss -0.9417
2026-08-07 18:31:45.972133: val_loss -0.9449
2026-08-07 18:31:45.972684: Pseudo dice [np.float32(0.9613), np.float32(0.975), np.float32(0.969)]
2026-08-07 18:31:45.973230: Epoch time: 24.17 s
2026-08-07 18:31:46.391683: 
2026-08-07 18:31:46.392387: Epoch 188
2026-08-07 18:31:46.393195: Current learning rate: 0.00829
2026-08-07 18:32:10.569892: train_loss -0.9411
2026-08-07 18:32:10.570349: val_loss -0.9429
2026-08-07 18:32:10.570852: Pseudo dice [np.float32(0.9593), np.float32(0.9755), np.float32(0.97)]
2026-08-07 18:32:10.571568: Epoch time: 24.18 s
2026-08-07 18:32:10.997730: 
2026-08-07 18:32:10.998359: Epoch 189
2026-08-07 18:32:10.999231: Current learning rate: 0.00828
2026-08-07 18:32:35.174200: train_loss -0.9415
2026-08-07 18:32:35.175162: val_loss -0.9459
2026-08-07 18:32:35.175564: Pseudo dice [np.float32(0.9603), np.float32(0.9758), np.float32(0.9722)]
2026-08-07 18:32:35.175862: Epoch time: 24.18 s
2026-08-07 18:32:35.842929: 
2026-08-07 18:32:35.843602: Epoch 190
2026-08-07 18:32:35.844090: Current learning rate: 0.00827
2026-08-07 18:33:00.014471: train_loss -0.9389
2026-08-07 18:33:00.014877: val_loss -0.9429
2026-08-07 18:33:00.015781: Pseudo dice [np.float32(0.9573), np.float32(0.9756), np.float32(0.9709)]
2026-08-07 18:33:00.016787: Epoch time: 24.17 s
2026-08-07 18:33:00.441532: 
2026-08-07 18:33:00.441768: Epoch 191
2026-08-07 18:33:00.441908: Current learning rate: 0.00826
2026-08-07 18:33:24.615438: train_loss -0.9397
2026-08-07 18:33:24.615843: val_loss -0.9442
2026-08-07 18:33:24.616728: Pseudo dice [np.float32(0.9595), np.float32(0.9747), np.float32(0.9708)]
2026-08-07 18:33:24.617522: Epoch time: 24.17 s
2026-08-07 18:33:25.038515: 
2026-08-07 18:33:25.038860: Epoch 192
2026-08-07 18:33:25.039101: Current learning rate: 0.00825
2026-08-07 18:33:49.216984: train_loss -0.9427
2026-08-07 18:33:49.217417: val_loss -0.9439
2026-08-07 18:33:49.217730: Pseudo dice [np.float32(0.9597), np.float32(0.975), np.float32(0.9698)]
2026-08-07 18:33:49.217908: Epoch time: 24.18 s
2026-08-07 18:33:49.641355: 
2026-08-07 18:33:49.642765: Epoch 193
2026-08-07 18:33:49.642956: Current learning rate: 0.00824
2026-08-07 18:34:13.818669: train_loss -0.9419
2026-08-07 18:34:13.819377: val_loss -0.8149
2026-08-07 18:34:13.819770: Pseudo dice [np.float32(0.8155), np.float32(0.968), np.float32(0.9594)]
2026-08-07 18:34:13.820089: Epoch time: 24.18 s
2026-08-07 18:34:14.245517: 
2026-08-07 18:34:14.246038: Epoch 194
2026-08-07 18:34:14.247051: Current learning rate: 0.00824
2026-08-07 18:34:38.419239: train_loss -0.9397
2026-08-07 18:34:38.420523: val_loss -0.9441
2026-08-07 18:34:38.420916: Pseudo dice [np.float32(0.9608), np.float32(0.9745), np.float32(0.9692)]
2026-08-07 18:34:38.421218: Epoch time: 24.17 s
2026-08-07 18:34:38.843158: 
2026-08-07 18:34:38.843752: Epoch 195
2026-08-07 18:34:38.844265: Current learning rate: 0.00823
2026-08-07 18:35:03.017231: train_loss -0.9406
2026-08-07 18:35:03.017626: val_loss -0.9448
2026-08-07 18:35:03.017931: Pseudo dice [np.float32(0.9607), np.float32(0.9749), np.float32(0.97)]
2026-08-07 18:35:03.018186: Epoch time: 24.17 s
2026-08-07 18:35:03.446070: 
2026-08-07 18:35:03.446290: Epoch 196
2026-08-07 18:35:03.446542: Current learning rate: 0.00822
2026-08-07 18:35:27.621126: train_loss -0.9425
2026-08-07 18:35:27.621527: val_loss -0.8875
2026-08-07 18:35:27.622042: Pseudo dice [np.float32(0.8911), np.float32(0.9741), np.float32(0.9718)]
2026-08-07 18:35:27.622772: Epoch time: 24.18 s
2026-08-07 18:35:28.043742: 
2026-08-07 18:35:28.044050: Epoch 197
2026-08-07 18:35:28.044190: Current learning rate: 0.00821
2026-08-07 18:35:52.219257: train_loss -0.9417
2026-08-07 18:35:52.219662: val_loss -0.9436
2026-08-07 18:35:52.220539: Pseudo dice [np.float32(0.959), np.float32(0.9741), np.float32(0.9715)]
2026-08-07 18:35:52.221044: Epoch time: 24.18 s
2026-08-07 18:35:52.644740: 
2026-08-07 18:35:52.644962: Epoch 198
2026-08-07 18:35:52.645110: Current learning rate: 0.0082
2026-08-07 18:36:16.827421: train_loss -0.9426
2026-08-07 18:36:16.827833: val_loss -0.9451
2026-08-07 18:36:16.828421: Pseudo dice [np.float32(0.96), np.float32(0.9753), np.float32(0.9718)]
2026-08-07 18:36:16.828803: Epoch time: 24.18 s
2026-08-07 18:36:17.253055: 
2026-08-07 18:36:17.253456: Epoch 199
2026-08-07 18:36:17.253701: Current learning rate: 0.00819
2026-08-07 18:36:41.423955: train_loss -0.942
2026-08-07 18:36:41.424770: val_loss -0.9487
2026-08-07 18:36:41.425161: Pseudo dice [np.float32(0.9632), np.float32(0.9764), np.float32(0.9725)]
2026-08-07 18:36:41.425536: Epoch time: 24.17 s
2026-08-07 18:36:41.867055: 
2026-08-07 18:36:41.867609: Epoch 200
2026-08-07 18:36:41.867758: Current learning rate: 0.00818
2026-08-07 18:37:06.036555: train_loss -0.9427
2026-08-07 18:37:06.036988: val_loss -0.9462
2026-08-07 18:37:06.037392: Pseudo dice [np.float32(0.9625), np.float32(0.9758), np.float32(0.9706)]
2026-08-07 18:37:06.037838: Epoch time: 24.17 s
2026-08-07 18:37:06.461358: 
2026-08-07 18:37:06.461675: Epoch 201
2026-08-07 18:37:06.461815: Current learning rate: 0.00817
2026-08-07 18:37:30.637281: train_loss -0.9426
2026-08-07 18:37:30.637977: val_loss -0.9438
2026-08-07 18:37:30.638489: Pseudo dice [np.float32(0.9589), np.float32(0.9749), np.float32(0.9702)]
2026-08-07 18:37:30.638932: Epoch time: 24.18 s
2026-08-07 18:37:31.307152: 
2026-08-07 18:37:31.307500: Epoch 202
2026-08-07 18:37:31.307772: Current learning rate: 0.00816
2026-08-07 18:37:55.485363: train_loss -0.9396
2026-08-07 18:37:55.486253: val_loss -0.8269
2026-08-07 18:37:55.488103: Pseudo dice [np.float32(0.8462), np.float32(0.9741), np.float32(0.9717)]
2026-08-07 18:37:55.488551: Epoch time: 24.18 s
2026-08-07 18:37:55.912735: 
2026-08-07 18:37:55.913148: Epoch 203
2026-08-07 18:37:55.913291: Current learning rate: 0.00815
2026-08-07 18:38:20.089472: train_loss -0.9411
2026-08-07 18:38:20.089926: val_loss -0.9439
2026-08-07 18:38:20.090682: Pseudo dice [np.float32(0.9604), np.float32(0.9746), np.float32(0.9704)]
2026-08-07 18:38:20.090966: Epoch time: 24.18 s
2026-08-07 18:38:20.509770: 
2026-08-07 18:38:20.509989: Epoch 204
2026-08-07 18:38:20.510133: Current learning rate: 0.00814
2026-08-07 18:38:44.691635: train_loss -0.9403
2026-08-07 18:38:44.692286: val_loss -0.9334
2026-08-07 18:38:44.694437: Pseudo dice [np.float32(0.9467), np.float32(0.9755), np.float32(0.9713)]
2026-08-07 18:38:44.694834: Epoch time: 24.18 s
2026-08-07 18:38:45.117579: 
2026-08-07 18:38:45.117813: Epoch 205
2026-08-07 18:38:45.117967: Current learning rate: 0.00813
2026-08-07 18:39:09.299613: train_loss -0.9426
2026-08-07 18:39:09.300001: val_loss -0.9476
2026-08-07 18:39:09.300532: Pseudo dice [np.float32(0.963), np.float32(0.9759), np.float32(0.9716)]
2026-08-07 18:39:09.300713: Epoch time: 24.18 s
2026-08-07 18:39:09.712723: 
2026-08-07 18:39:09.712941: Epoch 206
2026-08-07 18:39:09.713085: Current learning rate: 0.00813
2026-08-07 18:39:33.888853: train_loss -0.9442
2026-08-07 18:39:33.889464: val_loss -0.9404
2026-08-07 18:39:33.890207: Pseudo dice [np.float32(0.9569), np.float32(0.9741), np.float32(0.968)]
2026-08-07 18:39:33.891073: Epoch time: 24.18 s
2026-08-07 18:39:34.299213: 
2026-08-07 18:39:34.299526: Epoch 207
2026-08-07 18:39:34.299810: Current learning rate: 0.00812
2026-08-07 18:39:58.474100: train_loss -0.9402
2026-08-07 18:39:58.474597: val_loss -0.9452
2026-08-07 18:39:58.475718: Pseudo dice [np.float32(0.9609), np.float32(0.9749), np.float32(0.9704)]
2026-08-07 18:39:58.476171: Epoch time: 24.18 s
2026-08-07 18:39:58.885051: 
2026-08-07 18:39:58.885287: Epoch 208
2026-08-07 18:39:58.885471: Current learning rate: 0.00811
2026-08-07 18:40:23.056860: train_loss -0.9428
2026-08-07 18:40:23.057444: val_loss -0.9457
2026-08-07 18:40:23.057996: Pseudo dice [np.float32(0.9618), np.float32(0.9758), np.float32(0.9711)]
2026-08-07 18:40:23.058340: Epoch time: 24.17 s
2026-08-07 18:40:23.468939: 
2026-08-07 18:40:23.469169: Epoch 209
2026-08-07 18:40:23.469430: Current learning rate: 0.0081
2026-08-07 18:40:47.639925: train_loss -0.9421
2026-08-07 18:40:47.640367: val_loss -0.9469
2026-08-07 18:40:47.640594: Pseudo dice [np.float32(0.9615), np.float32(0.9761), np.float32(0.9714)]
2026-08-07 18:40:47.641248: Epoch time: 24.17 s
2026-08-07 18:40:48.044850: 
2026-08-07 18:40:48.045061: Epoch 210
2026-08-07 18:40:48.045202: Current learning rate: 0.00809
2026-08-07 18:41:12.221305: train_loss -0.9415
2026-08-07 18:41:12.221705: val_loss -0.9459
2026-08-07 18:41:12.222086: Pseudo dice [np.float32(0.9616), np.float32(0.9755), np.float32(0.9706)]
2026-08-07 18:41:12.222298: Epoch time: 24.18 s
2026-08-07 18:41:12.633405: 
2026-08-07 18:41:12.633686: Epoch 211
2026-08-07 18:41:12.633903: Current learning rate: 0.00808
2026-08-07 18:41:36.810871: train_loss -0.9423
2026-08-07 18:41:36.812473: val_loss -0.9467
2026-08-07 18:41:36.812721: Pseudo dice [np.float32(0.9609), np.float32(0.9757), np.float32(0.9735)]
2026-08-07 18:41:36.813863: Epoch time: 24.18 s
2026-08-07 18:41:37.220168: 
2026-08-07 18:41:37.220385: Epoch 212
2026-08-07 18:41:37.220645: Current learning rate: 0.00807
2026-08-07 18:42:01.397599: train_loss -0.941
2026-08-07 18:42:01.398090: val_loss -0.9469
2026-08-07 18:42:01.398510: Pseudo dice [np.float32(0.9614), np.float32(0.9763), np.float32(0.9727)]
2026-08-07 18:42:01.399077: Epoch time: 24.18 s
2026-08-07 18:42:01.810032: 
2026-08-07 18:42:01.810262: Epoch 213
2026-08-07 18:42:01.811675: Current learning rate: 0.00806
2026-08-07 18:42:25.983862: train_loss -0.9414
2026-08-07 18:42:25.984258: val_loss -0.9483
2026-08-07 18:42:25.984646: Pseudo dice [np.float32(0.9633), np.float32(0.976), np.float32(0.9721)]
2026-08-07 18:42:25.985020: Epoch time: 24.17 s
2026-08-07 18:42:26.621017: 
2026-08-07 18:42:26.621250: Epoch 214
2026-08-07 18:42:26.621393: Current learning rate: 0.00805
2026-08-07 18:42:50.797892: train_loss -0.9433
2026-08-07 18:42:50.799034: val_loss -0.9432
2026-08-07 18:42:50.800428: Pseudo dice [np.float32(0.9592), np.float32(0.9733), np.float32(0.973)]
2026-08-07 18:42:50.800733: Epoch time: 24.18 s
2026-08-07 18:42:51.224235: 
2026-08-07 18:42:51.224451: Epoch 215
2026-08-07 18:42:51.224598: Current learning rate: 0.00804
2026-08-07 18:43:15.400574: train_loss -0.9423
2026-08-07 18:43:15.400999: val_loss -0.9464
2026-08-07 18:43:15.401549: Pseudo dice [np.float32(0.9622), np.float32(0.9757), np.float32(0.9702)]
2026-08-07 18:43:15.401999: Epoch time: 24.18 s
2026-08-07 18:43:15.806484: 
2026-08-07 18:43:15.806716: Epoch 216
2026-08-07 18:43:15.806879: Current learning rate: 0.00803
2026-08-07 18:43:39.981657: train_loss -0.9416
2026-08-07 18:43:39.982051: val_loss -0.9468
2026-08-07 18:43:39.982348: Pseudo dice [np.float32(0.9619), np.float32(0.9759), np.float32(0.9716)]
2026-08-07 18:43:39.982791: Epoch time: 24.18 s
2026-08-07 18:43:39.983156: Yayy! New best EMA pseudo Dice: 0.9672999978065491
2026-08-07 18:43:40.417722: 
2026-08-07 18:43:40.417958: Epoch 217
2026-08-07 18:43:40.418218: Current learning rate: 0.00802
2026-08-07 18:44:04.598073: train_loss -0.9418
2026-08-07 18:44:04.598817: val_loss -0.947
2026-08-07 18:44:04.599015: Pseudo dice [np.float32(0.9611), np.float32(0.9757), np.float32(0.9739)]
2026-08-07 18:44:04.599881: Epoch time: 24.18 s
2026-08-07 18:44:04.600541: Yayy! New best EMA pseudo Dice: 0.9675999879837036
2026-08-07 18:44:05.049826: 
2026-08-07 18:44:05.050175: Epoch 218
2026-08-07 18:44:05.050419: Current learning rate: 0.00801
2026-08-07 18:44:29.217520: train_loss -0.942
2026-08-07 18:44:29.219665: val_loss -0.8712
2026-08-07 18:44:29.220043: Pseudo dice [np.float32(0.8768), np.float32(0.9745), np.float32(0.9696)]
2026-08-07 18:44:29.220504: Epoch time: 24.17 s
2026-08-07 18:44:29.631887: 
2026-08-07 18:44:29.632101: Epoch 219
2026-08-07 18:44:29.632234: Current learning rate: 0.00801
2026-08-07 18:44:53.802631: train_loss -0.9438
2026-08-07 18:44:53.803259: val_loss -0.9474
2026-08-07 18:44:53.803533: Pseudo dice [np.float32(0.962), np.float32(0.9764), np.float32(0.9724)]
2026-08-07 18:44:53.803953: Epoch time: 24.17 s
2026-08-07 18:44:54.212726: 
2026-08-07 18:44:54.212937: Epoch 220
2026-08-07 18:44:54.213473: Current learning rate: 0.008
2026-08-07 18:45:18.394089: train_loss -0.9421
2026-08-07 18:45:18.394603: val_loss -0.862
2026-08-07 18:45:18.395025: Pseudo dice [np.float32(0.8694), np.float32(0.9724), np.float32(0.9703)]
2026-08-07 18:45:18.396228: Epoch time: 24.18 s
2026-08-07 18:45:18.819401: 
2026-08-07 18:45:18.819662: Epoch 221
2026-08-07 18:45:18.819901: Current learning rate: 0.00799
2026-08-07 18:45:42.996709: train_loss -0.9402
2026-08-07 18:45:42.997303: val_loss -0.9407
2026-08-07 18:45:42.997776: Pseudo dice [np.float32(0.9555), np.float32(0.9745), np.float32(0.9707)]
2026-08-07 18:45:42.997947: Epoch time: 24.18 s
2026-08-07 18:45:43.414618: 
2026-08-07 18:45:43.415190: Epoch 222
2026-08-07 18:45:43.416291: Current learning rate: 0.00798
2026-08-07 18:46:07.594299: train_loss -0.9416
2026-08-07 18:46:07.595194: val_loss -0.9483
2026-08-07 18:46:07.596480: Pseudo dice [np.float32(0.9632), np.float32(0.9766), np.float32(0.9722)]
2026-08-07 18:46:07.596877: Epoch time: 24.18 s
2026-08-07 18:46:08.005114: 
2026-08-07 18:46:08.005350: Epoch 223
2026-08-07 18:46:08.005560: Current learning rate: 0.00797
2026-08-07 18:46:32.173346: train_loss -0.942
2026-08-07 18:46:32.174086: val_loss -0.8758
2026-08-07 18:46:32.174925: Pseudo dice [np.float32(0.8813), np.float32(0.9753), np.float32(0.9712)]
2026-08-07 18:46:32.175361: Epoch time: 24.17 s
2026-08-07 18:46:32.589932: 
2026-08-07 18:46:32.590200: Epoch 224
2026-08-07 18:46:32.590686: Current learning rate: 0.00796
2026-08-07 18:46:56.764666: train_loss -0.9427
2026-08-07 18:46:56.765818: val_loss -0.9454
2026-08-07 18:46:56.766201: Pseudo dice [np.float32(0.9609), np.float32(0.9751), np.float32(0.9719)]
2026-08-07 18:46:56.766544: Epoch time: 24.17 s
2026-08-07 18:46:57.177445: 
2026-08-07 18:46:57.177998: Epoch 225
2026-08-07 18:46:57.178910: Current learning rate: 0.00795
2026-08-07 18:47:21.360170: train_loss -0.9439
2026-08-07 18:47:21.360624: val_loss -0.9466
2026-08-07 18:47:21.361156: Pseudo dice [np.float32(0.9626), np.float32(0.9765), np.float32(0.9693)]
2026-08-07 18:47:21.361571: Epoch time: 24.18 s
2026-08-07 18:47:21.762608: 
2026-08-07 18:47:21.762829: Epoch 226
2026-08-07 18:47:21.762964: Current learning rate: 0.00794
2026-08-07 18:47:45.945736: train_loss -0.9418
2026-08-07 18:47:45.946197: val_loss -0.9474
2026-08-07 18:47:45.946625: Pseudo dice [np.float32(0.9615), np.float32(0.9765), np.float32(0.9738)]
2026-08-07 18:47:45.946963: Epoch time: 24.18 s
2026-08-07 18:47:46.353672: 
2026-08-07 18:47:46.354020: Epoch 227
2026-08-07 18:47:46.354286: Current learning rate: 0.00793
2026-08-07 18:48:10.817743: train_loss -0.9421
2026-08-07 18:48:10.818177: val_loss -0.9456
2026-08-07 18:48:10.818611: Pseudo dice [np.float32(0.9605), np.float32(0.9755), np.float32(0.9725)]
2026-08-07 18:48:10.819003: Epoch time: 24.46 s
2026-08-07 18:48:11.216363: 
2026-08-07 18:48:11.217091: Epoch 228
2026-08-07 18:48:11.217396: Current learning rate: 0.00792
2026-08-07 18:48:35.391140: train_loss -0.9431
2026-08-07 18:48:35.391568: val_loss -0.9487
2026-08-07 18:48:35.391964: Pseudo dice [np.float32(0.9638), np.float32(0.9762), np.float32(0.9718)]
2026-08-07 18:48:35.392461: Epoch time: 24.17 s
2026-08-07 18:48:35.805280: 
2026-08-07 18:48:35.805547: Epoch 229
2026-08-07 18:48:35.805784: Current learning rate: 0.00791
2026-08-07 18:48:59.976354: train_loss -0.9435
2026-08-07 18:48:59.976744: val_loss -0.8998
2026-08-07 18:48:59.978091: Pseudo dice [np.float32(0.926), np.float32(0.9548), np.float32(0.9569)]
2026-08-07 18:48:59.978745: Epoch time: 24.17 s
2026-08-07 18:49:00.382091: 
2026-08-07 18:49:00.382421: Epoch 230
2026-08-07 18:49:00.382639: Current learning rate: 0.0079
2026-08-07 18:49:24.564454: train_loss -0.9426
2026-08-07 18:49:24.565142: val_loss -0.9468
2026-08-07 18:49:24.565653: Pseudo dice [np.float32(0.962), np.float32(0.9758), np.float32(0.9714)]
2026-08-07 18:49:24.565962: Epoch time: 24.18 s
2026-08-07 18:49:24.974214: 
2026-08-07 18:49:24.974455: Epoch 231
2026-08-07 18:49:24.975053: Current learning rate: 0.00789
2026-08-07 18:49:49.152296: train_loss -0.9422
2026-08-07 18:49:49.152728: val_loss -0.9374
2026-08-07 18:49:49.153616: Pseudo dice [np.float32(0.9532), np.float32(0.9741), np.float32(0.9697)]
2026-08-07 18:49:49.154329: Epoch time: 24.18 s
2026-08-07 18:49:49.555205: 
2026-08-07 18:49:49.555480: Epoch 232
2026-08-07 18:49:49.555733: Current learning rate: 0.00789
2026-08-07 18:50:13.739474: train_loss -0.9416
2026-08-07 18:50:13.739877: val_loss -0.9358
2026-08-07 18:50:13.740333: Pseudo dice [np.float32(0.9513), np.float32(0.9738), np.float32(0.9699)]
2026-08-07 18:50:13.740670: Epoch time: 24.18 s
2026-08-07 18:50:14.150272: 
2026-08-07 18:50:14.150489: Epoch 233
2026-08-07 18:50:14.151384: Current learning rate: 0.00788
2026-08-07 18:50:38.327783: train_loss -0.9434
2026-08-07 18:50:38.328189: val_loss -0.9431
2026-08-07 18:50:38.329332: Pseudo dice [np.float32(0.959), np.float32(0.9744), np.float32(0.9694)]
2026-08-07 18:50:38.329886: Epoch time: 24.18 s
2026-08-07 18:50:38.736640: 
2026-08-07 18:50:38.736863: Epoch 234
2026-08-07 18:50:38.737073: Current learning rate: 0.00787
2026-08-07 18:51:02.916931: train_loss -0.9425
2026-08-07 18:51:02.918317: val_loss -0.943
2026-08-07 18:51:02.919044: Pseudo dice [np.float32(0.9593), np.float32(0.9743), np.float32(0.9698)]
2026-08-07 18:51:02.919696: Epoch time: 24.18 s
2026-08-07 18:51:03.332352: 
2026-08-07 18:51:03.332586: Epoch 235
2026-08-07 18:51:03.332838: Current learning rate: 0.00786
2026-08-07 18:51:27.515116: train_loss -0.9425
2026-08-07 18:51:27.516223: val_loss -0.9453
2026-08-07 18:51:27.516897: Pseudo dice [np.float32(0.9605), np.float32(0.9752), np.float32(0.9725)]
2026-08-07 18:51:27.517295: Epoch time: 24.18 s
2026-08-07 18:51:27.919308: 
2026-08-07 18:51:27.919529: Epoch 236
2026-08-07 18:51:27.920576: Current learning rate: 0.00785
2026-08-07 18:51:52.098516: train_loss -0.9427
2026-08-07 18:51:52.098906: val_loss -0.9467
2026-08-07 18:51:52.099338: Pseudo dice [np.float32(0.9617), np.float32(0.976), np.float32(0.9728)]
2026-08-07 18:51:52.099693: Epoch time: 24.18 s
2026-08-07 18:51:52.503402: 
2026-08-07 18:51:52.503660: Epoch 237
2026-08-07 18:51:52.503947: Current learning rate: 0.00784
2026-08-07 18:52:16.688658: train_loss -0.9422
2026-08-07 18:52:16.689067: val_loss -0.9455
2026-08-07 18:52:16.689861: Pseudo dice [np.float32(0.9612), np.float32(0.9755), np.float32(0.9715)]
2026-08-07 18:52:16.690034: Epoch time: 24.19 s
2026-08-07 18:52:17.096788: 
2026-08-07 18:52:17.097153: Epoch 238
2026-08-07 18:52:17.097375: Current learning rate: 0.00783
2026-08-07 18:52:41.274145: train_loss -0.9407
2026-08-07 18:52:41.274578: val_loss -0.9452
2026-08-07 18:52:41.274778: Pseudo dice [np.float32(0.9605), np.float32(0.9752), np.float32(0.9701)]
2026-08-07 18:52:41.275100: Epoch time: 24.18 s
2026-08-07 18:52:41.677021: 
2026-08-07 18:52:41.677338: Epoch 239
2026-08-07 18:52:41.677807: Current learning rate: 0.00782
2026-08-07 18:53:05.843693: train_loss -0.9431
2026-08-07 18:53:05.844173: val_loss -0.9485
2026-08-07 18:53:05.844848: Pseudo dice [np.float32(0.9635), np.float32(0.9763), np.float32(0.972)]
2026-08-07 18:53:05.845522: Epoch time: 24.17 s
2026-08-07 18:53:06.486093: 
2026-08-07 18:53:06.486499: Epoch 240
2026-08-07 18:53:06.486753: Current learning rate: 0.00781
2026-08-07 18:53:30.654666: train_loss -0.9429
2026-08-07 18:53:30.655074: val_loss -0.9459
2026-08-07 18:53:30.655411: Pseudo dice [np.float32(0.9623), np.float32(0.9759), np.float32(0.9693)]
2026-08-07 18:53:30.655592: Epoch time: 24.17 s
2026-08-07 18:53:31.064936: 
2026-08-07 18:53:31.065820: Epoch 241
2026-08-07 18:53:31.066400: Current learning rate: 0.0078
2026-08-07 18:53:55.235660: train_loss -0.9419
2026-08-07 18:53:55.236425: val_loss -0.9483
2026-08-07 18:53:55.236617: Pseudo dice [np.float32(0.9621), np.float32(0.9763), np.float32(0.9739)]
2026-08-07 18:53:55.236875: Epoch time: 24.17 s
2026-08-07 18:53:55.648194: 
2026-08-07 18:53:55.648416: Epoch 242
2026-08-07 18:53:55.648655: Current learning rate: 0.00779
2026-08-07 18:54:19.825591: train_loss -0.9435
2026-08-07 18:54:19.826164: val_loss -0.9482
2026-08-07 18:54:19.826545: Pseudo dice [np.float32(0.9631), np.float32(0.9759), np.float32(0.9722)]
2026-08-07 18:54:19.827379: Epoch time: 24.18 s
2026-08-07 18:54:19.827664: Yayy! New best EMA pseudo Dice: 0.9677000045776367
2026-08-07 18:54:20.261055: 
2026-08-07 18:54:20.261428: Epoch 243
2026-08-07 18:54:20.262498: Current learning rate: 0.00778
2026-08-07 18:54:44.429879: train_loss -0.9428
2026-08-07 18:54:44.430327: val_loss -0.9483
2026-08-07 18:54:44.430831: Pseudo dice [np.float32(0.9626), np.float32(0.9763), np.float32(0.9728)]
2026-08-07 18:54:44.432091: Epoch time: 24.17 s
2026-08-07 18:54:44.432460: Yayy! New best EMA pseudo Dice: 0.9679999947547913
2026-08-07 18:54:44.868945: 
2026-08-07 18:54:44.869165: Epoch 244
2026-08-07 18:54:44.869318: Current learning rate: 0.00777
2026-08-07 18:55:09.043402: train_loss -0.9419
2026-08-07 18:55:09.043808: val_loss -0.9436
2026-08-07 18:55:09.045384: Pseudo dice [np.float32(0.959), np.float32(0.9756), np.float32(0.9728)]
2026-08-07 18:55:09.045830: Epoch time: 24.17 s
2026-08-07 18:55:09.046117: Yayy! New best EMA pseudo Dice: 0.9681000113487244
2026-08-07 18:55:09.474827: 
2026-08-07 18:55:09.475137: Epoch 245
2026-08-07 18:55:09.475285: Current learning rate: 0.00777
2026-08-07 18:55:33.653098: train_loss -0.9426
2026-08-07 18:55:33.653486: val_loss -0.9468
2026-08-07 18:55:33.653992: Pseudo dice [np.float32(0.9623), np.float32(0.9756), np.float32(0.9706)]
2026-08-07 18:55:33.655267: Epoch time: 24.18 s
2026-08-07 18:55:33.655634: Yayy! New best EMA pseudo Dice: 0.9682000279426575
2026-08-07 18:55:34.084699: 
2026-08-07 18:55:34.085272: Epoch 246
2026-08-07 18:55:34.085421: Current learning rate: 0.00776
2026-08-07 18:55:58.259065: train_loss -0.9439
2026-08-07 18:55:58.259467: val_loss -0.9481
2026-08-07 18:55:58.260305: Pseudo dice [np.float32(0.9629), np.float32(0.9759), np.float32(0.9725)]
2026-08-07 18:55:58.260607: Epoch time: 24.17 s
2026-08-07 18:55:58.262365: Yayy! New best EMA pseudo Dice: 0.968500018119812
2026-08-07 18:55:58.696800: 
2026-08-07 18:55:58.697020: Epoch 247
2026-08-07 18:55:58.697155: Current learning rate: 0.00775
2026-08-07 18:56:22.874150: train_loss -0.9428
2026-08-07 18:56:22.874549: val_loss -0.9325
2026-08-07 18:56:22.875668: Pseudo dice [np.float32(0.9431), np.float32(0.9747), np.float32(0.9712)]
2026-08-07 18:56:22.876959: Epoch time: 24.18 s
2026-08-07 18:56:23.282982: 
2026-08-07 18:56:23.283195: Epoch 248
2026-08-07 18:56:23.283329: Current learning rate: 0.00774
2026-08-07 18:56:47.455093: train_loss -0.9422
2026-08-07 18:56:47.455485: val_loss -0.9466
2026-08-07 18:56:47.456009: Pseudo dice [np.float32(0.9613), np.float32(0.9756), np.float32(0.9721)]
2026-08-07 18:56:47.456909: Epoch time: 24.17 s
2026-08-07 18:56:47.868587: 
2026-08-07 18:56:47.868836: Epoch 249
2026-08-07 18:56:47.869299: Current learning rate: 0.00773
2026-08-07 18:57:12.037714: train_loss -0.942
2026-08-07 18:57:12.038128: val_loss -0.9468
2026-08-07 18:57:12.039825: Pseudo dice [np.float32(0.9623), np.float32(0.9761), np.float32(0.9715)]
2026-08-07 18:57:12.040179: Epoch time: 24.17 s
2026-08-07 18:57:12.477526: 
2026-08-07 18:57:12.478364: Epoch 250
2026-08-07 18:57:12.479081: Current learning rate: 0.00772
2026-08-07 18:57:36.648585: train_loss -0.942
2026-08-07 18:57:36.649009: val_loss -0.9456
2026-08-07 18:57:36.649517: Pseudo dice [np.float32(0.9599), np.float32(0.9756), np.float32(0.9723)]
2026-08-07 18:57:36.650384: Epoch time: 24.17 s
2026-08-07 18:57:37.057547: 
2026-08-07 18:57:37.057867: Epoch 251
2026-08-07 18:57:37.058730: Current learning rate: 0.00771
2026-08-07 18:58:01.221689: train_loss -0.9446
2026-08-07 18:58:01.223475: val_loss -0.9449
2026-08-07 18:58:01.223757: Pseudo dice [np.float32(0.9598), np.float32(0.975), np.float32(0.972)]
2026-08-07 18:58:01.223929: Epoch time: 24.16 s
2026-08-07 18:58:01.627079: 
2026-08-07 18:58:01.627310: Epoch 252
2026-08-07 18:58:01.627705: Current learning rate: 0.0077
2026-08-07 18:58:25.801083: train_loss -0.9422
2026-08-07 18:58:25.801910: val_loss -0.9469
2026-08-07 18:58:25.802318: Pseudo dice [np.float32(0.9612), np.float32(0.976), np.float32(0.9723)]
2026-08-07 18:58:25.802705: Epoch time: 24.17 s
2026-08-07 18:58:25.802899: Yayy! New best EMA pseudo Dice: 0.9685999751091003
2026-08-07 18:58:26.473310: 
2026-08-07 18:58:26.473649: Epoch 253
2026-08-07 18:58:26.473933: Current learning rate: 0.00769
2026-08-07 18:58:50.645808: train_loss -0.9425
2026-08-07 18:58:50.646521: val_loss -0.9469
2026-08-07 18:58:50.647204: Pseudo dice [np.float32(0.9623), np.float32(0.9757), np.float32(0.9727)]
2026-08-07 18:58:50.648551: Epoch time: 24.17 s
2026-08-07 18:58:50.648796: Yayy! New best EMA pseudo Dice: 0.9686999917030334
2026-08-07 18:58:51.084248: 
2026-08-07 18:58:51.084473: Epoch 254
2026-08-07 18:58:51.084610: Current learning rate: 0.00768
2026-08-07 18:59:15.253953: train_loss -0.9429
2026-08-07 18:59:15.254842: val_loss -0.9422
2026-08-07 18:59:15.256295: Pseudo dice [np.float32(0.9577), np.float32(0.9745), np.float32(0.9708)]
2026-08-07 18:59:15.256657: Epoch time: 24.17 s
2026-08-07 18:59:15.665569: 
2026-08-07 18:59:15.665793: Epoch 255
2026-08-07 18:59:15.666440: Current learning rate: 0.00767
2026-08-07 18:59:39.840831: train_loss -0.942
2026-08-07 18:59:39.841232: val_loss -0.9394
2026-08-07 18:59:39.842608: Pseudo dice [np.float32(0.9552), np.float32(0.9752), np.float32(0.9697)]
2026-08-07 18:59:39.843796: Epoch time: 24.18 s
2026-08-07 18:59:40.252780: 
2026-08-07 18:59:40.253023: Epoch 256
2026-08-07 18:59:40.253188: Current learning rate: 0.00766
2026-08-07 19:00:04.416539: train_loss -0.9415
2026-08-07 19:00:04.417483: val_loss -0.9457
2026-08-07 19:00:04.418712: Pseudo dice [np.float32(0.9592), np.float32(0.9761), np.float32(0.9734)]
2026-08-07 19:00:04.419107: Epoch time: 24.16 s
2026-08-07 19:00:04.822162: 
2026-08-07 19:00:04.822377: Epoch 257
2026-08-07 19:00:04.822526: Current learning rate: 0.00765
2026-08-07 19:00:28.990012: train_loss -0.943
2026-08-07 19:00:28.990742: val_loss -0.9479
2026-08-07 19:00:28.991071: Pseudo dice [np.float32(0.9617), np.float32(0.9764), np.float32(0.9722)]
2026-08-07 19:00:28.991526: Epoch time: 24.17 s
2026-08-07 19:00:29.401106: 
2026-08-07 19:00:29.401355: Epoch 258
2026-08-07 19:00:29.401595: Current learning rate: 0.00764
2026-08-07 19:00:53.571879: train_loss -0.943
2026-08-07 19:00:53.572428: val_loss -0.9481
2026-08-07 19:00:53.572757: Pseudo dice [np.float32(0.9633), np.float32(0.9761), np.float32(0.9717)]
2026-08-07 19:00:53.573768: Epoch time: 24.17 s
2026-08-07 19:00:53.574143: Yayy! New best EMA pseudo Dice: 0.9689000248908997
2026-08-07 19:00:54.007348: 
2026-08-07 19:00:54.007698: Epoch 259
2026-08-07 19:00:54.007832: Current learning rate: 0.00764
2026-08-07 19:01:18.179472: train_loss -0.9437
2026-08-07 19:01:18.179868: val_loss -0.9474
2026-08-07 19:01:18.180183: Pseudo dice [np.float32(0.963), np.float32(0.976), np.float32(0.9705)]
2026-08-07 19:01:18.181267: Epoch time: 24.17 s
2026-08-07 19:01:18.181640: Yayy! New best EMA pseudo Dice: 0.968999981880188
2026-08-07 19:01:18.617540: 
2026-08-07 19:01:18.618478: Epoch 260
2026-08-07 19:01:18.618685: Current learning rate: 0.00763
2026-08-07 19:01:42.785985: train_loss -0.9434
2026-08-07 19:01:42.786537: val_loss -0.9484
2026-08-07 19:01:42.787023: Pseudo dice [np.float32(0.9631), np.float32(0.9765), np.float32(0.9728)]
2026-08-07 19:01:42.787372: Epoch time: 24.17 s
2026-08-07 19:01:42.787627: Yayy! New best EMA pseudo Dice: 0.9690999984741211
2026-08-07 19:01:43.222676: 
2026-08-07 19:01:43.223083: Epoch 261
2026-08-07 19:01:43.223413: Current learning rate: 0.00762
2026-08-07 19:02:07.392548: train_loss -0.9439
2026-08-07 19:02:07.392960: val_loss -0.9498
2026-08-07 19:02:07.393270: Pseudo dice [np.float32(0.9636), np.float32(0.9766), np.float32(0.9737)]
2026-08-07 19:02:07.393525: Epoch time: 24.17 s
2026-08-07 19:02:07.394825: Yayy! New best EMA pseudo Dice: 0.9693999886512756
2026-08-07 19:02:07.831123: 
2026-08-07 19:02:07.831385: Epoch 262
2026-08-07 19:02:07.831682: Current learning rate: 0.00761
2026-08-07 19:02:31.998236: train_loss -0.9434
2026-08-07 19:02:31.998667: val_loss -0.9446
2026-08-07 19:02:31.999831: Pseudo dice [np.float32(0.96), np.float32(0.9737), np.float32(0.9717)]
2026-08-07 19:02:32.000181: Epoch time: 24.17 s
2026-08-07 19:02:32.402474: 
2026-08-07 19:02:32.402692: Epoch 263
2026-08-07 19:02:32.402833: Current learning rate: 0.0076
2026-08-07 19:02:56.572863: train_loss -0.9429
2026-08-07 19:02:56.573976: val_loss -0.9474
2026-08-07 19:02:56.574615: Pseudo dice [np.float32(0.963), np.float32(0.9759), np.float32(0.9704)]
2026-08-07 19:02:56.575412: Epoch time: 24.17 s
2026-08-07 19:02:56.989613: 
2026-08-07 19:02:56.989839: Epoch 264
2026-08-07 19:02:56.990051: Current learning rate: 0.00759
2026-08-07 19:03:21.155222: train_loss -0.9439
2026-08-07 19:03:21.156192: val_loss -0.9356
2026-08-07 19:03:21.156397: Pseudo dice [np.float32(0.9496), np.float32(0.9742), np.float32(0.9728)]
2026-08-07 19:03:21.156596: Epoch time: 24.17 s
2026-08-07 19:03:21.579230: 
2026-08-07 19:03:21.579663: Epoch 265
2026-08-07 19:03:21.579818: Current learning rate: 0.00758
2026-08-07 19:03:45.745161: train_loss -0.9444
2026-08-07 19:03:45.745565: val_loss -0.947
2026-08-07 19:03:45.745760: Pseudo dice [np.float32(0.9619), np.float32(0.9758), np.float32(0.9716)]
2026-08-07 19:03:45.746261: Epoch time: 24.17 s
2026-08-07 19:03:46.391357: 
2026-08-07 19:03:46.391578: Epoch 266
2026-08-07 19:03:46.391837: Current learning rate: 0.00757
2026-08-07 19:04:10.554015: train_loss -0.945
2026-08-07 19:04:10.554435: val_loss -0.9468
2026-08-07 19:04:10.556298: Pseudo dice [np.float32(0.9609), np.float32(0.9759), np.float32(0.9732)]
2026-08-07 19:04:10.556717: Epoch time: 24.16 s
2026-08-07 19:04:10.966870: 
2026-08-07 19:04:10.967090: Epoch 267
2026-08-07 19:04:10.967625: Current learning rate: 0.00756
2026-08-07 19:04:35.144000: train_loss -0.9433
2026-08-07 19:04:35.144460: val_loss -0.9496
2026-08-07 19:04:35.144808: Pseudo dice [np.float32(0.9635), np.float32(0.9773), np.float32(0.9735)]
2026-08-07 19:04:35.145161: Epoch time: 24.18 s
2026-08-07 19:04:35.556836: 
2026-08-07 19:04:35.557051: Epoch 268
2026-08-07 19:04:35.557595: Current learning rate: 0.00755
2026-08-07 19:04:59.720961: train_loss -0.9439
2026-08-07 19:04:59.721582: val_loss -0.9482
2026-08-07 19:04:59.721771: Pseudo dice [np.float32(0.9625), np.float32(0.9763), np.float32(0.9736)]
2026-08-07 19:04:59.723228: Epoch time: 24.16 s
2026-08-07 19:04:59.723716: Yayy! New best EMA pseudo Dice: 0.9695000052452087
2026-08-07 19:05:00.157380: 
2026-08-07 19:05:00.157759: Epoch 269
2026-08-07 19:05:00.158439: Current learning rate: 0.00754
2026-08-07 19:05:24.319450: train_loss -0.9433
2026-08-07 19:05:24.320187: val_loss -0.9452
2026-08-07 19:05:24.321139: Pseudo dice [np.float32(0.9606), np.float32(0.9744), np.float32(0.972)]
2026-08-07 19:05:24.321721: Epoch time: 24.16 s
2026-08-07 19:05:24.732187: 
2026-08-07 19:05:24.732544: Epoch 270
2026-08-07 19:05:24.732889: Current learning rate: 0.00753
2026-08-07 19:05:48.903988: train_loss -0.9429
2026-08-07 19:05:48.905258: val_loss -0.9496
2026-08-07 19:05:48.907614: Pseudo dice [np.float32(0.9639), np.float32(0.9768), np.float32(0.9737)]
2026-08-07 19:05:48.908015: Epoch time: 24.17 s
2026-08-07 19:05:48.908233: Yayy! New best EMA pseudo Dice: 0.9696000218391418
2026-08-07 19:05:49.337289: 
2026-08-07 19:05:49.337586: Epoch 271
2026-08-07 19:05:49.337848: Current learning rate: 0.00752
2026-08-07 19:06:13.516419: train_loss -0.9435
2026-08-07 19:06:13.516833: val_loss -0.9461
2026-08-07 19:06:13.517639: Pseudo dice [np.float32(0.9609), np.float32(0.9753), np.float32(0.973)]
2026-08-07 19:06:13.518424: Epoch time: 24.18 s
2026-08-07 19:06:13.518687: Yayy! New best EMA pseudo Dice: 0.9696999788284302
2026-08-07 19:06:13.952562: 
2026-08-07 19:06:13.952891: Epoch 272
2026-08-07 19:06:13.953035: Current learning rate: 0.00751
2026-08-07 19:06:38.121782: train_loss -0.9443
2026-08-07 19:06:38.122181: val_loss -0.9467
2026-08-07 19:06:38.123157: Pseudo dice [np.float32(0.9613), np.float32(0.9758), np.float32(0.972)]
2026-08-07 19:06:38.123681: Epoch time: 24.17 s
2026-08-07 19:06:38.123821: Yayy! New best EMA pseudo Dice: 0.9696999788284302
2026-08-07 19:06:38.561177: 
2026-08-07 19:06:38.561673: Epoch 273
2026-08-07 19:06:38.562652: Current learning rate: 0.00751
2026-08-07 19:07:02.728488: train_loss -0.9431
2026-08-07 19:07:02.729065: val_loss -0.9444
2026-08-07 19:07:02.730878: Pseudo dice [np.float32(0.9595), np.float32(0.9759), np.float32(0.9715)]
2026-08-07 19:07:02.731570: Epoch time: 24.17 s
2026-08-07 19:07:03.138672: 
2026-08-07 19:07:03.138898: Epoch 274
2026-08-07 19:07:03.139563: Current learning rate: 0.0075
2026-08-07 19:07:27.305886: train_loss -0.9414
2026-08-07 19:07:27.307314: val_loss -0.9466
2026-08-07 19:07:27.307727: Pseudo dice [np.float32(0.9619), np.float32(0.9755), np.float32(0.9712)]
2026-08-07 19:07:27.308049: Epoch time: 24.17 s
2026-08-07 19:07:27.723150: 
2026-08-07 19:07:27.723374: Epoch 275
2026-08-07 19:07:27.724323: Current learning rate: 0.00749
2026-08-07 19:07:51.891985: train_loss -0.9421
2026-08-07 19:07:51.892593: val_loss -0.949
2026-08-07 19:07:51.893033: Pseudo dice [np.float32(0.9631), np.float32(0.9765), np.float32(0.9735)]
2026-08-07 19:07:51.893550: Epoch time: 24.17 s
2026-08-07 19:07:51.894423: Yayy! New best EMA pseudo Dice: 0.9696999788284302
2026-08-07 19:07:52.324033: 
2026-08-07 19:07:52.324398: Epoch 276
2026-08-07 19:07:52.324704: Current learning rate: 0.00748
2026-08-07 19:08:16.498264: train_loss -0.9417
2026-08-07 19:08:16.498837: val_loss -0.947
2026-08-07 19:08:16.499650: Pseudo dice [np.float32(0.9626), np.float32(0.9756), np.float32(0.9715)]
2026-08-07 19:08:16.499959: Epoch time: 24.17 s
2026-08-07 19:08:16.500104: Yayy! New best EMA pseudo Dice: 0.9696999788284302
2026-08-07 19:08:16.927902: 
2026-08-07 19:08:16.928200: Epoch 277
2026-08-07 19:08:16.929410: Current learning rate: 0.00747
2026-08-07 19:08:41.098894: train_loss -0.9432
2026-08-07 19:08:41.099276: val_loss -0.9477
2026-08-07 19:08:41.099861: Pseudo dice [np.float32(0.963), np.float32(0.9756), np.float32(0.9719)]
2026-08-07 19:08:41.100825: Epoch time: 24.17 s
2026-08-07 19:08:41.100956: Yayy! New best EMA pseudo Dice: 0.9697999954223633
2026-08-07 19:08:41.538026: 
2026-08-07 19:08:41.538296: Epoch 278
2026-08-07 19:08:41.538633: Current learning rate: 0.00746
2026-08-07 19:09:05.708237: train_loss -0.942
2026-08-07 19:09:05.708640: val_loss -0.9458
2026-08-07 19:09:05.708935: Pseudo dice [np.float32(0.9616), np.float32(0.9764), np.float32(0.9719)]
2026-08-07 19:09:05.709223: Epoch time: 24.17 s
2026-08-07 19:09:05.710711: Yayy! New best EMA pseudo Dice: 0.9697999954223633
2026-08-07 19:09:06.373507: 
2026-08-07 19:09:06.373821: Epoch 279
2026-08-07 19:09:06.374114: Current learning rate: 0.00745
2026-08-07 19:09:30.537487: train_loss -0.943
2026-08-07 19:09:30.537976: val_loss -0.9475
2026-08-07 19:09:30.538354: Pseudo dice [np.float32(0.9617), np.float32(0.9757), np.float32(0.9734)]
2026-08-07 19:09:30.539206: Epoch time: 24.16 s
2026-08-07 19:09:30.540143: Yayy! New best EMA pseudo Dice: 0.9699000120162964
2026-08-07 19:09:30.965431: 
2026-08-07 19:09:30.965647: Epoch 280
2026-08-07 19:09:30.965863: Current learning rate: 0.00744
2026-08-07 19:09:55.133638: train_loss -0.9439
2026-08-07 19:09:55.134170: val_loss -0.9491
2026-08-07 19:09:55.134696: Pseudo dice [np.float32(0.9636), np.float32(0.9769), np.float32(0.973)]
2026-08-07 19:09:55.135009: Epoch time: 24.17 s
2026-08-07 19:09:55.135586: Yayy! New best EMA pseudo Dice: 0.9700000286102295
2026-08-07 19:09:55.566763: 
2026-08-07 19:09:55.566991: Epoch 281
2026-08-07 19:09:55.567367: Current learning rate: 0.00743
2026-08-07 19:10:19.726909: train_loss -0.9444
2026-08-07 19:10:19.727307: val_loss -0.9489
2026-08-07 19:10:19.729494: Pseudo dice [np.float32(0.9629), np.float32(0.9769), np.float32(0.9722)]
2026-08-07 19:10:19.729888: Epoch time: 24.16 s
2026-08-07 19:10:19.730073: Yayy! New best EMA pseudo Dice: 0.9700999855995178
2026-08-07 19:10:20.170478: 
2026-08-07 19:10:20.170692: Epoch 282
2026-08-07 19:10:20.170987: Current learning rate: 0.00742
2026-08-07 19:10:44.338262: train_loss -0.9418
2026-08-07 19:10:44.338668: val_loss -0.9463
2026-08-07 19:10:44.339489: Pseudo dice [np.float32(0.9624), np.float32(0.9755), np.float32(0.9708)]
2026-08-07 19:10:44.340158: Epoch time: 24.17 s
2026-08-07 19:10:44.744681: 
2026-08-07 19:10:44.744915: Epoch 283
2026-08-07 19:10:44.745059: Current learning rate: 0.00741
2026-08-07 19:11:08.914006: train_loss -0.9415
2026-08-07 19:11:08.914617: val_loss -0.944
2026-08-07 19:11:08.915082: Pseudo dice [np.float32(0.9595), np.float32(0.9747), np.float32(0.9708)]
2026-08-07 19:11:08.915382: Epoch time: 24.17 s
2026-08-07 19:11:09.327701: 
2026-08-07 19:11:09.327926: Epoch 284
2026-08-07 19:11:09.328413: Current learning rate: 0.0074
2026-08-07 19:11:33.498954: train_loss -0.9439
2026-08-07 19:11:33.499676: val_loss -0.9227
2026-08-07 19:11:33.500203: Pseudo dice [np.float32(0.9317), np.float32(0.9758), np.float32(0.9688)]
2026-08-07 19:11:33.500375: Epoch time: 24.17 s
2026-08-07 19:11:33.909598: 
2026-08-07 19:11:33.909844: Epoch 285
2026-08-07 19:11:33.910106: Current learning rate: 0.00739
2026-08-07 19:11:58.076205: train_loss -0.9439
2026-08-07 19:11:58.076613: val_loss -0.9471
2026-08-07 19:11:58.077104: Pseudo dice [np.float32(0.9615), np.float32(0.9759), np.float32(0.9724)]
2026-08-07 19:11:58.077299: Epoch time: 24.17 s
2026-08-07 19:11:58.487527: 
2026-08-07 19:11:58.487790: Epoch 286
2026-08-07 19:11:58.488405: Current learning rate: 0.00738
2026-08-07 19:12:22.645936: train_loss -0.9431
2026-08-07 19:12:22.646566: val_loss -0.9465
2026-08-07 19:12:22.646774: Pseudo dice [np.float32(0.9608), np.float32(0.9762), np.float32(0.9723)]
2026-08-07 19:12:22.647116: Epoch time: 24.16 s
2026-08-07 19:12:23.055198: 
2026-08-07 19:12:23.055424: Epoch 287
2026-08-07 19:12:23.056594: Current learning rate: 0.00738
2026-08-07 19:12:47.221349: train_loss -0.9442
2026-08-07 19:12:47.221882: val_loss -0.9482
2026-08-07 19:12:47.222076: Pseudo dice [np.float32(0.9634), np.float32(0.9756), np.float32(0.9718)]
2026-08-07 19:12:47.222260: Epoch time: 24.17 s
2026-08-07 19:12:47.628128: 
2026-08-07 19:12:47.628345: Epoch 288
2026-08-07 19:12:47.628717: Current learning rate: 0.00737
2026-08-07 19:13:11.792716: train_loss -0.9442
2026-08-07 19:13:11.793126: val_loss -0.9496
2026-08-07 19:13:11.793611: Pseudo dice [np.float32(0.9639), np.float32(0.9769), np.float32(0.9728)]
2026-08-07 19:13:11.794031: Epoch time: 24.16 s
2026-08-07 19:13:12.196580: 
2026-08-07 19:13:12.196968: Epoch 289
2026-08-07 19:13:12.197116: Current learning rate: 0.00736
2026-08-07 19:13:36.362221: train_loss -0.9445
2026-08-07 19:13:36.362628: val_loss -0.9469
2026-08-07 19:13:36.363219: Pseudo dice [np.float32(0.9624), np.float32(0.976), np.float32(0.9705)]
2026-08-07 19:13:36.363548: Epoch time: 24.17 s
2026-08-07 19:13:36.771946: 
2026-08-07 19:13:36.772180: Epoch 290
2026-08-07 19:13:36.772597: Current learning rate: 0.00735
2026-08-07 19:14:00.942623: train_loss -0.9439
2026-08-07 19:14:00.943083: val_loss -0.877
2026-08-07 19:14:00.944388: Pseudo dice [np.float32(0.8715), np.float32(0.9711), np.float32(0.9659)]
2026-08-07 19:14:00.944795: Epoch time: 24.17 s
2026-08-07 19:14:01.360451: 
2026-08-07 19:14:01.360757: Epoch 291
2026-08-07 19:14:01.361199: Current learning rate: 0.00734
2026-08-07 19:14:25.521898: train_loss -0.9436
2026-08-07 19:14:25.522300: val_loss -0.9466
2026-08-07 19:14:25.522775: Pseudo dice [np.float32(0.9621), np.float32(0.9757), np.float32(0.9693)]
2026-08-07 19:14:25.522946: Epoch time: 24.16 s
2026-08-07 19:14:26.171698: 
2026-08-07 19:14:26.172069: Epoch 292
2026-08-07 19:14:26.172839: Current learning rate: 0.00733
2026-08-07 19:14:50.338495: train_loss -0.9407
2026-08-07 19:14:50.339048: val_loss -0.9466
2026-08-07 19:14:50.339731: Pseudo dice [np.float32(0.9613), np.float32(0.9755), np.float32(0.9737)]
2026-08-07 19:14:50.339988: Epoch time: 24.17 s
2026-08-07 19:14:50.763466: 
2026-08-07 19:14:50.763683: Epoch 293
2026-08-07 19:14:50.763821: Current learning rate: 0.00732
2026-08-07 19:15:14.926146: train_loss -0.9422
2026-08-07 19:15:14.926682: val_loss -0.9474
2026-08-07 19:15:14.927731: Pseudo dice [np.float32(0.9621), np.float32(0.9757), np.float32(0.9714)]
2026-08-07 19:15:14.927935: Epoch time: 24.16 s
2026-08-07 19:15:15.353418: 
2026-08-07 19:15:15.354061: Epoch 294
2026-08-07 19:15:15.354465: Current learning rate: 0.00731
2026-08-07 19:15:39.525276: train_loss -0.9447
2026-08-07 19:15:39.525701: val_loss -0.9436
2026-08-07 19:15:39.525892: Pseudo dice [np.float32(0.9583), np.float32(0.9738), np.float32(0.9708)]
2026-08-07 19:15:39.526218: Epoch time: 24.17 s
2026-08-07 19:15:39.938462: 
2026-08-07 19:15:39.938807: Epoch 295
2026-08-07 19:15:39.938965: Current learning rate: 0.0073
2026-08-07 19:16:04.106524: train_loss -0.9449
2026-08-07 19:16:04.107097: val_loss -0.9478
2026-08-07 19:16:04.107486: Pseudo dice [np.float32(0.9627), np.float32(0.9759), np.float32(0.9722)]
2026-08-07 19:16:04.107884: Epoch time: 24.17 s
2026-08-07 19:16:04.524544: 
2026-08-07 19:16:04.524820: Epoch 296
2026-08-07 19:16:04.525263: Current learning rate: 0.00729
2026-08-07 19:16:28.696768: train_loss -0.9445
2026-08-07 19:16:28.697203: val_loss -0.939
2026-08-07 19:16:28.698247: Pseudo dice [np.float32(0.9522), np.float32(0.9751), np.float32(0.9718)]
2026-08-07 19:16:28.699374: Epoch time: 24.17 s
2026-08-07 19:16:29.118205: 
2026-08-07 19:16:29.118419: Epoch 297
2026-08-07 19:16:29.118557: Current learning rate: 0.00728
2026-08-07 19:16:53.278916: train_loss -0.945
2026-08-07 19:16:53.279332: val_loss -0.9491
2026-08-07 19:16:53.279770: Pseudo dice [np.float32(0.9632), np.float32(0.9771), np.float32(0.973)]
2026-08-07 19:16:53.280265: Epoch time: 24.16 s
2026-08-07 19:16:53.699433: 
2026-08-07 19:16:53.699918: Epoch 298
2026-08-07 19:16:53.700059: Current learning rate: 0.00727
2026-08-07 19:17:17.862001: train_loss -0.9449
2026-08-07 19:17:17.862628: val_loss -0.951
2026-08-07 19:17:17.863269: Pseudo dice [np.float32(0.9649), np.float32(0.9774), np.float32(0.9738)]
2026-08-07 19:17:17.863686: Epoch time: 24.16 s
2026-08-07 19:17:18.278959: 
2026-08-07 19:17:18.279202: Epoch 299
2026-08-07 19:17:18.279475: Current learning rate: 0.00726
2026-08-07 19:17:42.439522: train_loss -0.9446
2026-08-07 19:17:42.439993: val_loss -0.9472
2026-08-07 19:17:42.440284: Pseudo dice [np.float32(0.9619), np.float32(0.9757), np.float32(0.9718)]
2026-08-07 19:17:42.440716: Epoch time: 24.16 s
2026-08-07 19:17:42.885415: 
2026-08-07 19:17:42.885669: Epoch 300
2026-08-07 19:17:42.885827: Current learning rate: 0.00725
2026-08-07 19:18:07.038773: train_loss -0.9451
2026-08-07 19:18:07.039228: val_loss -0.9482
2026-08-07 19:18:07.040483: Pseudo dice [np.float32(0.9623), np.float32(0.9766), np.float32(0.9729)]
2026-08-07 19:18:07.040805: Epoch time: 24.15 s
2026-08-07 19:18:07.444750: 
2026-08-07 19:18:07.444965: Epoch 301
2026-08-07 19:18:07.445170: Current learning rate: 0.00724
2026-08-07 19:18:31.607628: train_loss -0.9446
2026-08-07 19:18:31.608034: val_loss -0.9479
2026-08-07 19:18:31.610155: Pseudo dice [np.float32(0.9634), np.float32(0.9764), np.float32(0.9713)]
2026-08-07 19:18:31.610807: Epoch time: 24.16 s
2026-08-07 19:18:32.029660: 
2026-08-07 19:18:32.029871: Epoch 302
2026-08-07 19:18:32.030025: Current learning rate: 0.00724
2026-08-07 19:18:56.194928: train_loss -0.9441
2026-08-07 19:18:56.195328: val_loss -0.8844
2026-08-07 19:18:56.196614: Pseudo dice [np.float32(0.8894), np.float32(0.976), np.float32(0.9722)]
2026-08-07 19:18:56.197735: Epoch time: 24.17 s
2026-08-07 19:18:56.614841: 
2026-08-07 19:18:56.615246: Epoch 303
2026-08-07 19:18:56.615722: Current learning rate: 0.00723
2026-08-07 19:19:20.770988: train_loss -0.9461
2026-08-07 19:19:20.771672: val_loss -0.9489
2026-08-07 19:19:20.771930: Pseudo dice [np.float32(0.9625), np.float32(0.9763), np.float32(0.974)]
2026-08-07 19:19:20.772265: Epoch time: 24.16 s
2026-08-07 19:19:21.423538: 
2026-08-07 19:19:21.423918: Epoch 304
2026-08-07 19:19:21.424345: Current learning rate: 0.00722
2026-08-07 19:19:45.580994: train_loss -0.9435
2026-08-07 19:19:45.581398: val_loss -0.9369
2026-08-07 19:19:45.582107: Pseudo dice [np.float32(0.9496), np.float32(0.976), np.float32(0.9718)]
2026-08-07 19:19:45.582539: Epoch time: 24.16 s
2026-08-07 19:19:45.989386: 
2026-08-07 19:19:45.989605: Epoch 305
2026-08-07 19:19:45.989746: Current learning rate: 0.00721
2026-08-07 19:20:10.161575: train_loss -0.9445
2026-08-07 19:20:10.162009: val_loss -0.9257
2026-08-07 19:20:10.163001: Pseudo dice [np.float32(0.938), np.float32(0.9751), np.float32(0.9688)]
2026-08-07 19:20:10.163182: Epoch time: 24.17 s
2026-08-07 19:20:10.582914: 
2026-08-07 19:20:10.583127: Epoch 306
2026-08-07 19:20:10.583280: Current learning rate: 0.0072
2026-08-07 19:20:34.740537: train_loss -0.9459
2026-08-07 19:20:34.741034: val_loss -0.9484
2026-08-07 19:20:34.742089: Pseudo dice [np.float32(0.9617), np.float32(0.9764), np.float32(0.9738)]
2026-08-07 19:20:34.743027: Epoch time: 24.16 s
2026-08-07 19:20:35.159094: 
2026-08-07 19:20:35.159315: Epoch 307
2026-08-07 19:20:35.159561: Current learning rate: 0.00719
2026-08-07 19:20:59.321940: train_loss -0.9449
2026-08-07 19:20:59.322339: val_loss -0.9488
2026-08-07 19:20:59.322853: Pseudo dice [np.float32(0.9629), np.float32(0.9768), np.float32(0.9728)]
2026-08-07 19:20:59.323318: Epoch time: 24.16 s
2026-08-07 19:20:59.734364: 
2026-08-07 19:20:59.734581: Epoch 308
2026-08-07 19:20:59.734998: Current learning rate: 0.00718
2026-08-07 19:21:23.899936: train_loss -0.9449
2026-08-07 19:21:23.900356: val_loss -0.9494
2026-08-07 19:21:23.900835: Pseudo dice [np.float32(0.9634), np.float32(0.9773), np.float32(0.9722)]
2026-08-07 19:21:23.901287: Epoch time: 24.17 s
2026-08-07 19:21:24.313742: 
2026-08-07 19:21:24.314067: Epoch 309
2026-08-07 19:21:24.314908: Current learning rate: 0.00717
2026-08-07 19:21:48.475665: train_loss -0.9441
2026-08-07 19:21:48.476218: val_loss -0.9481
2026-08-07 19:21:48.477282: Pseudo dice [np.float32(0.962), np.float32(0.9769), np.float32(0.9713)]
2026-08-07 19:21:48.477630: Epoch time: 24.16 s
2026-08-07 19:21:48.896217: 
2026-08-07 19:21:48.896437: Epoch 310
2026-08-07 19:21:48.896587: Current learning rate: 0.00716
2026-08-07 19:22:13.065166: train_loss -0.9435
2026-08-07 19:22:13.065966: val_loss -0.9496
2026-08-07 19:22:13.067467: Pseudo dice [np.float32(0.9645), np.float32(0.9769), np.float32(0.9712)]
2026-08-07 19:22:13.067800: Epoch time: 24.17 s
2026-08-07 19:22:13.481228: 
2026-08-07 19:22:13.481443: Epoch 311
2026-08-07 19:22:13.482392: Current learning rate: 0.00715
2026-08-07 19:22:37.639652: train_loss -0.9451
2026-08-07 19:22:37.640070: val_loss -0.9467
2026-08-07 19:22:37.640473: Pseudo dice [np.float32(0.9616), np.float32(0.9761), np.float32(0.9707)]
2026-08-07 19:22:37.640884: Epoch time: 24.16 s
2026-08-07 19:22:38.052800: 
2026-08-07 19:22:38.053295: Epoch 312
2026-08-07 19:22:38.053660: Current learning rate: 0.00714
2026-08-07 19:23:02.221918: train_loss -0.9443
2026-08-07 19:23:02.222307: val_loss -0.9494
2026-08-07 19:23:02.222605: Pseudo dice [np.float32(0.9636), np.float32(0.9765), np.float32(0.9735)]
2026-08-07 19:23:02.223011: Epoch time: 24.17 s
2026-08-07 19:23:02.634920: 
2026-08-07 19:23:02.635149: Epoch 313
2026-08-07 19:23:02.635654: Current learning rate: 0.00713
2026-08-07 19:23:26.802735: train_loss -0.9442
2026-08-07 19:23:26.803236: val_loss -0.9447
2026-08-07 19:23:26.803727: Pseudo dice [np.float32(0.9609), np.float32(0.975), np.float32(0.9708)]
2026-08-07 19:23:26.803981: Epoch time: 24.17 s
2026-08-07 19:23:27.213854: 
2026-08-07 19:23:27.214129: Epoch 314
2026-08-07 19:23:27.214699: Current learning rate: 0.00712
2026-08-07 19:23:51.375304: train_loss -0.9437
2026-08-07 19:23:51.375702: val_loss -0.9488
2026-08-07 19:23:51.376019: Pseudo dice [np.float32(0.9638), np.float32(0.9765), np.float32(0.9728)]
2026-08-07 19:23:51.376182: Epoch time: 24.16 s
2026-08-07 19:23:51.788492: 
2026-08-07 19:23:51.788708: Epoch 315
2026-08-07 19:23:51.788924: Current learning rate: 0.00711
2026-08-07 19:24:15.961312: train_loss -0.944
2026-08-07 19:24:15.961732: val_loss -0.9473
2026-08-07 19:24:15.962287: Pseudo dice [np.float32(0.9617), np.float32(0.9762), np.float32(0.9732)]
2026-08-07 19:24:15.962709: Epoch time: 24.17 s
2026-08-07 19:24:16.376242: 
2026-08-07 19:24:16.376461: Epoch 316
2026-08-07 19:24:16.376606: Current learning rate: 0.0071
2026-08-07 19:24:40.780087: train_loss -0.9439
2026-08-07 19:24:40.780476: val_loss -0.9459
2026-08-07 19:24:40.780878: Pseudo dice [np.float32(0.9609), np.float32(0.9748), np.float32(0.9721)]
2026-08-07 19:24:40.781397: Epoch time: 24.4 s
2026-08-07 19:24:41.203950: 
2026-08-07 19:24:41.204192: Epoch 317
2026-08-07 19:24:41.205221: Current learning rate: 0.0071
2026-08-07 19:25:05.378336: train_loss -0.944
2026-08-07 19:25:05.378738: val_loss -0.9097
2026-08-07 19:25:05.378931: Pseudo dice [np.float32(0.9128), np.float32(0.9759), np.float32(0.9719)]
2026-08-07 19:25:05.379560: Epoch time: 24.17 s
2026-08-07 19:25:05.790345: 
2026-08-07 19:25:05.790565: Epoch 318
2026-08-07 19:25:05.790714: Current learning rate: 0.00709
2026-08-07 19:25:29.958240: train_loss -0.9442
2026-08-07 19:25:29.958747: val_loss -0.9483
2026-08-07 19:25:29.959421: Pseudo dice [np.float32(0.9625), np.float32(0.9768), np.float32(0.9732)]
2026-08-07 19:25:29.960054: Epoch time: 24.17 s
2026-08-07 19:25:30.387192: 
2026-08-07 19:25:30.387408: Epoch 319
2026-08-07 19:25:30.387563: Current learning rate: 0.00708
2026-08-07 19:25:54.559184: train_loss -0.9436
2026-08-07 19:25:54.559646: val_loss -0.9481
2026-08-07 19:25:54.559837: Pseudo dice [np.float32(0.9631), np.float32(0.9765), np.float32(0.9718)]
2026-08-07 19:25:54.560250: Epoch time: 24.17 s
2026-08-07 19:25:54.973816: 
2026-08-07 19:25:54.974047: Epoch 320
2026-08-07 19:25:54.974395: Current learning rate: 0.00707
2026-08-07 19:26:19.146741: train_loss -0.9444
2026-08-07 19:26:19.147510: val_loss -0.9455
2026-08-07 19:26:19.148119: Pseudo dice [np.float32(0.9597), np.float32(0.9753), np.float32(0.973)]
2026-08-07 19:26:19.148353: Epoch time: 24.17 s
2026-08-07 19:26:19.568994: 
2026-08-07 19:26:19.569216: Epoch 321
2026-08-07 19:26:19.569899: Current learning rate: 0.00706
2026-08-07 19:26:43.739132: train_loss -0.9448
2026-08-07 19:26:43.739596: val_loss -0.9505
2026-08-07 19:26:43.740010: Pseudo dice [np.float32(0.9642), np.float32(0.9773), np.float32(0.9732)]
2026-08-07 19:26:43.740391: Epoch time: 24.17 s
2026-08-07 19:26:44.163281: 
2026-08-07 19:26:44.163498: Epoch 322
2026-08-07 19:26:44.163721: Current learning rate: 0.00705
2026-08-07 19:27:08.336441: train_loss -0.944
2026-08-07 19:27:08.336843: val_loss -0.9489
2026-08-07 19:27:08.337890: Pseudo dice [np.float32(0.9625), np.float32(0.9775), np.float32(0.9727)]
2026-08-07 19:27:08.338549: Epoch time: 24.17 s
2026-08-07 19:27:08.756397: 
2026-08-07 19:27:08.756645: Epoch 323
2026-08-07 19:27:08.756790: Current learning rate: 0.00704
2026-08-07 19:27:32.926302: train_loss -0.9447
2026-08-07 19:27:32.928066: val_loss -0.9479
2026-08-07 19:27:32.928607: Pseudo dice [np.float32(0.963), np.float32(0.9765), np.float32(0.9714)]
2026-08-07 19:27:32.928985: Epoch time: 24.17 s
2026-08-07 19:27:33.345780: 
2026-08-07 19:27:33.346086: Epoch 324
2026-08-07 19:27:33.346436: Current learning rate: 0.00703
2026-08-07 19:27:57.521139: train_loss -0.9444
2026-08-07 19:27:57.521645: val_loss -0.9486
2026-08-07 19:27:57.521833: Pseudo dice [np.float32(0.9632), np.float32(0.9766), np.float32(0.9727)]
2026-08-07 19:27:57.522154: Epoch time: 24.18 s
2026-08-07 19:27:57.931538: 
2026-08-07 19:27:57.931825: Epoch 325
2026-08-07 19:27:57.932130: Current learning rate: 0.00702
2026-08-07 19:28:22.104543: train_loss -0.9451
2026-08-07 19:28:22.104938: val_loss -0.9443
2026-08-07 19:28:22.105115: Pseudo dice [np.float32(0.9586), np.float32(0.9761), np.float32(0.9719)]
2026-08-07 19:28:22.106007: Epoch time: 24.17 s
2026-08-07 19:28:22.519693: 
2026-08-07 19:28:22.519905: Epoch 326
2026-08-07 19:28:22.520141: Current learning rate: 0.00701
2026-08-07 19:28:46.691731: train_loss -0.9457
2026-08-07 19:28:46.692195: val_loss -0.9489
2026-08-07 19:28:46.692595: Pseudo dice [np.float32(0.9643), np.float32(0.9767), np.float32(0.9703)]
2026-08-07 19:28:46.692772: Epoch time: 24.17 s
2026-08-07 19:28:47.113290: 
2026-08-07 19:28:47.113515: Epoch 327
2026-08-07 19:28:47.114427: Current learning rate: 0.007
2026-08-07 19:29:11.288988: train_loss -0.9434
2026-08-07 19:29:11.289382: val_loss -0.9483
2026-08-07 19:29:11.289914: Pseudo dice [np.float32(0.9635), np.float32(0.9767), np.float32(0.9716)]
2026-08-07 19:29:11.290139: Epoch time: 24.18 s
2026-08-07 19:29:11.709657: 
2026-08-07 19:29:11.709948: Epoch 328
2026-08-07 19:29:11.710375: Current learning rate: 0.00699
2026-08-07 19:29:35.887277: train_loss -0.9443
2026-08-07 19:29:35.887703: val_loss -0.9468
2026-08-07 19:29:35.888858: Pseudo dice [np.float32(0.9612), np.float32(0.9758), np.float32(0.9719)]
2026-08-07 19:29:35.889491: Epoch time: 24.18 s
2026-08-07 19:29:36.540789: 
2026-08-07 19:29:36.541013: Epoch 329
2026-08-07 19:29:36.541231: Current learning rate: 0.00698
2026-08-07 19:30:00.709505: train_loss -0.9442
2026-08-07 19:30:00.710023: val_loss -0.95
2026-08-07 19:30:00.710210: Pseudo dice [np.float32(0.9632), np.float32(0.9771), np.float32(0.9736)]
2026-08-07 19:30:00.710822: Epoch time: 24.17 s
2026-08-07 19:30:01.119682: 
2026-08-07 19:30:01.120043: Epoch 330
2026-08-07 19:30:01.120299: Current learning rate: 0.00697
2026-08-07 19:30:25.289333: train_loss -0.9452
2026-08-07 19:30:25.290710: val_loss -0.9493
2026-08-07 19:30:25.291375: Pseudo dice [np.float32(0.9635), np.float32(0.9772), np.float32(0.9726)]
2026-08-07 19:30:25.291836: Epoch time: 24.17 s
2026-08-07 19:30:25.706875: 
2026-08-07 19:30:25.707270: Epoch 331
2026-08-07 19:30:25.708075: Current learning rate: 0.00696
2026-08-07 19:30:49.871527: train_loss -0.9461
2026-08-07 19:30:49.872032: val_loss -0.9073
2026-08-07 19:30:49.872565: Pseudo dice [np.float32(0.9157), np.float32(0.9748), np.float32(0.9697)]
2026-08-07 19:30:49.872944: Epoch time: 24.16 s
2026-08-07 19:30:50.300029: 
2026-08-07 19:30:50.300264: Epoch 332
2026-08-07 19:30:50.300631: Current learning rate: 0.00696
2026-08-07 19:31:14.462045: train_loss -0.9438
2026-08-07 19:31:14.463114: val_loss -0.9466
2026-08-07 19:31:14.463819: Pseudo dice [np.float32(0.9619), np.float32(0.9759), np.float32(0.9706)]
2026-08-07 19:31:14.464485: Epoch time: 24.16 s
2026-08-07 19:31:14.882071: 
2026-08-07 19:31:14.882285: Epoch 333
2026-08-07 19:31:14.882501: Current learning rate: 0.00695
2026-08-07 19:31:39.045196: train_loss -0.9444
2026-08-07 19:31:39.045589: val_loss -0.9264
2026-08-07 19:31:39.046694: Pseudo dice [np.float32(0.9365), np.float32(0.974), np.float32(0.9695)]
2026-08-07 19:31:39.047146: Epoch time: 24.16 s
2026-08-07 19:31:39.463844: 
2026-08-07 19:31:39.464101: Epoch 334
2026-08-07 19:31:39.464559: Current learning rate: 0.00694
2026-08-07 19:32:03.626082: train_loss -0.9442
2026-08-07 19:32:03.626488: val_loss -0.9496
2026-08-07 19:32:03.627624: Pseudo dice [np.float32(0.9642), np.float32(0.9766), np.float32(0.9742)]
2026-08-07 19:32:03.628034: Epoch time: 24.16 s
2026-08-07 19:32:04.055371: 
2026-08-07 19:32:04.055593: Epoch 335
2026-08-07 19:32:04.055806: Current learning rate: 0.00693
2026-08-07 19:32:28.216532: train_loss -0.9428
2026-08-07 19:32:28.216953: val_loss -0.8668
2026-08-07 19:32:28.218023: Pseudo dice [np.float32(0.8706), np.float32(0.9742), np.float32(0.966)]
2026-08-07 19:32:28.219254: Epoch time: 24.16 s
2026-08-07 19:32:28.643509: 
2026-08-07 19:32:28.643762: Epoch 336
2026-08-07 19:32:28.643911: Current learning rate: 0.00692
2026-08-07 19:32:52.799610: train_loss -0.9437
2026-08-07 19:32:52.800014: val_loss -0.9485
2026-08-07 19:32:52.800441: Pseudo dice [np.float32(0.9641), np.float32(0.9757), np.float32(0.9713)]
2026-08-07 19:32:52.800799: Epoch time: 24.16 s
2026-08-07 19:32:53.224888: 
2026-08-07 19:32:53.225116: Epoch 337
2026-08-07 19:32:53.225286: Current learning rate: 0.00691
2026-08-07 19:33:17.379438: train_loss -0.9447
2026-08-07 19:33:17.379838: val_loss -0.9269
2026-08-07 19:33:17.380441: Pseudo dice [np.float32(0.9374), np.float32(0.9705), np.float32(0.9732)]
2026-08-07 19:33:17.382054: Epoch time: 24.15 s
2026-08-07 19:33:17.814865: 
2026-08-07 19:33:17.815084: Epoch 338
2026-08-07 19:33:17.816106: Current learning rate: 0.0069
2026-08-07 19:33:41.975856: train_loss -0.945
2026-08-07 19:33:41.976417: val_loss -0.9455
2026-08-07 19:33:41.976886: Pseudo dice [np.float32(0.9609), np.float32(0.9751), np.float32(0.9713)]
2026-08-07 19:33:41.977510: Epoch time: 24.16 s
2026-08-07 19:33:42.404416: 
2026-08-07 19:33:42.404837: Epoch 339
2026-08-07 19:33:42.404975: Current learning rate: 0.00689
2026-08-07 19:34:06.568195: train_loss -0.9446
2026-08-07 19:34:06.568996: val_loss -0.9421
2026-08-07 19:34:06.569673: Pseudo dice [np.float32(0.9589), np.float32(0.9733), np.float32(0.9698)]
2026-08-07 19:34:06.570483: Epoch time: 24.16 s
2026-08-07 19:34:06.995052: 
2026-08-07 19:34:06.995281: Epoch 340
2026-08-07 19:34:06.995584: Current learning rate: 0.00688
2026-08-07 19:34:31.161830: train_loss -0.9424
2026-08-07 19:34:31.162377: val_loss -0.9463
2026-08-07 19:34:31.163144: Pseudo dice [np.float32(0.9622), np.float32(0.9757), np.float32(0.9707)]
2026-08-07 19:34:31.164105: Epoch time: 24.17 s
2026-08-07 19:34:31.829021: 
2026-08-07 19:34:31.829789: Epoch 341
2026-08-07 19:34:31.829957: Current learning rate: 0.00687
2026-08-07 19:34:55.998010: train_loss -0.9444
2026-08-07 19:34:55.998408: val_loss -0.9475
2026-08-07 19:34:55.998978: Pseudo dice [np.float32(0.9624), np.float32(0.976), np.float32(0.9716)]
2026-08-07 19:34:55.999617: Epoch time: 24.17 s
2026-08-07 19:34:56.424646: 
2026-08-07 19:34:56.424863: Epoch 342
2026-08-07 19:34:56.425005: Current learning rate: 0.00686
2026-08-07 19:35:20.587995: train_loss -0.9461
2026-08-07 19:35:20.588459: val_loss -0.9496
2026-08-07 19:35:20.588804: Pseudo dice [np.float32(0.9634), np.float32(0.9769), np.float32(0.9737)]
2026-08-07 19:35:20.589012: Epoch time: 24.16 s
2026-08-07 19:35:21.011570: 
2026-08-07 19:35:21.011955: Epoch 343
2026-08-07 19:35:21.012095: Current learning rate: 0.00685
2026-08-07 19:35:45.178884: train_loss -0.9442
2026-08-07 19:35:45.179335: val_loss -0.9448
2026-08-07 19:35:45.179858: Pseudo dice [np.float32(0.9587), np.float32(0.9766), np.float32(0.9716)]
2026-08-07 19:35:45.180457: Epoch time: 24.17 s
2026-08-07 19:35:45.606785: 
2026-08-07 19:35:45.607017: Epoch 344
2026-08-07 19:35:45.607190: Current learning rate: 0.00684
2026-08-07 19:36:09.769971: train_loss -0.9443
2026-08-07 19:36:09.771526: val_loss -0.9093
2026-08-07 19:36:09.772052: Pseudo dice [np.float32(0.9229), np.float32(0.9741), np.float32(0.9687)]
2026-08-07 19:36:09.772368: Epoch time: 24.16 s
2026-08-07 19:36:10.196056: 
2026-08-07 19:36:10.196286: Epoch 345
2026-08-07 19:36:10.196566: Current learning rate: 0.00683
2026-08-07 19:36:34.358929: train_loss -0.9439
2026-08-07 19:36:34.359582: val_loss -0.949
2026-08-07 19:36:34.360298: Pseudo dice [np.float32(0.9631), np.float32(0.9766), np.float32(0.9732)]
2026-08-07 19:36:34.360652: Epoch time: 24.16 s
2026-08-07 19:36:34.793216: 
2026-08-07 19:36:34.794345: Epoch 346
2026-08-07 19:36:34.794728: Current learning rate: 0.00682
2026-08-07 19:36:58.957031: train_loss -0.9445
2026-08-07 19:36:58.957723: val_loss -0.9421
2026-08-07 19:36:58.958752: Pseudo dice [np.float32(0.9584), np.float32(0.9751), np.float32(0.9697)]
2026-08-07 19:36:58.959198: Epoch time: 24.16 s
2026-08-07 19:36:59.380401: 
2026-08-07 19:36:59.380656: Epoch 347
2026-08-07 19:36:59.381078: Current learning rate: 0.00681
2026-08-07 19:37:23.545816: train_loss -0.9447
2026-08-07 19:37:23.546279: val_loss -0.9494
2026-08-07 19:37:23.546715: Pseudo dice [np.float32(0.9642), np.float32(0.9762), np.float32(0.9734)]
2026-08-07 19:37:23.547026: Epoch time: 24.17 s
2026-08-07 19:37:23.963715: 
2026-08-07 19:37:23.963938: Epoch 348
2026-08-07 19:37:23.964153: Current learning rate: 0.0068
2026-08-07 19:37:48.125009: train_loss -0.9448
2026-08-07 19:37:48.125584: val_loss -0.9471
2026-08-07 19:37:48.126254: Pseudo dice [np.float32(0.9625), np.float32(0.9758), np.float32(0.9702)]
2026-08-07 19:37:48.126606: Epoch time: 24.16 s
2026-08-07 19:37:48.552972: 
2026-08-07 19:37:48.553190: Epoch 349
2026-08-07 19:37:48.553530: Current learning rate: 0.0068
2026-08-07 19:38:12.717362: train_loss -0.9457
2026-08-07 19:38:12.717769: val_loss -0.9481
2026-08-07 19:38:12.718370: Pseudo dice [np.float32(0.962), np.float32(0.9765), np.float32(0.9721)]
2026-08-07 19:38:12.719136: Epoch time: 24.16 s
2026-08-07 19:38:13.167193: 
2026-08-07 19:38:13.167416: Epoch 350
2026-08-07 19:38:13.168266: Current learning rate: 0.00679
2026-08-07 19:38:37.325355: train_loss -0.9445
2026-08-07 19:38:37.325811: val_loss -0.9454
2026-08-07 19:38:37.326118: Pseudo dice [np.float32(0.9605), np.float32(0.9748), np.float32(0.9716)]
2026-08-07 19:38:37.326560: Epoch time: 24.16 s
2026-08-07 19:38:37.753092: 
2026-08-07 19:38:37.753319: Epoch 351
2026-08-07 19:38:37.753571: Current learning rate: 0.00678
2026-08-07 19:39:01.915902: train_loss -0.9438
2026-08-07 19:39:01.916308: val_loss -0.9505
2026-08-07 19:39:01.916645: Pseudo dice [np.float32(0.9652), np.float32(0.9771), np.float32(0.973)]
2026-08-07 19:39:01.916818: Epoch time: 24.16 s
2026-08-07 19:39:02.389813: 
2026-08-07 19:39:02.390072: Epoch 352
2026-08-07 19:39:02.390284: Current learning rate: 0.00677
2026-08-07 19:39:26.559035: train_loss -0.9448
2026-08-07 19:39:26.559434: val_loss -0.9487
2026-08-07 19:39:26.560651: Pseudo dice [np.float32(0.9635), np.float32(0.9769), np.float32(0.9712)]
2026-08-07 19:39:26.561630: Epoch time: 24.17 s
2026-08-07 19:39:27.214883: 
2026-08-07 19:39:27.215106: Epoch 353
2026-08-07 19:39:27.215365: Current learning rate: 0.00676
2026-08-07 19:39:51.381510: train_loss -0.9456
2026-08-07 19:39:51.382007: val_loss -0.9401
2026-08-07 19:39:51.382348: Pseudo dice [np.float32(0.9568), np.float32(0.9747), np.float32(0.9671)]
2026-08-07 19:39:51.382568: Epoch time: 24.17 s
2026-08-07 19:39:51.805290: 
2026-08-07 19:39:51.805521: Epoch 354
2026-08-07 19:39:51.805835: Current learning rate: 0.00675
2026-08-07 19:40:15.967650: train_loss -0.9451
2026-08-07 19:40:15.968051: val_loss -0.9468
2026-08-07 19:40:15.968446: Pseudo dice [np.float32(0.9625), np.float32(0.9758), np.float32(0.9702)]
2026-08-07 19:40:15.968832: Epoch time: 24.16 s
2026-08-07 19:40:16.393457: 
2026-08-07 19:40:16.393694: Epoch 355
2026-08-07 19:40:16.394393: Current learning rate: 0.00674
2026-08-07 19:40:40.566084: train_loss -0.9448
2026-08-07 19:40:40.566483: val_loss -0.9514
2026-08-07 19:40:40.566807: Pseudo dice [np.float32(0.9651), np.float32(0.9775), np.float32(0.9749)]
2026-08-07 19:40:40.566994: Epoch time: 24.17 s
2026-08-07 19:40:40.985181: 
2026-08-07 19:40:40.985417: Epoch 356
2026-08-07 19:40:40.985576: Current learning rate: 0.00673
2026-08-07 19:41:05.156168: train_loss -0.9443
2026-08-07 19:41:05.156592: val_loss -0.9499
2026-08-07 19:41:05.157367: Pseudo dice [np.float32(0.964), np.float32(0.9768), np.float32(0.9731)]
2026-08-07 19:41:05.157925: Epoch time: 24.17 s
2026-08-07 19:41:05.577725: 
2026-08-07 19:41:05.578069: Epoch 357
2026-08-07 19:41:05.578367: Current learning rate: 0.00672
2026-08-07 19:41:29.744905: train_loss -0.9437
2026-08-07 19:41:29.745497: val_loss -0.9486
2026-08-07 19:41:29.745971: Pseudo dice [np.float32(0.9626), np.float32(0.9767), np.float32(0.9729)]
2026-08-07 19:41:29.746316: Epoch time: 24.17 s
2026-08-07 19:41:30.175016: 
2026-08-07 19:41:30.175404: Epoch 358
2026-08-07 19:41:30.177226: Current learning rate: 0.00671
2026-08-07 19:41:54.343223: train_loss -0.9452
2026-08-07 19:41:54.344472: val_loss -0.9422
2026-08-07 19:41:54.345628: Pseudo dice [np.float32(0.9572), np.float32(0.9748), np.float32(0.9717)]
2026-08-07 19:41:54.345977: Epoch time: 24.17 s
2026-08-07 19:41:54.765526: 
2026-08-07 19:41:54.765864: Epoch 359
2026-08-07 19:41:54.766098: Current learning rate: 0.0067
2026-08-07 19:42:18.935310: train_loss -0.9442
2026-08-07 19:42:18.935997: val_loss -0.9513
2026-08-07 19:42:18.936676: Pseudo dice [np.float32(0.9644), np.float32(0.9777), np.float32(0.9744)]
2026-08-07 19:42:18.937043: Epoch time: 24.17 s
2026-08-07 19:42:19.367143: 
2026-08-07 19:42:19.367820: Epoch 360
2026-08-07 19:42:19.368422: Current learning rate: 0.00669
2026-08-07 19:42:43.541942: train_loss -0.9444
2026-08-07 19:42:43.542485: val_loss -0.9477
2026-08-07 19:42:43.544052: Pseudo dice [np.float32(0.9623), np.float32(0.9767), np.float32(0.9727)]
2026-08-07 19:42:43.544391: Epoch time: 24.17 s
2026-08-07 19:42:43.968742: 
2026-08-07 19:42:43.968959: Epoch 361
2026-08-07 19:42:43.969107: Current learning rate: 0.00668
2026-08-07 19:43:08.139429: train_loss -0.946
2026-08-07 19:43:08.139987: val_loss -0.9474
2026-08-07 19:43:08.141386: Pseudo dice [np.float32(0.9622), np.float32(0.9762), np.float32(0.9724)]
2026-08-07 19:43:08.141619: Epoch time: 24.17 s
2026-08-07 19:43:08.563986: 
2026-08-07 19:43:08.564198: Epoch 362
2026-08-07 19:43:08.564342: Current learning rate: 0.00667
2026-08-07 19:43:32.739305: train_loss -0.9458
2026-08-07 19:43:32.739795: val_loss -0.9508
2026-08-07 19:43:32.740104: Pseudo dice [np.float32(0.9647), np.float32(0.9768), np.float32(0.9746)]
2026-08-07 19:43:32.740675: Epoch time: 24.18 s
2026-08-07 19:43:33.163413: 
2026-08-07 19:43:33.163629: Epoch 363
2026-08-07 19:43:33.163759: Current learning rate: 0.00666
2026-08-07 19:43:57.332855: train_loss -0.944
2026-08-07 19:43:57.333358: val_loss -0.9491
2026-08-07 19:43:57.333826: Pseudo dice [np.float32(0.9635), np.float32(0.9757), np.float32(0.9733)]
2026-08-07 19:43:57.334175: Epoch time: 24.17 s
2026-08-07 19:43:57.751539: 
2026-08-07 19:43:57.751814: Epoch 364
2026-08-07 19:43:57.752029: Current learning rate: 0.00665
2026-08-07 19:44:21.914772: train_loss -0.9449
2026-08-07 19:44:21.915266: val_loss -0.9477
2026-08-07 19:44:21.915750: Pseudo dice [np.float32(0.9618), np.float32(0.9756), np.float32(0.9735)]
2026-08-07 19:44:21.916413: Epoch time: 24.16 s
2026-08-07 19:44:22.342189: 
2026-08-07 19:44:22.342408: Epoch 365
2026-08-07 19:44:22.342657: Current learning rate: 0.00665
2026-08-07 19:44:46.510732: train_loss -0.9456
2026-08-07 19:44:46.511178: val_loss -0.9485
2026-08-07 19:44:46.512456: Pseudo dice [np.float32(0.9634), np.float32(0.9765), np.float32(0.971)]
2026-08-07 19:44:46.512885: Epoch time: 24.17 s
2026-08-07 19:44:47.172157: 
2026-08-07 19:44:47.172836: Epoch 366
2026-08-07 19:44:47.173496: Current learning rate: 0.00664
2026-08-07 19:45:11.340298: train_loss -0.9463
2026-08-07 19:45:11.340878: val_loss -0.9488
2026-08-07 19:45:11.341061: Pseudo dice [np.float32(0.9634), np.float32(0.9768), np.float32(0.9719)]
2026-08-07 19:45:11.341464: Epoch time: 24.17 s
2026-08-07 19:45:11.765356: 
2026-08-07 19:45:11.765593: Epoch 367
2026-08-07 19:45:11.765747: Current learning rate: 0.00663
2026-08-07 19:45:35.928329: train_loss -0.9444
2026-08-07 19:45:35.928957: val_loss -0.9446
2026-08-07 19:45:35.930244: Pseudo dice [np.float32(0.9581), np.float32(0.9754), np.float32(0.974)]
2026-08-07 19:45:35.930520: Epoch time: 24.16 s
2026-08-07 19:45:36.358708: 
2026-08-07 19:45:36.358931: Epoch 368
2026-08-07 19:45:36.359391: Current learning rate: 0.00662
2026-08-07 19:46:00.519696: train_loss -0.9458
2026-08-07 19:46:00.520108: val_loss -0.9466
2026-08-07 19:46:00.520276: Pseudo dice [np.float32(0.9616), np.float32(0.976), np.float32(0.9705)]
2026-08-07 19:46:00.520664: Epoch time: 24.16 s
2026-08-07 19:46:00.944509: 
2026-08-07 19:46:00.944741: Epoch 369
2026-08-07 19:46:00.945274: Current learning rate: 0.00661
2026-08-07 19:46:25.112084: train_loss -0.9443
2026-08-07 19:46:25.112474: val_loss -0.9467
2026-08-07 19:46:25.114056: Pseudo dice [np.float32(0.9611), np.float32(0.9765), np.float32(0.9721)]
2026-08-07 19:46:25.114526: Epoch time: 24.17 s
2026-08-07 19:46:25.537967: 
2026-08-07 19:46:25.538228: Epoch 370
2026-08-07 19:46:25.538551: Current learning rate: 0.0066
2026-08-07 19:46:49.701381: train_loss -0.9452
2026-08-07 19:46:49.701795: val_loss -0.9411
2026-08-07 19:46:49.702759: Pseudo dice [np.float32(0.9544), np.float32(0.9753), np.float32(0.9719)]
2026-08-07 19:46:49.703426: Epoch time: 24.16 s
2026-08-07 19:46:50.129881: 
2026-08-07 19:46:50.130104: Epoch 371
2026-08-07 19:46:50.130352: Current learning rate: 0.00659
2026-08-07 19:47:14.290014: train_loss -0.9454
2026-08-07 19:47:14.290606: val_loss -0.9488
2026-08-07 19:47:14.291230: Pseudo dice [np.float32(0.9626), np.float32(0.9765), np.float32(0.9739)]
2026-08-07 19:47:14.291582: Epoch time: 24.16 s
2026-08-07 19:47:14.708360: 
2026-08-07 19:47:14.708735: Epoch 372
2026-08-07 19:47:14.708944: Current learning rate: 0.00658
2026-08-07 19:47:38.871206: train_loss -0.9449
2026-08-07 19:47:38.871671: val_loss -0.8906
2026-08-07 19:47:38.872293: Pseudo dice [np.float32(0.9005), np.float32(0.9714), np.float32(0.9648)]
2026-08-07 19:47:38.872658: Epoch time: 24.16 s
2026-08-07 19:47:39.293222: 
2026-08-07 19:47:39.293437: Epoch 373
2026-08-07 19:47:39.293580: Current learning rate: 0.00657
2026-08-07 19:48:03.447445: train_loss -0.9446
2026-08-07 19:48:03.447932: val_loss -0.9485
2026-08-07 19:48:03.448441: Pseudo dice [np.float32(0.9627), np.float32(0.9764), np.float32(0.9725)]
2026-08-07 19:48:03.448934: Epoch time: 24.15 s
2026-08-07 19:48:03.878415: 
2026-08-07 19:48:03.878661: Epoch 374
2026-08-07 19:48:03.879662: Current learning rate: 0.00656
2026-08-07 19:48:28.032258: train_loss -0.946
2026-08-07 19:48:28.033550: val_loss -0.9487
2026-08-07 19:48:28.034537: Pseudo dice [np.float32(0.9642), np.float32(0.977), np.float32(0.9714)]
2026-08-07 19:48:28.034854: Epoch time: 24.15 s
2026-08-07 19:48:28.457258: 
2026-08-07 19:48:28.457585: Epoch 375
2026-08-07 19:48:28.458272: Current learning rate: 0.00655
2026-08-07 19:48:52.617905: train_loss -0.9449
2026-08-07 19:48:52.618289: val_loss -0.9476
2026-08-07 19:48:52.619207: Pseudo dice [np.float32(0.9629), np.float32(0.9765), np.float32(0.9715)]
2026-08-07 19:48:52.620593: Epoch time: 24.16 s
2026-08-07 19:48:53.045368: 
2026-08-07 19:48:53.045588: Epoch 376
2026-08-07 19:48:53.046121: Current learning rate: 0.00654
2026-08-07 19:49:17.202195: train_loss -0.9438
2026-08-07 19:49:17.203489: val_loss -0.95
2026-08-07 19:49:17.203959: Pseudo dice [np.float32(0.9643), np.float32(0.9766), np.float32(0.9742)]
2026-08-07 19:49:17.204432: Epoch time: 24.16 s
2026-08-07 19:49:17.626858: 
2026-08-07 19:49:17.627084: Epoch 377
2026-08-07 19:49:17.627395: Current learning rate: 0.00653
2026-08-07 19:49:41.790306: train_loss -0.9443
2026-08-07 19:49:41.790781: val_loss -0.9492
2026-08-07 19:49:41.791727: Pseudo dice [np.float32(0.9631), np.float32(0.9765), np.float32(0.9737)]
2026-08-07 19:49:41.792017: Epoch time: 24.16 s
2026-08-07 19:49:42.454538: 
2026-08-07 19:49:42.454795: Epoch 378
2026-08-07 19:49:42.454924: Current learning rate: 0.00652
2026-08-07 19:50:06.619386: train_loss -0.9451
2026-08-07 19:50:06.619768: val_loss -0.9484
2026-08-07 19:50:06.621394: Pseudo dice [np.float32(0.964), np.float32(0.9761), np.float32(0.9717)]
2026-08-07 19:50:06.621793: Epoch time: 24.17 s
2026-08-07 19:50:07.052467: 
2026-08-07 19:50:07.052684: Epoch 379
2026-08-07 19:50:07.052820: Current learning rate: 0.00651
2026-08-07 19:50:31.216425: train_loss -0.9452
2026-08-07 19:50:31.216823: val_loss -0.9483
2026-08-07 19:50:31.217632: Pseudo dice [np.float32(0.9622), np.float32(0.9763), np.float32(0.9738)]
2026-08-07 19:50:31.218026: Epoch time: 24.16 s
2026-08-07 19:50:31.644696: 
2026-08-07 19:50:31.644948: Epoch 380
2026-08-07 19:50:31.645313: Current learning rate: 0.0065
2026-08-07 19:50:55.804115: train_loss -0.9457
2026-08-07 19:50:55.804555: val_loss -0.9487
2026-08-07 19:50:55.804745: Pseudo dice [np.float32(0.9644), np.float32(0.9764), np.float32(0.9713)]
2026-08-07 19:50:55.805025: Epoch time: 24.16 s
2026-08-07 19:50:56.227018: 
2026-08-07 19:50:56.227505: Epoch 381
2026-08-07 19:50:56.228384: Current learning rate: 0.00649
2026-08-07 19:51:20.385726: train_loss -0.9462
2026-08-07 19:51:20.386114: val_loss -0.9477
2026-08-07 19:51:20.386607: Pseudo dice [np.float32(0.9624), np.float32(0.9761), np.float32(0.9727)]
2026-08-07 19:51:20.386948: Epoch time: 24.16 s
2026-08-07 19:51:20.811265: 
2026-08-07 19:51:20.811531: Epoch 382
2026-08-07 19:51:20.811842: Current learning rate: 0.00648
2026-08-07 19:51:44.969220: train_loss -0.9449
2026-08-07 19:51:44.969765: val_loss -0.9505
2026-08-07 19:51:44.969947: Pseudo dice [np.float32(0.9648), np.float32(0.977), np.float32(0.9747)]
2026-08-07 19:51:44.970479: Epoch time: 24.16 s
2026-08-07 19:51:45.405134: 
2026-08-07 19:51:45.405361: Epoch 383
2026-08-07 19:51:45.405514: Current learning rate: 0.00648
2026-08-07 19:52:09.577378: train_loss -0.9465
2026-08-07 19:52:09.577789: val_loss -0.9505
2026-08-07 19:52:09.578281: Pseudo dice [np.float32(0.9646), np.float32(0.9766), np.float32(0.974)]
2026-08-07 19:52:09.578788: Epoch time: 24.17 s
2026-08-07 19:52:10.003651: 
2026-08-07 19:52:10.003993: Epoch 384
2026-08-07 19:52:10.004138: Current learning rate: 0.00647
2026-08-07 19:52:34.165624: train_loss -0.9461
2026-08-07 19:52:34.166094: val_loss -0.9492
2026-08-07 19:52:34.166400: Pseudo dice [np.float32(0.9635), np.float32(0.9763), np.float32(0.9731)]
2026-08-07 19:52:34.166841: Epoch time: 24.16 s
2026-08-07 19:52:34.593147: 
2026-08-07 19:52:34.593378: Epoch 385
2026-08-07 19:52:34.593676: Current learning rate: 0.00646
2026-08-07 19:52:58.761538: train_loss -0.9458
2026-08-07 19:52:58.761934: val_loss -0.9498
2026-08-07 19:52:58.762221: Pseudo dice [np.float32(0.9639), np.float32(0.9764), np.float32(0.9733)]
2026-08-07 19:52:58.762662: Epoch time: 24.17 s
2026-08-07 19:52:58.763162: Yayy! New best EMA pseudo Dice: 0.9700999855995178
2026-08-07 19:52:59.216450: 
2026-08-07 19:52:59.216791: Epoch 386
2026-08-07 19:52:59.217363: Current learning rate: 0.00645
2026-08-07 19:53:23.388563: train_loss -0.9458
2026-08-07 19:53:23.389104: val_loss -0.9453
2026-08-07 19:53:23.389699: Pseudo dice [np.float32(0.9602), np.float32(0.9734), np.float32(0.9733)]
2026-08-07 19:53:23.389872: Epoch time: 24.17 s
2026-08-07 19:53:23.808624: 
2026-08-07 19:53:23.808846: Epoch 387
2026-08-07 19:53:23.809230: Current learning rate: 0.00644
2026-08-07 19:53:47.976423: train_loss -0.9475
2026-08-07 19:53:47.976851: val_loss -0.9455
2026-08-07 19:53:47.977444: Pseudo dice [np.float32(0.9608), np.float32(0.9745), np.float32(0.972)]
2026-08-07 19:53:47.977811: Epoch time: 24.17 s
2026-08-07 19:53:48.392433: 
2026-08-07 19:53:48.392683: Epoch 388
2026-08-07 19:53:48.392817: Current learning rate: 0.00643
2026-08-07 19:54:12.569597: train_loss -0.946
2026-08-07 19:54:12.570012: val_loss -0.9483
2026-08-07 19:54:12.570199: Pseudo dice [np.float32(0.9639), np.float32(0.9764), np.float32(0.9712)]
2026-08-07 19:54:12.571697: Epoch time: 24.18 s
2026-08-07 19:54:12.996567: 
2026-08-07 19:54:12.996821: Epoch 389
2026-08-07 19:54:12.997367: Current learning rate: 0.00642
2026-08-07 19:54:37.159529: train_loss -0.9447
2026-08-07 19:54:37.159938: val_loss -0.7677
2026-08-07 19:54:37.160123: Pseudo dice [np.float32(0.8121), np.float32(0.9737), np.float32(0.9652)]
2026-08-07 19:54:37.160643: Epoch time: 24.16 s
2026-08-07 19:54:37.815149: 
2026-08-07 19:54:37.815468: Epoch 390
2026-08-07 19:54:37.815666: Current learning rate: 0.00641
2026-08-07 19:55:01.991593: train_loss -0.9454
2026-08-07 19:55:01.992007: val_loss -0.9489
2026-08-07 19:55:01.992514: Pseudo dice [np.float32(0.9637), np.float32(0.976), np.float32(0.9732)]
2026-08-07 19:55:01.992833: Epoch time: 24.18 s
2026-08-07 19:55:02.426953: 
2026-08-07 19:55:02.427173: Epoch 391
2026-08-07 19:55:02.427529: Current learning rate: 0.0064
2026-08-07 19:55:26.608616: train_loss -0.9446
2026-08-07 19:55:26.609012: val_loss -0.948
2026-08-07 19:55:26.609503: Pseudo dice [np.float32(0.9629), np.float32(0.9759), np.float32(0.9717)]
2026-08-07 19:55:26.610151: Epoch time: 24.18 s
2026-08-07 19:55:27.034157: 
2026-08-07 19:55:27.034473: Epoch 392
2026-08-07 19:55:27.034751: Current learning rate: 0.00639
2026-08-07 19:55:51.209874: train_loss -0.9453
2026-08-07 19:55:51.210349: val_loss -0.9461
2026-08-07 19:55:51.211298: Pseudo dice [np.float32(0.9615), np.float32(0.9756), np.float32(0.9709)]
2026-08-07 19:55:51.211846: Epoch time: 24.18 s
2026-08-07 19:55:51.629702: 
2026-08-07 19:55:51.629910: Epoch 393
2026-08-07 19:55:51.630043: Current learning rate: 0.00638
2026-08-07 19:56:15.798229: train_loss -0.9459
2026-08-07 19:56:15.798632: val_loss -0.9458
2026-08-07 19:56:15.798820: Pseudo dice [np.float32(0.9619), np.float32(0.9755), np.float32(0.9693)]
2026-08-07 19:56:15.799705: Epoch time: 24.17 s
2026-08-07 19:56:16.231546: 
2026-08-07 19:56:16.232033: Epoch 394
2026-08-07 19:56:16.232414: Current learning rate: 0.00637
2026-08-07 19:56:40.401740: train_loss -0.9449
2026-08-07 19:56:40.402165: val_loss -0.9488
2026-08-07 19:56:40.403138: Pseudo dice [np.float32(0.9629), np.float32(0.9765), np.float32(0.9717)]
2026-08-07 19:56:40.403665: Epoch time: 24.17 s
2026-08-07 19:56:40.838944: 
2026-08-07 19:56:40.839168: Epoch 395
2026-08-07 19:56:40.839345: Current learning rate: 0.00636
2026-08-07 19:57:05.002244: train_loss -0.946
2026-08-07 19:57:05.002759: val_loss -0.9505
2026-08-07 19:57:05.003222: Pseudo dice [np.float32(0.9652), np.float32(0.9768), np.float32(0.9725)]
2026-08-07 19:57:05.003865: Epoch time: 24.16 s
2026-08-07 19:57:05.436133: 
2026-08-07 19:57:05.436374: Epoch 396
2026-08-07 19:57:05.437255: Current learning rate: 0.00635
2026-08-07 19:57:29.604246: train_loss -0.9445
2026-08-07 19:57:29.605425: val_loss -0.9448
2026-08-07 19:57:29.605657: Pseudo dice [np.float32(0.9605), np.float32(0.9753), np.float32(0.9707)]
2026-08-07 19:57:29.606183: Epoch time: 24.17 s
2026-08-07 19:57:30.030663: 
2026-08-07 19:57:30.030917: Epoch 397
2026-08-07 19:57:30.031054: Current learning rate: 0.00634
2026-08-07 19:57:54.203875: train_loss -0.9445
2026-08-07 19:57:54.204304: val_loss -0.9001
2026-08-07 19:57:54.205090: Pseudo dice [np.float32(0.9043), np.float32(0.975), np.float32(0.9704)]
2026-08-07 19:57:54.205837: Epoch time: 24.17 s
2026-08-07 19:57:54.634632: 
2026-08-07 19:57:54.634847: Epoch 398
2026-08-07 19:57:54.635308: Current learning rate: 0.00633
2026-08-07 19:58:18.797990: train_loss -0.9447
2026-08-07 19:58:18.798428: val_loss -0.9454
2026-08-07 19:58:18.799025: Pseudo dice [np.float32(0.9616), np.float32(0.9758), np.float32(0.9698)]
2026-08-07 19:58:18.799664: Epoch time: 24.16 s
2026-08-07 19:58:19.223806: 
2026-08-07 19:58:19.224039: Epoch 399
2026-08-07 19:58:19.224289: Current learning rate: 0.00632
2026-08-07 19:58:43.401602: train_loss -0.9465
2026-08-07 19:58:43.402000: val_loss -0.9492
2026-08-07 19:58:43.402305: Pseudo dice [np.float32(0.9635), np.float32(0.9769), np.float32(0.9727)]
2026-08-07 19:58:43.403476: Epoch time: 24.18 s
2026-08-07 19:58:43.853148: 
2026-08-07 19:58:43.853410: Epoch 400
2026-08-07 19:58:43.853744: Current learning rate: 0.00631
2026-08-07 19:59:08.024538: train_loss -0.9464
2026-08-07 19:59:08.025028: val_loss -0.9272
2026-08-07 19:59:08.025557: Pseudo dice [np.float32(0.9366), np.float32(0.9749), np.float32(0.971)]
2026-08-07 19:59:08.025849: Epoch time: 24.17 s
2026-08-07 19:59:08.444651: 
2026-08-07 19:59:08.444932: Epoch 401
2026-08-07 19:59:08.445242: Current learning rate: 0.0063
2026-08-07 19:59:32.605175: train_loss -0.9459
2026-08-07 19:59:32.605578: val_loss -0.9498
2026-08-07 19:59:32.606193: Pseudo dice [np.float32(0.9637), np.float32(0.9766), np.float32(0.9737)]
2026-08-07 19:59:32.607638: Epoch time: 24.16 s
2026-08-07 19:59:33.271449: 
2026-08-07 19:59:33.271737: Epoch 402
2026-08-07 19:59:33.272563: Current learning rate: 0.0063
2026-08-07 19:59:57.434892: train_loss -0.9467
2026-08-07 19:59:57.435611: val_loss -0.9487
2026-08-07 19:59:57.436002: Pseudo dice [np.float32(0.9629), np.float32(0.9757), np.float32(0.973)]
2026-08-07 19:59:57.436435: Epoch time: 24.16 s
2026-08-07 19:59:57.864976: 
2026-08-07 19:59:57.865853: Epoch 403
2026-08-07 19:59:57.866486: Current learning rate: 0.00629
2026-08-07 20:00:22.023336: train_loss -0.9447
2026-08-07 20:00:22.023785: val_loss -0.9503
2026-08-07 20:00:22.024174: Pseudo dice [np.float32(0.9644), np.float32(0.977), np.float32(0.9732)]
2026-08-07 20:00:22.024582: Epoch time: 24.16 s
2026-08-07 20:00:22.449764: 
2026-08-07 20:00:22.450321: Epoch 404
2026-08-07 20:00:22.450740: Current learning rate: 0.00628
2026-08-07 20:00:46.618032: train_loss -0.9462
2026-08-07 20:00:46.618877: val_loss -0.9493
2026-08-07 20:00:46.619178: Pseudo dice [np.float32(0.9643), np.float32(0.9766), np.float32(0.9719)]
2026-08-07 20:00:46.619908: Epoch time: 24.17 s
2026-08-07 20:00:47.049042: 
2026-08-07 20:00:47.049262: Epoch 405
2026-08-07 20:00:47.049662: Current learning rate: 0.00627
2026-08-07 20:01:11.211428: train_loss -0.9473
2026-08-07 20:01:11.212103: val_loss -0.9504
2026-08-07 20:01:11.212388: Pseudo dice [np.float32(0.9643), np.float32(0.977), np.float32(0.9737)]
2026-08-07 20:01:11.212977: Epoch time: 24.16 s
2026-08-07 20:01:11.639638: 
2026-08-07 20:01:11.639850: Epoch 406
2026-08-07 20:01:11.640395: Current learning rate: 0.00626
2026-08-07 20:01:35.808860: train_loss -0.9466
2026-08-07 20:01:35.809261: val_loss -0.9472
2026-08-07 20:01:35.810696: Pseudo dice [np.float32(0.9621), np.float32(0.9765), np.float32(0.971)]
2026-08-07 20:01:35.811061: Epoch time: 24.17 s
2026-08-07 20:01:36.238252: 
2026-08-07 20:01:36.238474: Epoch 407
2026-08-07 20:01:36.240267: Current learning rate: 0.00625
2026-08-07 20:02:00.399451: train_loss -0.9462
2026-08-07 20:02:00.399935: val_loss -0.9467
2026-08-07 20:02:00.400687: Pseudo dice [np.float32(0.9608), np.float32(0.9755), np.float32(0.9719)]
2026-08-07 20:02:00.401084: Epoch time: 24.16 s
2026-08-07 20:02:00.826530: 
2026-08-07 20:02:00.826758: Epoch 408
2026-08-07 20:02:00.827196: Current learning rate: 0.00624
2026-08-07 20:02:24.985215: train_loss -0.946
2026-08-07 20:02:24.985820: val_loss -0.9489
2026-08-07 20:02:24.986058: Pseudo dice [np.float32(0.9627), np.float32(0.9764), np.float32(0.9733)]
2026-08-07 20:02:24.986720: Epoch time: 24.16 s
2026-08-07 20:02:25.412194: 
2026-08-07 20:02:25.412427: Epoch 409
2026-08-07 20:02:25.412670: Current learning rate: 0.00623
2026-08-07 20:02:49.583974: train_loss -0.9465
2026-08-07 20:02:49.584381: val_loss -0.9504
2026-08-07 20:02:49.585371: Pseudo dice [np.float32(0.9643), np.float32(0.9769), np.float32(0.9734)]
2026-08-07 20:02:49.585940: Epoch time: 24.17 s
2026-08-07 20:02:50.010898: 
2026-08-07 20:02:50.011114: Epoch 410
2026-08-07 20:02:50.011470: Current learning rate: 0.00622
2026-08-07 20:03:14.167992: train_loss -0.9452
2026-08-07 20:03:14.168505: val_loss -0.9491
2026-08-07 20:03:14.169024: Pseudo dice [np.float32(0.9633), np.float32(0.976), np.float32(0.9724)]
2026-08-07 20:03:14.169478: Epoch time: 24.16 s
2026-08-07 20:03:14.575545: 
2026-08-07 20:03:14.575770: Epoch 411
2026-08-07 20:03:14.575923: Current learning rate: 0.00621
2026-08-07 20:03:38.742858: train_loss -0.9456
2026-08-07 20:03:38.743354: val_loss -0.9428
2026-08-07 20:03:38.743634: Pseudo dice [np.float32(0.9593), np.float32(0.9751), np.float32(0.9678)]
2026-08-07 20:03:38.743936: Epoch time: 24.17 s
2026-08-07 20:03:39.156478: 
2026-08-07 20:03:39.156785: Epoch 412
2026-08-07 20:03:39.157109: Current learning rate: 0.0062
2026-08-07 20:04:03.320405: train_loss -0.9456
2026-08-07 20:04:03.320813: val_loss -0.9481
2026-08-07 20:04:03.321591: Pseudo dice [np.float32(0.9627), np.float32(0.9753), np.float32(0.9737)]
2026-08-07 20:04:03.322050: Epoch time: 24.16 s
2026-08-07 20:04:03.738799: 
2026-08-07 20:04:03.739073: Epoch 413
2026-08-07 20:04:03.739320: Current learning rate: 0.00619
2026-08-07 20:04:27.897869: train_loss -0.9451
2026-08-07 20:04:27.898315: val_loss -0.9504
2026-08-07 20:04:27.898787: Pseudo dice [np.float32(0.9641), np.float32(0.9759), np.float32(0.9747)]
2026-08-07 20:04:27.899062: Epoch time: 24.16 s
2026-08-07 20:04:28.536907: 
2026-08-07 20:04:28.537143: Epoch 414
2026-08-07 20:04:28.537298: Current learning rate: 0.00618
2026-08-07 20:04:52.692206: train_loss -0.9443
2026-08-07 20:04:52.692855: val_loss -0.9478
2026-08-07 20:04:52.694376: Pseudo dice [np.float32(0.9608), np.float32(0.9762), np.float32(0.9741)]
2026-08-07 20:04:52.694729: Epoch time: 24.16 s
2026-08-07 20:04:53.110716: 
2026-08-07 20:04:53.111014: Epoch 415
2026-08-07 20:04:53.111149: Current learning rate: 0.00617
2026-08-07 20:05:17.267523: train_loss -0.9449
2026-08-07 20:05:17.268945: val_loss -0.9494
2026-08-07 20:05:17.269712: Pseudo dice [np.float32(0.9637), np.float32(0.9763), np.float32(0.9723)]
2026-08-07 20:05:17.269885: Epoch time: 24.16 s
2026-08-07 20:05:17.682621: 
2026-08-07 20:05:17.682869: Epoch 416
2026-08-07 20:05:17.683504: Current learning rate: 0.00616
2026-08-07 20:05:41.835669: train_loss -0.9447
2026-08-07 20:05:41.836084: val_loss -0.9477
2026-08-07 20:05:41.836414: Pseudo dice [np.float32(0.9626), np.float32(0.9757), np.float32(0.9721)]
2026-08-07 20:05:41.836756: Epoch time: 24.15 s
2026-08-07 20:05:42.250138: 
2026-08-07 20:05:42.250353: Epoch 417
2026-08-07 20:05:42.250832: Current learning rate: 0.00615
2026-08-07 20:06:06.411105: train_loss -0.9457
2026-08-07 20:06:06.411586: val_loss -0.9493
2026-08-07 20:06:06.413672: Pseudo dice [np.float32(0.9633), np.float32(0.9771), np.float32(0.9729)]
2026-08-07 20:06:06.414084: Epoch time: 24.16 s
2026-08-07 20:06:06.828046: 
2026-08-07 20:06:06.828254: Epoch 418
2026-08-07 20:06:06.828384: Current learning rate: 0.00614
2026-08-07 20:06:30.988242: train_loss -0.9448
2026-08-07 20:06:30.988670: val_loss -0.9497
2026-08-07 20:06:30.990418: Pseudo dice [np.float32(0.9648), np.float32(0.9765), np.float32(0.9722)]
2026-08-07 20:06:30.990787: Epoch time: 24.16 s
2026-08-07 20:06:31.408787: 
2026-08-07 20:06:31.409159: Epoch 419
2026-08-07 20:06:31.409535: Current learning rate: 0.00613
2026-08-07 20:06:55.577202: train_loss -0.945
2026-08-07 20:06:55.577591: val_loss -0.9503
2026-08-07 20:06:55.577783: Pseudo dice [np.float32(0.9649), np.float32(0.9766), np.float32(0.9727)]
2026-08-07 20:06:55.578268: Epoch time: 24.17 s
2026-08-07 20:06:55.992801: 
2026-08-07 20:06:55.993317: Epoch 420
2026-08-07 20:06:55.994070: Current learning rate: 0.00612
2026-08-07 20:07:20.156152: train_loss -0.9464
2026-08-07 20:07:20.156960: val_loss -0.9504
2026-08-07 20:07:20.157199: Pseudo dice [np.float32(0.9649), np.float32(0.9775), np.float32(0.972)]
2026-08-07 20:07:20.158311: Epoch time: 24.16 s
2026-08-07 20:07:20.158907: Yayy! New best EMA pseudo Dice: 0.9702000021934509
2026-08-07 20:07:20.595282: 
2026-08-07 20:07:20.595506: Epoch 421
2026-08-07 20:07:20.595655: Current learning rate: 0.00612
2026-08-07 20:07:44.761268: train_loss -0.9459
2026-08-07 20:07:44.761693: val_loss -0.9458
2026-08-07 20:07:44.762061: Pseudo dice [np.float32(0.9598), np.float32(0.9757), np.float32(0.9731)]
2026-08-07 20:07:44.762357: Epoch time: 24.17 s
2026-08-07 20:07:45.177187: 
2026-08-07 20:07:45.177505: Epoch 422
2026-08-07 20:07:45.177752: Current learning rate: 0.00611
2026-08-07 20:08:09.340485: train_loss -0.9445
2026-08-07 20:08:09.340928: val_loss -0.9473
2026-08-07 20:08:09.342470: Pseudo dice [np.float32(0.9625), np.float32(0.9758), np.float32(0.9724)]
2026-08-07 20:08:09.342758: Epoch time: 24.16 s
2026-08-07 20:08:09.749020: 
2026-08-07 20:08:09.749295: Epoch 423
2026-08-07 20:08:09.749470: Current learning rate: 0.0061
2026-08-07 20:08:33.919209: train_loss -0.9453
2026-08-07 20:08:33.919616: val_loss -0.9485
2026-08-07 20:08:33.919924: Pseudo dice [np.float32(0.9632), np.float32(0.9771), np.float32(0.9725)]
2026-08-07 20:08:33.920354: Epoch time: 24.17 s
2026-08-07 20:08:33.920733: Yayy! New best EMA pseudo Dice: 0.9702000021934509
2026-08-07 20:08:34.348709: 
2026-08-07 20:08:34.348923: Epoch 424
2026-08-07 20:08:34.349213: Current learning rate: 0.00609
2026-08-07 20:08:58.516808: train_loss -0.9463
2026-08-07 20:08:58.517551: val_loss -0.9492
2026-08-07 20:08:58.517859: Pseudo dice [np.float32(0.9637), np.float32(0.9766), np.float32(0.9725)]
2026-08-07 20:08:58.518154: Epoch time: 24.17 s
2026-08-07 20:08:58.518372: Yayy! New best EMA pseudo Dice: 0.970300018787384
2026-08-07 20:08:58.962948: 
2026-08-07 20:08:58.963200: Epoch 425
2026-08-07 20:08:58.963454: Current learning rate: 0.00608
2026-08-07 20:09:23.126146: train_loss -0.9466
2026-08-07 20:09:23.126530: val_loss -0.9502
2026-08-07 20:09:23.127281: Pseudo dice [np.float32(0.9649), np.float32(0.9768), np.float32(0.9737)]
2026-08-07 20:09:23.127766: Epoch time: 24.16 s
2026-08-07 20:09:23.127952: Yayy! New best EMA pseudo Dice: 0.9703999757766724
2026-08-07 20:09:23.565584: 
2026-08-07 20:09:23.565930: Epoch 426
2026-08-07 20:09:23.566387: Current learning rate: 0.00607
2026-08-07 20:09:47.737556: train_loss -0.9466
2026-08-07 20:09:47.737942: val_loss -0.9494
2026-08-07 20:09:47.739016: Pseudo dice [np.float32(0.9637), np.float32(0.9764), np.float32(0.9735)]
2026-08-07 20:09:47.739190: Epoch time: 24.17 s
2026-08-07 20:09:47.740221: Yayy! New best EMA pseudo Dice: 0.9704999923706055
2026-08-07 20:09:48.430186: 
2026-08-07 20:09:48.430449: Epoch 427
2026-08-07 20:09:48.430836: Current learning rate: 0.00606
2026-08-07 20:10:12.598000: train_loss -0.9454
2026-08-07 20:10:12.598605: val_loss -0.9467
2026-08-07 20:10:12.599435: Pseudo dice [np.float32(0.9615), np.float32(0.9762), np.float32(0.9692)]
2026-08-07 20:10:12.600379: Epoch time: 24.17 s
2026-08-07 20:10:13.015536: 
2026-08-07 20:10:13.016439: Epoch 428
2026-08-07 20:10:13.016680: Current learning rate: 0.00605
2026-08-07 20:10:37.182566: train_loss -0.9468
2026-08-07 20:10:37.182966: val_loss -0.9503
2026-08-07 20:10:37.183453: Pseudo dice [np.float32(0.9642), np.float32(0.9775), np.float32(0.9723)]
2026-08-07 20:10:37.183804: Epoch time: 24.17 s
2026-08-07 20:10:37.589768: 
2026-08-07 20:10:37.590041: Epoch 429
2026-08-07 20:10:37.590393: Current learning rate: 0.00604
2026-08-07 20:11:01.765395: train_loss -0.9453
2026-08-07 20:11:01.766005: val_loss -0.9405
2026-08-07 20:11:01.766312: Pseudo dice [np.float32(0.959), np.float32(0.9737), np.float32(0.9665)]
2026-08-07 20:11:01.766541: Epoch time: 24.18 s
2026-08-07 20:11:02.180742: 
2026-08-07 20:11:02.180958: Epoch 430
2026-08-07 20:11:02.181095: Current learning rate: 0.00603
2026-08-07 20:11:26.342249: train_loss -0.9459
2026-08-07 20:11:26.343081: val_loss -0.9481
2026-08-07 20:11:26.343550: Pseudo dice [np.float32(0.9637), np.float32(0.9762), np.float32(0.9706)]
2026-08-07 20:11:26.344786: Epoch time: 24.16 s
2026-08-07 20:11:26.754543: 
2026-08-07 20:11:26.754755: Epoch 431
2026-08-07 20:11:26.754961: Current learning rate: 0.00602
2026-08-07 20:11:50.928040: train_loss -0.9445
2026-08-07 20:11:50.928433: val_loss -0.9461
2026-08-07 20:11:50.928874: Pseudo dice [np.float32(0.9619), np.float32(0.975), np.float32(0.9714)]
2026-08-07 20:11:50.929635: Epoch time: 24.17 s
2026-08-07 20:11:51.339656: 
2026-08-07 20:11:51.339929: Epoch 432
2026-08-07 20:11:51.340074: Current learning rate: 0.00601
2026-08-07 20:12:15.516229: train_loss -0.9455
2026-08-07 20:12:15.518408: val_loss -0.949
2026-08-07 20:12:15.518671: Pseudo dice [np.float32(0.9623), np.float32(0.9773), np.float32(0.974)]
2026-08-07 20:12:15.518947: Epoch time: 24.18 s
2026-08-07 20:12:15.930888: 
2026-08-07 20:12:15.931095: Epoch 433
2026-08-07 20:12:15.931333: Current learning rate: 0.006
2026-08-07 20:12:40.102272: train_loss -0.9468
2026-08-07 20:12:40.103126: val_loss -0.9492
2026-08-07 20:12:40.104021: Pseudo dice [np.float32(0.9636), np.float32(0.9767), np.float32(0.9724)]
2026-08-07 20:12:40.104269: Epoch time: 24.17 s
2026-08-07 20:12:40.508289: 
2026-08-07 20:12:40.508497: Epoch 434
2026-08-07 20:12:40.508845: Current learning rate: 0.00599
2026-08-07 20:13:04.666260: train_loss -0.946
2026-08-07 20:13:04.666753: val_loss -0.9503
2026-08-07 20:13:04.666924: Pseudo dice [np.float32(0.9643), np.float32(0.9772), np.float32(0.9729)]
2026-08-07 20:13:04.667085: Epoch time: 24.16 s
2026-08-07 20:13:05.077926: 
2026-08-07 20:13:05.078141: Epoch 435
2026-08-07 20:13:05.078498: Current learning rate: 0.00598
2026-08-07 20:13:29.237507: train_loss -0.9459
2026-08-07 20:13:29.238106: val_loss -0.9358
2026-08-07 20:13:29.238629: Pseudo dice [np.float32(0.9511), np.float32(0.9731), np.float32(0.9691)]
2026-08-07 20:13:29.239499: Epoch time: 24.16 s
2026-08-07 20:13:29.661539: 
2026-08-07 20:13:29.661752: Epoch 436
2026-08-07 20:13:29.661890: Current learning rate: 0.00597
2026-08-07 20:13:53.823081: train_loss -0.9462
2026-08-07 20:13:53.823476: val_loss -0.8332
2026-08-07 20:13:53.824387: Pseudo dice [np.float32(0.8613), np.float32(0.9769), np.float32(0.9725)]
2026-08-07 20:13:53.824615: Epoch time: 24.16 s
2026-08-07 20:13:54.235625: 
2026-08-07 20:13:54.236087: Epoch 437
2026-08-07 20:13:54.236328: Current learning rate: 0.00596
2026-08-07 20:14:18.401732: train_loss -0.9458
2026-08-07 20:14:18.402138: val_loss -0.9488
2026-08-07 20:14:18.403306: Pseudo dice [np.float32(0.9631), np.float32(0.9762), np.float32(0.9727)]
2026-08-07 20:14:18.403713: Epoch time: 24.17 s
2026-08-07 20:14:18.816479: 
2026-08-07 20:14:18.816690: Epoch 438
2026-08-07 20:14:18.816819: Current learning rate: 0.00595
2026-08-07 20:14:42.980431: train_loss -0.9459
2026-08-07 20:14:42.980829: val_loss -0.9501
2026-08-07 20:14:42.981106: Pseudo dice [np.float32(0.9636), np.float32(0.9767), np.float32(0.9734)]
2026-08-07 20:14:42.981352: Epoch time: 24.16 s
2026-08-07 20:14:43.395566: 
2026-08-07 20:14:43.395780: Epoch 439
2026-08-07 20:14:43.396255: Current learning rate: 0.00594
2026-08-07 20:15:07.548074: train_loss -0.9451
2026-08-07 20:15:07.548614: val_loss -0.9474
2026-08-07 20:15:07.548908: Pseudo dice [np.float32(0.9624), np.float32(0.976), np.float32(0.9724)]
2026-08-07 20:15:07.549624: Epoch time: 24.15 s
2026-08-07 20:15:08.200789: 
2026-08-07 20:15:08.201007: Epoch 440
2026-08-07 20:15:08.201143: Current learning rate: 0.00593
2026-08-07 20:15:32.365297: train_loss -0.9449
2026-08-07 20:15:32.365765: val_loss -0.9433
2026-08-07 20:15:32.365935: Pseudo dice [np.float32(0.9565), np.float32(0.9753), np.float32(0.9737)]
2026-08-07 20:15:32.366092: Epoch time: 24.16 s
2026-08-07 20:15:32.779052: 
2026-08-07 20:15:32.779487: Epoch 441
2026-08-07 20:15:32.779767: Current learning rate: 0.00592
2026-08-07 20:15:56.934593: train_loss -0.9449
2026-08-07 20:15:56.934962: val_loss -0.9493
2026-08-07 20:15:56.935135: Pseudo dice [np.float32(0.964), np.float32(0.9767), np.float32(0.9722)]
2026-08-07 20:15:56.935398: Epoch time: 24.16 s
2026-08-07 20:15:57.344518: 
2026-08-07 20:15:57.344731: Epoch 442
2026-08-07 20:15:57.344861: Current learning rate: 0.00592
2026-08-07 20:16:21.500711: train_loss -0.946
2026-08-07 20:16:21.501096: val_loss -0.9503
2026-08-07 20:16:21.502845: Pseudo dice [np.float32(0.9648), np.float32(0.9766), np.float32(0.9733)]
2026-08-07 20:16:21.503152: Epoch time: 24.16 s
2026-08-07 20:16:21.921349: 
2026-08-07 20:16:21.921895: Epoch 443
2026-08-07 20:16:21.922536: Current learning rate: 0.00591
2026-08-07 20:16:46.072252: train_loss -0.9457
2026-08-07 20:16:46.073029: val_loss -0.9495
2026-08-07 20:16:46.073510: Pseudo dice [np.float32(0.9638), np.float32(0.9763), np.float32(0.9735)]
2026-08-07 20:16:46.074230: Epoch time: 24.15 s
2026-08-07 20:16:46.478568: 
2026-08-07 20:16:46.478789: Epoch 444
2026-08-07 20:16:46.478920: Current learning rate: 0.0059
2026-08-07 20:17:10.629420: train_loss -0.9464
2026-08-07 20:17:10.629813: val_loss -0.9495
2026-08-07 20:17:10.630550: Pseudo dice [np.float32(0.9635), np.float32(0.9769), np.float32(0.973)]
2026-08-07 20:17:10.631508: Epoch time: 24.15 s
2026-08-07 20:17:11.035765: 
2026-08-07 20:17:11.036026: Epoch 445
2026-08-07 20:17:11.036160: Current learning rate: 0.00589
2026-08-07 20:17:35.200189: train_loss -0.9463
2026-08-07 20:17:35.200659: val_loss -0.9491
2026-08-07 20:17:35.201043: Pseudo dice [np.float32(0.9623), np.float32(0.9767), np.float32(0.9729)]
2026-08-07 20:17:35.201442: Epoch time: 24.16 s
2026-08-07 20:17:35.606741: 
2026-08-07 20:17:35.607035: Epoch 446
2026-08-07 20:17:35.607290: Current learning rate: 0.00588
2026-08-07 20:17:59.765668: train_loss -0.9464
2026-08-07 20:17:59.766036: val_loss -0.9495
2026-08-07 20:17:59.766897: Pseudo dice [np.float32(0.9635), np.float32(0.9764), np.float32(0.9738)]
2026-08-07 20:17:59.767399: Epoch time: 24.16 s
2026-08-07 20:18:00.183926: 
2026-08-07 20:18:00.184328: Epoch 447
2026-08-07 20:18:00.185127: Current learning rate: 0.00587
2026-08-07 20:18:24.354589: train_loss -0.946
2026-08-07 20:18:24.355006: val_loss -0.9465
2026-08-07 20:18:24.355428: Pseudo dice [np.float32(0.9623), np.float32(0.9751), np.float32(0.9712)]
2026-08-07 20:18:24.355787: Epoch time: 24.17 s
2026-08-07 20:18:24.757901: 
2026-08-07 20:18:24.758114: Epoch 448
2026-08-07 20:18:24.758303: Current learning rate: 0.00586
2026-08-07 20:18:48.910571: train_loss -0.947
2026-08-07 20:18:48.910960: val_loss -0.9236
2026-08-07 20:18:48.911867: Pseudo dice [np.float32(0.9327), np.float32(0.976), np.float32(0.9725)]
2026-08-07 20:18:48.912641: Epoch time: 24.15 s
2026-08-07 20:18:49.337039: 
2026-08-07 20:18:49.337260: Epoch 449
2026-08-07 20:18:49.337540: Current learning rate: 0.00585
2026-08-07 20:19:13.502540: train_loss -0.9462
2026-08-07 20:19:13.502929: val_loss -0.9503
2026-08-07 20:19:13.503357: Pseudo dice [np.float32(0.9643), np.float32(0.9773), np.float32(0.9729)]
2026-08-07 20:19:13.503797: Epoch time: 24.17 s
2026-08-07 20:19:13.931326: 
2026-08-07 20:19:13.931547: Epoch 450
2026-08-07 20:19:13.932334: Current learning rate: 0.00584
2026-08-07 20:19:38.090307: train_loss -0.9458
2026-08-07 20:19:38.090756: val_loss -0.9486
2026-08-07 20:19:38.090952: Pseudo dice [np.float32(0.9632), np.float32(0.9773), np.float32(0.9721)]
2026-08-07 20:19:38.091356: Epoch time: 24.16 s
2026-08-07 20:19:38.490608: 
2026-08-07 20:19:38.490811: Epoch 451
2026-08-07 20:19:38.490947: Current learning rate: 0.00583
2026-08-07 20:20:02.644531: train_loss -0.9458
2026-08-07 20:20:02.645300: val_loss -0.9472
2026-08-07 20:20:02.645825: Pseudo dice [np.float32(0.9631), np.float32(0.9755), np.float32(0.9708)]
2026-08-07 20:20:02.646187: Epoch time: 24.15 s
2026-08-07 20:20:03.072017: 
2026-08-07 20:20:03.072403: Epoch 452
2026-08-07 20:20:03.072645: Current learning rate: 0.00582
2026-08-07 20:20:27.224648: train_loss -0.9459
2026-08-07 20:20:27.225317: val_loss -0.9095
2026-08-07 20:20:27.227283: Pseudo dice [np.float32(0.9141), np.float32(0.976), np.float32(0.9721)]
2026-08-07 20:20:27.227538: Epoch time: 24.15 s
2026-08-07 20:20:27.878222: 
2026-08-07 20:20:27.878430: Epoch 453
2026-08-07 20:20:27.878675: Current learning rate: 0.00581
2026-08-07 20:20:52.031918: train_loss -0.9459
2026-08-07 20:20:52.032318: val_loss -0.9445
2026-08-07 20:20:52.033359: Pseudo dice [np.float32(0.958), np.float32(0.9762), np.float32(0.9726)]
2026-08-07 20:20:52.035620: Epoch time: 24.15 s
2026-08-07 20:20:52.450000: 
2026-08-07 20:20:52.450283: Epoch 454
2026-08-07 20:20:52.450485: Current learning rate: 0.0058
2026-08-07 20:21:16.613602: train_loss -0.9463
2026-08-07 20:21:16.614019: val_loss -0.8815
2026-08-07 20:21:16.614588: Pseudo dice [np.float32(0.8876), np.float32(0.9693), np.float32(0.9698)]
2026-08-07 20:21:16.614897: Epoch time: 24.16 s
2026-08-07 20:21:17.016700: 
2026-08-07 20:21:17.016912: Epoch 455
2026-08-07 20:21:17.017215: Current learning rate: 0.00579
2026-08-07 20:21:41.185649: train_loss -0.9457
2026-08-07 20:21:41.186037: val_loss -0.9478
2026-08-07 20:21:41.186198: Pseudo dice [np.float32(0.9629), np.float32(0.9759), np.float32(0.9725)]
2026-08-07 20:21:41.186550: Epoch time: 24.17 s
2026-08-07 20:21:41.584544: 
2026-08-07 20:21:41.584761: Epoch 456
2026-08-07 20:21:41.584891: Current learning rate: 0.00578
2026-08-07 20:22:05.755593: train_loss -0.9474
2026-08-07 20:22:05.755990: val_loss -0.9506
2026-08-07 20:22:05.756439: Pseudo dice [np.float32(0.9637), np.float32(0.9769), np.float32(0.9739)]
2026-08-07 20:22:05.756736: Epoch time: 24.17 s
2026-08-07 20:22:06.171365: 
2026-08-07 20:22:06.172280: Epoch 457
2026-08-07 20:22:06.172526: Current learning rate: 0.00577
2026-08-07 20:22:30.328295: train_loss -0.9456
2026-08-07 20:22:30.329269: val_loss -0.9507
2026-08-07 20:22:30.329615: Pseudo dice [np.float32(0.9646), np.float32(0.9769), np.float32(0.9736)]
2026-08-07 20:22:30.329832: Epoch time: 24.16 s
2026-08-07 20:22:30.733268: 
2026-08-07 20:22:30.733478: Epoch 458
2026-08-07 20:22:30.733729: Current learning rate: 0.00576
2026-08-07 20:22:54.898509: train_loss -0.9447
2026-08-07 20:22:54.899320: val_loss -0.9074
2026-08-07 20:22:54.899849: Pseudo dice [np.float32(0.9112), np.float32(0.9744), np.float32(0.9702)]
2026-08-07 20:22:54.900145: Epoch time: 24.17 s
2026-08-07 20:22:55.304122: 
2026-08-07 20:22:55.304331: Epoch 459
2026-08-07 20:22:55.305227: Current learning rate: 0.00575
2026-08-07 20:23:19.467339: train_loss -0.9449
2026-08-07 20:23:19.467734: val_loss -0.9304
2026-08-07 20:23:19.468465: Pseudo dice [np.float32(0.9456), np.float32(0.9728), np.float32(0.9664)]
2026-08-07 20:23:19.469347: Epoch time: 24.16 s
2026-08-07 20:23:19.875675: 
2026-08-07 20:23:19.875889: Epoch 460
2026-08-07 20:23:19.876127: Current learning rate: 0.00574
2026-08-07 20:23:44.040104: train_loss -0.9454
2026-08-07 20:23:44.040495: val_loss -0.9516
2026-08-07 20:23:44.040846: Pseudo dice [np.float32(0.9658), np.float32(0.9773), np.float32(0.9735)]
2026-08-07 20:23:44.041015: Epoch time: 24.16 s
2026-08-07 20:23:44.450448: 
2026-08-07 20:23:44.450663: Epoch 461
2026-08-07 20:23:44.451415: Current learning rate: 0.00573
2026-08-07 20:24:08.612205: train_loss -0.9475
2026-08-07 20:24:08.612638: val_loss -0.9499
2026-08-07 20:24:08.612947: Pseudo dice [np.float32(0.9639), np.float32(0.9769), np.float32(0.9738)]
2026-08-07 20:24:08.613251: Epoch time: 24.16 s
2026-08-07 20:24:09.023352: 
2026-08-07 20:24:09.023560: Epoch 462
2026-08-07 20:24:09.023752: Current learning rate: 0.00572
2026-08-07 20:24:33.183591: train_loss -0.9471
2026-08-07 20:24:33.183975: val_loss -0.9519
2026-08-07 20:24:33.184674: Pseudo dice [np.float32(0.9659), np.float32(0.9776), np.float32(0.9731)]
2026-08-07 20:24:33.185075: Epoch time: 24.16 s
2026-08-07 20:24:33.588815: 
2026-08-07 20:24:33.589025: Epoch 463
2026-08-07 20:24:33.589257: Current learning rate: 0.00571
2026-08-07 20:24:57.746334: train_loss -0.9473
2026-08-07 20:24:57.746735: val_loss -0.9497
2026-08-07 20:24:57.746916: Pseudo dice [np.float32(0.9639), np.float32(0.9768), np.float32(0.9726)]
2026-08-07 20:24:57.747076: Epoch time: 24.16 s
2026-08-07 20:24:58.148860: 
2026-08-07 20:24:58.149320: Epoch 464
2026-08-07 20:24:58.149610: Current learning rate: 0.0057
2026-08-07 20:25:22.313212: train_loss -0.9471
2026-08-07 20:25:22.314300: val_loss -0.9449
2026-08-07 20:25:22.314712: Pseudo dice [np.float32(0.9604), np.float32(0.9755), np.float32(0.9703)]
2026-08-07 20:25:22.315003: Epoch time: 24.16 s
2026-08-07 20:25:22.726496: 
2026-08-07 20:25:22.726724: Epoch 465
2026-08-07 20:25:22.727371: Current learning rate: 0.0057
2026-08-07 20:25:46.898547: train_loss -0.9465
2026-08-07 20:25:46.898960: val_loss -0.9514
2026-08-07 20:25:46.899254: Pseudo dice [np.float32(0.9655), np.float32(0.9775), np.float32(0.9733)]
2026-08-07 20:25:46.900107: Epoch time: 24.17 s
2026-08-07 20:25:47.552446: 
2026-08-07 20:25:47.552704: Epoch 466
2026-08-07 20:25:47.552991: Current learning rate: 0.00569
2026-08-07 20:26:11.728478: train_loss -0.9471
2026-08-07 20:26:11.729011: val_loss -0.9447
2026-08-07 20:26:11.729429: Pseudo dice [np.float32(0.9604), np.float32(0.9747), np.float32(0.9708)]
2026-08-07 20:26:11.729648: Epoch time: 24.18 s
2026-08-07 20:26:12.136161: 
2026-08-07 20:26:12.136378: Epoch 467
2026-08-07 20:26:12.136626: Current learning rate: 0.00568
2026-08-07 20:26:36.305979: train_loss -0.9469
2026-08-07 20:26:36.306356: val_loss -0.9477
2026-08-07 20:26:36.307038: Pseudo dice [np.float32(0.9626), np.float32(0.9763), np.float32(0.9703)]
2026-08-07 20:26:36.308792: Epoch time: 24.17 s
2026-08-07 20:26:36.717252: 
2026-08-07 20:26:36.717469: Epoch 468
2026-08-07 20:26:36.718411: Current learning rate: 0.00567
2026-08-07 20:27:00.886860: train_loss -0.9455
2026-08-07 20:27:00.887308: val_loss -0.9485
2026-08-07 20:27:00.887644: Pseudo dice [np.float32(0.9636), np.float32(0.9762), np.float32(0.972)]
2026-08-07 20:27:00.887895: Epoch time: 24.17 s
2026-08-07 20:27:01.300114: 
2026-08-07 20:27:01.300335: Epoch 469
2026-08-07 20:27:01.301165: Current learning rate: 0.00566
2026-08-07 20:27:25.467643: train_loss -0.9453
2026-08-07 20:27:25.468249: val_loss -0.9499
2026-08-07 20:27:25.468428: Pseudo dice [np.float32(0.9641), np.float32(0.9765), np.float32(0.9735)]
2026-08-07 20:27:25.468935: Epoch time: 24.17 s
2026-08-07 20:27:25.873608: 
2026-08-07 20:27:25.873819: Epoch 470
2026-08-07 20:27:25.873965: Current learning rate: 0.00565
2026-08-07 20:27:50.046152: train_loss -0.9464
2026-08-07 20:27:50.046538: val_loss -0.9311
2026-08-07 20:27:50.046867: Pseudo dice [np.float32(0.9488), np.float32(0.9713), np.float32(0.9658)]
2026-08-07 20:27:50.047399: Epoch time: 24.17 s
2026-08-07 20:27:50.469197: 
2026-08-07 20:27:50.470306: Epoch 471
2026-08-07 20:27:50.470816: Current learning rate: 0.00564
2026-08-07 20:28:14.638936: train_loss -0.9464
2026-08-07 20:28:14.639337: val_loss -0.9331
2026-08-07 20:28:14.640292: Pseudo dice [np.float32(0.9459), np.float32(0.9747), np.float32(0.9721)]
2026-08-07 20:28:14.640514: Epoch time: 24.17 s
2026-08-07 20:28:15.052482: 
2026-08-07 20:28:15.052857: Epoch 472
2026-08-07 20:28:15.053089: Current learning rate: 0.00563
2026-08-07 20:28:39.224084: train_loss -0.9459
2026-08-07 20:28:39.224534: val_loss -0.9448
2026-08-07 20:28:39.224931: Pseudo dice [np.float32(0.9603), np.float32(0.9751), np.float32(0.9697)]
2026-08-07 20:28:39.225100: Epoch time: 24.17 s
2026-08-07 20:28:39.632503: 
2026-08-07 20:28:39.632734: Epoch 473
2026-08-07 20:28:39.633023: Current learning rate: 0.00562
2026-08-07 20:29:03.800510: train_loss -0.9475
2026-08-07 20:29:03.800909: val_loss -0.9501
2026-08-07 20:29:03.801452: Pseudo dice [np.float32(0.966), np.float32(0.9769), np.float32(0.9705)]
2026-08-07 20:29:03.801919: Epoch time: 24.17 s
2026-08-07 20:29:04.220615: 
2026-08-07 20:29:04.220831: Epoch 474
2026-08-07 20:29:04.221106: Current learning rate: 0.00561
2026-08-07 20:29:28.395956: train_loss -0.9477
2026-08-07 20:29:28.396377: val_loss -0.9394
2026-08-07 20:29:28.396817: Pseudo dice [np.float32(0.9525), np.float32(0.9756), np.float32(0.9715)]
2026-08-07 20:29:28.397069: Epoch time: 24.18 s
2026-08-07 20:29:28.816420: 
2026-08-07 20:29:28.817346: Epoch 475
2026-08-07 20:29:28.817740: Current learning rate: 0.0056
2026-08-07 20:29:52.985767: train_loss -0.9463
2026-08-07 20:29:52.986549: val_loss -0.9378
2026-08-07 20:29:52.987050: Pseudo dice [np.float32(0.9528), np.float32(0.9739), np.float32(0.9721)]
2026-08-07 20:29:52.987422: Epoch time: 24.17 s
2026-08-07 20:29:53.403346: 
2026-08-07 20:29:53.403995: Epoch 476
2026-08-07 20:29:53.404671: Current learning rate: 0.00559
2026-08-07 20:30:17.574882: train_loss -0.9462
2026-08-07 20:30:17.575293: val_loss -0.9492
2026-08-07 20:30:17.575707: Pseudo dice [np.float32(0.9637), np.float32(0.9766), np.float32(0.9727)]
2026-08-07 20:30:17.576003: Epoch time: 24.17 s
2026-08-07 20:30:17.978695: 
2026-08-07 20:30:17.978969: Epoch 477
2026-08-07 20:30:17.979224: Current learning rate: 0.00558
2026-08-07 20:30:42.151900: train_loss -0.9462
2026-08-07 20:30:42.152269: val_loss -0.9484
2026-08-07 20:30:42.152762: Pseudo dice [np.float32(0.9626), np.float32(0.9761), np.float32(0.973)]
2026-08-07 20:30:42.152929: Epoch time: 24.17 s
2026-08-07 20:30:42.564279: 
2026-08-07 20:30:42.564601: Epoch 478
2026-08-07 20:30:42.564802: Current learning rate: 0.00557
2026-08-07 20:31:06.738833: train_loss -0.9471
2026-08-07 20:31:06.739218: val_loss -0.948
2026-08-07 20:31:06.739393: Pseudo dice [np.float32(0.9633), np.float32(0.9766), np.float32(0.9701)]
2026-08-07 20:31:06.740534: Epoch time: 24.17 s
2026-08-07 20:31:07.389086: 
2026-08-07 20:31:07.389301: Epoch 479
2026-08-07 20:31:07.389553: Current learning rate: 0.00556
2026-08-07 20:31:31.563064: train_loss -0.9465
2026-08-07 20:31:31.563467: val_loss -0.95
2026-08-07 20:31:31.564765: Pseudo dice [np.float32(0.9647), np.float32(0.9765), np.float32(0.9717)]
2026-08-07 20:31:31.565037: Epoch time: 24.17 s
2026-08-07 20:31:31.974041: 
2026-08-07 20:31:31.974257: Epoch 480
2026-08-07 20:31:31.974655: Current learning rate: 0.00555
2026-08-07 20:31:56.144338: train_loss -0.9462
2026-08-07 20:31:56.145150: val_loss -0.9498
2026-08-07 20:31:56.145321: Pseudo dice [np.float32(0.9638), np.float32(0.9766), np.float32(0.9738)]
2026-08-07 20:31:56.145707: Epoch time: 24.17 s
2026-08-07 20:31:56.554051: 
2026-08-07 20:31:56.554324: Epoch 481
2026-08-07 20:31:56.554455: Current learning rate: 0.00554
2026-08-07 20:32:20.729596: train_loss -0.9476
2026-08-07 20:32:20.729981: val_loss -0.9494
2026-08-07 20:32:20.730145: Pseudo dice [np.float32(0.9635), np.float32(0.9767), np.float32(0.973)]
2026-08-07 20:32:20.730308: Epoch time: 24.18 s
2026-08-07 20:32:21.136843: 
2026-08-07 20:32:21.137054: Epoch 482
2026-08-07 20:32:21.137481: Current learning rate: 0.00553
2026-08-07 20:32:45.316965: train_loss -0.9477
2026-08-07 20:32:45.317368: val_loss -0.9423
2026-08-07 20:32:45.317724: Pseudo dice [np.float32(0.9576), np.float32(0.9745), np.float32(0.971)]
2026-08-07 20:32:45.318026: Epoch time: 24.18 s
2026-08-07 20:32:45.724540: 
2026-08-07 20:32:45.724759: Epoch 483
2026-08-07 20:32:45.724973: Current learning rate: 0.00552
2026-08-07 20:33:09.898610: train_loss -0.9468
2026-08-07 20:33:09.899119: val_loss -0.9488
2026-08-07 20:33:09.899454: Pseudo dice [np.float32(0.9642), np.float32(0.9765), np.float32(0.9717)]
2026-08-07 20:33:09.899671: Epoch time: 24.17 s
2026-08-07 20:33:10.310715: 
2026-08-07 20:33:10.311054: Epoch 484
2026-08-07 20:33:10.311235: Current learning rate: 0.00551
2026-08-07 20:33:34.481920: train_loss -0.9463
2026-08-07 20:33:34.482316: val_loss -0.9504
2026-08-07 20:33:34.482604: Pseudo dice [np.float32(0.9646), np.float32(0.9771), np.float32(0.9722)]
2026-08-07 20:33:34.483489: Epoch time: 24.17 s
2026-08-07 20:33:34.898581: 
2026-08-07 20:33:34.898786: Epoch 485
2026-08-07 20:33:34.898917: Current learning rate: 0.0055
2026-08-07 20:33:59.073265: train_loss -0.9476
2026-08-07 20:33:59.074368: val_loss -0.9508
2026-08-07 20:33:59.074837: Pseudo dice [np.float32(0.9646), np.float32(0.9765), np.float32(0.9744)]
2026-08-07 20:33:59.075103: Epoch time: 24.17 s
2026-08-07 20:33:59.479506: 
2026-08-07 20:33:59.479777: Epoch 486
2026-08-07 20:33:59.480118: Current learning rate: 0.00549
2026-08-07 20:34:23.646471: train_loss -0.9464
2026-08-07 20:34:23.647184: val_loss -0.9494
2026-08-07 20:34:23.648403: Pseudo dice [np.float32(0.9639), np.float32(0.9769), np.float32(0.9721)]
2026-08-07 20:34:23.649054: Epoch time: 24.17 s
2026-08-07 20:34:24.055465: 
2026-08-07 20:34:24.055676: Epoch 487
2026-08-07 20:34:24.056524: Current learning rate: 0.00548
2026-08-07 20:34:48.217795: train_loss -0.9462
2026-08-07 20:34:48.218266: val_loss -0.9489
2026-08-07 20:34:48.218600: Pseudo dice [np.float32(0.9638), np.float32(0.9768), np.float32(0.9715)]
2026-08-07 20:34:48.218817: Epoch time: 24.16 s
2026-08-07 20:34:48.633420: 
2026-08-07 20:34:48.633709: Epoch 488
2026-08-07 20:34:48.633981: Current learning rate: 0.00547
2026-08-07 20:35:12.801812: train_loss -0.9465
2026-08-07 20:35:12.802204: val_loss -0.9496
2026-08-07 20:35:12.802485: Pseudo dice [np.float32(0.9643), np.float32(0.9769), np.float32(0.9718)]
2026-08-07 20:35:12.802869: Epoch time: 24.17 s
2026-08-07 20:35:13.218222: 
2026-08-07 20:35:13.218677: Epoch 489
2026-08-07 20:35:13.218810: Current learning rate: 0.00546
2026-08-07 20:35:37.397755: train_loss -0.9462
2026-08-07 20:35:37.398783: val_loss -0.9503
2026-08-07 20:35:37.399034: Pseudo dice [np.float32(0.9644), np.float32(0.9773), np.float32(0.9733)]
2026-08-07 20:35:37.399204: Epoch time: 24.18 s
2026-08-07 20:35:37.806544: 
2026-08-07 20:35:37.806845: Epoch 490
2026-08-07 20:35:37.807220: Current learning rate: 0.00546
2026-08-07 20:36:01.981297: train_loss -0.946
2026-08-07 20:36:01.981704: val_loss -0.9464
2026-08-07 20:36:01.982176: Pseudo dice [np.float32(0.9618), np.float32(0.9754), np.float32(0.971)]
2026-08-07 20:36:01.982366: Epoch time: 24.17 s
2026-08-07 20:36:02.399492: 
2026-08-07 20:36:02.399713: Epoch 491
2026-08-07 20:36:02.399918: Current learning rate: 0.00545
2026-08-07 20:36:26.572253: train_loss -0.9461
2026-08-07 20:36:26.572650: val_loss -0.9449
2026-08-07 20:36:26.572868: Pseudo dice [np.float32(0.9608), np.float32(0.9742), np.float32(0.9715)]
2026-08-07 20:36:26.573742: Epoch time: 24.17 s
2026-08-07 20:36:27.220307: 
2026-08-07 20:36:27.220517: Epoch 492
2026-08-07 20:36:27.220896: Current learning rate: 0.00544
2026-08-07 20:36:51.396379: train_loss -0.9469
2026-08-07 20:36:51.396755: val_loss -0.8714
2026-08-07 20:36:51.396927: Pseudo dice [np.float32(0.8873), np.float32(0.9763), np.float32(0.9734)]
2026-08-07 20:36:51.397277: Epoch time: 24.18 s
2026-08-07 20:36:51.810341: 
2026-08-07 20:36:51.810589: Epoch 493
2026-08-07 20:36:51.811676: Current learning rate: 0.00543
2026-08-07 20:37:15.979723: train_loss -0.9467
2026-08-07 20:37:15.980102: val_loss -0.9475
2026-08-07 20:37:15.980531: Pseudo dice [np.float32(0.9632), np.float32(0.9755), np.float32(0.9705)]
2026-08-07 20:37:15.980781: Epoch time: 24.17 s
2026-08-07 20:37:16.399921: 
2026-08-07 20:37:16.400251: Epoch 494
2026-08-07 20:37:16.400379: Current learning rate: 0.00542
2026-08-07 20:37:40.577676: train_loss -0.9482
2026-08-07 20:37:40.578076: val_loss -0.9505
2026-08-07 20:37:40.578609: Pseudo dice [np.float32(0.9642), np.float32(0.9775), np.float32(0.9733)]
2026-08-07 20:37:40.579586: Epoch time: 24.18 s
2026-08-07 20:37:40.996037: 
2026-08-07 20:37:40.996240: Epoch 495
2026-08-07 20:37:40.996456: Current learning rate: 0.00541
2026-08-07 20:38:05.166948: train_loss -0.9468
2026-08-07 20:38:05.167330: val_loss -0.9508
2026-08-07 20:38:05.167749: Pseudo dice [np.float32(0.9648), np.float32(0.977), np.float32(0.9744)]
2026-08-07 20:38:05.168073: Epoch time: 24.17 s
2026-08-07 20:38:05.579943: 
2026-08-07 20:38:05.581245: Epoch 496
2026-08-07 20:38:05.581534: Current learning rate: 0.0054
2026-08-07 20:38:29.758775: train_loss -0.9478
2026-08-07 20:38:29.759163: val_loss -0.952
2026-08-07 20:38:29.760210: Pseudo dice [np.float32(0.9648), np.float32(0.9779), np.float32(0.9739)]
2026-08-07 20:38:29.760483: Epoch time: 24.18 s
2026-08-07 20:38:30.175723: 
2026-08-07 20:38:30.175942: Epoch 497
2026-08-07 20:38:30.176150: Current learning rate: 0.00539
2026-08-07 20:38:54.352405: train_loss -0.9486
2026-08-07 20:38:54.352788: val_loss -0.9505
2026-08-07 20:38:54.353095: Pseudo dice [np.float32(0.964), np.float32(0.9768), np.float32(0.9734)]
2026-08-07 20:38:54.353619: Epoch time: 24.18 s
2026-08-07 20:38:54.770461: 
2026-08-07 20:38:54.770668: Epoch 498
2026-08-07 20:38:54.770873: Current learning rate: 0.00538
2026-08-07 20:39:18.946437: train_loss -0.948
2026-08-07 20:39:18.946862: val_loss -0.9508
2026-08-07 20:39:18.947456: Pseudo dice [np.float32(0.9647), np.float32(0.9762), np.float32(0.9747)]
2026-08-07 20:39:18.947773: Epoch time: 24.18 s
2026-08-07 20:39:19.353394: 
2026-08-07 20:39:19.353621: Epoch 499
2026-08-07 20:39:19.353864: Current learning rate: 0.00537
2026-08-07 20:39:43.533246: train_loss -0.9457
2026-08-07 20:39:43.533666: val_loss -0.9498
2026-08-07 20:39:43.534909: Pseudo dice [np.float32(0.9642), np.float32(0.9773), np.float32(0.9731)]
2026-08-07 20:39:43.535636: Epoch time: 24.18 s
2026-08-07 20:39:43.978896: 
2026-08-07 20:39:43.979115: Epoch 500
2026-08-07 20:39:43.979257: Current learning rate: 0.00536
2026-08-07 20:40:08.147959: train_loss -0.9461
2026-08-07 20:40:08.148341: val_loss -0.9488
2026-08-07 20:40:08.149119: Pseudo dice [np.float32(0.9627), np.float32(0.9761), np.float32(0.9737)]
2026-08-07 20:40:08.149414: Epoch time: 24.17 s
2026-08-07 20:40:08.558674: 
2026-08-07 20:40:08.559482: Epoch 501
2026-08-07 20:40:08.559695: Current learning rate: 0.00535
2026-08-07 20:40:32.735224: train_loss -0.9479
2026-08-07 20:40:32.735625: val_loss -0.9475
2026-08-07 20:40:32.735812: Pseudo dice [np.float32(0.9638), np.float32(0.976), np.float32(0.9697)]
2026-08-07 20:40:32.736269: Epoch time: 24.18 s
2026-08-07 20:40:33.141389: 
2026-08-07 20:40:33.141592: Epoch 502
2026-08-07 20:40:33.141724: Current learning rate: 0.00534
2026-08-07 20:40:57.313646: train_loss -0.9467
2026-08-07 20:40:57.314066: val_loss -0.9514
2026-08-07 20:40:57.314243: Pseudo dice [np.float32(0.9651), np.float32(0.9771), np.float32(0.9741)]
2026-08-07 20:40:57.314688: Epoch time: 24.17 s
2026-08-07 20:40:57.726568: 
2026-08-07 20:40:57.726781: Epoch 503
2026-08-07 20:40:57.726987: Current learning rate: 0.00533
2026-08-07 20:41:21.897596: train_loss -0.947
2026-08-07 20:41:21.898565: val_loss -0.9499
2026-08-07 20:41:21.899262: Pseudo dice [np.float32(0.964), np.float32(0.976), np.float32(0.9735)]
2026-08-07 20:41:21.899452: Epoch time: 24.17 s
2026-08-07 20:41:22.315260: 
2026-08-07 20:41:22.315694: Epoch 504
2026-08-07 20:41:22.316365: Current learning rate: 0.00532
2026-08-07 20:41:46.485007: train_loss -0.9476
2026-08-07 20:41:46.485399: val_loss -0.9507
2026-08-07 20:41:46.485809: Pseudo dice [np.float32(0.9647), np.float32(0.9763), np.float32(0.9745)]
2026-08-07 20:41:46.486168: Epoch time: 24.17 s
2026-08-07 20:41:47.130951: 
2026-08-07 20:41:47.131157: Epoch 505
2026-08-07 20:41:47.131467: Current learning rate: 0.00531
2026-08-07 20:42:11.294364: train_loss -0.9476
2026-08-07 20:42:11.294766: val_loss -0.9504
2026-08-07 20:42:11.295679: Pseudo dice [np.float32(0.9649), np.float32(0.977), np.float32(0.9726)]
2026-08-07 20:42:11.296040: Epoch time: 24.16 s
2026-08-07 20:42:11.707672: 
2026-08-07 20:42:11.707890: Epoch 506
2026-08-07 20:42:11.708462: Current learning rate: 0.0053
2026-08-07 20:42:35.880837: train_loss -0.9465
2026-08-07 20:42:35.881896: val_loss -0.9477
2026-08-07 20:42:35.882076: Pseudo dice [np.float32(0.9626), np.float32(0.9766), np.float32(0.9714)]
2026-08-07 20:42:35.882238: Epoch time: 24.17 s
2026-08-07 20:42:36.297975: 
2026-08-07 20:42:36.298193: Epoch 507
2026-08-07 20:42:36.298856: Current learning rate: 0.00529
2026-08-07 20:43:00.464702: train_loss -0.9468
2026-08-07 20:43:00.465636: val_loss -0.9463
2026-08-07 20:43:00.466026: Pseudo dice [np.float32(0.9616), np.float32(0.9752), np.float32(0.9713)]
2026-08-07 20:43:00.466319: Epoch time: 24.17 s
2026-08-07 20:43:00.882052: 
2026-08-07 20:43:00.882259: Epoch 508
2026-08-07 20:43:00.882386: Current learning rate: 0.00528
2026-08-07 20:43:25.055713: train_loss -0.9472
2026-08-07 20:43:25.056620: val_loss -0.9439
2026-08-07 20:43:25.056843: Pseudo dice [np.float32(0.9579), np.float32(0.976), np.float32(0.9704)]
2026-08-07 20:43:25.057203: Epoch time: 24.17 s
2026-08-07 20:43:25.476817: 
2026-08-07 20:43:25.477017: Epoch 509
2026-08-07 20:43:25.477212: Current learning rate: 0.00527
2026-08-07 20:43:49.648540: train_loss -0.9478
2026-08-07 20:43:49.648918: val_loss -0.9471
2026-08-07 20:43:49.649204: Pseudo dice [np.float32(0.9613), np.float32(0.9765), np.float32(0.9733)]
2026-08-07 20:43:49.649778: Epoch time: 24.17 s
2026-08-07 20:43:50.063037: 
2026-08-07 20:43:50.063376: Epoch 510
2026-08-07 20:43:50.064289: Current learning rate: 0.00526
2026-08-07 20:44:14.242447: train_loss -0.9475
2026-08-07 20:44:14.242978: val_loss -0.9395
2026-08-07 20:44:14.243185: Pseudo dice [np.float32(0.9545), np.float32(0.9721), np.float32(0.9722)]
2026-08-07 20:44:14.243350: Epoch time: 24.18 s
2026-08-07 20:44:14.654444: 
2026-08-07 20:44:14.654660: Epoch 511
2026-08-07 20:44:14.654878: Current learning rate: 0.00525
2026-08-07 20:44:38.828585: train_loss -0.9457
2026-08-07 20:44:38.829452: val_loss -0.9466
2026-08-07 20:44:38.830650: Pseudo dice [np.float32(0.9612), np.float32(0.976), np.float32(0.9717)]
2026-08-07 20:44:38.831017: Epoch time: 24.17 s
2026-08-07 20:44:39.243213: 
2026-08-07 20:44:39.243429: Epoch 512
2026-08-07 20:44:39.243641: Current learning rate: 0.00524
2026-08-07 20:45:03.415525: train_loss -0.9462
2026-08-07 20:45:03.415906: val_loss -0.9488
2026-08-07 20:45:03.417014: Pseudo dice [np.float32(0.9648), np.float32(0.9758), np.float32(0.9711)]
2026-08-07 20:45:03.417931: Epoch time: 24.17 s
2026-08-07 20:45:03.833363: 
2026-08-07 20:45:03.833622: Epoch 513
2026-08-07 20:45:03.834096: Current learning rate: 0.00523
2026-08-07 20:45:28.003619: train_loss -0.9481
2026-08-07 20:45:28.004137: val_loss -0.9511
2026-08-07 20:45:28.004387: Pseudo dice [np.float32(0.9652), np.float32(0.977), np.float32(0.9731)]
2026-08-07 20:45:28.004915: Epoch time: 24.17 s
2026-08-07 20:45:28.413102: 
2026-08-07 20:45:28.413308: Epoch 514
2026-08-07 20:45:28.413447: Current learning rate: 0.00522
2026-08-07 20:45:52.585826: train_loss -0.946
2026-08-07 20:45:52.586219: val_loss -0.9418
2026-08-07 20:45:52.586545: Pseudo dice [np.float32(0.9549), np.float32(0.9759), np.float32(0.9723)]
2026-08-07 20:45:52.586804: Epoch time: 24.17 s
2026-08-07 20:45:52.995778: 
2026-08-07 20:45:52.996195: Epoch 515
2026-08-07 20:45:52.996937: Current learning rate: 0.00521
2026-08-07 20:46:17.172541: train_loss -0.9469
2026-08-07 20:46:17.172930: val_loss -0.9493
2026-08-07 20:46:17.173306: Pseudo dice [np.float32(0.9643), np.float32(0.9767), np.float32(0.9722)]
2026-08-07 20:46:17.173664: Epoch time: 24.18 s
2026-08-07 20:46:17.587077: 
2026-08-07 20:46:17.587277: Epoch 516
2026-08-07 20:46:17.587406: Current learning rate: 0.0052
2026-08-07 20:46:41.762730: train_loss -0.9447
2026-08-07 20:46:41.763135: val_loss -0.9494
2026-08-07 20:46:41.763316: Pseudo dice [np.float32(0.9644), np.float32(0.9767), np.float32(0.9728)]
2026-08-07 20:46:41.763823: Epoch time: 24.18 s
2026-08-07 20:46:42.172126: 
2026-08-07 20:46:42.172357: Epoch 517
2026-08-07 20:46:42.173026: Current learning rate: 0.00519
2026-08-07 20:47:06.355429: train_loss -0.9462
2026-08-07 20:47:06.355833: val_loss -0.9491
2026-08-07 20:47:06.356206: Pseudo dice [np.float32(0.9634), np.float32(0.9763), np.float32(0.9725)]
2026-08-07 20:47:06.356396: Epoch time: 24.18 s
2026-08-07 20:47:07.015069: 
2026-08-07 20:47:07.015501: Epoch 518
2026-08-07 20:47:07.015651: Current learning rate: 0.00518
2026-08-07 20:47:31.188214: train_loss -0.9479
2026-08-07 20:47:31.188624: val_loss -0.9508
2026-08-07 20:47:31.189399: Pseudo dice [np.float32(0.9649), np.float32(0.9774), np.float32(0.9735)]
2026-08-07 20:47:31.190086: Epoch time: 24.17 s
2026-08-07 20:47:31.603489: 
2026-08-07 20:47:31.603717: Epoch 519
2026-08-07 20:47:31.604126: Current learning rate: 0.00518
2026-08-07 20:47:55.776024: train_loss -0.9472
2026-08-07 20:47:55.776456: val_loss -0.9504
2026-08-07 20:47:55.776863: Pseudo dice [np.float32(0.9648), np.float32(0.9765), np.float32(0.9733)]
2026-08-07 20:47:55.777435: Epoch time: 24.17 s
2026-08-07 20:47:56.193269: 
2026-08-07 20:47:56.193484: Epoch 520
2026-08-07 20:47:56.193697: Current learning rate: 0.00517
2026-08-07 20:48:20.364199: train_loss -0.9479
2026-08-07 20:48:20.364591: val_loss -0.9191
2026-08-07 20:48:20.365893: Pseudo dice [np.float32(0.9244), np.float32(0.976), np.float32(0.9724)]
2026-08-07 20:48:20.366383: Epoch time: 24.17 s
2026-08-07 20:48:20.781554: 
2026-08-07 20:48:20.781776: Epoch 521
2026-08-07 20:48:20.781920: Current learning rate: 0.00516
2026-08-07 20:48:44.953801: train_loss -0.9469
2026-08-07 20:48:44.954181: val_loss -0.9297
2026-08-07 20:48:44.954509: Pseudo dice [np.float32(0.9399), np.float32(0.9757), np.float32(0.972)]
2026-08-07 20:48:44.955494: Epoch time: 24.17 s
2026-08-07 20:48:45.362153: 
2026-08-07 20:48:45.362356: Epoch 522
2026-08-07 20:48:45.362499: Current learning rate: 0.00515
2026-08-07 20:49:09.539746: train_loss -0.9461
2026-08-07 20:49:09.540134: val_loss -0.9367
2026-08-07 20:49:09.540609: Pseudo dice [np.float32(0.9458), np.float32(0.9766), np.float32(0.9732)]
2026-08-07 20:49:09.540881: Epoch time: 24.18 s
2026-08-07 20:49:09.946468: 
2026-08-07 20:49:09.946687: Epoch 523
2026-08-07 20:49:09.947277: Current learning rate: 0.00514
2026-08-07 20:49:34.119471: train_loss -0.9464
2026-08-07 20:49:34.119994: val_loss -0.9369
2026-08-07 20:49:34.120176: Pseudo dice [np.float32(0.9539), np.float32(0.9734), np.float32(0.9667)]
2026-08-07 20:49:34.120344: Epoch time: 24.17 s
2026-08-07 20:49:34.525455: 
2026-08-07 20:49:34.525667: Epoch 524
2026-08-07 20:49:34.525801: Current learning rate: 0.00513
2026-08-07 20:49:58.693984: train_loss -0.9456
2026-08-07 20:49:58.694378: val_loss -0.9474
2026-08-07 20:49:58.694702: Pseudo dice [np.float32(0.9618), np.float32(0.9765), np.float32(0.9721)]
2026-08-07 20:49:58.695086: Epoch time: 24.17 s
2026-08-07 20:49:59.102016: 
2026-08-07 20:49:59.102220: Epoch 525
2026-08-07 20:49:59.102425: Current learning rate: 0.00512
2026-08-07 20:50:23.275800: train_loss -0.9462
2026-08-07 20:50:23.276228: val_loss -0.9498
2026-08-07 20:50:23.276640: Pseudo dice [np.float32(0.9644), np.float32(0.9762), np.float32(0.9736)]
2026-08-07 20:50:23.276924: Epoch time: 24.17 s
2026-08-07 20:50:23.680229: 
2026-08-07 20:50:23.680439: Epoch 526
2026-08-07 20:50:23.680726: Current learning rate: 0.00511
2026-08-07 20:50:47.850805: train_loss -0.9471
2026-08-07 20:50:47.851209: val_loss -0.9497
2026-08-07 20:50:47.851695: Pseudo dice [np.float32(0.9639), np.float32(0.9765), np.float32(0.9736)]
2026-08-07 20:50:47.852422: Epoch time: 24.17 s
2026-08-07 20:50:48.273100: 
2026-08-07 20:50:48.273708: Epoch 527
2026-08-07 20:50:48.274269: Current learning rate: 0.0051
2026-08-07 20:51:12.443081: train_loss -0.9469
2026-08-07 20:51:12.443853: val_loss -0.9485
2026-08-07 20:51:12.444872: Pseudo dice [np.float32(0.963), np.float32(0.976), np.float32(0.9728)]
2026-08-07 20:51:12.445356: Epoch time: 24.17 s
2026-08-07 20:51:12.850151: 
2026-08-07 20:51:12.850358: Epoch 528
2026-08-07 20:51:12.850490: Current learning rate: 0.00509
2026-08-07 20:51:37.019548: train_loss -0.9472
2026-08-07 20:51:37.019988: val_loss -0.9433
2026-08-07 20:51:37.020497: Pseudo dice [np.float32(0.9556), np.float32(0.9765), np.float32(0.9729)]
2026-08-07 20:51:37.020695: Epoch time: 24.17 s
2026-08-07 20:51:37.443032: 
2026-08-07 20:51:37.443241: Epoch 529
2026-08-07 20:51:37.443375: Current learning rate: 0.00508
2026-08-07 20:52:01.617661: train_loss -0.947
2026-08-07 20:52:01.618149: val_loss -0.9504
2026-08-07 20:52:01.618434: Pseudo dice [np.float32(0.9646), np.float32(0.9772), np.float32(0.9729)]
2026-08-07 20:52:01.619650: Epoch time: 24.17 s
2026-08-07 20:52:02.265141: 
2026-08-07 20:52:02.265412: Epoch 530
2026-08-07 20:52:02.265878: Current learning rate: 0.00507
2026-08-07 20:52:26.428536: train_loss -0.9478
2026-08-07 20:52:26.428951: val_loss -0.951
2026-08-07 20:52:26.429423: Pseudo dice [np.float32(0.965), np.float32(0.977), np.float32(0.9731)]
2026-08-07 20:52:26.429721: Epoch time: 24.16 s
2026-08-07 20:52:26.842676: 
2026-08-07 20:52:26.842880: Epoch 531
2026-08-07 20:52:26.843127: Current learning rate: 0.00506
2026-08-07 20:52:51.005949: train_loss -0.9477
2026-08-07 20:52:51.006377: val_loss -0.9448
2026-08-07 20:52:51.006816: Pseudo dice [np.float32(0.9577), np.float32(0.9766), np.float32(0.9739)]
2026-08-07 20:52:51.007013: Epoch time: 24.16 s
2026-08-07 20:52:51.420034: 
2026-08-07 20:52:51.420246: Epoch 532
2026-08-07 20:52:51.420550: Current learning rate: 0.00505
2026-08-07 20:53:15.595820: train_loss -0.9473
2026-08-07 20:53:15.596220: val_loss -0.949
2026-08-07 20:53:15.596797: Pseudo dice [np.float32(0.9639), np.float32(0.9763), np.float32(0.9712)]
2026-08-07 20:53:15.597056: Epoch time: 24.18 s
2026-08-07 20:53:16.004711: 
2026-08-07 20:53:16.005036: Epoch 533
2026-08-07 20:53:16.005165: Current learning rate: 0.00504
2026-08-07 20:53:40.186570: train_loss -0.9476
2026-08-07 20:53:40.186957: val_loss -0.9512
2026-08-07 20:53:40.187133: Pseudo dice [np.float32(0.9652), np.float32(0.977), np.float32(0.9735)]
2026-08-07 20:53:40.187862: Epoch time: 24.18 s
2026-08-07 20:53:40.598971: 
2026-08-07 20:53:40.599188: Epoch 534
2026-08-07 20:53:40.599315: Current learning rate: 0.00503
2026-08-07 20:54:04.771801: train_loss -0.9481
2026-08-07 20:54:04.772212: val_loss -0.9497
2026-08-07 20:54:04.773123: Pseudo dice [np.float32(0.9637), np.float32(0.9763), np.float32(0.9731)]
2026-08-07 20:54:04.773402: Epoch time: 24.17 s
2026-08-07 20:54:05.189586: 
2026-08-07 20:54:05.189802: Epoch 535
2026-08-07 20:54:05.190082: Current learning rate: 0.00502
2026-08-07 20:54:29.356516: train_loss -0.948
2026-08-07 20:54:29.356944: val_loss -0.9518
2026-08-07 20:54:29.357232: Pseudo dice [np.float32(0.9652), np.float32(0.9774), np.float32(0.9748)]
2026-08-07 20:54:29.357662: Epoch time: 24.17 s
2026-08-07 20:54:29.764580: 
2026-08-07 20:54:29.764920: Epoch 536
2026-08-07 20:54:29.765268: Current learning rate: 0.00501
2026-08-07 20:54:53.939902: train_loss -0.9475
2026-08-07 20:54:53.940325: val_loss -0.9473
2026-08-07 20:54:53.941696: Pseudo dice [np.float32(0.9634), np.float32(0.9757), np.float32(0.9689)]
2026-08-07 20:54:53.942029: Epoch time: 24.18 s
2026-08-07 20:54:54.353415: 
2026-08-07 20:54:54.353712: Epoch 537
2026-08-07 20:54:54.354383: Current learning rate: 0.005
2026-08-07 20:55:18.526855: train_loss -0.948
2026-08-07 20:55:18.527283: val_loss -0.9506
2026-08-07 20:55:18.528635: Pseudo dice [np.float32(0.9643), np.float32(0.9772), np.float32(0.9737)]
2026-08-07 20:55:18.528899: Epoch time: 24.17 s
2026-08-07 20:55:18.947041: 
2026-08-07 20:55:18.947246: Epoch 538
2026-08-07 20:55:18.947372: Current learning rate: 0.00499
2026-08-07 20:55:43.120402: train_loss -0.9481
2026-08-07 20:55:43.120813: val_loss -0.9492
2026-08-07 20:55:43.121705: Pseudo dice [np.float32(0.964), np.float32(0.9767), np.float32(0.9711)]
2026-08-07 20:55:43.123278: Epoch time: 24.17 s
2026-08-07 20:55:43.544320: 
2026-08-07 20:55:43.544516: Epoch 539
2026-08-07 20:55:43.544663: Current learning rate: 0.00498
2026-08-07 20:56:07.720643: train_loss -0.9478
2026-08-07 20:56:07.721336: val_loss -0.9517
2026-08-07 20:56:07.721711: Pseudo dice [np.float32(0.9654), np.float32(0.9776), np.float32(0.9736)]
2026-08-07 20:56:07.721938: Epoch time: 24.18 s
2026-08-07 20:56:08.134294: 
2026-08-07 20:56:08.134512: Epoch 540
2026-08-07 20:56:08.135214: Current learning rate: 0.00497
2026-08-07 20:56:32.310897: train_loss -0.9477
2026-08-07 20:56:32.311293: val_loss -0.9466
2026-08-07 20:56:32.311591: Pseudo dice [np.float32(0.9612), np.float32(0.9763), np.float32(0.9714)]
2026-08-07 20:56:32.311816: Epoch time: 24.18 s
2026-08-07 20:56:32.720543: 
2026-08-07 20:56:32.720872: Epoch 541
2026-08-07 20:56:32.721404: Current learning rate: 0.00496
2026-08-07 20:56:56.888716: train_loss -0.9478
2026-08-07 20:56:56.889190: val_loss -0.9467
2026-08-07 20:56:56.891444: Pseudo dice [np.float32(0.9626), np.float32(0.9758), np.float32(0.97)]
2026-08-07 20:56:56.891823: Epoch time: 24.17 s
2026-08-07 20:56:57.307669: 
2026-08-07 20:56:57.307872: Epoch 542
2026-08-07 20:56:57.308323: Current learning rate: 0.00495
2026-08-07 20:57:21.477195: train_loss -0.9469
2026-08-07 20:57:21.478537: val_loss -0.9504
2026-08-07 20:57:21.479420: Pseudo dice [np.float32(0.9648), np.float32(0.9766), np.float32(0.9736)]
2026-08-07 20:57:21.479716: Epoch time: 24.17 s
2026-08-07 20:57:22.126260: 
2026-08-07 20:57:22.126586: Epoch 543
2026-08-07 20:57:22.127127: Current learning rate: 0.00494
2026-08-07 20:57:46.295795: train_loss -0.9467
2026-08-07 20:57:46.296248: val_loss -0.9454
2026-08-07 20:57:46.296917: Pseudo dice [np.float32(0.9586), np.float32(0.9758), np.float32(0.9735)]
2026-08-07 20:57:46.297448: Epoch time: 24.17 s
2026-08-07 20:57:46.710183: 
2026-08-07 20:57:46.710398: Epoch 544
2026-08-07 20:57:46.710692: Current learning rate: 0.00493
2026-08-07 20:58:10.882144: train_loss -0.948
2026-08-07 20:58:10.882674: val_loss -0.9145
2026-08-07 20:58:10.882847: Pseudo dice [np.float32(0.9172), np.float32(0.9766), np.float32(0.9729)]
2026-08-07 20:58:10.883015: Epoch time: 24.17 s
2026-08-07 20:58:11.296879: 
2026-08-07 20:58:11.297088: Epoch 545
2026-08-07 20:58:11.297220: Current learning rate: 0.00492
2026-08-07 20:58:35.470348: train_loss -0.9473
2026-08-07 20:58:35.470763: val_loss -0.9307
2026-08-07 20:58:35.472414: Pseudo dice [np.float32(0.9386), np.float32(0.9754), np.float32(0.9708)]
2026-08-07 20:58:35.472766: Epoch time: 24.17 s
2026-08-07 20:58:35.884991: 
2026-08-07 20:58:35.885306: Epoch 546
2026-08-07 20:58:35.885623: Current learning rate: 0.00491
2026-08-07 20:59:00.049818: train_loss -0.9481
2026-08-07 20:59:00.050244: val_loss -0.9486
2026-08-07 20:59:00.050427: Pseudo dice [np.float32(0.9637), np.float32(0.9766), np.float32(0.9713)]
2026-08-07 20:59:00.050947: Epoch time: 24.16 s
2026-08-07 20:59:00.460223: 
2026-08-07 20:59:00.460458: Epoch 547
2026-08-07 20:59:00.460798: Current learning rate: 0.0049
2026-08-07 20:59:24.627780: train_loss -0.9479
2026-08-07 20:59:24.628647: val_loss -0.9506
2026-08-07 20:59:24.628992: Pseudo dice [np.float32(0.9649), np.float32(0.9771), np.float32(0.9735)]
2026-08-07 20:59:24.629178: Epoch time: 24.17 s
2026-08-07 20:59:25.040126: 
2026-08-07 20:59:25.040383: Epoch 548
2026-08-07 20:59:25.040518: Current learning rate: 0.00489
2026-08-07 20:59:49.210674: train_loss -0.9483
2026-08-07 20:59:49.211116: val_loss -0.9514
2026-08-07 20:59:49.211382: Pseudo dice [np.float32(0.9655), np.float32(0.9773), np.float32(0.9742)]
2026-08-07 20:59:49.212262: Epoch time: 24.17 s
2026-08-07 20:59:49.622661: 
2026-08-07 20:59:49.622866: Epoch 549
2026-08-07 20:59:49.623095: Current learning rate: 0.00488
2026-08-07 21:00:13.806304: train_loss -0.9481
2026-08-07 21:00:13.806779: val_loss -0.9506
2026-08-07 21:00:13.807227: Pseudo dice [np.float32(0.9653), np.float32(0.977), np.float32(0.9729)]
2026-08-07 21:00:13.807491: Epoch time: 24.18 s
2026-08-07 21:00:14.246515: 
2026-08-07 21:00:14.246832: Epoch 550
2026-08-07 21:00:14.246971: Current learning rate: 0.00487
2026-08-07 21:00:38.425444: train_loss -0.9484
2026-08-07 21:00:38.426154: val_loss -0.9479
2026-08-07 21:00:38.426348: Pseudo dice [np.float32(0.9624), np.float32(0.9764), np.float32(0.9715)]
2026-08-07 21:00:38.427138: Epoch time: 24.18 s
2026-08-07 21:00:38.843170: 
2026-08-07 21:00:38.843404: Epoch 551
2026-08-07 21:00:38.844462: Current learning rate: 0.00486
2026-08-07 21:01:03.020124: train_loss -0.9481
2026-08-07 21:01:03.020529: val_loss -0.9391
2026-08-07 21:01:03.021921: Pseudo dice [np.float32(0.952), np.float32(0.9765), np.float32(0.971)]
2026-08-07 21:01:03.022911: Epoch time: 24.18 s
2026-08-07 21:01:03.439083: 
2026-08-07 21:01:03.439289: Epoch 552
2026-08-07 21:01:03.439419: Current learning rate: 0.00485
2026-08-07 21:01:27.610180: train_loss -0.9486
2026-08-07 21:01:27.610633: val_loss -0.9497
2026-08-07 21:01:27.610820: Pseudo dice [np.float32(0.9641), np.float32(0.9765), np.float32(0.973)]
2026-08-07 21:01:27.610987: Epoch time: 24.17 s
2026-08-07 21:01:28.024714: 
2026-08-07 21:01:28.024928: Epoch 553
2026-08-07 21:01:28.025145: Current learning rate: 0.00484
2026-08-07 21:01:52.203626: train_loss -0.9463
2026-08-07 21:01:52.204016: val_loss -0.9497
2026-08-07 21:01:52.204376: Pseudo dice [np.float32(0.9646), np.float32(0.9779), np.float32(0.9716)]
2026-08-07 21:01:52.204614: Epoch time: 24.18 s
2026-08-07 21:01:52.621069: 
2026-08-07 21:01:52.621303: Epoch 554
2026-08-07 21:01:52.622016: Current learning rate: 0.00484
2026-08-07 21:02:16.799026: train_loss -0.9472
2026-08-07 21:02:16.799425: val_loss -0.9496
2026-08-07 21:02:16.799944: Pseudo dice [np.float32(0.9629), np.float32(0.9765), np.float32(0.9747)]
2026-08-07 21:02:16.800274: Epoch time: 24.18 s
2026-08-07 21:02:17.204991: 
2026-08-07 21:02:17.205321: Epoch 555
2026-08-07 21:02:17.205611: Current learning rate: 0.00483
2026-08-07 21:02:41.377972: train_loss -0.9479
2026-08-07 21:02:41.378445: val_loss -0.9507
2026-08-07 21:02:41.378639: Pseudo dice [np.float32(0.9654), np.float32(0.9771), np.float32(0.9726)]
2026-08-07 21:02:41.379525: Epoch time: 24.17 s
2026-08-07 21:02:42.033270: 
2026-08-07 21:02:42.033486: Epoch 556
2026-08-07 21:02:42.033725: Current learning rate: 0.00482
2026-08-07 21:03:06.196936: train_loss -0.9467
2026-08-07 21:03:06.197319: val_loss -0.9516
2026-08-07 21:03:06.198383: Pseudo dice [np.float32(0.9657), np.float32(0.9771), np.float32(0.9741)]
2026-08-07 21:03:06.198867: Epoch time: 24.16 s
2026-08-07 21:03:06.613076: 
2026-08-07 21:03:06.613298: Epoch 557
2026-08-07 21:03:06.613542: Current learning rate: 0.00481
2026-08-07 21:03:30.786367: train_loss -0.9462
2026-08-07 21:03:30.786736: val_loss -0.9512
2026-08-07 21:03:30.786912: Pseudo dice [np.float32(0.9655), np.float32(0.9774), np.float32(0.9736)]
2026-08-07 21:03:30.787420: Epoch time: 24.17 s
2026-08-07 21:03:31.208100: 
2026-08-07 21:03:31.208308: Epoch 558
2026-08-07 21:03:31.208439: Current learning rate: 0.0048
2026-08-07 21:03:55.377991: train_loss -0.9467
2026-08-07 21:03:55.378691: val_loss -0.9489
2026-08-07 21:03:55.378870: Pseudo dice [np.float32(0.963), np.float32(0.977), np.float32(0.9734)]
2026-08-07 21:03:55.379444: Epoch time: 24.17 s
2026-08-07 21:03:55.790556: 
2026-08-07 21:03:55.790775: Epoch 559
2026-08-07 21:03:55.791170: Current learning rate: 0.00479
2026-08-07 21:04:19.963374: train_loss -0.948
2026-08-07 21:04:19.963757: val_loss -0.9505
2026-08-07 21:04:19.963962: Pseudo dice [np.float32(0.9643), np.float32(0.9768), np.float32(0.9738)]
2026-08-07 21:04:19.965995: Epoch time: 24.17 s
2026-08-07 21:04:19.966482: Yayy! New best EMA pseudo Dice: 0.9704999923706055
2026-08-07 21:04:20.406158: 
2026-08-07 21:04:20.406450: Epoch 560
2026-08-07 21:04:20.406698: Current learning rate: 0.00478
2026-08-07 21:04:44.579866: train_loss -0.9473
2026-08-07 21:04:44.580258: val_loss -0.9507
2026-08-07 21:04:44.580792: Pseudo dice [np.float32(0.9644), np.float32(0.9772), np.float32(0.9729)]
2026-08-07 21:04:44.581134: Epoch time: 24.17 s
2026-08-07 21:04:44.581419: Yayy! New best EMA pseudo Dice: 0.9706000089645386
2026-08-07 21:04:45.018210: 
2026-08-07 21:04:45.018452: Epoch 561
2026-08-07 21:04:45.018744: Current learning rate: 0.00477
2026-08-07 21:05:09.182016: train_loss -0.9479
2026-08-07 21:05:09.182414: val_loss -0.9512
2026-08-07 21:05:09.183723: Pseudo dice [np.float32(0.9655), np.float32(0.9767), np.float32(0.9734)]
2026-08-07 21:05:09.183972: Epoch time: 24.16 s
2026-08-07 21:05:09.184157: Yayy! New best EMA pseudo Dice: 0.97079998254776
2026-08-07 21:05:09.633836: 
2026-08-07 21:05:09.634044: Epoch 562
2026-08-07 21:05:09.634171: Current learning rate: 0.00476
2026-08-07 21:05:33.802948: train_loss -0.9475
2026-08-07 21:05:33.803312: val_loss -0.9503
2026-08-07 21:05:33.804149: Pseudo dice [np.float32(0.9643), np.float32(0.9768), np.float32(0.9727)]
2026-08-07 21:05:33.804933: Epoch time: 24.17 s
2026-08-07 21:05:33.805221: Yayy! New best EMA pseudo Dice: 0.97079998254776
2026-08-07 21:05:34.243700: 
2026-08-07 21:05:34.243908: Epoch 563
2026-08-07 21:05:34.244181: Current learning rate: 0.00475
2026-08-07 21:05:58.419871: train_loss -0.9485
2026-08-07 21:05:58.420396: val_loss -0.9488
2026-08-07 21:05:58.420847: Pseudo dice [np.float32(0.9629), np.float32(0.9764), np.float32(0.9729)]
2026-08-07 21:05:58.421153: Epoch time: 24.18 s
2026-08-07 21:05:58.833235: 
2026-08-07 21:05:58.833449: Epoch 564
2026-08-07 21:05:58.833588: Current learning rate: 0.00474
2026-08-07 21:06:23.002820: train_loss -0.9472
2026-08-07 21:06:23.003282: val_loss -0.902
2026-08-07 21:06:23.003766: Pseudo dice [np.float32(0.9062), np.float32(0.9757), np.float32(0.9741)]
2026-08-07 21:06:23.004076: Epoch time: 24.17 s
2026-08-07 21:06:23.411157: 
2026-08-07 21:06:23.411615: Epoch 565
2026-08-07 21:06:23.412172: Current learning rate: 0.00473
2026-08-07 21:06:47.586405: train_loss -0.9475
2026-08-07 21:06:47.586826: val_loss -0.9508
2026-08-07 21:06:47.586996: Pseudo dice [np.float32(0.9652), np.float32(0.9771), np.float32(0.9728)]
2026-08-07 21:06:47.587166: Epoch time: 24.18 s
2026-08-07 21:06:47.996584: 
2026-08-07 21:06:47.996788: Epoch 566
2026-08-07 21:06:47.996915: Current learning rate: 0.00472
2026-08-07 21:07:12.169194: train_loss -0.9479
2026-08-07 21:07:12.169592: val_loss -0.9511
2026-08-07 21:07:12.170867: Pseudo dice [np.float32(0.9651), np.float32(0.977), np.float32(0.9738)]
2026-08-07 21:07:12.171162: Epoch time: 24.17 s
2026-08-07 21:07:12.589015: 
2026-08-07 21:07:12.589229: Epoch 567
2026-08-07 21:07:12.589541: Current learning rate: 0.00471
2026-08-07 21:07:36.761120: train_loss -0.9486
2026-08-07 21:07:36.761541: val_loss -0.8896
2026-08-07 21:07:36.762014: Pseudo dice [np.float32(0.8897), np.float32(0.9766), np.float32(0.9709)]
2026-08-07 21:07:36.762260: Epoch time: 24.17 s
2026-08-07 21:07:37.175505: 
2026-08-07 21:07:37.175767: Epoch 568
2026-08-07 21:07:37.176023: Current learning rate: 0.0047
2026-08-07 21:08:01.355504: train_loss -0.9484
2026-08-07 21:08:01.356448: val_loss -0.9523
2026-08-07 21:08:01.357637: Pseudo dice [np.float32(0.9667), np.float32(0.9776), np.float32(0.9733)]
2026-08-07 21:08:01.357923: Epoch time: 24.18 s
2026-08-07 21:08:02.008694: 
2026-08-07 21:08:02.008920: Epoch 569
2026-08-07 21:08:02.009602: Current learning rate: 0.00469
2026-08-07 21:08:26.178540: train_loss -0.9488
2026-08-07 21:08:26.178920: val_loss -0.9508
2026-08-07 21:08:26.180310: Pseudo dice [np.float32(0.9649), np.float32(0.9771), np.float32(0.9727)]
2026-08-07 21:08:26.180495: Epoch time: 24.17 s
2026-08-07 21:08:26.596435: 
2026-08-07 21:08:26.596782: Epoch 570
2026-08-07 21:08:26.596947: Current learning rate: 0.00468
2026-08-07 21:08:50.774964: train_loss -0.9485
2026-08-07 21:08:50.775638: val_loss -0.9504
2026-08-07 21:08:50.775817: Pseudo dice [np.float32(0.9643), np.float32(0.9761), np.float32(0.9732)]
2026-08-07 21:08:50.776811: Epoch time: 24.18 s
2026-08-07 21:08:51.189475: 
2026-08-07 21:08:51.189722: Epoch 571
2026-08-07 21:08:51.190215: Current learning rate: 0.00467
2026-08-07 21:09:15.356505: train_loss -0.9472
2026-08-07 21:09:15.356999: val_loss -0.9524
2026-08-07 21:09:15.357524: Pseudo dice [np.float32(0.966), np.float32(0.9773), np.float32(0.9738)]
2026-08-07 21:09:15.358262: Epoch time: 24.17 s
2026-08-07 21:09:15.776510: 
2026-08-07 21:09:15.776738: Epoch 572
2026-08-07 21:09:15.777166: Current learning rate: 0.00466
2026-08-07 21:09:39.946796: train_loss -0.9487
2026-08-07 21:09:39.947570: val_loss -0.948
2026-08-07 21:09:39.948096: Pseudo dice [np.float32(0.9621), np.float32(0.9769), np.float32(0.9727)]
2026-08-07 21:09:39.948353: Epoch time: 24.17 s
2026-08-07 21:09:40.365777: 
2026-08-07 21:09:40.366010: Epoch 573
2026-08-07 21:09:40.366433: Current learning rate: 0.00465
2026-08-07 21:10:04.544856: train_loss -0.9481
2026-08-07 21:10:04.545247: val_loss -0.9511
2026-08-07 21:10:04.545554: Pseudo dice [np.float32(0.9644), np.float32(0.9775), np.float32(0.9736)]
2026-08-07 21:10:04.545730: Epoch time: 24.18 s
2026-08-07 21:10:04.968725: 
2026-08-07 21:10:04.969050: Epoch 574
2026-08-07 21:10:04.969191: Current learning rate: 0.00464
2026-08-07 21:10:29.144864: train_loss -0.9477
2026-08-07 21:10:29.145611: val_loss -0.9478
2026-08-07 21:10:29.146343: Pseudo dice [np.float32(0.9615), np.float32(0.9772), np.float32(0.9725)]
2026-08-07 21:10:29.146647: Epoch time: 24.18 s
2026-08-07 21:10:29.556479: 
2026-08-07 21:10:29.557096: Epoch 575
2026-08-07 21:10:29.557245: Current learning rate: 0.00463
2026-08-07 21:10:53.716833: train_loss -0.9475
2026-08-07 21:10:53.717248: val_loss -0.9392
2026-08-07 21:10:53.717424: Pseudo dice [np.float32(0.9495), np.float32(0.9775), np.float32(0.9716)]
2026-08-07 21:10:53.718175: Epoch time: 24.16 s
2026-08-07 21:10:54.128299: 
2026-08-07 21:10:54.128557: Epoch 576
2026-08-07 21:10:54.128768: Current learning rate: 0.00462
2026-08-07 21:11:18.291066: train_loss -0.9489
2026-08-07 21:11:18.291498: val_loss -0.951
2026-08-07 21:11:18.292057: Pseudo dice [np.float32(0.9656), np.float32(0.9775), np.float32(0.9723)]
2026-08-07 21:11:18.292926: Epoch time: 24.16 s
2026-08-07 21:11:18.706680: 
2026-08-07 21:11:18.706944: Epoch 577
2026-08-07 21:11:18.707187: Current learning rate: 0.00461
2026-08-07 21:11:42.868434: train_loss -0.9477
2026-08-07 21:11:42.869027: val_loss -0.9485
2026-08-07 21:11:42.869274: Pseudo dice [np.float32(0.9645), np.float32(0.976), np.float32(0.9708)]
2026-08-07 21:11:42.869613: Epoch time: 24.16 s
2026-08-07 21:11:43.288796: 
2026-08-07 21:11:43.289266: Epoch 578
2026-08-07 21:11:43.289458: Current learning rate: 0.0046
2026-08-07 21:12:07.458237: train_loss -0.948
2026-08-07 21:12:07.458966: val_loss -0.9497
2026-08-07 21:12:07.459401: Pseudo dice [np.float32(0.9642), np.float32(0.9763), np.float32(0.9735)]
2026-08-07 21:12:07.459913: Epoch time: 24.17 s
2026-08-07 21:12:07.876738: 
2026-08-07 21:12:07.877041: Epoch 579
2026-08-07 21:12:07.877351: Current learning rate: 0.00459
2026-08-07 21:12:32.052086: train_loss -0.9489
2026-08-07 21:12:32.052450: val_loss -0.9512
2026-08-07 21:12:32.053389: Pseudo dice [np.float32(0.9648), np.float32(0.9771), np.float32(0.9726)]
2026-08-07 21:12:32.053679: Epoch time: 24.18 s
2026-08-07 21:12:32.486377: 
2026-08-07 21:12:32.486592: Epoch 580
2026-08-07 21:12:32.487434: Current learning rate: 0.00458
2026-08-07 21:12:56.651959: train_loss -0.9479
2026-08-07 21:12:56.652350: val_loss -0.9487
2026-08-07 21:12:56.652816: Pseudo dice [np.float32(0.9635), np.float32(0.9763), np.float32(0.9714)]
2026-08-07 21:12:56.652992: Epoch time: 24.17 s
2026-08-07 21:12:57.305966: 
2026-08-07 21:12:57.306190: Epoch 581
2026-08-07 21:12:57.306315: Current learning rate: 0.00457
2026-08-07 21:13:21.473432: train_loss -0.9481
2026-08-07 21:13:21.473829: val_loss -0.9499
2026-08-07 21:13:21.474954: Pseudo dice [np.float32(0.9636), np.float32(0.9768), np.float32(0.9739)]
2026-08-07 21:13:21.475494: Epoch time: 24.17 s
2026-08-07 21:13:21.895353: 
2026-08-07 21:13:21.895578: Epoch 582
2026-08-07 21:13:21.895801: Current learning rate: 0.00456
2026-08-07 21:13:46.061056: train_loss -0.9492
2026-08-07 21:13:46.061472: val_loss -0.9522
2026-08-07 21:13:46.061794: Pseudo dice [np.float32(0.9657), np.float32(0.9778), np.float32(0.9738)]
2026-08-07 21:13:46.061966: Epoch time: 24.17 s
2026-08-07 21:13:46.481479: 
2026-08-07 21:13:46.481695: Epoch 583
2026-08-07 21:13:46.482263: Current learning rate: 0.00455
2026-08-07 21:14:10.656074: train_loss -0.9488
2026-08-07 21:14:10.656484: val_loss -0.8982
2026-08-07 21:14:10.656762: Pseudo dice [np.float32(0.9153), np.float32(0.976), np.float32(0.9701)]
2026-08-07 21:14:10.656984: Epoch time: 24.17 s
2026-08-07 21:14:11.074574: 
2026-08-07 21:14:11.074780: Epoch 584
2026-08-07 21:14:11.075453: Current learning rate: 0.00454
2026-08-07 21:14:35.236083: train_loss -0.9474
2026-08-07 21:14:35.236470: val_loss -0.9498
2026-08-07 21:14:35.237426: Pseudo dice [np.float32(0.964), np.float32(0.9768), np.float32(0.9725)]
2026-08-07 21:14:35.238217: Epoch time: 24.16 s
2026-08-07 21:14:35.662434: 
2026-08-07 21:14:35.662767: Epoch 585
2026-08-07 21:14:35.663050: Current learning rate: 0.00453
2026-08-07 21:14:59.823394: train_loss -0.9471
2026-08-07 21:14:59.823807: val_loss -0.9488
2026-08-07 21:14:59.824782: Pseudo dice [np.float32(0.9641), np.float32(0.9766), np.float32(0.9722)]
2026-08-07 21:14:59.825357: Epoch time: 24.16 s
2026-08-07 21:15:00.253225: 
2026-08-07 21:15:00.253657: Epoch 586
2026-08-07 21:15:00.253790: Current learning rate: 0.00452
2026-08-07 21:15:24.408660: train_loss -0.9483
2026-08-07 21:15:24.409110: val_loss -0.9501
2026-08-07 21:15:24.409651: Pseudo dice [np.float32(0.9644), np.float32(0.9769), np.float32(0.9726)]
2026-08-07 21:15:24.409938: Epoch time: 24.16 s
2026-08-07 21:15:24.825511: 
2026-08-07 21:15:24.825768: Epoch 587
2026-08-07 21:15:24.826073: Current learning rate: 0.00451
2026-08-07 21:15:48.987773: train_loss -0.9478
2026-08-07 21:15:48.988202: val_loss -0.947
2026-08-07 21:15:48.988516: Pseudo dice [np.float32(0.9634), np.float32(0.9758), np.float32(0.9703)]
2026-08-07 21:15:48.988846: Epoch time: 24.16 s
2026-08-07 21:15:49.418407: 
2026-08-07 21:15:49.418624: Epoch 588
2026-08-07 21:15:49.419384: Current learning rate: 0.0045
2026-08-07 21:16:13.583936: train_loss -0.9475
2026-08-07 21:16:13.584327: val_loss -0.8783
2026-08-07 21:16:13.584674: Pseudo dice [np.float32(0.8818), np.float32(0.9752), np.float32(0.9716)]
2026-08-07 21:16:13.585229: Epoch time: 24.17 s
2026-08-07 21:16:14.005179: 
2026-08-07 21:16:14.005395: Epoch 589
2026-08-07 21:16:14.006507: Current learning rate: 0.00449
2026-08-07 21:16:38.170283: train_loss -0.9478
2026-08-07 21:16:38.171078: val_loss -0.9519
2026-08-07 21:16:38.171855: Pseudo dice [np.float32(0.9655), np.float32(0.9772), np.float32(0.9751)]
2026-08-07 21:16:38.172158: Epoch time: 24.17 s
2026-08-07 21:16:38.595269: 
2026-08-07 21:16:38.595477: Epoch 590
2026-08-07 21:16:38.596210: Current learning rate: 0.00448
2026-08-07 21:17:02.756921: train_loss -0.948
2026-08-07 21:17:02.757308: val_loss -0.9509
2026-08-07 21:17:02.757748: Pseudo dice [np.float32(0.9649), np.float32(0.9769), np.float32(0.9729)]
2026-08-07 21:17:02.758132: Epoch time: 24.16 s
2026-08-07 21:17:03.176037: 
2026-08-07 21:17:03.176238: Epoch 591
2026-08-07 21:17:03.176979: Current learning rate: 0.00447
2026-08-07 21:17:27.343145: train_loss -0.9473
2026-08-07 21:17:27.343524: val_loss -0.9504
2026-08-07 21:17:27.344231: Pseudo dice [np.float32(0.9647), np.float32(0.9771), np.float32(0.9731)]
2026-08-07 21:17:27.344519: Epoch time: 24.17 s
2026-08-07 21:17:27.770122: 
2026-08-07 21:17:27.770330: Epoch 592
2026-08-07 21:17:27.770693: Current learning rate: 0.00446
2026-08-07 21:17:51.940024: train_loss -0.9482
2026-08-07 21:17:51.940405: val_loss -0.9419
2026-08-07 21:17:51.940962: Pseudo dice [np.float32(0.9542), np.float32(0.9753), np.float32(0.971)]
2026-08-07 21:17:51.941130: Epoch time: 24.17 s
2026-08-07 21:17:52.361997: 
2026-08-07 21:17:52.362216: Epoch 593
2026-08-07 21:17:52.362356: Current learning rate: 0.00445
2026-08-07 21:18:16.525554: train_loss -0.9487
2026-08-07 21:18:16.525968: val_loss -0.9485
2026-08-07 21:18:16.527424: Pseudo dice [np.float32(0.9647), np.float32(0.9766), np.float32(0.9693)]
2026-08-07 21:18:16.527773: Epoch time: 24.16 s
2026-08-07 21:18:17.189680: 
2026-08-07 21:18:17.190121: Epoch 594
2026-08-07 21:18:17.190378: Current learning rate: 0.00444
2026-08-07 21:18:41.347313: train_loss -0.9474
2026-08-07 21:18:41.347693: val_loss -0.9493
2026-08-07 21:18:41.348296: Pseudo dice [np.float32(0.9635), np.float32(0.9767), np.float32(0.9722)]
2026-08-07 21:18:41.348641: Epoch time: 24.16 s
2026-08-07 21:18:41.765363: 
2026-08-07 21:18:41.765569: Epoch 595
2026-08-07 21:18:41.765782: Current learning rate: 0.00443
2026-08-07 21:19:05.927674: train_loss -0.948
2026-08-07 21:19:05.928199: val_loss -0.9516
2026-08-07 21:19:05.928375: Pseudo dice [np.float32(0.9645), np.float32(0.9776), np.float32(0.974)]
2026-08-07 21:19:05.928679: Epoch time: 24.16 s
2026-08-07 21:19:06.356890: 
2026-08-07 21:19:06.357106: Epoch 596
2026-08-07 21:19:06.357296: Current learning rate: 0.00442
2026-08-07 21:19:30.517782: train_loss -0.9483
2026-08-07 21:19:30.518207: val_loss -0.9514
2026-08-07 21:19:30.518396: Pseudo dice [np.float32(0.9644), np.float32(0.978), np.float32(0.9741)]
2026-08-07 21:19:30.519134: Epoch time: 24.16 s
2026-08-07 21:19:30.932261: 
2026-08-07 21:19:30.932492: Epoch 597
2026-08-07 21:19:30.932713: Current learning rate: 0.00441
2026-08-07 21:19:55.096847: train_loss -0.9477
2026-08-07 21:19:55.097226: val_loss -0.9455
2026-08-07 21:19:55.097539: Pseudo dice [np.float32(0.9605), np.float32(0.9754), np.float32(0.972)]
2026-08-07 21:19:55.098537: Epoch time: 24.16 s
2026-08-07 21:19:55.522721: 
2026-08-07 21:19:55.522939: Epoch 598
2026-08-07 21:19:55.523529: Current learning rate: 0.0044
2026-08-07 21:20:19.679759: train_loss -0.9479
2026-08-07 21:20:19.680148: val_loss -0.947
2026-08-07 21:20:19.681451: Pseudo dice [np.float32(0.9623), np.float32(0.9749), np.float32(0.9718)]
2026-08-07 21:20:19.681803: Epoch time: 24.16 s
2026-08-07 21:20:20.110233: 
2026-08-07 21:20:20.110449: Epoch 599
2026-08-07 21:20:20.110683: Current learning rate: 0.00439
2026-08-07 21:20:44.275287: train_loss -0.9477
2026-08-07 21:20:44.275692: val_loss -0.9508
2026-08-07 21:20:44.276536: Pseudo dice [np.float32(0.9646), np.float32(0.9774), np.float32(0.9727)]
2026-08-07 21:20:44.277639: Epoch time: 24.17 s
2026-08-07 21:20:44.736904: 
2026-08-07 21:20:44.737438: Epoch 600
2026-08-07 21:20:44.738517: Current learning rate: 0.00438
2026-08-07 21:21:08.900017: train_loss -0.9483
2026-08-07 21:21:08.900415: val_loss -0.9512
2026-08-07 21:21:08.900905: Pseudo dice [np.float32(0.9651), np.float32(0.9763), np.float32(0.9741)]
2026-08-07 21:21:08.901404: Epoch time: 24.16 s
2026-08-07 21:21:09.321910: 
2026-08-07 21:21:09.322110: Epoch 601
2026-08-07 21:21:09.322241: Current learning rate: 0.00437
2026-08-07 21:21:33.474181: train_loss -0.9483
2026-08-07 21:21:33.475390: val_loss -0.9372
2026-08-07 21:21:33.476467: Pseudo dice [np.float32(0.95), np.float32(0.975), np.float32(0.9733)]
2026-08-07 21:21:33.476835: Epoch time: 24.15 s
2026-08-07 21:21:33.895391: 
2026-08-07 21:21:33.895620: Epoch 602
2026-08-07 21:21:33.896111: Current learning rate: 0.00436
2026-08-07 21:21:58.045020: train_loss -0.949
2026-08-07 21:21:58.045405: val_loss -0.9501
2026-08-07 21:21:58.045879: Pseudo dice [np.float32(0.9642), np.float32(0.9766), np.float32(0.9721)]
2026-08-07 21:21:58.046192: Epoch time: 24.15 s
2026-08-07 21:21:58.459315: 
2026-08-07 21:21:58.459530: Epoch 603
2026-08-07 21:21:58.459729: Current learning rate: 0.00435
2026-08-07 21:22:22.616601: train_loss -0.949
2026-08-07 21:22:22.616986: val_loss -0.95
2026-08-07 21:22:22.617167: Pseudo dice [np.float32(0.9659), np.float32(0.9775), np.float32(0.9697)]
2026-08-07 21:22:22.618264: Epoch time: 24.16 s
2026-08-07 21:22:23.044899: 
2026-08-07 21:22:23.045118: Epoch 604
2026-08-07 21:22:23.045413: Current learning rate: 0.00434
2026-08-07 21:22:47.201989: train_loss -0.9494
2026-08-07 21:22:47.202542: val_loss -0.9519
2026-08-07 21:22:47.202899: Pseudo dice [np.float32(0.966), np.float32(0.9775), np.float32(0.9739)]
2026-08-07 21:22:47.203367: Epoch time: 24.16 s
2026-08-07 21:22:47.624186: 
2026-08-07 21:22:47.624412: Epoch 605
2026-08-07 21:22:47.624817: Current learning rate: 0.00433
2026-08-07 21:23:11.790316: train_loss -0.9483
2026-08-07 21:23:11.790716: val_loss -0.9514
2026-08-07 21:23:11.791464: Pseudo dice [np.float32(0.9649), np.float32(0.9772), np.float32(0.9737)]
2026-08-07 21:23:11.792345: Epoch time: 24.17 s
2026-08-07 21:23:12.440828: 
2026-08-07 21:23:12.441042: Epoch 606
2026-08-07 21:23:12.441172: Current learning rate: 0.00432
2026-08-07 21:23:36.606967: train_loss -0.949
2026-08-07 21:23:36.607372: val_loss -0.9523
2026-08-07 21:23:36.607839: Pseudo dice [np.float32(0.9653), np.float32(0.9776), np.float32(0.9748)]
2026-08-07 21:23:36.608088: Epoch time: 24.17 s
2026-08-07 21:23:37.015849: 
2026-08-07 21:23:37.016066: Epoch 607
2026-08-07 21:23:37.016206: Current learning rate: 0.00431
2026-08-07 21:24:01.173092: train_loss -0.9485
2026-08-07 21:24:01.173452: val_loss -0.9502
2026-08-07 21:24:01.174504: Pseudo dice [np.float32(0.9651), np.float32(0.9769), np.float32(0.9711)]
2026-08-07 21:24:01.175450: Epoch time: 24.16 s
2026-08-07 21:24:01.595583: 
2026-08-07 21:24:01.595812: Epoch 608
2026-08-07 21:24:01.596056: Current learning rate: 0.0043
2026-08-07 21:24:25.752029: train_loss -0.9475
2026-08-07 21:24:25.752418: val_loss -0.9483
2026-08-07 21:24:25.753374: Pseudo dice [np.float32(0.9634), np.float32(0.9762), np.float32(0.9703)]
2026-08-07 21:24:25.754218: Epoch time: 24.16 s
2026-08-07 21:24:26.184016: 
2026-08-07 21:24:26.184278: Epoch 609
2026-08-07 21:24:26.184605: Current learning rate: 0.00429
2026-08-07 21:24:50.348453: train_loss -0.9485
2026-08-07 21:24:50.348825: val_loss -0.9386
2026-08-07 21:24:50.349121: Pseudo dice [np.float32(0.9489), np.float32(0.977), np.float32(0.9727)]
2026-08-07 21:24:50.349293: Epoch time: 24.16 s
2026-08-07 21:24:50.773278: 
2026-08-07 21:24:50.773512: Epoch 610
2026-08-07 21:24:50.773743: Current learning rate: 0.00429
2026-08-07 21:25:14.942702: train_loss -0.9484
2026-08-07 21:25:14.943974: val_loss -0.9516
2026-08-07 21:25:14.944541: Pseudo dice [np.float32(0.9653), np.float32(0.9778), np.float32(0.9724)]
2026-08-07 21:25:14.945594: Epoch time: 24.17 s
2026-08-07 21:25:15.372133: 
2026-08-07 21:25:15.372403: Epoch 611
2026-08-07 21:25:15.372621: Current learning rate: 0.00428
2026-08-07 21:25:39.539722: train_loss -0.948
2026-08-07 21:25:39.540209: val_loss -0.9519
2026-08-07 21:25:39.540440: Pseudo dice [np.float32(0.9657), np.float32(0.9774), np.float32(0.9734)]
2026-08-07 21:25:39.540635: Epoch time: 24.17 s
2026-08-07 21:25:39.961800: 
2026-08-07 21:25:39.962420: Epoch 612
2026-08-07 21:25:39.962738: Current learning rate: 0.00427
2026-08-07 21:26:04.133125: train_loss -0.9481
2026-08-07 21:26:04.134366: val_loss -0.9496
2026-08-07 21:26:04.136078: Pseudo dice [np.float32(0.9636), np.float32(0.9762), np.float32(0.9724)]
2026-08-07 21:26:04.136574: Epoch time: 24.17 s
2026-08-07 21:26:04.562773: 
2026-08-07 21:26:04.562980: Epoch 613
2026-08-07 21:26:04.563581: Current learning rate: 0.00426
2026-08-07 21:26:28.726794: train_loss -0.9482
2026-08-07 21:26:28.727176: val_loss -0.9451
2026-08-07 21:26:28.727490: Pseudo dice [np.float32(0.9589), np.float32(0.9763), np.float32(0.9731)]
2026-08-07 21:26:28.728463: Epoch time: 24.16 s
2026-08-07 21:26:29.152045: 
2026-08-07 21:26:29.152262: Epoch 614
2026-08-07 21:26:29.152807: Current learning rate: 0.00425
2026-08-07 21:26:53.319629: train_loss -0.9482
2026-08-07 21:26:53.320018: val_loss -0.9522
2026-08-07 21:26:53.320195: Pseudo dice [np.float32(0.9653), np.float32(0.9779), np.float32(0.9744)]
2026-08-07 21:26:53.320363: Epoch time: 24.17 s
2026-08-07 21:26:53.743733: 
2026-08-07 21:26:53.743945: Epoch 615
2026-08-07 21:26:53.744256: Current learning rate: 0.00424
2026-08-07 21:27:17.914256: train_loss -0.9492
2026-08-07 21:27:17.914644: val_loss -0.9383
2026-08-07 21:27:17.915156: Pseudo dice [np.float32(0.9488), np.float32(0.9774), np.float32(0.9734)]
2026-08-07 21:27:17.915325: Epoch time: 24.17 s
2026-08-07 21:27:18.333237: 
2026-08-07 21:27:18.333577: Epoch 616
2026-08-07 21:27:18.333954: Current learning rate: 0.00423
2026-08-07 21:27:42.497876: train_loss -0.9494
2026-08-07 21:27:42.498253: val_loss -0.9517
2026-08-07 21:27:42.498603: Pseudo dice [np.float32(0.9645), np.float32(0.9773), np.float32(0.9741)]
2026-08-07 21:27:42.499028: Epoch time: 24.16 s
2026-08-07 21:27:42.917097: 
2026-08-07 21:27:42.917312: Epoch 617
2026-08-07 21:27:42.917797: Current learning rate: 0.00422
2026-08-07 21:28:07.078305: train_loss -0.9483
2026-08-07 21:28:07.078723: val_loss -0.9511
2026-08-07 21:28:07.079391: Pseudo dice [np.float32(0.9654), np.float32(0.9768), np.float32(0.9726)]
2026-08-07 21:28:07.079697: Epoch time: 24.16 s
2026-08-07 21:28:07.507999: 
2026-08-07 21:28:07.508217: Epoch 618
2026-08-07 21:28:07.508524: Current learning rate: 0.00421
2026-08-07 21:28:31.671724: train_loss -0.9484
2026-08-07 21:28:31.672117: val_loss -0.95
2026-08-07 21:28:31.674214: Pseudo dice [np.float32(0.9638), np.float32(0.9759), np.float32(0.975)]
2026-08-07 21:28:31.674604: Epoch time: 24.16 s
2026-08-07 21:28:32.332149: 
2026-08-07 21:28:32.332355: Epoch 619
2026-08-07 21:28:32.332594: Current learning rate: 0.0042
2026-08-07 21:28:56.491829: train_loss -0.9496
2026-08-07 21:28:56.492241: val_loss -0.9512
2026-08-07 21:28:56.492629: Pseudo dice [np.float32(0.9654), np.float32(0.9765), np.float32(0.9728)]
2026-08-07 21:28:56.492915: Epoch time: 24.16 s
2026-08-07 21:28:56.915046: 
2026-08-07 21:28:56.915267: Epoch 620
2026-08-07 21:28:56.915467: Current learning rate: 0.00419
2026-08-07 21:29:21.067922: train_loss -0.9484
2026-08-07 21:29:21.068304: val_loss -0.9496
2026-08-07 21:29:21.068715: Pseudo dice [np.float32(0.9636), np.float32(0.9767), np.float32(0.9731)]
2026-08-07 21:29:21.069185: Epoch time: 24.15 s
2026-08-07 21:29:21.487815: 
2026-08-07 21:29:21.488025: Epoch 621
2026-08-07 21:29:21.488158: Current learning rate: 0.00418
2026-08-07 21:29:45.652405: train_loss -0.9477
2026-08-07 21:29:45.653106: val_loss -0.9514
2026-08-07 21:29:45.653602: Pseudo dice [np.float32(0.9656), np.float32(0.9774), np.float32(0.9728)]
2026-08-07 21:29:45.655669: Epoch time: 24.16 s
2026-08-07 21:29:45.655856: Yayy! New best EMA pseudo Dice: 0.97079998254776
2026-08-07 21:29:46.108111: 
2026-08-07 21:29:46.108317: Epoch 622
2026-08-07 21:29:46.108521: Current learning rate: 0.00417
2026-08-07 21:30:10.278716: train_loss -0.9485
2026-08-07 21:30:10.279094: val_loss -0.9528
2026-08-07 21:30:10.281170: Pseudo dice [np.float32(0.9662), np.float32(0.9777), np.float32(0.9747)]
2026-08-07 21:30:10.282068: Epoch time: 24.17 s
2026-08-07 21:30:10.282328: Yayy! New best EMA pseudo Dice: 0.9710000157356262
2026-08-07 21:30:10.731425: 
2026-08-07 21:30:10.731645: Epoch 623
2026-08-07 21:30:10.731960: Current learning rate: 0.00416
2026-08-07 21:30:34.901101: train_loss -0.9488
2026-08-07 21:30:34.901477: val_loss -0.9502
2026-08-07 21:30:34.901912: Pseudo dice [np.float32(0.9634), np.float32(0.9773), np.float32(0.9735)]
2026-08-07 21:30:34.902107: Epoch time: 24.17 s
2026-08-07 21:30:34.902448: Yayy! New best EMA pseudo Dice: 0.9710999727249146
2026-08-07 21:30:35.347380: 
2026-08-07 21:30:35.347601: Epoch 624
2026-08-07 21:30:35.347848: Current learning rate: 0.00415
2026-08-07 21:30:59.521851: train_loss -0.9481
2026-08-07 21:30:59.522214: val_loss -0.9521
2026-08-07 21:30:59.522633: Pseudo dice [np.float32(0.9652), np.float32(0.9775), np.float32(0.9745)]
2026-08-07 21:30:59.523000: Epoch time: 24.17 s
2026-08-07 21:30:59.523251: Yayy! New best EMA pseudo Dice: 0.9711999893188477
2026-08-07 21:30:59.977670: 
2026-08-07 21:30:59.977885: Epoch 625
2026-08-07 21:30:59.978085: Current learning rate: 0.00414
2026-08-07 21:31:24.150485: train_loss -0.9484
2026-08-07 21:31:24.150929: val_loss -0.9489
2026-08-07 21:31:24.151626: Pseudo dice [np.float32(0.9625), np.float32(0.9775), np.float32(0.9727)]
2026-08-07 21:31:24.151862: Epoch time: 24.17 s
2026-08-07 21:31:24.581228: 
2026-08-07 21:31:24.581440: Epoch 626
2026-08-07 21:31:24.581929: Current learning rate: 0.00413
2026-08-07 21:31:48.747363: train_loss -0.9497
2026-08-07 21:31:48.747746: val_loss -0.9413
2026-08-07 21:31:48.747999: Pseudo dice [np.float32(0.9554), np.float32(0.9746), np.float32(0.9721)]
2026-08-07 21:31:48.748764: Epoch time: 24.17 s
2026-08-07 21:31:49.169136: 
2026-08-07 21:31:49.169379: Epoch 627
2026-08-07 21:31:49.169597: Current learning rate: 0.00412
2026-08-07 21:32:13.344844: train_loss -0.9469
2026-08-07 21:32:13.345232: val_loss -0.9504
2026-08-07 21:32:13.348430: Pseudo dice [np.float32(0.9648), np.float32(0.9772), np.float32(0.9723)]
2026-08-07 21:32:13.348691: Epoch time: 24.18 s
2026-08-07 21:32:13.768380: 
2026-08-07 21:32:13.768585: Epoch 628
2026-08-07 21:32:13.768791: Current learning rate: 0.00411
2026-08-07 21:32:37.935665: train_loss -0.9473
2026-08-07 21:32:37.936250: val_loss -0.95
2026-08-07 21:32:37.936547: Pseudo dice [np.float32(0.964), np.float32(0.9772), np.float32(0.9728)]
2026-08-07 21:32:37.937412: Epoch time: 24.17 s
2026-08-07 21:32:38.362174: 
2026-08-07 21:32:38.362409: Epoch 629
2026-08-07 21:32:38.362803: Current learning rate: 0.0041
2026-08-07 21:33:02.527094: train_loss -0.9488
2026-08-07 21:33:02.528035: val_loss -0.951
2026-08-07 21:33:02.529507: Pseudo dice [np.float32(0.9652), np.float32(0.9767), np.float32(0.9736)]
2026-08-07 21:33:02.529748: Epoch time: 24.17 s
2026-08-07 21:33:02.970637: 
2026-08-07 21:33:02.970858: Epoch 630
2026-08-07 21:33:02.971216: Current learning rate: 0.00409
2026-08-07 21:33:27.135208: train_loss -0.9494
2026-08-07 21:33:27.135602: val_loss -0.9519
2026-08-07 21:33:27.135898: Pseudo dice [np.float32(0.9661), np.float32(0.9774), np.float32(0.9724)]
2026-08-07 21:33:27.136369: Epoch time: 24.16 s
2026-08-07 21:33:27.787949: 
2026-08-07 21:33:27.788156: Epoch 631
2026-08-07 21:33:27.788291: Current learning rate: 0.00408
2026-08-07 21:33:51.957149: train_loss -0.9493
2026-08-07 21:33:51.957523: val_loss -0.9523
2026-08-07 21:33:51.958392: Pseudo dice [np.float32(0.9658), np.float32(0.9775), np.float32(0.9738)]
2026-08-07 21:33:51.958701: Epoch time: 24.17 s
2026-08-07 21:33:51.958977: Yayy! New best EMA pseudo Dice: 0.9711999893188477
2026-08-07 21:33:52.414937: 
2026-08-07 21:33:52.415208: Epoch 632
2026-08-07 21:33:52.415336: Current learning rate: 0.00407
2026-08-07 21:34:16.575774: train_loss -0.9499
2026-08-07 21:34:16.576257: val_loss -0.9497
2026-08-07 21:34:16.577660: Pseudo dice [np.float32(0.962), np.float32(0.9772), np.float32(0.9742)]
2026-08-07 21:34:16.577840: Epoch time: 24.16 s
2026-08-07 21:34:16.994940: 
2026-08-07 21:34:16.995152: Epoch 633
2026-08-07 21:34:16.995345: Current learning rate: 0.00406
2026-08-07 21:34:41.153548: train_loss -0.9486
2026-08-07 21:34:41.154033: val_loss -0.9511
2026-08-07 21:34:41.154300: Pseudo dice [np.float32(0.9661), np.float32(0.9773), np.float32(0.9722)]
2026-08-07 21:34:41.154781: Epoch time: 24.16 s
2026-08-07 21:34:41.154940: Yayy! New best EMA pseudo Dice: 0.9713000059127808
2026-08-07 21:34:41.607345: 
2026-08-07 21:34:41.607548: Epoch 634
2026-08-07 21:34:41.607760: Current learning rate: 0.00405
2026-08-07 21:35:05.774847: train_loss -0.9482
2026-08-07 21:35:05.775240: val_loss -0.9515
2026-08-07 21:35:05.775697: Pseudo dice [np.float32(0.9658), np.float32(0.9775), np.float32(0.9729)]
2026-08-07 21:35:05.776061: Epoch time: 24.17 s
2026-08-07 21:35:05.776195: Yayy! New best EMA pseudo Dice: 0.9714000225067139
2026-08-07 21:35:06.222563: 
2026-08-07 21:35:06.223020: Epoch 635
2026-08-07 21:35:06.223244: Current learning rate: 0.00404
2026-08-07 21:35:30.388819: train_loss -0.948
2026-08-07 21:35:30.390121: val_loss -0.9498
2026-08-07 21:35:30.390314: Pseudo dice [np.float32(0.9641), np.float32(0.9769), np.float32(0.9739)]
2026-08-07 21:35:30.390639: Epoch time: 24.17 s
2026-08-07 21:35:30.390849: Yayy! New best EMA pseudo Dice: 0.9714000225067139
2026-08-07 21:35:30.843721: 
2026-08-07 21:35:30.843924: Epoch 636
2026-08-07 21:35:30.844053: Current learning rate: 0.00403
2026-08-07 21:35:55.006464: train_loss -0.9481
2026-08-07 21:35:55.006907: val_loss -0.951
2026-08-07 21:35:55.007370: Pseudo dice [np.float32(0.9649), np.float32(0.977), np.float32(0.9732)]
2026-08-07 21:35:55.007591: Epoch time: 24.16 s
2026-08-07 21:35:55.007876: Yayy! New best EMA pseudo Dice: 0.9714000225067139
2026-08-07 21:35:55.446097: 
2026-08-07 21:35:55.446358: Epoch 637
2026-08-07 21:35:55.446789: Current learning rate: 0.00402
2026-08-07 21:36:19.604199: train_loss -0.9496
2026-08-07 21:36:19.604623: val_loss -0.9512
2026-08-07 21:36:19.605427: Pseudo dice [np.float32(0.9646), np.float32(0.9772), np.float32(0.9742)]
2026-08-07 21:36:19.606342: Epoch time: 24.16 s
2026-08-07 21:36:19.606553: Yayy! New best EMA pseudo Dice: 0.9714999794960022
2026-08-07 21:36:20.055089: 
2026-08-07 21:36:20.055294: Epoch 638
2026-08-07 21:36:20.055492: Current learning rate: 0.00401
2026-08-07 21:36:44.210260: train_loss -0.9494
2026-08-07 21:36:44.211060: val_loss -0.9508
2026-08-07 21:36:44.212083: Pseudo dice [np.float32(0.9655), np.float32(0.9774), np.float32(0.9713)]
2026-08-07 21:36:44.212399: Epoch time: 24.16 s
2026-08-07 21:36:44.628725: 
2026-08-07 21:36:44.628948: Epoch 639
2026-08-07 21:36:44.629148: Current learning rate: 0.004
2026-08-07 21:37:08.789943: train_loss -0.949
2026-08-07 21:37:08.790328: val_loss -0.9496
2026-08-07 21:37:08.790529: Pseudo dice [np.float32(0.9647), np.float32(0.9767), np.float32(0.9721)]
2026-08-07 21:37:08.790962: Epoch time: 24.16 s
2026-08-07 21:37:09.207450: 
2026-08-07 21:37:09.207703: Epoch 640
2026-08-07 21:37:09.207920: Current learning rate: 0.00399
2026-08-07 21:37:33.370552: train_loss -0.9482
2026-08-07 21:37:33.371049: val_loss -0.9513
2026-08-07 21:37:33.372614: Pseudo dice [np.float32(0.9658), np.float32(0.9772), np.float32(0.973)]
2026-08-07 21:37:33.374109: Epoch time: 24.16 s
2026-08-07 21:37:33.374321: Yayy! New best EMA pseudo Dice: 0.9714999794960022
2026-08-07 21:37:33.827858: 
2026-08-07 21:37:33.828064: Epoch 641
2026-08-07 21:37:33.828622: Current learning rate: 0.00398
2026-08-07 21:37:57.993167: train_loss -0.9489
2026-08-07 21:37:57.993545: val_loss -0.9501
2026-08-07 21:37:57.993834: Pseudo dice [np.float32(0.9652), np.float32(0.9771), np.float32(0.9724)]
2026-08-07 21:37:57.994160: Epoch time: 24.17 s
2026-08-07 21:37:57.994745: Yayy! New best EMA pseudo Dice: 0.9714999794960022
2026-08-07 21:37:58.454044: 
2026-08-07 21:37:58.454322: Epoch 642
2026-08-07 21:37:58.454662: Current learning rate: 0.00397
2026-08-07 21:38:22.615471: train_loss -0.9486
2026-08-07 21:38:22.615882: val_loss -0.9471
2026-08-07 21:38:22.616811: Pseudo dice [np.float32(0.9618), np.float32(0.9763), np.float32(0.9716)]
2026-08-07 21:38:22.617085: Epoch time: 24.16 s
2026-08-07 21:38:23.270008: 
2026-08-07 21:38:23.270226: Epoch 643
2026-08-07 21:38:23.270514: Current learning rate: 0.00396
2026-08-07 21:38:47.433056: train_loss -0.949
2026-08-07 21:38:47.433429: val_loss -0.95
2026-08-07 21:38:47.433732: Pseudo dice [np.float32(0.9653), np.float32(0.9772), np.float32(0.9705)]
2026-08-07 21:38:47.433982: Epoch time: 24.16 s
2026-08-07 21:38:47.848865: 
2026-08-07 21:38:47.849076: Epoch 644
2026-08-07 21:38:47.849207: Current learning rate: 0.00395
2026-08-07 21:39:12.014211: train_loss -0.9488
2026-08-07 21:39:12.014606: val_loss -0.95
2026-08-07 21:39:12.015330: Pseudo dice [np.float32(0.9648), np.float32(0.9767), np.float32(0.9725)]
2026-08-07 21:39:12.015789: Epoch time: 24.17 s
2026-08-07 21:39:12.425729: 
2026-08-07 21:39:12.425982: Epoch 645
2026-08-07 21:39:12.426112: Current learning rate: 0.00394
2026-08-07 21:39:36.582545: train_loss -0.9482
2026-08-07 21:39:36.582939: val_loss -0.9504
2026-08-07 21:39:36.583209: Pseudo dice [np.float32(0.9643), np.float32(0.977), np.float32(0.9736)]
2026-08-07 21:39:36.584210: Epoch time: 24.16 s
2026-08-07 21:39:37.007231: 
2026-08-07 21:39:37.007456: Epoch 646
2026-08-07 21:39:37.007900: Current learning rate: 0.00393
2026-08-07 21:40:01.176523: train_loss -0.9488
2026-08-07 21:40:01.176928: val_loss -0.9513
2026-08-07 21:40:01.177166: Pseudo dice [np.float32(0.9658), np.float32(0.9773), np.float32(0.9728)]
2026-08-07 21:40:01.178619: Epoch time: 24.17 s
2026-08-07 21:40:01.609915: 
2026-08-07 21:40:01.610121: Epoch 647
2026-08-07 21:40:01.610250: Current learning rate: 0.00392
2026-08-07 21:40:25.766934: train_loss -0.9498
2026-08-07 21:40:25.767333: val_loss -0.951
2026-08-07 21:40:25.767735: Pseudo dice [np.float32(0.9651), np.float32(0.9775), np.float32(0.9725)]
2026-08-07 21:40:25.767907: Epoch time: 24.16 s
2026-08-07 21:40:26.179690: 
2026-08-07 21:40:26.179905: Epoch 648
2026-08-07 21:40:26.180171: Current learning rate: 0.00391
2026-08-07 21:40:50.348334: train_loss -0.949
2026-08-07 21:40:50.348774: val_loss -0.9512
2026-08-07 21:40:50.349282: Pseudo dice [np.float32(0.9645), np.float32(0.9781), np.float32(0.9736)]
2026-08-07 21:40:50.349662: Epoch time: 24.17 s
2026-08-07 21:40:50.765649: 
2026-08-07 21:40:50.765856: Epoch 649
2026-08-07 21:40:50.766062: Current learning rate: 0.0039
2026-08-07 21:41:14.929250: train_loss -0.9489
2026-08-07 21:41:14.929752: val_loss -0.9453
2026-08-07 21:41:14.930148: Pseudo dice [np.float32(0.9573), np.float32(0.9774), np.float32(0.9717)]
2026-08-07 21:41:14.930446: Epoch time: 24.16 s
2026-08-07 21:41:15.374394: 
2026-08-07 21:41:15.374613: Epoch 650
2026-08-07 21:41:15.374974: Current learning rate: 0.00389
2026-08-07 21:41:39.535146: train_loss -0.9494
2026-08-07 21:41:39.535532: val_loss -0.9522
2026-08-07 21:41:39.536035: Pseudo dice [np.float32(0.9662), np.float32(0.9772), np.float32(0.9742)]
2026-08-07 21:41:39.537274: Epoch time: 24.16 s
2026-08-07 21:41:39.966291: 
2026-08-07 21:41:39.966513: Epoch 651
2026-08-07 21:41:39.967384: Current learning rate: 0.00388
2026-08-07 21:42:04.130891: train_loss -0.9474
2026-08-07 21:42:04.131339: val_loss -0.951
2026-08-07 21:42:04.131656: Pseudo dice [np.float32(0.965), np.float32(0.9768), np.float32(0.9735)]
2026-08-07 21:42:04.132051: Epoch time: 24.16 s
2026-08-07 21:42:04.544161: 
2026-08-07 21:42:04.544622: Epoch 652
2026-08-07 21:42:04.544832: Current learning rate: 0.00387
2026-08-07 21:42:28.700489: train_loss -0.9487
2026-08-07 21:42:28.700869: val_loss -0.9499
2026-08-07 21:42:28.701181: Pseudo dice [np.float32(0.9647), np.float32(0.9761), np.float32(0.9732)]
2026-08-07 21:42:28.701489: Epoch time: 24.16 s
2026-08-07 21:42:29.123451: 
2026-08-07 21:42:29.123708: Epoch 653
2026-08-07 21:42:29.124611: Current learning rate: 0.00386
2026-08-07 21:42:53.275976: train_loss -0.9482
2026-08-07 21:42:53.276388: val_loss -0.9523
2026-08-07 21:42:53.276808: Pseudo dice [np.float32(0.966), np.float32(0.9776), np.float32(0.9735)]
2026-08-07 21:42:53.277211: Epoch time: 24.15 s
2026-08-07 21:42:53.692981: 
2026-08-07 21:42:53.693185: Epoch 654
2026-08-07 21:42:53.693315: Current learning rate: 0.00385
2026-08-07 21:43:17.842079: train_loss -0.9488
2026-08-07 21:43:17.842459: val_loss -0.9528
2026-08-07 21:43:17.842935: Pseudo dice [np.float32(0.9666), np.float32(0.9778), np.float32(0.974)]
2026-08-07 21:43:17.843217: Epoch time: 24.15 s
2026-08-07 21:43:17.843534: Yayy! New best EMA pseudo Dice: 0.9715999960899353
2026-08-07 21:43:18.525633: 
2026-08-07 21:43:18.526461: Epoch 655
2026-08-07 21:43:18.526763: Current learning rate: 0.00384
2026-08-07 21:43:42.679934: train_loss -0.9486
2026-08-07 21:43:42.680486: val_loss -0.95
2026-08-07 21:43:42.680835: Pseudo dice [np.float32(0.9655), np.float32(0.977), np.float32(0.9713)]
2026-08-07 21:43:42.681145: Epoch time: 24.15 s
2026-08-07 21:43:43.099023: 
2026-08-07 21:43:43.099260: Epoch 656
2026-08-07 21:43:43.099489: Current learning rate: 0.00383
2026-08-07 21:44:07.258742: train_loss -0.948
2026-08-07 21:44:07.259179: val_loss -0.9506
2026-08-07 21:44:07.259442: Pseudo dice [np.float32(0.965), np.float32(0.9769), np.float32(0.9733)]
2026-08-07 21:44:07.259701: Epoch time: 24.16 s
2026-08-07 21:44:07.676690: 
2026-08-07 21:44:07.677040: Epoch 657
2026-08-07 21:44:07.677222: Current learning rate: 0.00382
2026-08-07 21:44:31.833455: train_loss -0.9486
2026-08-07 21:44:31.834495: val_loss -0.9503
2026-08-07 21:44:31.834997: Pseudo dice [np.float32(0.9645), np.float32(0.9767), np.float32(0.9728)]
2026-08-07 21:44:31.835167: Epoch time: 24.16 s
2026-08-07 21:44:32.266288: 
2026-08-07 21:44:32.266496: Epoch 658
2026-08-07 21:44:32.267149: Current learning rate: 0.00381
2026-08-07 21:44:56.423746: train_loss -0.9487
2026-08-07 21:44:56.424160: val_loss -0.9458
2026-08-07 21:44:56.424521: Pseudo dice [np.float32(0.961), np.float32(0.9757), np.float32(0.9705)]
2026-08-07 21:44:56.424889: Epoch time: 24.16 s
2026-08-07 21:44:56.840697: 
2026-08-07 21:44:56.840912: Epoch 659
2026-08-07 21:44:56.841465: Current learning rate: 0.0038
2026-08-07 21:45:21.004153: train_loss -0.9487
2026-08-07 21:45:21.004538: val_loss -0.9525
2026-08-07 21:45:21.005418: Pseudo dice [np.float32(0.9662), np.float32(0.9782), np.float32(0.974)]
2026-08-07 21:45:21.005716: Epoch time: 24.16 s
2026-08-07 21:45:21.424187: 
2026-08-07 21:45:21.424439: Epoch 660
2026-08-07 21:45:21.424797: Current learning rate: 0.00379
2026-08-07 21:45:45.585933: train_loss -0.9488
2026-08-07 21:45:45.586315: val_loss -0.9514
2026-08-07 21:45:45.587410: Pseudo dice [np.float32(0.9651), np.float32(0.9774), np.float32(0.9732)]
2026-08-07 21:45:45.588485: Epoch time: 24.16 s
2026-08-07 21:45:46.023075: 
2026-08-07 21:45:46.023537: Epoch 661
2026-08-07 21:45:46.023729: Current learning rate: 0.00378
2026-08-07 21:46:10.184325: train_loss -0.9486
2026-08-07 21:46:10.185375: val_loss -0.95
2026-08-07 21:46:10.185954: Pseudo dice [np.float32(0.9639), np.float32(0.9767), np.float32(0.973)]
2026-08-07 21:46:10.186286: Epoch time: 24.16 s
2026-08-07 21:46:10.614546: 
2026-08-07 21:46:10.614774: Epoch 662
2026-08-07 21:46:10.615320: Current learning rate: 0.00377
2026-08-07 21:46:34.790891: train_loss -0.9492
2026-08-07 21:46:34.791283: val_loss -0.9516
2026-08-07 21:46:34.792231: Pseudo dice [np.float32(0.9658), np.float32(0.9775), np.float32(0.9724)]
2026-08-07 21:46:34.792537: Epoch time: 24.18 s
2026-08-07 21:46:35.218852: 
2026-08-07 21:46:35.219099: Epoch 663
2026-08-07 21:46:35.219718: Current learning rate: 0.00376
2026-08-07 21:46:59.378232: train_loss -0.9491
2026-08-07 21:46:59.378652: val_loss -0.9487
2026-08-07 21:46:59.378974: Pseudo dice [np.float32(0.9624), np.float32(0.9768), np.float32(0.9736)]
2026-08-07 21:46:59.381382: Epoch time: 24.16 s
2026-08-07 21:46:59.798970: 
2026-08-07 21:46:59.799274: Epoch 664
2026-08-07 21:46:59.799620: Current learning rate: 0.00375
2026-08-07 21:47:23.966396: train_loss -0.949
2026-08-07 21:47:23.966817: val_loss -0.9097
2026-08-07 21:47:23.967193: Pseudo dice [np.float32(0.9178), np.float32(0.976), np.float32(0.9697)]
2026-08-07 21:47:23.967553: Epoch time: 24.17 s
2026-08-07 21:47:24.389627: 
2026-08-07 21:47:24.389946: Epoch 665
2026-08-07 21:47:24.390080: Current learning rate: 0.00374
2026-08-07 21:47:48.549931: train_loss -0.9495
2026-08-07 21:47:48.550442: val_loss -0.9517
2026-08-07 21:47:48.550842: Pseudo dice [np.float32(0.9658), np.float32(0.9771), np.float32(0.9732)]
2026-08-07 21:47:48.551110: Epoch time: 24.16 s
2026-08-07 21:47:48.971301: 
2026-08-07 21:47:48.971508: Epoch 666
2026-08-07 21:47:48.971808: Current learning rate: 0.00373
2026-08-07 21:48:13.138582: train_loss -0.9496
2026-08-07 21:48:13.138964: val_loss -0.9513
2026-08-07 21:48:13.139525: Pseudo dice [np.float32(0.966), np.float32(0.9774), np.float32(0.9732)]
2026-08-07 21:48:13.139828: Epoch time: 24.17 s
2026-08-07 21:48:13.567862: 
2026-08-07 21:48:13.568070: Epoch 667
2026-08-07 21:48:13.568584: Current learning rate: 0.00372
2026-08-07 21:48:37.735363: train_loss -0.9499
2026-08-07 21:48:37.735826: val_loss -0.9507
2026-08-07 21:48:37.736304: Pseudo dice [np.float32(0.9648), np.float32(0.977), np.float32(0.9736)]
2026-08-07 21:48:37.736560: Epoch time: 24.17 s
2026-08-07 21:48:38.406399: 
2026-08-07 21:48:38.406616: Epoch 668
2026-08-07 21:48:38.406815: Current learning rate: 0.00371
2026-08-07 21:49:02.568923: train_loss -0.9509
2026-08-07 21:49:02.569306: val_loss -0.9512
2026-08-07 21:49:02.569748: Pseudo dice [np.float32(0.9647), np.float32(0.9768), np.float32(0.9728)]
2026-08-07 21:49:02.570071: Epoch time: 24.16 s
2026-08-07 21:49:02.996035: 
2026-08-07 21:49:02.996238: Epoch 669
2026-08-07 21:49:02.996423: Current learning rate: 0.0037
2026-08-07 21:49:27.171142: train_loss -0.9496
2026-08-07 21:49:27.171558: val_loss -0.9506
2026-08-07 21:49:27.171878: Pseudo dice [np.float32(0.9646), np.float32(0.9766), np.float32(0.9727)]
2026-08-07 21:49:27.172050: Epoch time: 24.18 s
2026-08-07 21:49:27.598742: 
2026-08-07 21:49:27.599033: Epoch 670
2026-08-07 21:49:27.599223: Current learning rate: 0.00369
2026-08-07 21:49:51.768127: train_loss -0.95
2026-08-07 21:49:51.768611: val_loss -0.9516
2026-08-07 21:49:51.769902: Pseudo dice [np.float32(0.9651), np.float32(0.9778), np.float32(0.9738)]
2026-08-07 21:49:51.770415: Epoch time: 24.17 s
2026-08-07 21:49:52.186742: 
2026-08-07 21:49:52.186957: Epoch 671
2026-08-07 21:49:52.187412: Current learning rate: 0.00368
2026-08-07 21:50:16.345421: train_loss -0.9497
2026-08-07 21:50:16.346005: val_loss -0.913
2026-08-07 21:50:16.346638: Pseudo dice [np.float32(0.9228), np.float32(0.9768), np.float32(0.972)]
2026-08-07 21:50:16.348024: Epoch time: 24.16 s
2026-08-07 21:50:16.771606: 
2026-08-07 21:50:16.771863: Epoch 672
2026-08-07 21:50:16.772087: Current learning rate: 0.00367
2026-08-07 21:50:40.935372: train_loss -0.9495
2026-08-07 21:50:40.935750: val_loss -0.9457
2026-08-07 21:50:40.936731: Pseudo dice [np.float32(0.9591), np.float32(0.9767), np.float32(0.972)]
2026-08-07 21:50:40.937120: Epoch time: 24.16 s
2026-08-07 21:50:41.349887: 
2026-08-07 21:50:41.350628: Epoch 673
2026-08-07 21:50:41.350766: Current learning rate: 0.00366
2026-08-07 21:51:05.522461: train_loss -0.9504
2026-08-07 21:51:05.522883: val_loss -0.953
2026-08-07 21:51:05.523763: Pseudo dice [np.float32(0.9659), np.float32(0.978), np.float32(0.9741)]
2026-08-07 21:51:05.524405: Epoch time: 24.17 s
2026-08-07 21:51:05.955765: 
2026-08-07 21:51:05.955981: Epoch 674
2026-08-07 21:51:05.956538: Current learning rate: 0.00365
2026-08-07 21:51:30.110134: train_loss -0.9505
2026-08-07 21:51:30.110541: val_loss -0.9525
2026-08-07 21:51:30.111332: Pseudo dice [np.float32(0.9666), np.float32(0.9781), np.float32(0.9737)]
2026-08-07 21:51:30.111841: Epoch time: 24.15 s
2026-08-07 21:51:30.546966: 
2026-08-07 21:51:30.547207: Epoch 675
2026-08-07 21:51:30.547341: Current learning rate: 0.00364
2026-08-07 21:51:54.709807: train_loss -0.9496
2026-08-07 21:51:54.710218: val_loss -0.9527
2026-08-07 21:51:54.710501: Pseudo dice [np.float32(0.9663), np.float32(0.9776), np.float32(0.9744)]
2026-08-07 21:51:54.712690: Epoch time: 24.16 s
2026-08-07 21:51:55.139579: 
2026-08-07 21:51:55.139882: Epoch 676
2026-08-07 21:51:55.140110: Current learning rate: 0.00363
2026-08-07 21:52:19.294926: train_loss -0.9496
2026-08-07 21:52:19.295311: val_loss -0.9528
2026-08-07 21:52:19.295484: Pseudo dice [np.float32(0.9658), np.float32(0.9775), np.float32(0.9755)]
2026-08-07 21:52:19.296316: Epoch time: 24.16 s
2026-08-07 21:52:19.723759: 
2026-08-07 21:52:19.723968: Epoch 677
2026-08-07 21:52:19.724149: Current learning rate: 0.00362
2026-08-07 21:52:43.884331: train_loss -0.9505
2026-08-07 21:52:43.884758: val_loss -0.9519
2026-08-07 21:52:43.884937: Pseudo dice [np.float32(0.9657), np.float32(0.9771), np.float32(0.9739)]
2026-08-07 21:52:43.885339: Epoch time: 24.16 s
2026-08-07 21:52:44.312403: 
2026-08-07 21:52:44.312652: Epoch 678
2026-08-07 21:52:44.312896: Current learning rate: 0.00361
2026-08-07 21:53:08.466749: train_loss -0.9498
2026-08-07 21:53:08.467133: val_loss -0.9531
2026-08-07 21:53:08.467452: Pseudo dice [np.float32(0.9665), np.float32(0.9779), np.float32(0.9747)]
2026-08-07 21:53:08.467706: Epoch time: 24.15 s
2026-08-07 21:53:08.894757: 
2026-08-07 21:53:08.894975: Epoch 679
2026-08-07 21:53:08.895109: Current learning rate: 0.0036
2026-08-07 21:53:33.042030: train_loss -0.9498
2026-08-07 21:53:33.043578: val_loss -0.9522
2026-08-07 21:53:33.044672: Pseudo dice [np.float32(0.9667), np.float32(0.9775), np.float32(0.9736)]
2026-08-07 21:53:33.045272: Epoch time: 24.15 s
2026-08-07 21:53:33.709545: 
2026-08-07 21:53:33.709767: Epoch 680
2026-08-07 21:53:33.710217: Current learning rate: 0.00359
2026-08-07 21:53:57.858454: train_loss -0.9495
2026-08-07 21:53:57.858987: val_loss -0.9506
2026-08-07 21:53:57.859168: Pseudo dice [np.float32(0.9657), np.float32(0.9761), np.float32(0.9709)]
2026-08-07 21:53:57.859467: Epoch time: 24.15 s
2026-08-07 21:53:58.287964: 
2026-08-07 21:53:58.288188: Epoch 681
2026-08-07 21:53:58.288836: Current learning rate: 0.00358
2026-08-07 21:54:22.440505: train_loss -0.9502
2026-08-07 21:54:22.440886: val_loss -0.9521
2026-08-07 21:54:22.441065: Pseudo dice [np.float32(0.9658), np.float32(0.9773), np.float32(0.9737)]
2026-08-07 21:54:22.441491: Epoch time: 24.15 s
2026-08-07 21:54:22.871370: 
2026-08-07 21:54:22.871570: Epoch 682
2026-08-07 21:54:22.871778: Current learning rate: 0.00357
2026-08-07 21:54:47.021081: train_loss -0.9506
2026-08-07 21:54:47.021595: val_loss -0.9524
2026-08-07 21:54:47.021782: Pseudo dice [np.float32(0.9657), np.float32(0.9777), np.float32(0.9742)]
2026-08-07 21:54:47.022051: Epoch time: 24.15 s
2026-08-07 21:54:47.434900: 
2026-08-07 21:54:47.435231: Epoch 683
2026-08-07 21:54:47.435788: Current learning rate: 0.00356
2026-08-07 21:55:11.600492: train_loss -0.9499
2026-08-07 21:55:11.600993: val_loss -0.9516
2026-08-07 21:55:11.601357: Pseudo dice [np.float32(0.9653), np.float32(0.9776), np.float32(0.9741)]
2026-08-07 21:55:11.602053: Epoch time: 24.17 s
2026-08-07 21:55:12.014451: 
2026-08-07 21:55:12.014671: Epoch 684
2026-08-07 21:55:12.014961: Current learning rate: 0.00355
2026-08-07 21:55:36.180862: train_loss -0.9504
2026-08-07 21:55:36.181334: val_loss -0.953
2026-08-07 21:55:36.181698: Pseudo dice [np.float32(0.9668), np.float32(0.978), np.float32(0.9732)]
2026-08-07 21:55:36.182065: Epoch time: 24.17 s
2026-08-07 21:55:36.601696: 
2026-08-07 21:55:36.601992: Epoch 685
2026-08-07 21:55:36.602224: Current learning rate: 0.00354
2026-08-07 21:56:00.772730: train_loss -0.9492
2026-08-07 21:56:00.773365: val_loss -0.9524
2026-08-07 21:56:00.773910: Pseudo dice [np.float32(0.9662), np.float32(0.9779), np.float32(0.9749)]
2026-08-07 21:56:00.774333: Epoch time: 24.17 s
2026-08-07 21:56:00.774681: Yayy! New best EMA pseudo Dice: 0.9717000126838684
2026-08-07 21:56:01.227046: 
2026-08-07 21:56:01.227251: Epoch 686
2026-08-07 21:56:01.227849: Current learning rate: 0.00353
2026-08-07 21:56:25.387005: train_loss -0.9481
2026-08-07 21:56:25.387511: val_loss -0.9138
2026-08-07 21:56:25.388562: Pseudo dice [np.float32(0.9298), np.float32(0.977), np.float32(0.9712)]
2026-08-07 21:56:25.389511: Epoch time: 24.16 s
2026-08-07 21:56:25.815893: 
2026-08-07 21:56:25.816108: Epoch 687
2026-08-07 21:56:25.816241: Current learning rate: 0.00352
2026-08-07 21:56:49.980637: train_loss -0.9491
2026-08-07 21:56:49.981202: val_loss -0.9495
2026-08-07 21:56:49.981386: Pseudo dice [np.float32(0.9635), np.float32(0.9762), np.float32(0.9737)]
2026-08-07 21:56:49.981761: Epoch time: 24.16 s
2026-08-07 21:56:50.409558: 
2026-08-07 21:56:50.409782: Epoch 688
2026-08-07 21:56:50.410030: Current learning rate: 0.00351
2026-08-07 21:57:14.574311: train_loss -0.9499
2026-08-07 21:57:14.574701: val_loss -0.9511
2026-08-07 21:57:14.575175: Pseudo dice [np.float32(0.9654), np.float32(0.9769), np.float32(0.9737)]
2026-08-07 21:57:14.575500: Epoch time: 24.16 s
2026-08-07 21:57:15.005137: 
2026-08-07 21:57:15.005338: Epoch 689
2026-08-07 21:57:15.005689: Current learning rate: 0.0035
2026-08-07 21:57:39.171844: train_loss -0.9496
2026-08-07 21:57:39.173069: val_loss -0.9525
2026-08-07 21:57:39.173463: Pseudo dice [np.float32(0.9662), np.float32(0.9778), np.float32(0.9739)]
2026-08-07 21:57:39.173717: Epoch time: 24.17 s
2026-08-07 21:57:39.601561: 
2026-08-07 21:57:39.601774: Epoch 690
2026-08-07 21:57:39.602055: Current learning rate: 0.00349
2026-08-07 21:58:03.764907: train_loss -0.9494
2026-08-07 21:58:03.765406: val_loss -0.8951
2026-08-07 21:58:03.765801: Pseudo dice [np.float32(0.9072), np.float32(0.9771), np.float32(0.9737)]
2026-08-07 21:58:03.766092: Epoch time: 24.16 s
2026-08-07 21:58:04.178125: 
2026-08-07 21:58:04.178380: Epoch 691
2026-08-07 21:58:04.178667: Current learning rate: 0.00348
2026-08-07 21:58:28.351821: train_loss -0.9491
2026-08-07 21:58:28.352304: val_loss -0.9517
2026-08-07 21:58:28.352634: Pseudo dice [np.float32(0.9655), np.float32(0.9773), np.float32(0.9736)]
2026-08-07 21:58:28.352857: Epoch time: 24.17 s
2026-08-07 21:58:29.010031: 
2026-08-07 21:58:29.010304: Epoch 692
2026-08-07 21:58:29.010505: Current learning rate: 0.00346
2026-08-07 21:58:53.179627: train_loss -0.9482
2026-08-07 21:58:53.180018: val_loss -0.9499
2026-08-07 21:58:53.180201: Pseudo dice [np.float32(0.9652), np.float32(0.9767), np.float32(0.971)]
2026-08-07 21:58:53.180720: Epoch time: 24.17 s
2026-08-07 21:58:53.609049: 
2026-08-07 21:58:53.609253: Epoch 693
2026-08-07 21:58:53.609443: Current learning rate: 0.00345
2026-08-07 21:59:17.785385: train_loss -0.9501
2026-08-07 21:59:17.785793: val_loss -0.9505
2026-08-07 21:59:17.786091: Pseudo dice [np.float32(0.9656), np.float32(0.9765), np.float32(0.9722)]
2026-08-07 21:59:17.786261: Epoch time: 24.18 s
2026-08-07 21:59:18.216292: 
2026-08-07 21:59:18.216503: Epoch 694
2026-08-07 21:59:18.216780: Current learning rate: 0.00344
2026-08-07 21:59:42.379663: train_loss -0.9489
2026-08-07 21:59:42.380064: val_loss -0.9525
2026-08-07 21:59:42.380241: Pseudo dice [np.float32(0.9663), np.float32(0.9777), np.float32(0.9737)]
2026-08-07 21:59:42.381091: Epoch time: 24.16 s
2026-08-07 21:59:42.797794: 
2026-08-07 21:59:42.798003: Epoch 695
2026-08-07 21:59:42.798126: Current learning rate: 0.00343
2026-08-07 22:00:06.967930: train_loss -0.9507
2026-08-07 22:00:06.968361: val_loss -0.952
2026-08-07 22:00:06.968786: Pseudo dice [np.float32(0.9657), np.float32(0.9774), np.float32(0.9735)]
2026-08-07 22:00:06.969043: Epoch time: 24.17 s
2026-08-07 22:00:07.393875: 
2026-08-07 22:00:07.394089: Epoch 696
2026-08-07 22:00:07.394253: Current learning rate: 0.00342
2026-08-07 22:00:31.561166: train_loss -0.9505
2026-08-07 22:00:31.562227: val_loss -0.9504
2026-08-07 22:00:31.562885: Pseudo dice [np.float32(0.9655), np.float32(0.977), np.float32(0.9721)]
2026-08-07 22:00:31.563143: Epoch time: 24.17 s
2026-08-07 22:00:31.988734: 
2026-08-07 22:00:31.988942: Epoch 697
2026-08-07 22:00:31.989073: Current learning rate: 0.00341
2026-08-07 22:00:56.160731: train_loss -0.9494
2026-08-07 22:00:56.161309: val_loss -0.9521
2026-08-07 22:00:56.161839: Pseudo dice [np.float32(0.9654), np.float32(0.9776), np.float32(0.9733)]
2026-08-07 22:00:56.162074: Epoch time: 24.17 s
2026-08-07 22:00:56.586906: 
2026-08-07 22:00:56.587119: Epoch 698
2026-08-07 22:00:56.587255: Current learning rate: 0.0034
2026-08-07 22:01:20.746566: train_loss -0.9506
2026-08-07 22:01:20.747029: val_loss -0.9502
2026-08-07 22:01:20.747409: Pseudo dice [np.float32(0.9643), np.float32(0.9768), np.float32(0.9725)]
2026-08-07 22:01:20.747675: Epoch time: 24.16 s
2026-08-07 22:01:21.180945: 
2026-08-07 22:01:21.181150: Epoch 699
2026-08-07 22:01:21.181354: Current learning rate: 0.00339
2026-08-07 22:01:45.356419: train_loss -0.9496
2026-08-07 22:01:45.356901: val_loss -0.9529
2026-08-07 22:01:45.357130: Pseudo dice [np.float32(0.9665), np.float32(0.9777), np.float32(0.9744)]
2026-08-07 22:01:45.357601: Epoch time: 24.18 s
2026-08-07 22:01:45.802936: 
2026-08-07 22:01:45.803139: Epoch 700
2026-08-07 22:01:45.803378: Current learning rate: 0.00338
2026-08-07 22:02:09.961722: train_loss -0.9493
2026-08-07 22:02:09.962114: val_loss -0.9505
2026-08-07 22:02:09.962511: Pseudo dice [np.float32(0.9647), np.float32(0.9763), np.float32(0.9733)]
2026-08-07 22:02:09.963171: Epoch time: 24.16 s
2026-08-07 22:02:10.390934: 
2026-08-07 22:02:10.391149: Epoch 701
2026-08-07 22:02:10.391322: Current learning rate: 0.00337
2026-08-07 22:02:34.553853: train_loss -0.9496
2026-08-07 22:02:34.554620: val_loss -0.9529
2026-08-07 22:02:34.556423: Pseudo dice [np.float32(0.9663), np.float32(0.9779), np.float32(0.9745)]
2026-08-07 22:02:34.556806: Epoch time: 24.16 s
2026-08-07 22:02:34.986834: 
2026-08-07 22:02:34.987043: Epoch 702
2026-08-07 22:02:34.987174: Current learning rate: 0.00336
2026-08-07 22:02:59.150818: train_loss -0.9504
2026-08-07 22:02:59.151216: val_loss -0.9371
2026-08-07 22:02:59.151867: Pseudo dice [np.float32(0.9487), np.float32(0.9769), np.float32(0.9727)]
2026-08-07 22:02:59.152151: Epoch time: 24.16 s
2026-08-07 22:02:59.576497: 
2026-08-07 22:02:59.576775: Epoch 703
2026-08-07 22:02:59.576910: Current learning rate: 0.00335
2026-08-07 22:03:23.747155: train_loss -0.9494
2026-08-07 22:03:23.747554: val_loss -0.9508
2026-08-07 22:03:23.747863: Pseudo dice [np.float32(0.9657), np.float32(0.9772), np.float32(0.972)]
2026-08-07 22:03:23.748532: Epoch time: 24.17 s
2026-08-07 22:03:24.408650: 
2026-08-07 22:03:24.408868: Epoch 704
2026-08-07 22:03:24.409084: Current learning rate: 0.00334
2026-08-07 22:03:48.562081: train_loss -0.9494
2026-08-07 22:03:48.562813: val_loss -0.9514
2026-08-07 22:03:48.563598: Pseudo dice [np.float32(0.9658), np.float32(0.9769), np.float32(0.9735)]
2026-08-07 22:03:48.563914: Epoch time: 24.15 s
2026-08-07 22:03:48.985564: 
2026-08-07 22:03:48.985807: Epoch 705
2026-08-07 22:03:48.986410: Current learning rate: 0.00333
2026-08-07 22:04:13.150346: train_loss -0.9506
2026-08-07 22:04:13.150760: val_loss -0.9518
2026-08-07 22:04:13.150939: Pseudo dice [np.float32(0.966), np.float32(0.978), np.float32(0.9734)]
2026-08-07 22:04:13.151287: Epoch time: 24.16 s
2026-08-07 22:04:13.572271: 
2026-08-07 22:04:13.572545: Epoch 706
2026-08-07 22:04:13.572773: Current learning rate: 0.00332
2026-08-07 22:04:37.737959: train_loss -0.9494
2026-08-07 22:04:37.738358: val_loss -0.8854
2026-08-07 22:04:37.739236: Pseudo dice [np.float32(0.8961), np.float32(0.9769), np.float32(0.9723)]
2026-08-07 22:04:37.739488: Epoch time: 24.17 s
2026-08-07 22:04:38.167067: 
2026-08-07 22:04:38.167276: Epoch 707
2026-08-07 22:04:38.167494: Current learning rate: 0.00331
2026-08-07 22:05:02.331702: train_loss -0.9494
2026-08-07 22:05:02.332091: val_loss -0.9499
2026-08-07 22:05:02.333196: Pseudo dice [np.float32(0.9645), np.float32(0.9771), np.float32(0.9725)]
2026-08-07 22:05:02.333421: Epoch time: 24.16 s
2026-08-07 22:05:02.756821: 
2026-08-07 22:05:02.757076: Epoch 708
2026-08-07 22:05:02.757415: Current learning rate: 0.0033
2026-08-07 22:05:26.912671: train_loss -0.9505
2026-08-07 22:05:26.913136: val_loss -0.9529
2026-08-07 22:05:26.913620: Pseudo dice [np.float32(0.9661), np.float32(0.9781), np.float32(0.9743)]
2026-08-07 22:05:26.913915: Epoch time: 24.16 s
2026-08-07 22:05:27.333692: 
2026-08-07 22:05:27.333906: Epoch 709
2026-08-07 22:05:27.334089: Current learning rate: 0.00329
2026-08-07 22:05:51.481941: train_loss -0.9504
2026-08-07 22:05:51.482323: val_loss -0.9514
2026-08-07 22:05:51.483372: Pseudo dice [np.float32(0.9657), np.float32(0.9771), np.float32(0.9743)]
2026-08-07 22:05:51.484403: Epoch time: 24.15 s
2026-08-07 22:05:51.912178: 
2026-08-07 22:05:51.912554: Epoch 710
2026-08-07 22:05:51.912843: Current learning rate: 0.00328
2026-08-07 22:06:16.069816: train_loss -0.9501
2026-08-07 22:06:16.070225: val_loss -0.9532
2026-08-07 22:06:16.070600: Pseudo dice [np.float32(0.9666), np.float32(0.9777), np.float32(0.9743)]
2026-08-07 22:06:16.070914: Epoch time: 24.16 s
2026-08-07 22:06:16.489538: 
2026-08-07 22:06:16.490170: Epoch 711
2026-08-07 22:06:16.490993: Current learning rate: 0.00327
2026-08-07 22:06:40.654198: train_loss -0.9501
2026-08-07 22:06:40.654612: val_loss -0.9521
2026-08-07 22:06:40.654949: Pseudo dice [np.float32(0.9657), np.float32(0.9772), np.float32(0.9739)]
2026-08-07 22:06:40.655374: Epoch time: 24.16 s
2026-08-07 22:06:41.076705: 
2026-08-07 22:06:41.076910: Epoch 712
2026-08-07 22:06:41.077111: Current learning rate: 0.00326
2026-08-07 22:07:05.229800: train_loss -0.9507
2026-08-07 22:07:05.230211: val_loss -0.9504
2026-08-07 22:07:05.230396: Pseudo dice [np.float32(0.966), np.float32(0.977), np.float32(0.9705)]
2026-08-07 22:07:05.230876: Epoch time: 24.15 s
2026-08-07 22:07:05.650957: 
2026-08-07 22:07:05.651176: Epoch 713
2026-08-07 22:07:05.651388: Current learning rate: 0.00325
2026-08-07 22:07:29.809361: train_loss -0.9493
2026-08-07 22:07:29.809753: val_loss -0.9518
2026-08-07 22:07:29.809931: Pseudo dice [np.float32(0.9657), np.float32(0.9774), np.float32(0.9738)]
2026-08-07 22:07:29.810101: Epoch time: 24.16 s
2026-08-07 22:07:30.231112: 
2026-08-07 22:07:30.231314: Epoch 714
2026-08-07 22:07:30.231447: Current learning rate: 0.00324
2026-08-07 22:07:54.392282: train_loss -0.9502
2026-08-07 22:07:54.392685: val_loss -0.8954
2026-08-07 22:07:54.394231: Pseudo dice [np.float32(0.907), np.float32(0.9773), np.float32(0.9736)]
2026-08-07 22:07:54.394497: Epoch time: 24.16 s
2026-08-07 22:07:54.811207: 
2026-08-07 22:07:54.811502: Epoch 715
2026-08-07 22:07:54.811682: Current learning rate: 0.00323
2026-08-07 22:08:18.981400: train_loss -0.9501
2026-08-07 22:08:18.981806: val_loss -0.9516
2026-08-07 22:08:18.982126: Pseudo dice [np.float32(0.9658), np.float32(0.9775), np.float32(0.973)]
2026-08-07 22:08:18.982462: Epoch time: 24.17 s
2026-08-07 22:08:19.655911: 
2026-08-07 22:08:19.656132: Epoch 716
2026-08-07 22:08:19.656265: Current learning rate: 0.00322
2026-08-07 22:08:43.819264: train_loss -0.9503
2026-08-07 22:08:43.819743: val_loss -0.9523
2026-08-07 22:08:43.820045: Pseudo dice [np.float32(0.966), np.float32(0.9781), np.float32(0.9735)]
2026-08-07 22:08:43.820217: Epoch time: 24.16 s
2026-08-07 22:08:44.249398: 
2026-08-07 22:08:44.250075: Epoch 717
2026-08-07 22:08:44.250679: Current learning rate: 0.00321
2026-08-07 22:09:08.413902: train_loss -0.9495
2026-08-07 22:09:08.414366: val_loss -0.9519
2026-08-07 22:09:08.415261: Pseudo dice [np.float32(0.9657), np.float32(0.9774), np.float32(0.973)]
2026-08-07 22:09:08.415570: Epoch time: 24.16 s
2026-08-07 22:09:08.837337: 
2026-08-07 22:09:08.837559: Epoch 718
2026-08-07 22:09:08.837781: Current learning rate: 0.0032
2026-08-07 22:09:32.995164: train_loss -0.95
2026-08-07 22:09:32.995727: val_loss -0.9529
2026-08-07 22:09:32.996119: Pseudo dice [np.float32(0.967), np.float32(0.9776), np.float32(0.9746)]
2026-08-07 22:09:32.996315: Epoch time: 24.16 s
2026-08-07 22:09:33.422649: 
2026-08-07 22:09:33.423199: Epoch 719
2026-08-07 22:09:33.423654: Current learning rate: 0.00319
2026-08-07 22:09:57.578302: train_loss -0.9495
2026-08-07 22:09:57.578704: val_loss -0.9532
2026-08-07 22:09:57.579059: Pseudo dice [np.float32(0.9665), np.float32(0.978), np.float32(0.9745)]
2026-08-07 22:09:57.579389: Epoch time: 24.16 s
2026-08-07 22:09:58.002372: 
2026-08-07 22:09:58.002582: Epoch 720
2026-08-07 22:09:58.002774: Current learning rate: 0.00318
2026-08-07 22:10:22.164597: train_loss -0.9498
2026-08-07 22:10:22.165570: val_loss -0.9508
2026-08-07 22:10:22.165947: Pseudo dice [np.float32(0.9646), np.float32(0.9768), np.float32(0.9734)]
2026-08-07 22:10:22.166251: Epoch time: 24.16 s
2026-08-07 22:10:22.589004: 
2026-08-07 22:10:22.589220: Epoch 721
2026-08-07 22:10:22.589610: Current learning rate: 0.00317
2026-08-07 22:10:46.751287: train_loss -0.9502
2026-08-07 22:10:46.751718: val_loss -0.9504
2026-08-07 22:10:46.752007: Pseudo dice [np.float32(0.965), np.float32(0.9768), np.float32(0.9724)]
2026-08-07 22:10:46.752259: Epoch time: 24.16 s
2026-08-07 22:10:47.189654: 
2026-08-07 22:10:47.189864: Epoch 722
2026-08-07 22:10:47.190066: Current learning rate: 0.00316
2026-08-07 22:11:11.345866: train_loss -0.9496
2026-08-07 22:11:11.346421: val_loss -0.9533
2026-08-07 22:11:11.346897: Pseudo dice [np.float32(0.9676), np.float32(0.9781), np.float32(0.9738)]
2026-08-07 22:11:11.347111: Epoch time: 24.16 s
2026-08-07 22:11:11.758033: 
2026-08-07 22:11:11.758250: Epoch 723
2026-08-07 22:11:11.758545: Current learning rate: 0.00315
2026-08-07 22:11:35.920592: train_loss -0.9499
2026-08-07 22:11:35.920988: val_loss -0.9526
2026-08-07 22:11:35.921512: Pseudo dice [np.float32(0.9665), np.float32(0.9781), np.float32(0.9733)]
2026-08-07 22:11:35.922623: Epoch time: 24.16 s
2026-08-07 22:11:36.342747: 
2026-08-07 22:11:36.342954: Epoch 724
2026-08-07 22:11:36.343148: Current learning rate: 0.00314
2026-08-07 22:12:00.500950: train_loss -0.9504
2026-08-07 22:12:00.501347: val_loss -0.9497
2026-08-07 22:12:00.502512: Pseudo dice [np.float32(0.9645), np.float32(0.9766), np.float32(0.9733)]
2026-08-07 22:12:00.502764: Epoch time: 24.16 s
2026-08-07 22:12:00.919720: 
2026-08-07 22:12:00.920011: Epoch 725
2026-08-07 22:12:00.920290: Current learning rate: 0.00313
2026-08-07 22:12:25.073670: train_loss -0.9495
2026-08-07 22:12:25.074060: val_loss -0.9529
2026-08-07 22:12:25.074665: Pseudo dice [np.float32(0.9668), np.float32(0.9776), np.float32(0.9736)]
2026-08-07 22:12:25.075509: Epoch time: 24.15 s
2026-08-07 22:12:25.501446: 
2026-08-07 22:12:25.501647: Epoch 726
2026-08-07 22:12:25.501782: Current learning rate: 0.00312
2026-08-07 22:12:49.662732: train_loss -0.95
2026-08-07 22:12:49.663118: val_loss -0.9502
2026-08-07 22:12:49.663291: Pseudo dice [np.float32(0.9656), np.float32(0.9767), np.float32(0.9722)]
2026-08-07 22:12:49.664370: Epoch time: 24.16 s
2026-08-07 22:12:50.087039: 
2026-08-07 22:12:50.087306: Epoch 727
2026-08-07 22:12:50.087438: Current learning rate: 0.00311
2026-08-07 22:13:14.249209: train_loss -0.9504
2026-08-07 22:13:14.249603: val_loss -0.9493
2026-08-07 22:13:14.250226: Pseudo dice [np.float32(0.965), np.float32(0.9767), np.float32(0.9701)]
2026-08-07 22:13:14.251016: Epoch time: 24.16 s
2026-08-07 22:13:14.908126: 
2026-08-07 22:13:14.908336: Epoch 728
2026-08-07 22:13:14.908565: Current learning rate: 0.0031
2026-08-07 22:13:39.070797: train_loss -0.9504
2026-08-07 22:13:39.071384: val_loss -0.9415
2026-08-07 22:13:39.071800: Pseudo dice [np.float32(0.9512), np.float32(0.9772), np.float32(0.9734)]
2026-08-07 22:13:39.071992: Epoch time: 24.16 s
2026-08-07 22:13:39.500159: 
2026-08-07 22:13:39.500376: Epoch 729
2026-08-07 22:13:39.501023: Current learning rate: 0.00309
2026-08-07 22:14:03.657476: train_loss -0.9492
2026-08-07 22:14:03.657886: val_loss -0.9482
2026-08-07 22:14:03.658286: Pseudo dice [np.float32(0.964), np.float32(0.9761), np.float32(0.9699)]
2026-08-07 22:14:03.658650: Epoch time: 24.16 s
2026-08-07 22:14:04.083614: 
2026-08-07 22:14:04.083826: Epoch 730
2026-08-07 22:14:04.085034: Current learning rate: 0.00308
2026-08-07 22:14:28.247350: train_loss -0.9497
2026-08-07 22:14:28.247734: val_loss -0.9504
2026-08-07 22:14:28.248430: Pseudo dice [np.float32(0.9646), np.float32(0.9768), np.float32(0.9729)]
2026-08-07 22:14:28.248635: Epoch time: 24.16 s
2026-08-07 22:14:28.669464: 
2026-08-07 22:14:28.669672: Epoch 731
2026-08-07 22:14:28.669801: Current learning rate: 0.00307
2026-08-07 22:14:52.825919: train_loss -0.9498
2026-08-07 22:14:52.826345: val_loss -0.9517
2026-08-07 22:14:52.826756: Pseudo dice [np.float32(0.9658), np.float32(0.9774), np.float32(0.9735)]
2026-08-07 22:14:52.827046: Epoch time: 24.16 s
2026-08-07 22:14:53.255222: 
2026-08-07 22:14:53.255676: Epoch 732
2026-08-07 22:14:53.256390: Current learning rate: 0.00306
2026-08-07 22:15:17.421693: train_loss -0.95
2026-08-07 22:15:17.422161: val_loss -0.9527
2026-08-07 22:15:17.422688: Pseudo dice [np.float32(0.9669), np.float32(0.9775), np.float32(0.9738)]
2026-08-07 22:15:17.423416: Epoch time: 24.17 s
2026-08-07 22:15:17.854968: 
2026-08-07 22:15:17.855175: Epoch 733
2026-08-07 22:15:17.855383: Current learning rate: 0.00305
2026-08-07 22:15:42.017685: train_loss -0.9504
2026-08-07 22:15:42.018076: val_loss -0.9499
2026-08-07 22:15:42.018379: Pseudo dice [np.float32(0.9636), np.float32(0.9774), np.float32(0.9731)]
2026-08-07 22:15:42.019063: Epoch time: 24.16 s
2026-08-07 22:15:42.434345: 
2026-08-07 22:15:42.434933: Epoch 734
2026-08-07 22:15:42.436298: Current learning rate: 0.00304
2026-08-07 22:16:06.605936: train_loss -0.9512
2026-08-07 22:16:06.606323: val_loss -0.9529
2026-08-07 22:16:06.606802: Pseudo dice [np.float32(0.9663), np.float32(0.9776), np.float32(0.9741)]
2026-08-07 22:16:06.607024: Epoch time: 24.17 s
2026-08-07 22:16:07.029513: 
2026-08-07 22:16:07.029817: Epoch 735
2026-08-07 22:16:07.029949: Current learning rate: 0.00303
2026-08-07 22:16:31.194503: train_loss -0.9495
2026-08-07 22:16:31.194916: val_loss -0.9523
2026-08-07 22:16:31.195216: Pseudo dice [np.float32(0.9658), np.float32(0.9776), np.float32(0.9737)]
2026-08-07 22:16:31.195505: Epoch time: 24.17 s
2026-08-07 22:16:31.627649: 
2026-08-07 22:16:31.627860: Epoch 736
2026-08-07 22:16:31.628183: Current learning rate: 0.00302
2026-08-07 22:16:55.791994: train_loss -0.9505
2026-08-07 22:16:55.792382: val_loss -0.9531
2026-08-07 22:16:55.792838: Pseudo dice [np.float32(0.9661), np.float32(0.9783), np.float32(0.9748)]
2026-08-07 22:16:55.793094: Epoch time: 24.16 s
2026-08-07 22:16:56.216685: 
2026-08-07 22:16:56.216962: Epoch 737
2026-08-07 22:16:56.217339: Current learning rate: 0.00301
2026-08-07 22:17:20.390591: train_loss -0.951
2026-08-07 22:17:20.391004: val_loss -0.953
2026-08-07 22:17:20.391288: Pseudo dice [np.float32(0.967), np.float32(0.9782), np.float32(0.9735)]
2026-08-07 22:17:20.391671: Epoch time: 24.17 s
2026-08-07 22:17:20.815818: 
2026-08-07 22:17:20.816048: Epoch 738
2026-08-07 22:17:20.816270: Current learning rate: 0.003
2026-08-07 22:17:44.990384: train_loss -0.9509
2026-08-07 22:17:44.990793: val_loss -0.9526
2026-08-07 22:17:44.990993: Pseudo dice [np.float32(0.9665), np.float32(0.9771), np.float32(0.9731)]
2026-08-07 22:17:44.991501: Epoch time: 24.17 s
2026-08-07 22:17:44.991695: Yayy! New best EMA pseudo Dice: 0.9717000126838684
2026-08-07 22:17:45.442390: 
2026-08-07 22:17:45.442599: Epoch 739
2026-08-07 22:17:45.442950: Current learning rate: 0.00299
2026-08-07 22:18:09.609051: train_loss -0.9503
2026-08-07 22:18:09.609437: val_loss -0.9526
2026-08-07 22:18:09.609955: Pseudo dice [np.float32(0.9659), np.float32(0.9778), np.float32(0.9739)]
2026-08-07 22:18:09.610459: Epoch time: 24.17 s
2026-08-07 22:18:09.610763: Yayy! New best EMA pseudo Dice: 0.9718000292778015
2026-08-07 22:18:10.285257: 
2026-08-07 22:18:10.285466: Epoch 740
2026-08-07 22:18:10.285717: Current learning rate: 0.00297
2026-08-07 22:18:34.450286: train_loss -0.9503
2026-08-07 22:18:34.450700: val_loss -0.9504
2026-08-07 22:18:34.451054: Pseudo dice [np.float32(0.965), np.float32(0.9773), np.float32(0.9726)]
2026-08-07 22:18:34.451364: Epoch time: 24.17 s
2026-08-07 22:18:34.875475: 
2026-08-07 22:18:34.875686: Epoch 741
2026-08-07 22:18:34.875877: Current learning rate: 0.00296
2026-08-07 22:18:59.036775: train_loss -0.9507
2026-08-07 22:18:59.037150: val_loss -0.9475
2026-08-07 22:18:59.037610: Pseudo dice [np.float32(0.9619), np.float32(0.9774), np.float32(0.973)]
2026-08-07 22:18:59.037915: Epoch time: 24.16 s
2026-08-07 22:18:59.459077: 
2026-08-07 22:18:59.459381: Epoch 742
2026-08-07 22:18:59.460427: Current learning rate: 0.00295
2026-08-07 22:19:23.620674: train_loss -0.9505
2026-08-07 22:19:23.621136: val_loss -0.9528
2026-08-07 22:19:23.621521: Pseudo dice [np.float32(0.9668), np.float32(0.9781), np.float32(0.9741)]
2026-08-07 22:19:23.621932: Epoch time: 24.16 s
2026-08-07 22:19:23.622107: Yayy! New best EMA pseudo Dice: 0.9718000292778015
2026-08-07 22:19:24.083069: 
2026-08-07 22:19:24.083279: Epoch 743
2026-08-07 22:19:24.084411: Current learning rate: 0.00294
2026-08-07 22:19:48.253839: train_loss -0.9515
2026-08-07 22:19:48.254303: val_loss -0.9431
2026-08-07 22:19:48.254653: Pseudo dice [np.float32(0.9521), np.float32(0.9774), np.float32(0.9734)]
2026-08-07 22:19:48.254831: Epoch time: 24.17 s
2026-08-07 22:19:48.676440: 
2026-08-07 22:19:48.676655: Epoch 744
2026-08-07 22:19:48.676786: Current learning rate: 0.00293
2026-08-07 22:20:12.830302: train_loss -0.9501
2026-08-07 22:20:12.830704: val_loss -0.9529
2026-08-07 22:20:12.831002: Pseudo dice [np.float32(0.9667), np.float32(0.9774), np.float32(0.9737)]
2026-08-07 22:20:12.831530: Epoch time: 24.15 s
2026-08-07 22:20:13.256612: 
2026-08-07 22:20:13.256817: Epoch 745
2026-08-07 22:20:13.257119: Current learning rate: 0.00292
2026-08-07 22:20:37.420418: train_loss -0.9515
2026-08-07 22:20:37.421417: val_loss -0.9522
2026-08-07 22:20:37.421770: Pseudo dice [np.float32(0.9664), np.float32(0.9771), np.float32(0.9733)]
2026-08-07 22:20:37.422043: Epoch time: 24.16 s
2026-08-07 22:20:37.834917: 
2026-08-07 22:20:37.835121: Epoch 746
2026-08-07 22:20:37.835247: Current learning rate: 0.00291
2026-08-07 22:21:01.994262: train_loss -0.9504
2026-08-07 22:21:01.994636: val_loss -0.952
2026-08-07 22:21:01.995139: Pseudo dice [np.float32(0.966), np.float32(0.977), np.float32(0.9738)]
2026-08-07 22:21:01.995396: Epoch time: 24.16 s
2026-08-07 22:21:02.413299: 
2026-08-07 22:21:02.413721: Epoch 747
2026-08-07 22:21:02.414326: Current learning rate: 0.0029
2026-08-07 22:21:26.577952: train_loss -0.9508
2026-08-07 22:21:26.578336: val_loss -0.9521
2026-08-07 22:21:26.579442: Pseudo dice [np.float32(0.9666), np.float32(0.9775), np.float32(0.9726)]
2026-08-07 22:21:26.580353: Epoch time: 24.16 s
2026-08-07 22:21:27.010460: 
2026-08-07 22:21:27.011054: Epoch 748
2026-08-07 22:21:27.011423: Current learning rate: 0.00289
2026-08-07 22:21:51.171437: train_loss -0.9502
2026-08-07 22:21:51.171844: val_loss -0.9503
2026-08-07 22:21:51.172160: Pseudo dice [np.float32(0.9649), np.float32(0.9767), np.float32(0.9711)]
2026-08-07 22:21:51.172398: Epoch time: 24.16 s
2026-08-07 22:21:51.588058: 
2026-08-07 22:21:51.588265: Epoch 749
2026-08-07 22:21:51.588480: Current learning rate: 0.00288
2026-08-07 22:22:15.747966: train_loss -0.95
2026-08-07 22:22:15.748340: val_loss -0.9541
2026-08-07 22:22:15.748905: Pseudo dice [np.float32(0.9668), np.float32(0.9786), np.float32(0.9753)]
2026-08-07 22:22:15.749187: Epoch time: 24.16 s
2026-08-07 22:22:15.787727: Yayy! New best EMA pseudo Dice: 0.9718000292778015
2026-08-07 22:22:16.240253: 
2026-08-07 22:22:16.240462: Epoch 750
2026-08-07 22:22:16.240596: Current learning rate: 0.00287
2026-08-07 22:22:40.394403: train_loss -0.9508
2026-08-07 22:22:40.394934: val_loss -0.9511
2026-08-07 22:22:40.395116: Pseudo dice [np.float32(0.9657), np.float32(0.977), np.float32(0.9719)]
2026-08-07 22:22:40.395571: Epoch time: 24.15 s
2026-08-07 22:22:40.820552: 
2026-08-07 22:22:40.820787: Epoch 751
2026-08-07 22:22:40.821288: Current learning rate: 0.00286
2026-08-07 22:23:04.988823: train_loss -0.9509
2026-08-07 22:23:04.989454: val_loss -0.9517
2026-08-07 22:23:04.989995: Pseudo dice [np.float32(0.9654), np.float32(0.9774), np.float32(0.9736)]
2026-08-07 22:23:04.990234: Epoch time: 24.17 s
2026-08-07 22:23:04.990367: Yayy! New best EMA pseudo Dice: 0.9718000292778015
2026-08-07 22:23:05.674476: 
2026-08-07 22:23:05.674697: Epoch 752
2026-08-07 22:23:05.674835: Current learning rate: 0.00285
2026-08-07 22:23:29.832750: train_loss -0.9507
2026-08-07 22:23:29.833338: val_loss -0.951
2026-08-07 22:23:29.833735: Pseudo dice [np.float32(0.9654), np.float32(0.9773), np.float32(0.9718)]
2026-08-07 22:23:29.833985: Epoch time: 24.16 s
2026-08-07 22:23:30.264576: 
2026-08-07 22:23:30.264790: Epoch 753
2026-08-07 22:23:30.265219: Current learning rate: 0.00284
2026-08-07 22:23:54.430018: train_loss -0.9495
2026-08-07 22:23:54.430418: val_loss -0.9514
2026-08-07 22:23:54.430889: Pseudo dice [np.float32(0.9656), np.float32(0.9772), np.float32(0.9722)]
2026-08-07 22:23:54.431463: Epoch time: 24.17 s
2026-08-07 22:23:54.854779: 
2026-08-07 22:23:54.855114: Epoch 754
2026-08-07 22:23:54.855355: Current learning rate: 0.00283
2026-08-07 22:24:19.025785: train_loss -0.9504
2026-08-07 22:24:19.026152: val_loss -0.9531
2026-08-07 22:24:19.026434: Pseudo dice [np.float32(0.9666), np.float32(0.9778), np.float32(0.9737)]
2026-08-07 22:24:19.026766: Epoch time: 24.17 s
2026-08-07 22:24:19.027395: Yayy! New best EMA pseudo Dice: 0.9718999862670898
2026-08-07 22:24:19.493515: 
2026-08-07 22:24:19.493725: Epoch 755
2026-08-07 22:24:19.493965: Current learning rate: 0.00282
2026-08-07 22:24:43.649319: train_loss -0.9499
2026-08-07 22:24:43.649719: val_loss -0.9438
2026-08-07 22:24:43.650059: Pseudo dice [np.float32(0.9562), np.float32(0.977), np.float32(0.9747)]
2026-08-07 22:24:43.650492: Epoch time: 24.16 s
2026-08-07 22:24:44.067709: 
2026-08-07 22:24:44.067924: Epoch 756
2026-08-07 22:24:44.068056: Current learning rate: 0.00281
2026-08-07 22:25:08.231371: train_loss -0.95
2026-08-07 22:25:08.231797: val_loss -0.9513
2026-08-07 22:25:08.232228: Pseudo dice [np.float32(0.9655), np.float32(0.9769), np.float32(0.9727)]
2026-08-07 22:25:08.232396: Epoch time: 24.16 s
2026-08-07 22:25:08.647097: 
2026-08-07 22:25:08.647377: Epoch 757
2026-08-07 22:25:08.647611: Current learning rate: 0.0028
2026-08-07 22:25:32.817211: train_loss -0.9496
2026-08-07 22:25:32.817677: val_loss -0.9533
2026-08-07 22:25:32.817989: Pseudo dice [np.float32(0.9669), np.float32(0.9777), np.float32(0.9746)]
2026-08-07 22:25:32.818538: Epoch time: 24.17 s
2026-08-07 22:25:33.235677: 
2026-08-07 22:25:33.236006: Epoch 758
2026-08-07 22:25:33.236193: Current learning rate: 0.00279
2026-08-07 22:25:57.411854: train_loss -0.9506
2026-08-07 22:25:57.412302: val_loss -0.9352
2026-08-07 22:25:57.412602: Pseudo dice [np.float32(0.9462), np.float32(0.9775), np.float32(0.9732)]
2026-08-07 22:25:57.413043: Epoch time: 24.18 s
2026-08-07 22:25:57.832871: 
2026-08-07 22:25:57.833078: Epoch 759
2026-08-07 22:25:57.833359: Current learning rate: 0.00278
2026-08-07 22:26:22.004402: train_loss -0.9507
2026-08-07 22:26:22.005676: val_loss -0.9521
2026-08-07 22:26:22.005876: Pseudo dice [np.float32(0.9659), np.float32(0.9774), np.float32(0.9739)]
2026-08-07 22:26:22.006187: Epoch time: 24.17 s
2026-08-07 22:26:22.426721: 
2026-08-07 22:26:22.426944: Epoch 760
2026-08-07 22:26:22.427082: Current learning rate: 0.00277
2026-08-07 22:26:46.593356: train_loss -0.951
2026-08-07 22:26:46.593741: val_loss -0.9525
2026-08-07 22:26:46.594229: Pseudo dice [np.float32(0.9663), np.float32(0.9776), np.float32(0.9731)]
2026-08-07 22:26:46.595427: Epoch time: 24.17 s
2026-08-07 22:26:47.024035: 
2026-08-07 22:26:47.024274: Epoch 761
2026-08-07 22:26:47.024637: Current learning rate: 0.00276
2026-08-07 22:27:11.185646: train_loss -0.9517
2026-08-07 22:27:11.186124: val_loss -0.952
2026-08-07 22:27:11.186302: Pseudo dice [np.float32(0.9664), np.float32(0.9776), np.float32(0.9729)]
2026-08-07 22:27:11.186567: Epoch time: 24.16 s
2026-08-07 22:27:11.614919: 
2026-08-07 22:27:11.615137: Epoch 762
2026-08-07 22:27:11.615416: Current learning rate: 0.00275
2026-08-07 22:27:35.777971: train_loss -0.9506
2026-08-07 22:27:35.778450: val_loss -0.9525
2026-08-07 22:27:35.778776: Pseudo dice [np.float32(0.9666), np.float32(0.9772), np.float32(0.9732)]
2026-08-07 22:27:35.778945: Epoch time: 24.16 s
2026-08-07 22:27:36.432827: 
2026-08-07 22:27:36.433171: Epoch 763
2026-08-07 22:27:36.433303: Current learning rate: 0.00274
2026-08-07 22:28:00.606092: train_loss -0.9496
2026-08-07 22:28:00.607198: val_loss -0.9492
2026-08-07 22:28:00.607670: Pseudo dice [np.float32(0.9642), np.float32(0.9766), np.float32(0.9718)]
2026-08-07 22:28:00.608334: Epoch time: 24.17 s
2026-08-07 22:28:01.030981: 
2026-08-07 22:28:01.031273: Epoch 764
2026-08-07 22:28:01.031870: Current learning rate: 0.00273
2026-08-07 22:28:25.202776: train_loss -0.9506
2026-08-07 22:28:25.203177: val_loss -0.9527
2026-08-07 22:28:25.203360: Pseudo dice [np.float32(0.9662), np.float32(0.9777), np.float32(0.9744)]
2026-08-07 22:28:25.203812: Epoch time: 24.17 s
2026-08-07 22:28:25.624905: 
2026-08-07 22:28:25.625130: Epoch 765
2026-08-07 22:28:25.625355: Current learning rate: 0.00272
2026-08-07 22:28:49.787643: train_loss -0.9493
2026-08-07 22:28:49.788030: val_loss -0.953
2026-08-07 22:28:49.788785: Pseudo dice [np.float32(0.9665), np.float32(0.9775), np.float32(0.9746)]
2026-08-07 22:28:49.789447: Epoch time: 24.16 s
2026-08-07 22:28:50.218155: 
2026-08-07 22:28:50.218373: Epoch 766
2026-08-07 22:28:50.218582: Current learning rate: 0.00271
2026-08-07 22:29:14.376809: train_loss -0.9494
2026-08-07 22:29:14.377294: val_loss -0.9521
2026-08-07 22:29:14.378064: Pseudo dice [np.float32(0.9653), np.float32(0.9779), np.float32(0.9746)]
2026-08-07 22:29:14.378334: Epoch time: 24.16 s
2026-08-07 22:29:14.809497: 
2026-08-07 22:29:14.809709: Epoch 767
2026-08-07 22:29:14.809846: Current learning rate: 0.0027
2026-08-07 22:29:38.976605: train_loss -0.9506
2026-08-07 22:29:38.977051: val_loss -0.9521
2026-08-07 22:29:38.977342: Pseudo dice [np.float32(0.9651), np.float32(0.9775), np.float32(0.9746)]
2026-08-07 22:29:38.977708: Epoch time: 24.17 s
2026-08-07 22:29:38.977884: Yayy! New best EMA pseudo Dice: 0.9718999862670898
2026-08-07 22:29:39.433730: 
2026-08-07 22:29:39.434035: Epoch 768
2026-08-07 22:29:39.434381: Current learning rate: 0.00268
2026-08-07 22:30:03.587872: train_loss -0.9496
2026-08-07 22:30:03.589110: val_loss -0.9523
2026-08-07 22:30:03.589359: Pseudo dice [np.float32(0.966), np.float32(0.9776), np.float32(0.9744)]
2026-08-07 22:30:03.589743: Epoch time: 24.15 s
2026-08-07 22:30:03.589898: Yayy! New best EMA pseudo Dice: 0.972000002861023
2026-08-07 22:30:04.042273: 
2026-08-07 22:30:04.042489: Epoch 769
2026-08-07 22:30:04.042916: Current learning rate: 0.00267
2026-08-07 22:30:28.212283: train_loss -0.9507
2026-08-07 22:30:28.212955: val_loss -0.9534
2026-08-07 22:30:28.213145: Pseudo dice [np.float32(0.9674), np.float32(0.9779), np.float32(0.9738)]
2026-08-07 22:30:28.213321: Epoch time: 24.17 s
2026-08-07 22:30:28.213521: Yayy! New best EMA pseudo Dice: 0.972100019454956
2026-08-07 22:30:28.662826: 
2026-08-07 22:30:28.663418: Epoch 770
2026-08-07 22:30:28.663995: Current learning rate: 0.00266
2026-08-07 22:30:52.828279: train_loss -0.9516
2026-08-07 22:30:52.828702: val_loss -0.9525
2026-08-07 22:30:52.828985: Pseudo dice [np.float32(0.9667), np.float32(0.9779), np.float32(0.973)]
2026-08-07 22:30:52.829380: Epoch time: 24.17 s
2026-08-07 22:30:52.830187: Yayy! New best EMA pseudo Dice: 0.972100019454956
2026-08-07 22:30:53.293703: 
2026-08-07 22:30:53.293928: Epoch 771
2026-08-07 22:30:53.294615: Current learning rate: 0.00265
2026-08-07 22:31:17.454404: train_loss -0.9509
2026-08-07 22:31:17.454820: val_loss -0.9522
2026-08-07 22:31:17.455280: Pseudo dice [np.float32(0.9661), np.float32(0.9777), np.float32(0.9734)]
2026-08-07 22:31:17.455665: Epoch time: 24.16 s
2026-08-07 22:31:17.455915: Yayy! New best EMA pseudo Dice: 0.9721999764442444
2026-08-07 22:31:17.921715: 
2026-08-07 22:31:17.922108: Epoch 772
2026-08-07 22:31:17.922250: Current learning rate: 0.00264
2026-08-07 22:31:42.088227: train_loss -0.951
2026-08-07 22:31:42.088618: val_loss -0.9533
2026-08-07 22:31:42.089087: Pseudo dice [np.float32(0.9667), np.float32(0.978), np.float32(0.9746)]
2026-08-07 22:31:42.089397: Epoch time: 24.17 s
2026-08-07 22:31:42.089722: Yayy! New best EMA pseudo Dice: 0.9721999764442444
2026-08-07 22:31:42.547361: 
2026-08-07 22:31:42.547662: Epoch 773
2026-08-07 22:31:42.548396: Current learning rate: 0.00263
2026-08-07 22:32:06.704436: train_loss -0.9509
2026-08-07 22:32:06.704850: val_loss -0.951
2026-08-07 22:32:06.705365: Pseudo dice [np.float32(0.9655), np.float32(0.9772), np.float32(0.9721)]
2026-08-07 22:32:06.705752: Epoch time: 24.16 s
2026-08-07 22:32:07.127520: 
2026-08-07 22:32:07.127752: Epoch 774
2026-08-07 22:32:07.128006: Current learning rate: 0.00262
2026-08-07 22:32:31.286389: train_loss -0.9502
2026-08-07 22:32:31.286785: val_loss -0.9475
2026-08-07 22:32:31.287506: Pseudo dice [np.float32(0.9603), np.float32(0.9769), np.float32(0.9724)]
2026-08-07 22:32:31.288519: Epoch time: 24.16 s
2026-08-07 22:32:31.952640: 
2026-08-07 22:32:31.952855: Epoch 775
2026-08-07 22:32:31.952990: Current learning rate: 0.00261
2026-08-07 22:32:56.108834: train_loss -0.9511
2026-08-07 22:32:56.109272: val_loss -0.9473
2026-08-07 22:32:56.109642: Pseudo dice [np.float32(0.9609), np.float32(0.9773), np.float32(0.9728)]
2026-08-07 22:32:56.109924: Epoch time: 24.16 s
2026-08-07 22:32:56.536249: 
2026-08-07 22:32:56.536507: Epoch 776
2026-08-07 22:32:56.536757: Current learning rate: 0.0026
2026-08-07 22:33:20.698875: train_loss -0.9507
2026-08-07 22:33:20.699360: val_loss -0.9526
2026-08-07 22:33:20.699692: Pseudo dice [np.float32(0.9663), np.float32(0.9774), np.float32(0.9731)]
2026-08-07 22:33:20.700251: Epoch time: 24.16 s
2026-08-07 22:33:21.130138: 
2026-08-07 22:33:21.130413: Epoch 777
2026-08-07 22:33:21.130753: Current learning rate: 0.00259
2026-08-07 22:33:45.300076: train_loss -0.9509
2026-08-07 22:33:45.300461: val_loss -0.9528
2026-08-07 22:33:45.300809: Pseudo dice [np.float32(0.9669), np.float32(0.978), np.float32(0.9734)]
2026-08-07 22:33:45.301193: Epoch time: 24.17 s
2026-08-07 22:33:45.725663: 
2026-08-07 22:33:45.726213: Epoch 778
2026-08-07 22:33:45.726711: Current learning rate: 0.00258
2026-08-07 22:34:09.893714: train_loss -0.9515
2026-08-07 22:34:09.894087: val_loss -0.9517
2026-08-07 22:34:09.894917: Pseudo dice [np.float32(0.9656), np.float32(0.9772), np.float32(0.9735)]
2026-08-07 22:34:09.895626: Epoch time: 24.17 s
2026-08-07 22:34:10.321764: 
2026-08-07 22:34:10.321978: Epoch 779
2026-08-07 22:34:10.322488: Current learning rate: 0.00257
2026-08-07 22:34:34.483049: train_loss -0.9505
2026-08-07 22:34:34.483658: val_loss -0.9514
2026-08-07 22:34:34.483842: Pseudo dice [np.float32(0.9659), np.float32(0.9775), np.float32(0.9722)]
2026-08-07 22:34:34.484131: Epoch time: 24.16 s
2026-08-07 22:34:34.907074: 
2026-08-07 22:34:34.907281: Epoch 780
2026-08-07 22:34:34.907411: Current learning rate: 0.00256
2026-08-07 22:34:59.070618: train_loss -0.9512
2026-08-07 22:34:59.071018: val_loss -0.9499
2026-08-07 22:34:59.072342: Pseudo dice [np.float32(0.9636), np.float32(0.9769), np.float32(0.9726)]
2026-08-07 22:34:59.073043: Epoch time: 24.16 s
2026-08-07 22:34:59.503710: 
2026-08-07 22:34:59.503930: Epoch 781
2026-08-07 22:34:59.504221: Current learning rate: 0.00255
2026-08-07 22:35:23.669244: train_loss -0.9513
2026-08-07 22:35:23.669971: val_loss -0.9525
2026-08-07 22:35:23.670401: Pseudo dice [np.float32(0.9667), np.float32(0.9773), np.float32(0.9742)]
2026-08-07 22:35:23.670666: Epoch time: 24.17 s
2026-08-07 22:35:24.095763: 
2026-08-07 22:35:24.095991: Epoch 782
2026-08-07 22:35:24.096519: Current learning rate: 0.00254
2026-08-07 22:35:48.248822: train_loss -0.9505
2026-08-07 22:35:48.249300: val_loss -0.9527
2026-08-07 22:35:48.249568: Pseudo dice [np.float32(0.9662), np.float32(0.9779), np.float32(0.974)]
2026-08-07 22:35:48.249859: Epoch time: 24.15 s
2026-08-07 22:35:48.679335: 
2026-08-07 22:35:48.679543: Epoch 783
2026-08-07 22:35:48.679931: Current learning rate: 0.00253
2026-08-07 22:36:12.841950: train_loss -0.9508
2026-08-07 22:36:12.842356: val_loss -0.9526
2026-08-07 22:36:12.842743: Pseudo dice [np.float32(0.9658), np.float32(0.9779), np.float32(0.9741)]
2026-08-07 22:36:12.843029: Epoch time: 24.16 s
2026-08-07 22:36:13.280110: 
2026-08-07 22:36:13.280357: Epoch 784
2026-08-07 22:36:13.280635: Current learning rate: 0.00252
2026-08-07 22:36:37.452210: train_loss -0.9513
2026-08-07 22:36:37.452621: val_loss -0.9531
2026-08-07 22:36:37.452942: Pseudo dice [np.float32(0.9678), np.float32(0.9781), np.float32(0.9729)]
2026-08-07 22:36:37.453228: Epoch time: 24.17 s
2026-08-07 22:36:37.883648: 
2026-08-07 22:36:37.883972: Epoch 785
2026-08-07 22:36:37.884099: Current learning rate: 0.00251
2026-08-07 22:37:02.051507: train_loss -0.9511
2026-08-07 22:37:02.051891: val_loss -0.9533
2026-08-07 22:37:02.052269: Pseudo dice [np.float32(0.9663), np.float32(0.978), np.float32(0.9747)]
2026-08-07 22:37:02.053664: Epoch time: 24.17 s
2026-08-07 22:37:02.479989: 
2026-08-07 22:37:02.480206: Epoch 786
2026-08-07 22:37:02.480402: Current learning rate: 0.0025
2026-08-07 22:37:26.636732: train_loss -0.9518
2026-08-07 22:37:26.637148: val_loss -0.9528
2026-08-07 22:37:26.637332: Pseudo dice [np.float32(0.9656), np.float32(0.9778), np.float32(0.9748)]
2026-08-07 22:37:26.637823: Epoch time: 24.16 s
2026-08-07 22:37:26.638007: Yayy! New best EMA pseudo Dice: 0.9722999930381775
2026-08-07 22:37:27.335746: 
2026-08-07 22:37:27.336050: Epoch 787
2026-08-07 22:37:27.336182: Current learning rate: 0.00249
2026-08-07 22:37:51.490734: train_loss -0.9512
2026-08-07 22:37:51.491122: val_loss -0.9524
2026-08-07 22:37:51.491478: Pseudo dice [np.float32(0.9662), np.float32(0.9776), np.float32(0.9737)]
2026-08-07 22:37:51.491789: Epoch time: 24.16 s
2026-08-07 22:37:51.492007: Yayy! New best EMA pseudo Dice: 0.9722999930381775
2026-08-07 22:37:51.952412: 
2026-08-07 22:37:51.952705: Epoch 788
2026-08-07 22:37:51.952857: Current learning rate: 0.00248
2026-08-07 22:38:16.111743: train_loss -0.9509
2026-08-07 22:38:16.112135: val_loss -0.9523
2026-08-07 22:38:16.112454: Pseudo dice [np.float32(0.9666), np.float32(0.9779), np.float32(0.9722)]
2026-08-07 22:38:16.112711: Epoch time: 24.16 s
2026-08-07 22:38:16.538962: 
2026-08-07 22:38:16.539312: Epoch 789
2026-08-07 22:38:16.539442: Current learning rate: 0.00247
2026-08-07 22:38:40.701162: train_loss -0.9517
2026-08-07 22:38:40.701563: val_loss -0.9529
2026-08-07 22:38:40.701977: Pseudo dice [np.float32(0.9664), np.float32(0.9779), np.float32(0.9744)]
2026-08-07 22:38:40.702311: Epoch time: 24.16 s
2026-08-07 22:38:40.702848: Yayy! New best EMA pseudo Dice: 0.9724000096321106
2026-08-07 22:38:41.174752: 
2026-08-07 22:38:41.174962: Epoch 790
2026-08-07 22:38:41.175269: Current learning rate: 0.00245
2026-08-07 22:39:05.341063: train_loss -0.9507
2026-08-07 22:39:05.341669: val_loss -0.9393
2026-08-07 22:39:05.342290: Pseudo dice [np.float32(0.9498), np.float32(0.9767), np.float32(0.974)]
2026-08-07 22:39:05.342623: Epoch time: 24.17 s
2026-08-07 22:39:05.769442: 
2026-08-07 22:39:05.769672: Epoch 791
2026-08-07 22:39:05.769805: Current learning rate: 0.00244
2026-08-07 22:39:29.923739: train_loss -0.951
2026-08-07 22:39:29.924158: val_loss -0.9525
2026-08-07 22:39:29.924592: Pseudo dice [np.float32(0.9669), np.float32(0.9779), np.float32(0.9727)]
2026-08-07 22:39:29.924850: Epoch time: 24.15 s
2026-08-07 22:39:30.355841: 
2026-08-07 22:39:30.356060: Epoch 792
2026-08-07 22:39:30.356571: Current learning rate: 0.00243
2026-08-07 22:39:54.507106: train_loss -0.9518
2026-08-07 22:39:54.507501: val_loss -0.9536
2026-08-07 22:39:54.508427: Pseudo dice [np.float32(0.9669), np.float32(0.9777), np.float32(0.9755)]
2026-08-07 22:39:54.509530: Epoch time: 24.15 s
2026-08-07 22:39:54.941216: 
2026-08-07 22:39:54.941628: Epoch 793
2026-08-07 22:39:54.941995: Current learning rate: 0.00242
2026-08-07 22:40:19.100973: train_loss -0.9507
2026-08-07 22:40:19.101744: val_loss -0.9529
2026-08-07 22:40:19.102059: Pseudo dice [np.float32(0.9662), np.float32(0.9775), np.float32(0.9742)]
2026-08-07 22:40:19.103055: Epoch time: 24.16 s
2026-08-07 22:40:19.533313: 
2026-08-07 22:40:19.533594: Epoch 794
2026-08-07 22:40:19.533847: Current learning rate: 0.00241
2026-08-07 22:40:43.689437: train_loss -0.9506
2026-08-07 22:40:43.689848: val_loss -0.9442
2026-08-07 22:40:43.690289: Pseudo dice [np.float32(0.9563), np.float32(0.9772), np.float32(0.9741)]
2026-08-07 22:40:43.691348: Epoch time: 24.16 s
2026-08-07 22:40:44.127833: 
2026-08-07 22:40:44.128045: Epoch 795
2026-08-07 22:40:44.128187: Current learning rate: 0.0024
2026-08-07 22:41:08.274127: train_loss -0.95
2026-08-07 22:41:08.274525: val_loss -0.9537
2026-08-07 22:41:08.274810: Pseudo dice [np.float32(0.9679), np.float32(0.9788), np.float32(0.9738)]
2026-08-07 22:41:08.275121: Epoch time: 24.15 s
2026-08-07 22:41:08.707171: 
2026-08-07 22:41:08.707384: Epoch 796
2026-08-07 22:41:08.707523: Current learning rate: 0.00239
2026-08-07 22:41:32.856740: train_loss -0.9506
2026-08-07 22:41:32.857121: val_loss -0.9513
2026-08-07 22:41:32.857315: Pseudo dice [np.float32(0.9649), np.float32(0.9773), np.float32(0.973)]
2026-08-07 22:41:32.857784: Epoch time: 24.15 s
2026-08-07 22:41:33.293275: 
2026-08-07 22:41:33.293482: Epoch 797
2026-08-07 22:41:33.293615: Current learning rate: 0.00238
2026-08-07 22:41:57.456523: train_loss -0.95
2026-08-07 22:41:57.457598: val_loss -0.9517
2026-08-07 22:41:57.458973: Pseudo dice [np.float32(0.9656), np.float32(0.9778), np.float32(0.9729)]
2026-08-07 22:41:57.459567: Epoch time: 24.16 s
2026-08-07 22:41:57.893424: 
2026-08-07 22:41:57.893670: Epoch 798
2026-08-07 22:41:57.894335: Current learning rate: 0.00237
2026-08-07 22:42:22.061647: train_loss -0.951
2026-08-07 22:42:22.062170: val_loss -0.9492
2026-08-07 22:42:22.062404: Pseudo dice [np.float32(0.9641), np.float32(0.977), np.float32(0.9716)]
2026-08-07 22:42:22.062909: Epoch time: 24.17 s
2026-08-07 22:42:22.731296: 
2026-08-07 22:42:22.731566: Epoch 799
2026-08-07 22:42:22.731978: Current learning rate: 0.00236
2026-08-07 22:42:46.893146: train_loss -0.9511
2026-08-07 22:42:46.893513: val_loss -0.9512
2026-08-07 22:42:46.894455: Pseudo dice [np.float32(0.9646), np.float32(0.9776), np.float32(0.9739)]
2026-08-07 22:42:46.894753: Epoch time: 24.16 s
2026-08-07 22:42:47.359358: 
2026-08-07 22:42:47.359587: Epoch 800
2026-08-07 22:42:47.359828: Current learning rate: 0.00235
2026-08-07 22:43:11.517906: train_loss -0.9516
2026-08-07 22:43:11.518275: val_loss -0.95
2026-08-07 22:43:11.518566: Pseudo dice [np.float32(0.9643), np.float32(0.9762), np.float32(0.9726)]
2026-08-07 22:43:11.518842: Epoch time: 24.16 s
2026-08-07 22:43:11.944901: 
2026-08-07 22:43:11.945110: Epoch 801
2026-08-07 22:43:11.945244: Current learning rate: 0.00234
2026-08-07 22:43:36.100199: train_loss -0.9499
2026-08-07 22:43:36.100735: val_loss -0.9504
2026-08-07 22:43:36.101502: Pseudo dice [np.float32(0.9659), np.float32(0.9771), np.float32(0.9712)]
2026-08-07 22:43:36.102173: Epoch time: 24.16 s
2026-08-07 22:43:36.530443: 
2026-08-07 22:43:36.530696: Epoch 802
2026-08-07 22:43:36.530826: Current learning rate: 0.00233
2026-08-07 22:44:00.685843: train_loss -0.9511
2026-08-07 22:44:00.686494: val_loss -0.9526
2026-08-07 22:44:00.687634: Pseudo dice [np.float32(0.9659), np.float32(0.9778), np.float32(0.9737)]
2026-08-07 22:44:00.687944: Epoch time: 24.16 s
2026-08-07 22:44:01.112582: 
2026-08-07 22:44:01.112985: Epoch 803
2026-08-07 22:44:01.113931: Current learning rate: 0.00232
2026-08-07 22:44:25.277960: train_loss -0.951
2026-08-07 22:44:25.278344: val_loss -0.9532
2026-08-07 22:44:25.279815: Pseudo dice [np.float32(0.9666), np.float32(0.9781), np.float32(0.9736)]
2026-08-07 22:44:25.280427: Epoch time: 24.17 s
2026-08-07 22:44:25.717823: 
2026-08-07 22:44:25.718032: Epoch 804
2026-08-07 22:44:25.718546: Current learning rate: 0.00231
2026-08-07 22:44:49.883216: train_loss -0.9514
2026-08-07 22:44:49.883700: val_loss -0.9527
2026-08-07 22:44:49.883999: Pseudo dice [np.float32(0.9659), np.float32(0.978), np.float32(0.9739)]
2026-08-07 22:44:49.884184: Epoch time: 24.17 s
2026-08-07 22:44:50.315571: 
2026-08-07 22:44:50.315933: Epoch 805
2026-08-07 22:44:50.316067: Current learning rate: 0.0023
2026-08-07 22:45:14.481670: train_loss -0.9512
2026-08-07 22:45:14.482081: val_loss -0.9513
2026-08-07 22:45:14.483120: Pseudo dice [np.float32(0.9652), np.float32(0.9768), np.float32(0.9726)]
2026-08-07 22:45:14.483506: Epoch time: 24.17 s
2026-08-07 22:45:14.920645: 
2026-08-07 22:45:14.920892: Epoch 806
2026-08-07 22:45:14.921138: Current learning rate: 0.00229
2026-08-07 22:45:39.084789: train_loss -0.9495
2026-08-07 22:45:39.085378: val_loss -0.9505
2026-08-07 22:45:39.085740: Pseudo dice [np.float32(0.9654), np.float32(0.9765), np.float32(0.971)]
2026-08-07 22:45:39.085992: Epoch time: 24.16 s
2026-08-07 22:45:39.510898: 
2026-08-07 22:45:39.511110: Epoch 807
2026-08-07 22:45:39.511306: Current learning rate: 0.00228
2026-08-07 22:46:03.683339: train_loss -0.9501
2026-08-07 22:46:03.683749: val_loss -0.9532
2026-08-07 22:46:03.684527: Pseudo dice [np.float32(0.967), np.float32(0.9781), np.float32(0.9741)]
2026-08-07 22:46:03.686504: Epoch time: 24.17 s
2026-08-07 22:46:04.120023: 
2026-08-07 22:46:04.120235: Epoch 808
2026-08-07 22:46:04.120600: Current learning rate: 0.00226
2026-08-07 22:46:28.283543: train_loss -0.9506
2026-08-07 22:46:28.283940: val_loss -0.9526
2026-08-07 22:46:28.284634: Pseudo dice [np.float32(0.9666), np.float32(0.9778), np.float32(0.9733)]
2026-08-07 22:46:28.284813: Epoch time: 24.16 s
2026-08-07 22:46:28.708728: 
2026-08-07 22:46:28.709136: Epoch 809
2026-08-07 22:46:28.709478: Current learning rate: 0.00225
2026-08-07 22:46:52.877178: train_loss -0.9515
2026-08-07 22:46:52.877587: val_loss -0.9534
2026-08-07 22:46:52.878067: Pseudo dice [np.float32(0.967), np.float32(0.9779), np.float32(0.9738)]
2026-08-07 22:46:52.878319: Epoch time: 24.17 s
2026-08-07 22:46:53.533227: 
2026-08-07 22:46:53.533454: Epoch 810
2026-08-07 22:46:53.533601: Current learning rate: 0.00224
2026-08-07 22:47:17.692225: train_loss -0.9523
2026-08-07 22:47:17.692609: val_loss -0.9529
2026-08-07 22:47:17.692791: Pseudo dice [np.float32(0.9662), np.float32(0.9778), np.float32(0.9735)]
2026-08-07 22:47:17.693416: Epoch time: 24.16 s
2026-08-07 22:47:18.127981: 
2026-08-07 22:47:18.128195: Epoch 811
2026-08-07 22:47:18.128583: Current learning rate: 0.00223
2026-08-07 22:47:42.291561: train_loss -0.9514
2026-08-07 22:47:42.292519: val_loss -0.9496
2026-08-07 22:47:42.292888: Pseudo dice [np.float32(0.9629), np.float32(0.9772), np.float32(0.9741)]
2026-08-07 22:47:42.293163: Epoch time: 24.16 s
2026-08-07 22:47:42.726689: 
2026-08-07 22:47:42.727016: Epoch 812
2026-08-07 22:47:42.727265: Current learning rate: 0.00222
2026-08-07 22:48:06.896857: train_loss -0.9517
2026-08-07 22:48:06.897255: val_loss -0.951
2026-08-07 22:48:06.897626: Pseudo dice [np.float32(0.9651), np.float32(0.9769), np.float32(0.9733)]
2026-08-07 22:48:06.897897: Epoch time: 24.17 s
2026-08-07 22:48:07.335479: 
2026-08-07 22:48:07.335842: Epoch 813
2026-08-07 22:48:07.336022: Current learning rate: 0.00221
2026-08-07 22:48:31.514236: train_loss -0.9514
2026-08-07 22:48:31.514802: val_loss -0.9532
2026-08-07 22:48:31.515345: Pseudo dice [np.float32(0.9672), np.float32(0.9777), np.float32(0.974)]
2026-08-07 22:48:31.515608: Epoch time: 24.18 s
2026-08-07 22:48:31.942723: 
2026-08-07 22:48:31.943021: Epoch 814
2026-08-07 22:48:31.943162: Current learning rate: 0.0022
2026-08-07 22:48:56.113637: train_loss -0.9513
2026-08-07 22:48:56.114360: val_loss -0.9523
2026-08-07 22:48:56.115045: Pseudo dice [np.float32(0.9665), np.float32(0.9779), np.float32(0.9723)]
2026-08-07 22:48:56.116376: Epoch time: 24.17 s
2026-08-07 22:48:56.559677: 
2026-08-07 22:48:56.559885: Epoch 815
2026-08-07 22:48:56.560030: Current learning rate: 0.00219
2026-08-07 22:49:20.723233: train_loss -0.9507
2026-08-07 22:49:20.723629: val_loss -0.9507
2026-08-07 22:49:20.724204: Pseudo dice [np.float32(0.9648), np.float32(0.9771), np.float32(0.9729)]
2026-08-07 22:49:20.724666: Epoch time: 24.16 s
2026-08-07 22:49:21.157481: 
2026-08-07 22:49:21.157923: Epoch 816
2026-08-07 22:49:21.158132: Current learning rate: 0.00218
2026-08-07 22:49:45.321860: train_loss -0.9516
2026-08-07 22:49:45.322239: val_loss -0.9519
2026-08-07 22:49:45.322660: Pseudo dice [np.float32(0.966), np.float32(0.9776), np.float32(0.9727)]
2026-08-07 22:49:45.322884: Epoch time: 24.16 s
2026-08-07 22:49:45.749109: 
2026-08-07 22:49:45.749318: Epoch 817
2026-08-07 22:49:45.749948: Current learning rate: 0.00217
2026-08-07 22:50:09.910137: train_loss -0.9513
2026-08-07 22:50:09.910681: val_loss -0.953
2026-08-07 22:50:09.910857: Pseudo dice [np.float32(0.9664), np.float32(0.9778), np.float32(0.9741)]
2026-08-07 22:50:09.911165: Epoch time: 24.16 s
2026-08-07 22:50:10.336899: 
2026-08-07 22:50:10.337110: Epoch 818
2026-08-07 22:50:10.337243: Current learning rate: 0.00216
2026-08-07 22:50:34.497283: train_loss -0.9512
2026-08-07 22:50:34.497695: val_loss -0.9524
2026-08-07 22:50:34.498392: Pseudo dice [np.float32(0.9667), np.float32(0.9774), np.float32(0.9732)]
2026-08-07 22:50:34.499670: Epoch time: 24.16 s
2026-08-07 22:50:34.932755: 
2026-08-07 22:50:34.932971: Epoch 819
2026-08-07 22:50:34.933119: Current learning rate: 0.00215
2026-08-07 22:50:59.098195: train_loss -0.9513
2026-08-07 22:50:59.098582: val_loss -0.9523
2026-08-07 22:50:59.099461: Pseudo dice [np.float32(0.966), np.float32(0.9783), np.float32(0.9732)]
2026-08-07 22:50:59.100673: Epoch time: 24.17 s
2026-08-07 22:50:59.513765: 
2026-08-07 22:50:59.513974: Epoch 820
2026-08-07 22:50:59.514105: Current learning rate: 0.00214
2026-08-07 22:51:23.685483: train_loss -0.9518
2026-08-07 22:51:23.685882: val_loss -0.9538
2026-08-07 22:51:23.686063: Pseudo dice [np.float32(0.9669), np.float32(0.9781), np.float32(0.9753)]
2026-08-07 22:51:23.686374: Epoch time: 24.17 s
2026-08-07 22:51:24.096256: 
2026-08-07 22:51:24.097045: Epoch 821
2026-08-07 22:51:24.097452: Current learning rate: 0.00213
2026-08-07 22:51:48.255211: train_loss -0.9519
2026-08-07 22:51:48.255592: val_loss -0.9483
2026-08-07 22:51:48.256612: Pseudo dice [np.float32(0.962), np.float32(0.9769), np.float32(0.9724)]
2026-08-07 22:51:48.257599: Epoch time: 24.16 s
2026-08-07 22:51:48.894171: 
2026-08-07 22:51:48.894401: Epoch 822
2026-08-07 22:51:48.894891: Current learning rate: 0.00212
2026-08-07 22:52:13.056887: train_loss -0.9519
2026-08-07 22:52:13.057476: val_loss -0.9524
2026-08-07 22:52:13.058405: Pseudo dice [np.float32(0.9658), np.float32(0.9776), np.float32(0.9731)]
2026-08-07 22:52:13.059744: Epoch time: 24.16 s
2026-08-07 22:52:13.478177: 
2026-08-07 22:52:13.478387: Epoch 823
2026-08-07 22:52:13.478709: Current learning rate: 0.0021
2026-08-07 22:52:37.643503: train_loss -0.9519
2026-08-07 22:52:37.644112: val_loss -0.9517
2026-08-07 22:52:37.644286: Pseudo dice [np.float32(0.966), np.float32(0.9774), np.float32(0.9727)]
2026-08-07 22:52:37.644564: Epoch time: 24.17 s
2026-08-07 22:52:38.061576: 
2026-08-07 22:52:38.061791: Epoch 824
2026-08-07 22:52:38.062004: Current learning rate: 0.00209
2026-08-07 22:53:02.228218: train_loss -0.9517
2026-08-07 22:53:02.228659: val_loss -0.9527
2026-08-07 22:53:02.228966: Pseudo dice [np.float32(0.9657), np.float32(0.978), np.float32(0.9741)]
2026-08-07 22:53:02.229127: Epoch time: 24.17 s
2026-08-07 22:53:02.640468: 
2026-08-07 22:53:02.640856: Epoch 825
2026-08-07 22:53:02.641110: Current learning rate: 0.00208
2026-08-07 22:53:26.809938: train_loss -0.9519
2026-08-07 22:53:26.810375: val_loss -0.9522
2026-08-07 22:53:26.811420: Pseudo dice [np.float32(0.9663), np.float32(0.9773), np.float32(0.9737)]
2026-08-07 22:53:26.811761: Epoch time: 24.17 s
2026-08-07 22:53:27.228661: 
2026-08-07 22:53:27.228864: Epoch 826
2026-08-07 22:53:27.229067: Current learning rate: 0.00207
2026-08-07 22:53:51.397870: train_loss -0.9509
2026-08-07 22:53:51.398270: val_loss -0.9543
2026-08-07 22:53:51.398759: Pseudo dice [np.float32(0.9675), np.float32(0.9784), np.float32(0.9747)]
2026-08-07 22:53:51.399037: Epoch time: 24.17 s
2026-08-07 22:53:51.817011: 
2026-08-07 22:53:51.817226: Epoch 827
2026-08-07 22:53:51.818398: Current learning rate: 0.00206
2026-08-07 22:54:15.984881: train_loss -0.9523
2026-08-07 22:54:15.985603: val_loss -0.9533
2026-08-07 22:54:15.985987: Pseudo dice [np.float32(0.9659), np.float32(0.9779), np.float32(0.975)]
2026-08-07 22:54:15.986495: Epoch time: 24.17 s
2026-08-07 22:54:15.986775: Yayy! New best EMA pseudo Dice: 0.9724000096321106
2026-08-07 22:54:16.430935: 
2026-08-07 22:54:16.431151: Epoch 828
2026-08-07 22:54:16.431737: Current learning rate: 0.00205
2026-08-07 22:54:40.587023: train_loss -0.9517
2026-08-07 22:54:40.587416: val_loss -0.9513
2026-08-07 22:54:40.589447: Pseudo dice [np.float32(0.9646), np.float32(0.9773), np.float32(0.9729)]
2026-08-07 22:54:40.589710: Epoch time: 24.16 s
2026-08-07 22:54:40.995538: 
2026-08-07 22:54:40.996201: Epoch 829
2026-08-07 22:54:40.996590: Current learning rate: 0.00204
2026-08-07 22:55:05.166045: train_loss -0.9512
2026-08-07 22:55:05.166495: val_loss -0.9531
2026-08-07 22:55:05.167023: Pseudo dice [np.float32(0.9675), np.float32(0.978), np.float32(0.9734)]
2026-08-07 22:55:05.167499: Epoch time: 24.17 s
2026-08-07 22:55:05.581351: 
2026-08-07 22:55:05.581562: Epoch 830
2026-08-07 22:55:05.582149: Current learning rate: 0.00203
2026-08-07 22:55:29.756792: train_loss -0.9516
2026-08-07 22:55:29.757174: val_loss -0.9521
2026-08-07 22:55:29.757477: Pseudo dice [np.float32(0.9653), np.float32(0.9774), np.float32(0.9743)]
2026-08-07 22:55:29.757848: Epoch time: 24.18 s
2026-08-07 22:55:30.172525: 
2026-08-07 22:55:30.172747: Epoch 831
2026-08-07 22:55:30.172998: Current learning rate: 0.00202
2026-08-07 22:55:54.335299: train_loss -0.952
2026-08-07 22:55:54.336093: val_loss -0.952
2026-08-07 22:55:54.336631: Pseudo dice [np.float32(0.966), np.float32(0.977), np.float32(0.974)]
2026-08-07 22:55:54.337070: Epoch time: 24.16 s
2026-08-07 22:55:54.752679: 
2026-08-07 22:55:54.752967: Epoch 832
2026-08-07 22:55:54.753267: Current learning rate: 0.00201
2026-08-07 22:56:18.915701: train_loss -0.9518
2026-08-07 22:56:18.916139: val_loss -0.9538
2026-08-07 22:56:18.916440: Pseudo dice [np.float32(0.9673), np.float32(0.9784), np.float32(0.9739)]
2026-08-07 22:56:18.916761: Epoch time: 24.16 s
2026-08-07 22:56:18.917154: Yayy! New best EMA pseudo Dice: 0.9725000262260437
2026-08-07 22:56:19.361618: 
2026-08-07 22:56:19.361854: Epoch 833
2026-08-07 22:56:19.362190: Current learning rate: 0.002
2026-08-07 22:56:43.518146: train_loss -0.9524
2026-08-07 22:56:43.518563: val_loss -0.9522
2026-08-07 22:56:43.519238: Pseudo dice [np.float32(0.9668), np.float32(0.9777), np.float32(0.9724)]
2026-08-07 22:56:43.519577: Epoch time: 24.16 s
2026-08-07 22:56:43.931913: 
2026-08-07 22:56:43.932505: Epoch 834
2026-08-07 22:56:43.932741: Current learning rate: 0.00199
2026-08-07 22:57:08.093793: train_loss -0.9524
2026-08-07 22:57:08.094181: val_loss -0.9539
2026-08-07 22:57:08.094358: Pseudo dice [np.float32(0.967), np.float32(0.978), np.float32(0.9742)]
2026-08-07 22:57:08.094838: Epoch time: 24.16 s
2026-08-07 22:57:08.095488: Yayy! New best EMA pseudo Dice: 0.9725000262260437
2026-08-07 22:57:08.765137: 
2026-08-07 22:57:08.765353: Epoch 835
2026-08-07 22:57:08.765603: Current learning rate: 0.00198
2026-08-07 22:57:32.923171: train_loss -0.9516
2026-08-07 22:57:32.923656: val_loss -0.9526
2026-08-07 22:57:32.923970: Pseudo dice [np.float32(0.9665), np.float32(0.9777), np.float32(0.9736)]
2026-08-07 22:57:32.924180: Epoch time: 24.16 s
2026-08-07 22:57:32.924387: Yayy! New best EMA pseudo Dice: 0.9725000262260437
2026-08-07 22:57:33.367666: 
2026-08-07 22:57:33.368008: Epoch 836
2026-08-07 22:57:33.368265: Current learning rate: 0.00196
2026-08-07 22:57:57.522735: train_loss -0.9529
2026-08-07 22:57:57.523135: val_loss -0.952
2026-08-07 22:57:57.524009: Pseudo dice [np.float32(0.9653), np.float32(0.9778), np.float32(0.9738)]
2026-08-07 22:57:57.525503: Epoch time: 24.16 s
2026-08-07 22:57:57.940675: 
2026-08-07 22:57:57.940878: Epoch 837
2026-08-07 22:57:57.941135: Current learning rate: 0.00195
2026-08-07 22:58:22.094266: train_loss -0.951
2026-08-07 22:58:22.095202: val_loss -0.9504
2026-08-07 22:58:22.096635: Pseudo dice [np.float32(0.9649), np.float32(0.9774), np.float32(0.9735)]
2026-08-07 22:58:22.097429: Epoch time: 24.15 s
2026-08-07 22:58:22.509252: 
2026-08-07 22:58:22.510000: Epoch 838
2026-08-07 22:58:22.510355: Current learning rate: 0.00194
2026-08-07 22:58:46.674838: train_loss -0.9509
2026-08-07 22:58:46.675251: val_loss -0.9531
2026-08-07 22:58:46.675440: Pseudo dice [np.float32(0.9674), np.float32(0.9777), np.float32(0.9734)]
2026-08-07 22:58:46.675899: Epoch time: 24.17 s
2026-08-07 22:58:47.095482: 
2026-08-07 22:58:47.095691: Epoch 839
2026-08-07 22:58:47.095822: Current learning rate: 0.00193
2026-08-07 22:59:11.257625: train_loss -0.9502
2026-08-07 22:59:11.259536: val_loss -0.9468
2026-08-07 22:59:11.259802: Pseudo dice [np.float32(0.9631), np.float32(0.9754), np.float32(0.9692)]
2026-08-07 22:59:11.260340: Epoch time: 24.16 s
2026-08-07 22:59:11.688504: 
2026-08-07 22:59:11.688716: Epoch 840
2026-08-07 22:59:11.688852: Current learning rate: 0.00192
2026-08-07 22:59:35.856386: train_loss -0.9515
2026-08-07 22:59:35.856775: val_loss -0.9523
2026-08-07 22:59:35.859501: Pseudo dice [np.float32(0.9672), np.float32(0.9775), np.float32(0.9719)]
2026-08-07 22:59:35.859786: Epoch time: 24.17 s
2026-08-07 22:59:36.274076: 
2026-08-07 22:59:36.274282: Epoch 841
2026-08-07 22:59:36.274538: Current learning rate: 0.00191
2026-08-07 23:00:00.438176: train_loss -0.9518
2026-08-07 23:00:00.439134: val_loss -0.954
2026-08-07 23:00:00.439570: Pseudo dice [np.float32(0.9679), np.float32(0.9786), np.float32(0.9737)]
2026-08-07 23:00:00.439939: Epoch time: 24.16 s
2026-08-07 23:00:00.844759: 
2026-08-07 23:00:00.844989: Epoch 842
2026-08-07 23:00:00.845127: Current learning rate: 0.0019
2026-08-07 23:00:25.008839: train_loss -0.9519
2026-08-07 23:00:25.009212: val_loss -0.953
2026-08-07 23:00:25.009543: Pseudo dice [np.float32(0.9672), np.float32(0.9779), np.float32(0.9734)]
2026-08-07 23:00:25.009871: Epoch time: 24.16 s
2026-08-07 23:00:25.420205: 
2026-08-07 23:00:25.420421: Epoch 843
2026-08-07 23:00:25.420682: Current learning rate: 0.00189
2026-08-07 23:00:49.586404: train_loss -0.9527
2026-08-07 23:00:49.586798: val_loss -0.9522
2026-08-07 23:00:49.587202: Pseudo dice [np.float32(0.9661), np.float32(0.9771), np.float32(0.9742)]
2026-08-07 23:00:49.587491: Epoch time: 24.17 s
2026-08-07 23:00:49.995807: 
2026-08-07 23:00:49.996066: Epoch 844
2026-08-07 23:00:49.996261: Current learning rate: 0.00188
2026-08-07 23:01:14.171936: train_loss -0.9522
2026-08-07 23:01:14.172367: val_loss -0.9537
2026-08-07 23:01:14.172615: Pseudo dice [np.float32(0.9675), np.float32(0.9776), np.float32(0.9742)]
2026-08-07 23:01:14.172929: Epoch time: 24.18 s
2026-08-07 23:01:14.596723: 
2026-08-07 23:01:14.596934: Epoch 845
2026-08-07 23:01:14.597069: Current learning rate: 0.00187
2026-08-07 23:01:38.768592: train_loss -0.952
2026-08-07 23:01:38.768992: val_loss -0.9547
2026-08-07 23:01:38.770110: Pseudo dice [np.float32(0.9678), np.float32(0.9789), np.float32(0.9747)]
2026-08-07 23:01:38.770838: Epoch time: 24.17 s
2026-08-07 23:01:38.771332: Yayy! New best EMA pseudo Dice: 0.972599983215332
2026-08-07 23:01:39.207665: 
2026-08-07 23:01:39.207952: Epoch 846
2026-08-07 23:01:39.208079: Current learning rate: 0.00186
2026-08-07 23:02:03.377784: train_loss -0.9518
2026-08-07 23:02:03.378165: val_loss -0.9543
2026-08-07 23:02:03.378483: Pseudo dice [np.float32(0.9677), np.float32(0.9786), np.float32(0.974)]
2026-08-07 23:02:03.378863: Epoch time: 24.17 s
2026-08-07 23:02:03.379439: Yayy! New best EMA pseudo Dice: 0.9726999998092651
2026-08-07 23:02:03.818578: 
2026-08-07 23:02:03.818784: Epoch 847
2026-08-07 23:02:03.818981: Current learning rate: 0.00185
2026-08-07 23:02:27.988966: train_loss -0.9521
2026-08-07 23:02:27.989463: val_loss -0.9529
2026-08-07 23:02:27.989748: Pseudo dice [np.float32(0.9665), np.float32(0.9778), np.float32(0.9739)]
2026-08-07 23:02:27.990108: Epoch time: 24.17 s
2026-08-07 23:02:27.990317: Yayy! New best EMA pseudo Dice: 0.9726999998092651
2026-08-07 23:02:28.671062: 
2026-08-07 23:02:28.671283: Epoch 848
2026-08-07 23:02:28.671899: Current learning rate: 0.00184
2026-08-07 23:02:52.831237: train_loss -0.9526
2026-08-07 23:02:52.831618: val_loss -0.9257
2026-08-07 23:02:52.832374: Pseudo dice [np.float32(0.936), np.float32(0.9774), np.float32(0.973)]
2026-08-07 23:02:52.832956: Epoch time: 24.16 s
2026-08-07 23:02:53.252904: 
2026-08-07 23:02:53.253140: Epoch 849
2026-08-07 23:02:53.253270: Current learning rate: 0.00182
2026-08-07 23:03:17.424380: train_loss -0.952
2026-08-07 23:03:17.424767: val_loss -0.9532
2026-08-07 23:03:17.425113: Pseudo dice [np.float32(0.9666), np.float32(0.9778), np.float32(0.9737)]
2026-08-07 23:03:17.425302: Epoch time: 24.17 s
2026-08-07 23:03:17.882381: 
2026-08-07 23:03:17.882631: Epoch 850
2026-08-07 23:03:17.883290: Current learning rate: 0.00181
2026-08-07 23:03:42.043940: train_loss -0.9522
2026-08-07 23:03:42.044356: val_loss -0.9532
2026-08-07 23:03:42.044949: Pseudo dice [np.float32(0.9672), np.float32(0.9777), np.float32(0.9742)]
2026-08-07 23:03:42.045554: Epoch time: 24.16 s
2026-08-07 23:03:42.451997: 
2026-08-07 23:03:42.452210: Epoch 851
2026-08-07 23:03:42.452489: Current learning rate: 0.0018
2026-08-07 23:04:06.621279: train_loss -0.9528
2026-08-07 23:04:06.621702: val_loss -0.9527
2026-08-07 23:04:06.622599: Pseudo dice [np.float32(0.9662), np.float32(0.9776), np.float32(0.9738)]
2026-08-07 23:04:06.623272: Epoch time: 24.17 s
2026-08-07 23:04:07.030249: 
2026-08-07 23:04:07.030471: Epoch 852
2026-08-07 23:04:07.030694: Current learning rate: 0.00179
2026-08-07 23:04:31.208650: train_loss -0.9528
2026-08-07 23:04:31.210072: val_loss -0.9537
2026-08-07 23:04:31.210582: Pseudo dice [np.float32(0.9671), np.float32(0.978), np.float32(0.974)]
2026-08-07 23:04:31.210958: Epoch time: 24.18 s
2026-08-07 23:04:31.630705: 
2026-08-07 23:04:31.630914: Epoch 853
2026-08-07 23:04:31.631702: Current learning rate: 0.00178
2026-08-07 23:04:55.800376: train_loss -0.9518
2026-08-07 23:04:55.800770: val_loss -0.9522
2026-08-07 23:04:55.801063: Pseudo dice [np.float32(0.9667), np.float32(0.9774), np.float32(0.9728)]
2026-08-07 23:04:55.801734: Epoch time: 24.17 s
2026-08-07 23:04:56.216795: 
2026-08-07 23:04:56.217021: Epoch 854
2026-08-07 23:04:56.217310: Current learning rate: 0.00177
2026-08-07 23:05:20.388279: train_loss -0.9523
2026-08-07 23:05:20.388733: val_loss -0.9534
2026-08-07 23:05:20.388926: Pseudo dice [np.float32(0.9669), np.float32(0.978), np.float32(0.9743)]
2026-08-07 23:05:20.389609: Epoch time: 24.17 s
2026-08-07 23:05:20.790320: 
2026-08-07 23:05:20.790554: Epoch 855
2026-08-07 23:05:20.790777: Current learning rate: 0.00176
2026-08-07 23:05:44.958054: train_loss -0.9533
2026-08-07 23:05:44.958447: val_loss -0.953
2026-08-07 23:05:44.958975: Pseudo dice [np.float32(0.9673), np.float32(0.9777), np.float32(0.9735)]
2026-08-07 23:05:44.959241: Epoch time: 24.17 s
2026-08-07 23:05:45.366779: 
2026-08-07 23:05:45.366990: Epoch 856
2026-08-07 23:05:45.367126: Current learning rate: 0.00175
2026-08-07 23:06:09.534736: train_loss -0.9526
2026-08-07 23:06:09.535272: val_loss -0.9529
2026-08-07 23:06:09.535552: Pseudo dice [np.float32(0.9675), np.float32(0.9778), np.float32(0.9721)]
2026-08-07 23:06:09.535843: Epoch time: 24.17 s
2026-08-07 23:06:09.939824: 
2026-08-07 23:06:09.941209: Epoch 857
2026-08-07 23:06:09.942140: Current learning rate: 0.00174
2026-08-07 23:06:34.107812: train_loss -0.9526
2026-08-07 23:06:34.108208: val_loss -0.9532
2026-08-07 23:06:34.108997: Pseudo dice [np.float32(0.9666), np.float32(0.9779), np.float32(0.9748)]
2026-08-07 23:06:34.109272: Epoch time: 24.17 s
2026-08-07 23:06:34.516618: 
2026-08-07 23:06:34.517105: Epoch 858
2026-08-07 23:06:34.517329: Current learning rate: 0.00173
2026-08-07 23:06:58.669737: train_loss -0.9517
2026-08-07 23:06:58.670221: val_loss -0.9527
2026-08-07 23:06:58.670654: Pseudo dice [np.float32(0.9665), np.float32(0.9781), np.float32(0.9728)]
2026-08-07 23:06:58.670908: Epoch time: 24.15 s
2026-08-07 23:06:59.077688: 
2026-08-07 23:06:59.077999: Epoch 859
2026-08-07 23:06:59.078408: Current learning rate: 0.00172
2026-08-07 23:07:23.239084: train_loss -0.9519
2026-08-07 23:07:23.239959: val_loss -0.9545
2026-08-07 23:07:23.240566: Pseudo dice [np.float32(0.9674), np.float32(0.9785), np.float32(0.9753)]
2026-08-07 23:07:23.240953: Epoch time: 24.16 s
2026-08-07 23:07:23.653203: 
2026-08-07 23:07:23.653630: Epoch 860
2026-08-07 23:07:23.654314: Current learning rate: 0.0017
2026-08-07 23:07:47.821027: train_loss -0.9524
2026-08-07 23:07:47.821515: val_loss -0.9538
2026-08-07 23:07:47.821836: Pseudo dice [np.float32(0.9675), np.float32(0.9781), np.float32(0.9747)]
2026-08-07 23:07:47.822110: Epoch time: 24.17 s
2026-08-07 23:07:48.455178: 
2026-08-07 23:07:48.455418: Epoch 861
2026-08-07 23:07:48.455700: Current learning rate: 0.00169
2026-08-07 23:08:12.607912: train_loss -0.9521
2026-08-07 23:08:12.608286: val_loss -0.9535
2026-08-07 23:08:12.608477: Pseudo dice [np.float32(0.967), np.float32(0.9779), np.float32(0.9749)]
2026-08-07 23:08:12.608777: Epoch time: 24.15 s
2026-08-07 23:08:13.015149: 
2026-08-07 23:08:13.015356: Epoch 862
2026-08-07 23:08:13.015481: Current learning rate: 0.00168
2026-08-07 23:08:37.179652: train_loss -0.9521
2026-08-07 23:08:37.180046: val_loss -0.9533
2026-08-07 23:08:37.180228: Pseudo dice [np.float32(0.9677), np.float32(0.9781), np.float32(0.973)]
2026-08-07 23:08:37.180585: Epoch time: 24.16 s
2026-08-07 23:08:37.180734: Yayy! New best EMA pseudo Dice: 0.9726999998092651
2026-08-07 23:08:37.614211: 
2026-08-07 23:08:37.614418: Epoch 863
2026-08-07 23:08:37.614600: Current learning rate: 0.00167
2026-08-07 23:09:01.781853: train_loss -0.9523
2026-08-07 23:09:01.782256: val_loss -0.9532
2026-08-07 23:09:01.782816: Pseudo dice [np.float32(0.9669), np.float32(0.9783), np.float32(0.9727)]
2026-08-07 23:09:01.783118: Epoch time: 24.17 s
2026-08-07 23:09:02.194294: 
2026-08-07 23:09:02.194520: Epoch 864
2026-08-07 23:09:02.194784: Current learning rate: 0.00166
2026-08-07 23:09:26.363022: train_loss -0.9521
2026-08-07 23:09:26.363440: val_loss -0.9537
2026-08-07 23:09:26.364576: Pseudo dice [np.float32(0.9672), np.float32(0.9781), np.float32(0.9741)]
2026-08-07 23:09:26.365505: Epoch time: 24.17 s
2026-08-07 23:09:26.365774: Yayy! New best EMA pseudo Dice: 0.9726999998092651
2026-08-07 23:09:26.801536: 
2026-08-07 23:09:26.801776: Epoch 865
2026-08-07 23:09:26.802070: Current learning rate: 0.00165
2026-08-07 23:09:50.974485: train_loss -0.9531
2026-08-07 23:09:50.975384: val_loss -0.9528
2026-08-07 23:09:50.976556: Pseudo dice [np.float32(0.9672), np.float32(0.9779), np.float32(0.9725)]
2026-08-07 23:09:50.976938: Epoch time: 24.17 s
2026-08-07 23:09:51.385994: 
2026-08-07 23:09:51.386336: Epoch 866
2026-08-07 23:09:51.386673: Current learning rate: 0.00164
2026-08-07 23:10:15.559443: train_loss -0.9521
2026-08-07 23:10:15.559855: val_loss -0.9532
2026-08-07 23:10:15.560299: Pseudo dice [np.float32(0.9678), np.float32(0.978), np.float32(0.9731)]
2026-08-07 23:10:15.560609: Epoch time: 24.17 s
2026-08-07 23:10:15.561118: Yayy! New best EMA pseudo Dice: 0.9726999998092651
2026-08-07 23:10:16.008476: 
2026-08-07 23:10:16.008725: Epoch 867
2026-08-07 23:10:16.009340: Current learning rate: 0.00163
2026-08-07 23:10:40.176727: train_loss -0.9525
2026-08-07 23:10:40.177116: val_loss -0.9528
2026-08-07 23:10:40.177446: Pseudo dice [np.float32(0.9662), np.float32(0.9774), np.float32(0.9746)]
2026-08-07 23:10:40.177827: Epoch time: 24.17 s
2026-08-07 23:10:40.178004: Yayy! New best EMA pseudo Dice: 0.9726999998092651
2026-08-07 23:10:40.622012: 
2026-08-07 23:10:40.622404: Epoch 868
2026-08-07 23:10:40.622606: Current learning rate: 0.00162
2026-08-07 23:11:04.788933: train_loss -0.9529
2026-08-07 23:11:04.789503: val_loss -0.9524
2026-08-07 23:11:04.790681: Pseudo dice [np.float32(0.9664), np.float32(0.978), np.float32(0.9732)]
2026-08-07 23:11:04.791425: Epoch time: 24.17 s
2026-08-07 23:11:05.202142: 
2026-08-07 23:11:05.202362: Epoch 869
2026-08-07 23:11:05.202665: Current learning rate: 0.00161
2026-08-07 23:11:29.381065: train_loss -0.9528
2026-08-07 23:11:29.381439: val_loss -0.9537
2026-08-07 23:11:29.381959: Pseudo dice [np.float32(0.9669), np.float32(0.9779), np.float32(0.9749)]
2026-08-07 23:11:29.382230: Epoch time: 24.18 s
2026-08-07 23:11:29.382399: Yayy! New best EMA pseudo Dice: 0.9728000164031982
2026-08-07 23:11:29.818833: 
2026-08-07 23:11:29.819041: Epoch 870
2026-08-07 23:11:29.819498: Current learning rate: 0.00159
2026-08-07 23:11:53.996904: train_loss -0.9527
2026-08-07 23:11:53.997344: val_loss -0.9518
2026-08-07 23:11:53.997695: Pseudo dice [np.float32(0.9663), np.float32(0.9773), np.float32(0.9722)]
2026-08-07 23:11:53.998004: Epoch time: 24.18 s
2026-08-07 23:11:54.405810: 
2026-08-07 23:11:54.406371: Epoch 871
2026-08-07 23:11:54.407031: Current learning rate: 0.00158
2026-08-07 23:12:18.577320: train_loss -0.9527
2026-08-07 23:12:18.577712: val_loss -0.9532
2026-08-07 23:12:18.578857: Pseudo dice [np.float32(0.9673), np.float32(0.9775), np.float32(0.9741)]
2026-08-07 23:12:18.579402: Epoch time: 24.17 s
2026-08-07 23:12:18.991779: 
2026-08-07 23:12:18.991989: Epoch 872
2026-08-07 23:12:18.992255: Current learning rate: 0.00157
2026-08-07 23:12:43.159095: train_loss -0.9525
2026-08-07 23:12:43.159485: val_loss -0.9535
2026-08-07 23:12:43.160243: Pseudo dice [np.float32(0.9668), np.float32(0.9776), np.float32(0.974)]
2026-08-07 23:12:43.160820: Epoch time: 24.17 s
2026-08-07 23:12:43.571366: 
2026-08-07 23:12:43.571608: Epoch 873
2026-08-07 23:12:43.571937: Current learning rate: 0.00156
2026-08-07 23:13:07.727682: train_loss -0.9529
2026-08-07 23:13:07.728144: val_loss -0.9519
2026-08-07 23:13:07.728565: Pseudo dice [np.float32(0.9662), np.float32(0.9773), np.float32(0.9733)]
2026-08-07 23:13:07.728748: Epoch time: 24.16 s
2026-08-07 23:13:08.364184: 
2026-08-07 23:13:08.364391: Epoch 874
2026-08-07 23:13:08.364638: Current learning rate: 0.00155
2026-08-07 23:13:32.527014: train_loss -0.9535
2026-08-07 23:13:32.527416: val_loss -0.953
2026-08-07 23:13:32.527711: Pseudo dice [np.float32(0.966), np.float32(0.9778), np.float32(0.9747)]
2026-08-07 23:13:32.527877: Epoch time: 24.16 s
2026-08-07 23:13:32.935589: 
2026-08-07 23:13:32.935801: Epoch 875
2026-08-07 23:13:32.936050: Current learning rate: 0.00154
2026-08-07 23:13:57.102262: train_loss -0.9529
2026-08-07 23:13:57.102660: val_loss -0.9536
2026-08-07 23:13:57.103032: Pseudo dice [np.float32(0.9677), np.float32(0.9779), np.float32(0.9746)]
2026-08-07 23:13:57.103278: Epoch time: 24.17 s
2026-08-07 23:13:57.527245: 
2026-08-07 23:13:57.527464: Epoch 876
2026-08-07 23:13:57.527601: Current learning rate: 0.00153
2026-08-07 23:14:21.702725: train_loss -0.9528
2026-08-07 23:14:21.703202: val_loss -0.9545
2026-08-07 23:14:21.703384: Pseudo dice [np.float32(0.9673), np.float32(0.9786), np.float32(0.9747)]
2026-08-07 23:14:21.704138: Epoch time: 24.18 s
2026-08-07 23:14:21.704461: Yayy! New best EMA pseudo Dice: 0.9728000164031982
2026-08-07 23:14:22.143622: 
2026-08-07 23:14:22.144158: Epoch 877
2026-08-07 23:14:22.145063: Current learning rate: 0.00152
2026-08-07 23:14:46.318003: train_loss -0.9536
2026-08-07 23:14:46.318603: val_loss -0.9541
2026-08-07 23:14:46.318958: Pseudo dice [np.float32(0.968), np.float32(0.978), np.float32(0.9744)]
2026-08-07 23:14:46.319288: Epoch time: 24.17 s
2026-08-07 23:14:46.319446: Yayy! New best EMA pseudo Dice: 0.9728999733924866
2026-08-07 23:14:46.761181: 
2026-08-07 23:14:46.761525: Epoch 878
2026-08-07 23:14:46.761829: Current learning rate: 0.00151
2026-08-07 23:15:10.935727: train_loss -0.953
2026-08-07 23:15:10.936363: val_loss -0.9541
2026-08-07 23:15:10.936622: Pseudo dice [np.float32(0.9676), np.float32(0.978), np.float32(0.9745)]
2026-08-07 23:15:10.936983: Epoch time: 24.17 s
2026-08-07 23:15:10.937734: Yayy! New best EMA pseudo Dice: 0.9728999733924866
2026-08-07 23:15:11.379272: 
2026-08-07 23:15:11.379635: Epoch 879
2026-08-07 23:15:11.379968: Current learning rate: 0.00149
2026-08-07 23:15:35.547973: train_loss -0.9526
2026-08-07 23:15:35.548363: val_loss -0.9537
2026-08-07 23:15:35.549063: Pseudo dice [np.float32(0.9676), np.float32(0.9779), np.float32(0.974)]
2026-08-07 23:15:35.549529: Epoch time: 24.17 s
2026-08-07 23:15:35.550398: Yayy! New best EMA pseudo Dice: 0.9729999899864197
2026-08-07 23:15:35.997670: 
2026-08-07 23:15:35.997909: Epoch 880
2026-08-07 23:15:35.998820: Current learning rate: 0.00148
2026-08-07 23:16:00.175299: train_loss -0.9527
2026-08-07 23:16:00.176398: val_loss -0.9534
2026-08-07 23:16:00.176796: Pseudo dice [np.float32(0.9677), np.float32(0.9783), np.float32(0.9731)]
2026-08-07 23:16:00.176989: Epoch time: 24.18 s
2026-08-07 23:16:00.177207: Yayy! New best EMA pseudo Dice: 0.9729999899864197
2026-08-07 23:16:00.619245: 
2026-08-07 23:16:00.619466: Epoch 881
2026-08-07 23:16:00.620320: Current learning rate: 0.00147
2026-08-07 23:16:24.794665: train_loss -0.9536
2026-08-07 23:16:24.795109: val_loss -0.9541
2026-08-07 23:16:24.795282: Pseudo dice [np.float32(0.9667), np.float32(0.9781), np.float32(0.9758)]
2026-08-07 23:16:24.795741: Epoch time: 24.18 s
2026-08-07 23:16:24.795937: Yayy! New best EMA pseudo Dice: 0.9729999899864197
2026-08-07 23:16:25.236199: 
2026-08-07 23:16:25.236408: Epoch 882
2026-08-07 23:16:25.236668: Current learning rate: 0.00146
2026-08-07 23:16:49.413408: train_loss -0.9532
2026-08-07 23:16:49.413812: val_loss -0.9544
2026-08-07 23:16:49.414680: Pseudo dice [np.float32(0.9675), np.float32(0.9785), np.float32(0.9742)]
2026-08-07 23:16:49.414942: Epoch time: 24.18 s
2026-08-07 23:16:49.415190: Yayy! New best EMA pseudo Dice: 0.9731000065803528
2026-08-07 23:16:49.857727: 
2026-08-07 23:16:49.857946: Epoch 883
2026-08-07 23:16:49.859408: Current learning rate: 0.00145
2026-08-07 23:17:14.032938: train_loss -0.9527
2026-08-07 23:17:14.033418: val_loss -0.9534
2026-08-07 23:17:14.033870: Pseudo dice [np.float32(0.967), np.float32(0.9781), np.float32(0.9735)]
2026-08-07 23:17:14.034427: Epoch time: 24.18 s
2026-08-07 23:17:14.462558: 
2026-08-07 23:17:14.462770: Epoch 884
2026-08-07 23:17:14.462947: Current learning rate: 0.00144
2026-08-07 23:17:38.639702: train_loss -0.9537
2026-08-07 23:17:38.640426: val_loss -0.9547
2026-08-07 23:17:38.640758: Pseudo dice [np.float32(0.9684), np.float32(0.9789), np.float32(0.9739)]
2026-08-07 23:17:38.641794: Epoch time: 24.18 s
2026-08-07 23:17:38.641954: Yayy! New best EMA pseudo Dice: 0.9731000065803528
2026-08-07 23:17:39.088685: 
2026-08-07 23:17:39.088899: Epoch 885
2026-08-07 23:17:39.089421: Current learning rate: 0.00143
2026-08-07 23:18:03.254115: train_loss -0.9529
2026-08-07 23:18:03.255262: val_loss -0.9532
2026-08-07 23:18:03.255654: Pseudo dice [np.float32(0.9668), np.float32(0.9778), np.float32(0.974)]
2026-08-07 23:18:03.255997: Epoch time: 24.17 s
2026-08-07 23:18:03.658450: 
2026-08-07 23:18:03.658704: Epoch 886
2026-08-07 23:18:03.658834: Current learning rate: 0.00142
2026-08-07 23:18:27.828211: train_loss -0.9524
2026-08-07 23:18:27.828619: val_loss -0.9535
2026-08-07 23:18:27.829381: Pseudo dice [np.float32(0.9672), np.float32(0.9778), np.float32(0.9741)]
2026-08-07 23:18:27.829755: Epoch time: 24.17 s
2026-08-07 23:18:28.460137: 
2026-08-07 23:18:28.460489: Epoch 887
2026-08-07 23:18:28.460782: Current learning rate: 0.00141
2026-08-07 23:18:52.631543: train_loss -0.9525
2026-08-07 23:18:52.632485: val_loss -0.9541
2026-08-07 23:18:52.633353: Pseudo dice [np.float32(0.967), np.float32(0.9783), np.float32(0.9749)]
2026-08-07 23:18:52.633642: Epoch time: 24.17 s
2026-08-07 23:18:52.633940: Yayy! New best EMA pseudo Dice: 0.9731000065803528
2026-08-07 23:18:53.064787: 
2026-08-07 23:18:53.065085: Epoch 888
2026-08-07 23:18:53.065216: Current learning rate: 0.00139
2026-08-07 23:19:17.232287: train_loss -0.9526
2026-08-07 23:19:17.233251: val_loss -0.9519
2026-08-07 23:19:17.234310: Pseudo dice [np.float32(0.9673), np.float32(0.9771), np.float32(0.9715)]
2026-08-07 23:19:17.235499: Epoch time: 24.17 s
2026-08-07 23:19:17.640112: 
2026-08-07 23:19:17.640510: Epoch 889
2026-08-07 23:19:17.640832: Current learning rate: 0.00138
2026-08-07 23:19:41.813343: train_loss -0.9531
2026-08-07 23:19:41.813824: val_loss -0.9516
2026-08-07 23:19:41.814052: Pseudo dice [np.float32(0.9669), np.float32(0.9776), np.float32(0.9708)]
2026-08-07 23:19:41.814303: Epoch time: 24.17 s
2026-08-07 23:19:42.220895: 
2026-08-07 23:19:42.221505: Epoch 890
2026-08-07 23:19:42.221992: Current learning rate: 0.00137
2026-08-07 23:20:06.402136: train_loss -0.9533
2026-08-07 23:20:06.402622: val_loss -0.9554
2026-08-07 23:20:06.403017: Pseudo dice [np.float32(0.9686), np.float32(0.979), np.float32(0.9742)]
2026-08-07 23:20:06.403310: Epoch time: 24.18 s
2026-08-07 23:20:06.800704: 
2026-08-07 23:20:06.800934: Epoch 891
2026-08-07 23:20:06.801096: Current learning rate: 0.00136
2026-08-07 23:20:30.974993: train_loss -0.9533
2026-08-07 23:20:30.975622: val_loss -0.9528
2026-08-07 23:20:30.975979: Pseudo dice [np.float32(0.9671), np.float32(0.9778), np.float32(0.9728)]
2026-08-07 23:20:30.976215: Epoch time: 24.17 s
2026-08-07 23:20:31.383852: 
2026-08-07 23:20:31.384201: Epoch 892
2026-08-07 23:20:31.384365: Current learning rate: 0.00135
2026-08-07 23:20:55.558052: train_loss -0.954
2026-08-07 23:20:55.558445: val_loss -0.9542
2026-08-07 23:20:55.559693: Pseudo dice [np.float32(0.9668), np.float32(0.9778), np.float32(0.9753)]
2026-08-07 23:20:55.560567: Epoch time: 24.17 s
2026-08-07 23:20:55.968422: 
2026-08-07 23:20:55.968772: Epoch 893
2026-08-07 23:20:55.969021: Current learning rate: 0.00134
2026-08-07 23:21:20.143229: train_loss -0.9531
2026-08-07 23:21:20.143622: val_loss -0.9543
2026-08-07 23:21:20.143933: Pseudo dice [np.float32(0.9677), np.float32(0.9782), np.float32(0.9746)]
2026-08-07 23:21:20.144229: Epoch time: 24.17 s
2026-08-07 23:21:20.543766: 
2026-08-07 23:21:20.543977: Epoch 894
2026-08-07 23:21:20.544349: Current learning rate: 0.00133
2026-08-07 23:21:44.719656: train_loss -0.953
2026-08-07 23:21:44.720083: val_loss -0.9547
2026-08-07 23:21:44.720571: Pseudo dice [np.float32(0.9679), np.float32(0.9785), np.float32(0.9753)]
2026-08-07 23:21:44.720987: Epoch time: 24.18 s
2026-08-07 23:21:44.721556: Yayy! New best EMA pseudo Dice: 0.9731000065803528
2026-08-07 23:21:45.161276: 
2026-08-07 23:21:45.161550: Epoch 895
2026-08-07 23:21:45.162208: Current learning rate: 0.00132
2026-08-07 23:22:09.337885: train_loss -0.9535
2026-08-07 23:22:09.338282: val_loss -0.9525
2026-08-07 23:22:09.338466: Pseudo dice [np.float32(0.9661), np.float32(0.9779), np.float32(0.9726)]
2026-08-07 23:22:09.338991: Epoch time: 24.18 s
2026-08-07 23:22:09.747689: 
2026-08-07 23:22:09.748166: Epoch 896
2026-08-07 23:22:09.749072: Current learning rate: 0.0013
2026-08-07 23:22:33.918194: train_loss -0.9536
2026-08-07 23:22:33.918579: val_loss -0.9534
2026-08-07 23:22:33.919897: Pseudo dice [np.float32(0.9672), np.float32(0.9778), np.float32(0.9743)]
2026-08-07 23:22:33.920316: Epoch time: 24.17 s
2026-08-07 23:22:34.326189: 
2026-08-07 23:22:34.326404: Epoch 897
2026-08-07 23:22:34.326647: Current learning rate: 0.00129
2026-08-07 23:22:58.497332: train_loss -0.9533
2026-08-07 23:22:58.498251: val_loss -0.9544
2026-08-07 23:22:58.498445: Pseudo dice [np.float32(0.9679), np.float32(0.9781), np.float32(0.9741)]
2026-08-07 23:22:58.499322: Epoch time: 24.17 s
2026-08-07 23:22:58.910412: 
2026-08-07 23:22:58.910642: Epoch 898
2026-08-07 23:22:58.910818: Current learning rate: 0.00128
2026-08-07 23:23:23.084972: train_loss -0.9536
2026-08-07 23:23:23.085496: val_loss -0.9541
2026-08-07 23:23:23.085849: Pseudo dice [np.float32(0.9675), np.float32(0.9785), np.float32(0.9744)]
2026-08-07 23:23:23.086206: Epoch time: 24.17 s
2026-08-07 23:23:23.496199: 
2026-08-07 23:23:23.496453: Epoch 899
2026-08-07 23:23:23.496749: Current learning rate: 0.00127
2026-08-07 23:23:47.670214: train_loss -0.953
2026-08-07 23:23:47.671488: val_loss -0.9541
2026-08-07 23:23:47.671748: Pseudo dice [np.float32(0.9667), np.float32(0.9784), np.float32(0.9747)]
2026-08-07 23:23:47.672128: Epoch time: 24.17 s
2026-08-07 23:23:47.708514: Yayy! New best EMA pseudo Dice: 0.9731000065803528
2026-08-07 23:23:48.363535: 
2026-08-07 23:23:48.364016: Epoch 900
2026-08-07 23:23:48.364471: Current learning rate: 0.00126
2026-08-07 23:24:12.527344: train_loss -0.954
2026-08-07 23:24:12.527746: val_loss -0.9546
2026-08-07 23:24:12.527922: Pseudo dice [np.float32(0.9683), np.float32(0.9785), np.float32(0.9741)]
2026-08-07 23:24:12.528349: Epoch time: 24.16 s
2026-08-07 23:24:12.529936: Yayy! New best EMA pseudo Dice: 0.9732000231742859
2026-08-07 23:24:12.975363: 
2026-08-07 23:24:12.975584: Epoch 901
2026-08-07 23:24:12.975823: Current learning rate: 0.00125
2026-08-07 23:24:37.143259: train_loss -0.9533
2026-08-07 23:24:37.143676: val_loss -0.9547
2026-08-07 23:24:37.144951: Pseudo dice [np.float32(0.9676), np.float32(0.9782), np.float32(0.9747)]
2026-08-07 23:24:37.145201: Epoch time: 24.17 s
2026-08-07 23:24:37.145715: Yayy! New best EMA pseudo Dice: 0.9732000231742859
2026-08-07 23:24:37.586647: 
2026-08-07 23:24:37.586955: Epoch 902
2026-08-07 23:24:37.587418: Current learning rate: 0.00124
2026-08-07 23:25:01.761722: train_loss -0.9537
2026-08-07 23:25:01.762138: val_loss -0.9536
2026-08-07 23:25:01.762751: Pseudo dice [np.float32(0.9662), np.float32(0.9782), np.float32(0.9743)]
2026-08-07 23:25:01.763045: Epoch time: 24.18 s
2026-08-07 23:25:02.169791: 
2026-08-07 23:25:02.170117: Epoch 903
2026-08-07 23:25:02.170624: Current learning rate: 0.00122
2026-08-07 23:25:26.342813: train_loss -0.954
2026-08-07 23:25:26.343280: val_loss -0.9528
2026-08-07 23:25:26.343792: Pseudo dice [np.float32(0.9671), np.float32(0.9778), np.float32(0.9734)]
2026-08-07 23:25:26.344087: Epoch time: 24.17 s
2026-08-07 23:25:26.751071: 
2026-08-07 23:25:26.751287: Epoch 904
2026-08-07 23:25:26.751507: Current learning rate: 0.00121
2026-08-07 23:25:50.919631: train_loss -0.9536
2026-08-07 23:25:50.920017: val_loss -0.9537
2026-08-07 23:25:50.920421: Pseudo dice [np.float32(0.9672), np.float32(0.9782), np.float32(0.9737)]
2026-08-07 23:25:50.920697: Epoch time: 24.17 s
2026-08-07 23:25:51.326172: 
2026-08-07 23:25:51.326519: Epoch 905
2026-08-07 23:25:51.327099: Current learning rate: 0.0012
2026-08-07 23:26:15.492910: train_loss -0.9537
2026-08-07 23:26:15.493327: val_loss -0.9549
2026-08-07 23:26:15.493727: Pseudo dice [np.float32(0.9675), np.float32(0.9786), np.float32(0.9753)]
2026-08-07 23:26:15.494037: Epoch time: 24.17 s
2026-08-07 23:26:15.901894: 
2026-08-07 23:26:15.902097: Epoch 906
2026-08-07 23:26:15.902231: Current learning rate: 0.00119
2026-08-07 23:26:40.063251: train_loss -0.9538
2026-08-07 23:26:40.063644: val_loss -0.9547
2026-08-07 23:26:40.064139: Pseudo dice [np.float32(0.9683), np.float32(0.9783), np.float32(0.9745)]
2026-08-07 23:26:40.064450: Epoch time: 24.16 s
2026-08-07 23:26:40.064654: Yayy! New best EMA pseudo Dice: 0.9732000231742859
2026-08-07 23:26:40.499286: 
2026-08-07 23:26:40.499499: Epoch 907
2026-08-07 23:26:40.499854: Current learning rate: 0.00118
2026-08-07 23:27:04.674931: train_loss -0.9538
2026-08-07 23:27:04.675342: val_loss -0.954
2026-08-07 23:27:04.675539: Pseudo dice [np.float32(0.9667), np.float32(0.9784), np.float32(0.9742)]
2026-08-07 23:27:04.676106: Epoch time: 24.18 s
2026-08-07 23:27:05.075012: 
2026-08-07 23:27:05.075230: Epoch 908
2026-08-07 23:27:05.075560: Current learning rate: 0.00117
2026-08-07 23:27:29.245894: train_loss -0.9536
2026-08-07 23:27:29.246292: val_loss -0.9534
2026-08-07 23:27:29.246659: Pseudo dice [np.float32(0.9673), np.float32(0.9783), np.float32(0.9735)]
2026-08-07 23:27:29.247898: Epoch time: 24.17 s
2026-08-07 23:27:29.660561: 
2026-08-07 23:27:29.660849: Epoch 909
2026-08-07 23:27:29.660980: Current learning rate: 0.00116
2026-08-07 23:27:53.837055: train_loss -0.9531
2026-08-07 23:27:53.837454: val_loss -0.9535
2026-08-07 23:27:53.838198: Pseudo dice [np.float32(0.9672), np.float32(0.9779), np.float32(0.9741)]
2026-08-07 23:27:53.838526: Epoch time: 24.18 s
2026-08-07 23:27:54.238842: 
2026-08-07 23:27:54.239065: Epoch 910
2026-08-07 23:27:54.239223: Current learning rate: 0.00115
2026-08-07 23:28:18.421464: train_loss -0.9533
2026-08-07 23:28:18.421878: val_loss -0.9539
2026-08-07 23:28:18.422200: Pseudo dice [np.float32(0.9675), np.float32(0.978), np.float32(0.9748)]
2026-08-07 23:28:18.422504: Epoch time: 24.18 s
2026-08-07 23:28:18.837425: 
2026-08-07 23:28:18.837638: Epoch 911
2026-08-07 23:28:18.837767: Current learning rate: 0.00113
2026-08-07 23:28:43.006005: train_loss -0.9537
2026-08-07 23:28:43.006492: val_loss -0.9528
2026-08-07 23:28:43.007862: Pseudo dice [np.float32(0.9671), np.float32(0.9778), np.float32(0.9735)]
2026-08-07 23:28:43.008190: Epoch time: 24.17 s
2026-08-07 23:28:43.422636: 
2026-08-07 23:28:43.422845: Epoch 912
2026-08-07 23:28:43.423055: Current learning rate: 0.00112
2026-08-07 23:29:07.599645: train_loss -0.953
2026-08-07 23:29:07.600598: val_loss -0.9532
2026-08-07 23:29:07.600938: Pseudo dice [np.float32(0.9672), np.float32(0.9779), np.float32(0.9739)]
2026-08-07 23:29:07.601108: Epoch time: 24.18 s
2026-08-07 23:29:08.238543: 
2026-08-07 23:29:08.238762: Epoch 913
2026-08-07 23:29:08.238891: Current learning rate: 0.00111
2026-08-07 23:29:32.419114: train_loss -0.9532
2026-08-07 23:29:32.421789: val_loss -0.9522
2026-08-07 23:29:32.422076: Pseudo dice [np.float32(0.9669), np.float32(0.9777), np.float32(0.9718)]
2026-08-07 23:29:32.422482: Epoch time: 24.18 s
2026-08-07 23:29:32.833825: 
2026-08-07 23:29:32.834034: Epoch 914
2026-08-07 23:29:32.834221: Current learning rate: 0.0011
2026-08-07 23:29:57.006612: train_loss -0.954
2026-08-07 23:29:57.007016: val_loss -0.9534
2026-08-07 23:29:57.008213: Pseudo dice [np.float32(0.9673), np.float32(0.9777), np.float32(0.9738)]
2026-08-07 23:29:57.008470: Epoch time: 24.17 s
2026-08-07 23:29:57.417634: 
2026-08-07 23:29:57.417845: Epoch 915
2026-08-07 23:29:57.417980: Current learning rate: 0.00109
2026-08-07 23:30:21.597205: train_loss -0.9537
2026-08-07 23:30:21.597596: val_loss -0.9538
2026-08-07 23:30:21.597944: Pseudo dice [np.float32(0.9677), np.float32(0.9779), np.float32(0.9743)]
2026-08-07 23:30:21.598323: Epoch time: 24.18 s
2026-08-07 23:30:22.008852: 
2026-08-07 23:30:22.009063: Epoch 916
2026-08-07 23:30:22.010207: Current learning rate: 0.00108
2026-08-07 23:30:46.183825: train_loss -0.954
2026-08-07 23:30:46.184247: val_loss -0.9546
2026-08-07 23:30:46.184913: Pseudo dice [np.float32(0.9678), np.float32(0.9782), np.float32(0.9753)]
2026-08-07 23:30:46.185265: Epoch time: 24.18 s
2026-08-07 23:30:46.591763: 
2026-08-07 23:30:46.591986: Epoch 917
2026-08-07 23:30:46.592120: Current learning rate: 0.00106
2026-08-07 23:31:10.764114: train_loss -0.9533
2026-08-07 23:31:10.764508: val_loss -0.9541
2026-08-07 23:31:10.766406: Pseudo dice [np.float32(0.968), np.float32(0.9782), np.float32(0.9739)]
2026-08-07 23:31:10.766891: Epoch time: 24.17 s
2026-08-07 23:31:11.179614: 
2026-08-07 23:31:11.179819: Epoch 918
2026-08-07 23:31:11.179948: Current learning rate: 0.00105
2026-08-07 23:31:35.346221: train_loss -0.9537
2026-08-07 23:31:35.346611: val_loss -0.9544
2026-08-07 23:31:35.346976: Pseudo dice [np.float32(0.9671), np.float32(0.9779), np.float32(0.9751)]
2026-08-07 23:31:35.347305: Epoch time: 24.17 s
2026-08-07 23:31:35.744654: 
2026-08-07 23:31:35.744917: Epoch 919
2026-08-07 23:31:35.745047: Current learning rate: 0.00104
2026-08-07 23:31:59.913624: train_loss -0.9536
2026-08-07 23:31:59.914000: val_loss -0.9536
2026-08-07 23:31:59.914606: Pseudo dice [np.float32(0.9664), np.float32(0.9785), np.float32(0.9743)]
2026-08-07 23:31:59.916636: Epoch time: 24.17 s
2026-08-07 23:32:00.337170: 
2026-08-07 23:32:00.337388: Epoch 920
2026-08-07 23:32:00.337581: Current learning rate: 0.00103
2026-08-07 23:32:24.512108: train_loss -0.9537
2026-08-07 23:32:24.512499: val_loss -0.9543
2026-08-07 23:32:24.513478: Pseudo dice [np.float32(0.9668), np.float32(0.9784), np.float32(0.9753)]
2026-08-07 23:32:24.513726: Epoch time: 24.18 s
2026-08-07 23:32:24.927443: 
2026-08-07 23:32:24.927655: Epoch 921
2026-08-07 23:32:24.927862: Current learning rate: 0.00102
2026-08-07 23:32:49.096234: train_loss -0.954
2026-08-07 23:32:49.096635: val_loss -0.9548
2026-08-07 23:32:49.096913: Pseudo dice [np.float32(0.9687), np.float32(0.9785), np.float32(0.9747)]
2026-08-07 23:32:49.097083: Epoch time: 24.17 s
2026-08-07 23:32:49.097327: Yayy! New best EMA pseudo Dice: 0.9732999801635742
2026-08-07 23:32:49.537337: 
2026-08-07 23:32:49.537547: Epoch 922
2026-08-07 23:32:49.537949: Current learning rate: 0.00101
2026-08-07 23:33:13.707536: train_loss -0.9536
2026-08-07 23:33:13.707924: val_loss -0.9474
2026-08-07 23:33:13.708208: Pseudo dice [np.float32(0.9575), np.float32(0.9772), np.float32(0.9744)]
2026-08-07 23:33:13.708371: Epoch time: 24.17 s
2026-08-07 23:33:14.117024: 
2026-08-07 23:33:14.117236: Epoch 923
2026-08-07 23:33:14.117369: Current learning rate: 0.001
2026-08-07 23:33:38.288521: train_loss -0.9532
2026-08-07 23:33:38.288912: val_loss -0.9537
2026-08-07 23:33:38.289179: Pseudo dice [np.float32(0.968), np.float32(0.9778), np.float32(0.974)]
2026-08-07 23:33:38.289889: Epoch time: 24.17 s
2026-08-07 23:33:38.695024: 
2026-08-07 23:33:38.695286: Epoch 924
2026-08-07 23:33:38.695666: Current learning rate: 0.00098
2026-08-07 23:34:02.865190: train_loss -0.9539
2026-08-07 23:34:02.865585: val_loss -0.954
2026-08-07 23:34:02.865872: Pseudo dice [np.float32(0.9678), np.float32(0.9787), np.float32(0.9735)]
2026-08-07 23:34:02.866143: Epoch time: 24.17 s
2026-08-07 23:34:03.276991: 
2026-08-07 23:34:03.277216: Epoch 925
2026-08-07 23:34:03.277356: Current learning rate: 0.00097
2026-08-07 23:34:27.440172: train_loss -0.9542
2026-08-07 23:34:27.440639: val_loss -0.9543
2026-08-07 23:34:27.441075: Pseudo dice [np.float32(0.9684), np.float32(0.9784), np.float32(0.9733)]
2026-08-07 23:34:27.441320: Epoch time: 24.16 s
2026-08-07 23:34:28.071858: 
2026-08-07 23:34:28.072137: Epoch 926
2026-08-07 23:34:28.072458: Current learning rate: 0.00096
2026-08-07 23:34:52.240420: train_loss -0.9542
2026-08-07 23:34:52.241638: val_loss -0.9544
2026-08-07 23:34:52.242353: Pseudo dice [np.float32(0.9675), np.float32(0.9784), np.float32(0.9746)]
2026-08-07 23:34:52.242723: Epoch time: 24.17 s
2026-08-07 23:34:52.655910: 
2026-08-07 23:34:52.656117: Epoch 927
2026-08-07 23:34:52.656241: Current learning rate: 0.00095
2026-08-07 23:35:16.829365: train_loss -0.9543
2026-08-07 23:35:16.829762: val_loss -0.955
2026-08-07 23:35:16.831441: Pseudo dice [np.float32(0.9675), np.float32(0.9787), np.float32(0.9748)]
2026-08-07 23:35:16.831699: Epoch time: 24.17 s
2026-08-07 23:35:17.242327: 
2026-08-07 23:35:17.242537: Epoch 928
2026-08-07 23:35:17.242752: Current learning rate: 0.00094
2026-08-07 23:35:41.408750: train_loss -0.9541
2026-08-07 23:35:41.409265: val_loss -0.9547
2026-08-07 23:35:41.409700: Pseudo dice [np.float32(0.968), np.float32(0.9783), np.float32(0.975)]
2026-08-07 23:35:41.409992: Epoch time: 24.17 s
2026-08-07 23:35:41.814029: 
2026-08-07 23:35:41.814236: Epoch 929
2026-08-07 23:35:41.814368: Current learning rate: 0.00092
2026-08-07 23:36:05.991319: train_loss -0.9545
2026-08-07 23:36:05.991716: val_loss -0.954
2026-08-07 23:36:05.992012: Pseudo dice [np.float32(0.968), np.float32(0.9779), np.float32(0.9743)]
2026-08-07 23:36:05.992192: Epoch time: 24.18 s
2026-08-07 23:36:06.397258: 
2026-08-07 23:36:06.397472: Epoch 930
2026-08-07 23:36:06.398214: Current learning rate: 0.00091
2026-08-07 23:36:30.580925: train_loss -0.9539
2026-08-07 23:36:30.581343: val_loss -0.9537
2026-08-07 23:36:30.581798: Pseudo dice [np.float32(0.9688), np.float32(0.9781), np.float32(0.9719)]
2026-08-07 23:36:30.582085: Epoch time: 24.18 s
2026-08-07 23:36:30.984372: 
2026-08-07 23:36:30.984581: Epoch 931
2026-08-07 23:36:30.984718: Current learning rate: 0.0009
2026-08-07 23:36:55.152234: train_loss -0.9538
2026-08-07 23:36:55.152856: val_loss -0.954
2026-08-07 23:36:55.153511: Pseudo dice [np.float32(0.9681), np.float32(0.9783), np.float32(0.973)]
2026-08-07 23:36:55.153794: Epoch time: 24.17 s
2026-08-07 23:36:55.559397: 
2026-08-07 23:36:55.560926: Epoch 932
2026-08-07 23:36:55.561881: Current learning rate: 0.00089
2026-08-07 23:37:19.732292: train_loss -0.954
2026-08-07 23:37:19.732960: val_loss -0.9548
2026-08-07 23:37:19.733367: Pseudo dice [np.float32(0.9684), np.float32(0.9784), np.float32(0.9747)]
2026-08-07 23:37:19.734264: Epoch time: 24.17 s
2026-08-07 23:37:20.143078: 
2026-08-07 23:37:20.143283: Epoch 933
2026-08-07 23:37:20.143869: Current learning rate: 0.00088
2026-08-07 23:37:44.309643: train_loss -0.9537
2026-08-07 23:37:44.310040: val_loss -0.9545
2026-08-07 23:37:44.310625: Pseudo dice [np.float32(0.9669), np.float32(0.9783), np.float32(0.9749)]
2026-08-07 23:37:44.310911: Epoch time: 24.17 s
2026-08-07 23:37:44.718414: 
2026-08-07 23:37:44.718640: Epoch 934
2026-08-07 23:37:44.718771: Current learning rate: 0.00087
2026-08-07 23:38:08.891680: train_loss -0.9542
2026-08-07 23:38:08.892105: val_loss -0.9545
2026-08-07 23:38:08.892506: Pseudo dice [np.float32(0.9678), np.float32(0.9785), np.float32(0.9737)]
2026-08-07 23:38:08.892790: Epoch time: 24.17 s
2026-08-07 23:38:09.301056: 
2026-08-07 23:38:09.301318: Epoch 935
2026-08-07 23:38:09.301752: Current learning rate: 0.00085
2026-08-07 23:38:33.476422: train_loss -0.9539
2026-08-07 23:38:33.476819: val_loss -0.9533
2026-08-07 23:38:33.477274: Pseudo dice [np.float32(0.9672), np.float32(0.9778), np.float32(0.9745)]
2026-08-07 23:38:33.477797: Epoch time: 24.18 s
2026-08-07 23:38:33.887836: 
2026-08-07 23:38:33.888151: Epoch 936
2026-08-07 23:38:33.888305: Current learning rate: 0.00084
2026-08-07 23:38:58.060966: train_loss -0.9544
2026-08-07 23:38:58.061354: val_loss -0.954
2026-08-07 23:38:58.061796: Pseudo dice [np.float32(0.9674), np.float32(0.9782), np.float32(0.975)]
2026-08-07 23:38:58.062104: Epoch time: 24.17 s
2026-08-07 23:38:58.062366: Yayy! New best EMA pseudo Dice: 0.9732999801635742
2026-08-07 23:38:58.505453: 
2026-08-07 23:38:58.505680: Epoch 937
2026-08-07 23:38:58.505877: Current learning rate: 0.00083
2026-08-07 23:39:22.678738: train_loss -0.9547
2026-08-07 23:39:22.679157: val_loss -0.9535
2026-08-07 23:39:22.679441: Pseudo dice [np.float32(0.967), np.float32(0.9783), np.float32(0.9745)]
2026-08-07 23:39:22.679703: Epoch time: 24.17 s
2026-08-07 23:39:22.679961: Yayy! New best EMA pseudo Dice: 0.9732999801635742
2026-08-07 23:39:23.118121: 
2026-08-07 23:39:23.118329: Epoch 938
2026-08-07 23:39:23.118590: Current learning rate: 0.00082
2026-08-07 23:39:47.283499: train_loss -0.9548
2026-08-07 23:39:47.284000: val_loss -0.9552
2026-08-07 23:39:47.285001: Pseudo dice [np.float32(0.9681), np.float32(0.9788), np.float32(0.9751)]
2026-08-07 23:39:47.285604: Epoch time: 24.17 s
2026-08-07 23:39:47.286073: Yayy! New best EMA pseudo Dice: 0.9733999967575073
2026-08-07 23:39:47.727670: 
2026-08-07 23:39:47.727881: Epoch 939
2026-08-07 23:39:47.728083: Current learning rate: 0.00081
2026-08-07 23:40:11.903942: train_loss -0.9542
2026-08-07 23:40:11.904347: val_loss -0.9551
2026-08-07 23:40:11.904672: Pseudo dice [np.float32(0.9678), np.float32(0.9787), np.float32(0.9748)]
2026-08-07 23:40:12.132591: Epoch time: 24.18 s
2026-08-07 23:40:12.133601: Yayy! New best EMA pseudo Dice: 0.9733999967575073
2026-08-07 23:40:12.576532: 
2026-08-07 23:40:12.576756: Epoch 940
2026-08-07 23:40:12.576898: Current learning rate: 0.00079
2026-08-07 23:40:36.744719: train_loss -0.9541
2026-08-07 23:40:36.745098: val_loss -0.9546
2026-08-07 23:40:36.745266: Pseudo dice [np.float32(0.9678), np.float32(0.9786), np.float32(0.9749)]
2026-08-07 23:40:36.745508: Epoch time: 24.17 s
2026-08-07 23:40:36.745624: Yayy! New best EMA pseudo Dice: 0.9733999967575073
2026-08-07 23:40:37.184217: 
2026-08-07 23:40:37.184434: Epoch 941
2026-08-07 23:40:37.185480: Current learning rate: 0.00078
2026-08-07 23:41:01.355961: train_loss -0.9541
2026-08-07 23:41:01.356493: val_loss -0.9539
2026-08-07 23:41:01.356841: Pseudo dice [np.float32(0.9679), np.float32(0.9782), np.float32(0.9738)]
2026-08-07 23:41:01.357008: Epoch time: 24.17 s
2026-08-07 23:41:01.759701: 
2026-08-07 23:41:01.759950: Epoch 942
2026-08-07 23:41:01.760096: Current learning rate: 0.00077
2026-08-07 23:41:25.930803: train_loss -0.9538
2026-08-07 23:41:25.931294: val_loss -0.9542
2026-08-07 23:41:25.931478: Pseudo dice [np.float32(0.9679), np.float32(0.9779), np.float32(0.9747)]
2026-08-07 23:41:25.932590: Epoch time: 24.17 s
2026-08-07 23:41:26.340648: 
2026-08-07 23:41:26.340854: Epoch 943
2026-08-07 23:41:26.340985: Current learning rate: 0.00076
2026-08-07 23:41:50.509283: train_loss -0.9538
2026-08-07 23:41:50.509800: val_loss -0.9553
2026-08-07 23:41:50.510036: Pseudo dice [np.float32(0.9682), np.float32(0.9784), np.float32(0.9761)]
2026-08-07 23:41:50.510316: Epoch time: 24.17 s
2026-08-07 23:41:50.510710: Yayy! New best EMA pseudo Dice: 0.9735000133514404
2026-08-07 23:41:50.952682: 
2026-08-07 23:41:50.952893: Epoch 944
2026-08-07 23:41:50.953097: Current learning rate: 0.00075
2026-08-07 23:42:15.133036: train_loss -0.9539
2026-08-07 23:42:15.134437: val_loss -0.9536
2026-08-07 23:42:15.134918: Pseudo dice [np.float32(0.9669), np.float32(0.978), np.float32(0.9742)]
2026-08-07 23:42:15.135139: Epoch time: 24.18 s
2026-08-07 23:42:15.543077: 
2026-08-07 23:42:15.543291: Epoch 945
2026-08-07 23:42:15.543864: Current learning rate: 0.00074
2026-08-07 23:42:39.715563: train_loss -0.9541
2026-08-07 23:42:39.715975: val_loss -0.9538
2026-08-07 23:42:39.716256: Pseudo dice [np.float32(0.9666), np.float32(0.9782), np.float32(0.9741)]
2026-08-07 23:42:39.716496: Epoch time: 24.17 s
2026-08-07 23:42:40.122998: 
2026-08-07 23:42:40.123224: Epoch 946
2026-08-07 23:42:40.123445: Current learning rate: 0.00072
2026-08-07 23:43:04.293715: train_loss -0.9543
2026-08-07 23:43:04.294100: val_loss -0.9545
2026-08-07 23:43:04.294277: Pseudo dice [np.float32(0.9674), np.float32(0.9786), np.float32(0.9738)]
2026-08-07 23:43:04.294704: Epoch time: 24.17 s
2026-08-07 23:43:04.698848: 
2026-08-07 23:43:04.699062: Epoch 947
2026-08-07 23:43:04.699192: Current learning rate: 0.00071
2026-08-07 23:43:28.872810: train_loss -0.9554
2026-08-07 23:43:28.874239: val_loss -0.9542
2026-08-07 23:43:28.874682: Pseudo dice [np.float32(0.9673), np.float32(0.9781), np.float32(0.9744)]
2026-08-07 23:43:28.875752: Epoch time: 24.17 s
2026-08-07 23:43:29.279817: 
2026-08-07 23:43:29.280027: Epoch 948
2026-08-07 23:43:29.280230: Current learning rate: 0.0007
2026-08-07 23:43:53.455114: train_loss -0.9545
2026-08-07 23:43:53.455514: val_loss -0.9548
2026-08-07 23:43:53.455744: Pseudo dice [np.float32(0.9674), np.float32(0.9785), np.float32(0.9752)]
2026-08-07 23:43:53.456071: Epoch time: 24.18 s
2026-08-07 23:43:53.860686: 
2026-08-07 23:43:53.861111: Epoch 949
2026-08-07 23:43:53.861316: Current learning rate: 0.00069
2026-08-07 23:44:18.038292: train_loss -0.9543
2026-08-07 23:44:18.038671: val_loss -0.955
2026-08-07 23:44:18.038955: Pseudo dice [np.float32(0.9679), np.float32(0.9786), np.float32(0.9754)]
2026-08-07 23:44:18.039229: Epoch time: 24.18 s
2026-08-07 23:44:18.485977: 
2026-08-07 23:44:18.487681: Epoch 950
2026-08-07 23:44:18.487872: Current learning rate: 0.00067
2026-08-07 23:44:42.658824: train_loss -0.9546
2026-08-07 23:44:42.659226: val_loss -0.9545
2026-08-07 23:44:42.659495: Pseudo dice [np.float32(0.9679), np.float32(0.9782), np.float32(0.9751)]
2026-08-07 23:44:42.659662: Epoch time: 24.17 s
2026-08-07 23:44:43.071406: 
2026-08-07 23:44:43.071659: Epoch 951
2026-08-07 23:44:43.072029: Current learning rate: 0.00066
2026-08-07 23:45:07.246451: train_loss -0.9543
2026-08-07 23:45:07.246872: val_loss -0.9557
2026-08-07 23:45:07.248317: Pseudo dice [np.float32(0.9689), np.float32(0.979), np.float32(0.9747)]
2026-08-07 23:45:07.248732: Epoch time: 24.18 s
2026-08-07 23:45:07.248949: Yayy! New best EMA pseudo Dice: 0.9735999703407288
2026-08-07 23:45:07.914265: 
2026-08-07 23:45:07.914478: Epoch 952
2026-08-07 23:45:07.914616: Current learning rate: 0.00065
2026-08-07 23:45:32.088854: train_loss -0.9545
2026-08-07 23:45:32.089343: val_loss -0.955
2026-08-07 23:45:32.089849: Pseudo dice [np.float32(0.9678), np.float32(0.9789), np.float32(0.975)]
2026-08-07 23:45:32.090177: Epoch time: 24.17 s
2026-08-07 23:45:32.090420: Yayy! New best EMA pseudo Dice: 0.9735999703407288
2026-08-07 23:45:32.529718: 
2026-08-07 23:45:32.529938: Epoch 953
2026-08-07 23:45:32.530133: Current learning rate: 0.00064
2026-08-07 23:45:56.702922: train_loss -0.9546
2026-08-07 23:45:56.703305: val_loss -0.9544
2026-08-07 23:45:56.703749: Pseudo dice [np.float32(0.9678), np.float32(0.9782), np.float32(0.975)]
2026-08-07 23:45:56.704063: Epoch time: 24.17 s
2026-08-07 23:45:56.704317: Yayy! New best EMA pseudo Dice: 0.9735999703407288
2026-08-07 23:45:57.148058: 
2026-08-07 23:45:57.148276: Epoch 954
2026-08-07 23:45:57.148407: Current learning rate: 0.00063
2026-08-07 23:46:21.313551: train_loss -0.9542
2026-08-07 23:46:21.313960: val_loss -0.9549
2026-08-07 23:46:21.314409: Pseudo dice [np.float32(0.9679), np.float32(0.9783), np.float32(0.9751)]
2026-08-07 23:46:21.314672: Epoch time: 24.17 s
2026-08-07 23:46:21.316765: Yayy! New best EMA pseudo Dice: 0.9735999703407288
2026-08-07 23:46:21.770380: 
2026-08-07 23:46:21.770638: Epoch 955
2026-08-07 23:46:21.770768: Current learning rate: 0.00061
2026-08-07 23:46:45.940323: train_loss -0.9548
2026-08-07 23:46:45.940705: val_loss -0.955
2026-08-07 23:46:45.941481: Pseudo dice [np.float32(0.9682), np.float32(0.9785), np.float32(0.9748)]
2026-08-07 23:46:45.942902: Epoch time: 24.17 s
2026-08-07 23:46:45.943031: Yayy! New best EMA pseudo Dice: 0.9735999703407288
2026-08-07 23:46:46.395039: 
2026-08-07 23:46:46.395258: Epoch 956
2026-08-07 23:46:46.395502: Current learning rate: 0.0006
2026-08-07 23:47:10.579760: train_loss -0.954
2026-08-07 23:47:10.580144: val_loss -0.9544
2026-08-07 23:47:10.580322: Pseudo dice [np.float32(0.9677), np.float32(0.978), np.float32(0.9749)]
2026-08-07 23:47:10.580494: Epoch time: 24.18 s
2026-08-07 23:47:10.997038: 
2026-08-07 23:47:10.997463: Epoch 957
2026-08-07 23:47:10.997904: Current learning rate: 0.00059
2026-08-07 23:47:35.184921: train_loss -0.954
2026-08-07 23:47:35.185318: val_loss -0.9538
2026-08-07 23:47:35.186582: Pseudo dice [np.float32(0.9667), np.float32(0.9782), np.float32(0.9745)]
2026-08-07 23:47:35.186840: Epoch time: 24.19 s
2026-08-07 23:47:35.587122: 
2026-08-07 23:47:35.587340: Epoch 958
2026-08-07 23:47:35.587542: Current learning rate: 0.00058
2026-08-07 23:47:59.752418: train_loss -0.9546
2026-08-07 23:47:59.752820: val_loss -0.9553
2026-08-07 23:47:59.753568: Pseudo dice [np.float32(0.9685), np.float32(0.9789), np.float32(0.9755)]
2026-08-07 23:47:59.754539: Epoch time: 24.17 s
2026-08-07 23:47:59.754772: Yayy! New best EMA pseudo Dice: 0.9736999869346619
2026-08-07 23:48:00.191276: 
2026-08-07 23:48:00.191486: Epoch 959
2026-08-07 23:48:00.191690: Current learning rate: 0.00056
2026-08-07 23:48:24.362663: train_loss -0.9547
2026-08-07 23:48:24.363056: val_loss -0.9547
2026-08-07 23:48:24.364341: Pseudo dice [np.float32(0.9686), np.float32(0.9785), np.float32(0.9732)]
2026-08-07 23:48:24.364800: Epoch time: 24.17 s
2026-08-07 23:48:24.772193: 
2026-08-07 23:48:24.772402: Epoch 960
2026-08-07 23:48:24.772942: Current learning rate: 0.00055
2026-08-07 23:48:48.942784: train_loss -0.9548
2026-08-07 23:48:48.943162: val_loss -0.9527
2026-08-07 23:48:48.943565: Pseudo dice [np.float32(0.9675), np.float32(0.9776), np.float32(0.9717)]
2026-08-07 23:48:48.943824: Epoch time: 24.17 s
2026-08-07 23:48:49.370514: 
2026-08-07 23:48:49.370732: Epoch 961
2026-08-07 23:48:49.370962: Current learning rate: 0.00054
2026-08-07 23:49:13.544567: train_loss -0.955
2026-08-07 23:49:13.544974: val_loss -0.9543
2026-08-07 23:49:13.545147: Pseudo dice [np.float32(0.9681), np.float32(0.9788), np.float32(0.9726)]
2026-08-07 23:49:13.545439: Epoch time: 24.17 s
2026-08-07 23:49:13.948896: 
2026-08-07 23:49:13.949444: Epoch 962
2026-08-07 23:49:13.949924: Current learning rate: 0.00053
2026-08-07 23:49:38.118377: train_loss -0.9545
2026-08-07 23:49:38.118769: val_loss -0.9541
2026-08-07 23:49:38.119042: Pseudo dice [np.float32(0.9678), np.float32(0.9783), np.float32(0.9733)]
2026-08-07 23:49:38.119337: Epoch time: 24.17 s
2026-08-07 23:49:38.525091: 
2026-08-07 23:49:38.525333: Epoch 963
2026-08-07 23:49:38.525776: Current learning rate: 0.00051
2026-08-07 23:50:02.704008: train_loss -0.9543
2026-08-07 23:50:02.704482: val_loss -0.954
2026-08-07 23:50:02.704998: Pseudo dice [np.float32(0.9678), np.float32(0.9776), np.float32(0.9739)]
2026-08-07 23:50:02.705210: Epoch time: 24.18 s
2026-08-07 23:50:03.115652: 
2026-08-07 23:50:03.115860: Epoch 964
2026-08-07 23:50:03.115987: Current learning rate: 0.0005
2026-08-07 23:50:27.288235: train_loss -0.9545
2026-08-07 23:50:27.288929: val_loss -0.9549
2026-08-07 23:50:27.289162: Pseudo dice [np.float32(0.9674), np.float32(0.9786), np.float32(0.9748)]
2026-08-07 23:50:27.290148: Epoch time: 24.17 s
2026-08-07 23:50:27.929426: 
2026-08-07 23:50:27.929650: Epoch 965
2026-08-07 23:50:27.929838: Current learning rate: 0.00049
2026-08-07 23:50:52.096476: train_loss -0.9546
2026-08-07 23:50:52.097465: val_loss -0.9553
2026-08-07 23:50:52.097840: Pseudo dice [np.float32(0.9679), np.float32(0.9784), np.float32(0.9758)]
2026-08-07 23:50:52.098299: Epoch time: 24.17 s
2026-08-07 23:50:52.517145: 
2026-08-07 23:50:52.517828: Epoch 966
2026-08-07 23:50:52.518413: Current learning rate: 0.00048
2026-08-07 23:51:16.690411: train_loss -0.9548
2026-08-07 23:51:16.691807: val_loss -0.9559
2026-08-07 23:51:16.692049: Pseudo dice [np.float32(0.9685), np.float32(0.9788), np.float32(0.9761)]
2026-08-07 23:51:16.692204: Epoch time: 24.17 s
2026-08-07 23:51:17.102100: 
2026-08-07 23:51:17.102660: Epoch 967
2026-08-07 23:51:17.103234: Current learning rate: 0.00046
2026-08-07 23:51:41.270195: train_loss -0.955
2026-08-07 23:51:41.270691: val_loss -0.9556
2026-08-07 23:51:41.270871: Pseudo dice [np.float32(0.9691), np.float32(0.9786), np.float32(0.9756)]
2026-08-07 23:51:41.271039: Epoch time: 24.17 s
2026-08-07 23:51:41.271235: Yayy! New best EMA pseudo Dice: 0.9736999869346619
2026-08-07 23:51:41.719902: 
2026-08-07 23:51:41.720143: Epoch 968
2026-08-07 23:51:41.720269: Current learning rate: 0.00045
2026-08-07 23:52:05.889899: train_loss -0.9549
2026-08-07 23:52:05.890343: val_loss -0.9558
2026-08-07 23:52:05.890709: Pseudo dice [np.float32(0.9686), np.float32(0.9789), np.float32(0.9754)]
2026-08-07 23:52:05.891032: Epoch time: 24.17 s
2026-08-07 23:52:05.891228: Yayy! New best EMA pseudo Dice: 0.9736999869346619
2026-08-07 23:52:06.333818: 
2026-08-07 23:52:06.334041: Epoch 969
2026-08-07 23:52:06.334624: Current learning rate: 0.00044
2026-08-07 23:52:30.514369: train_loss -0.9547
2026-08-07 23:52:30.514860: val_loss -0.9529
2026-08-07 23:52:30.515124: Pseudo dice [np.float32(0.9674), np.float32(0.9784), np.float32(0.9712)]
2026-08-07 23:52:30.515428: Epoch time: 24.18 s
2026-08-07 23:52:30.923537: 
2026-08-07 23:52:30.923753: Epoch 970
2026-08-07 23:52:30.923945: Current learning rate: 0.00043
2026-08-07 23:52:55.098283: train_loss -0.9552
2026-08-07 23:52:55.098688: val_loss -0.953
2026-08-07 23:52:55.099095: Pseudo dice [np.float32(0.9668), np.float32(0.9779), np.float32(0.973)]
2026-08-07 23:52:55.099342: Epoch time: 24.17 s
2026-08-07 23:52:55.514045: 
2026-08-07 23:52:55.514270: Epoch 971
2026-08-07 23:52:55.514488: Current learning rate: 0.00041
2026-08-07 23:53:19.686634: train_loss -0.9555
2026-08-07 23:53:19.687028: val_loss -0.9545
2026-08-07 23:53:19.688118: Pseudo dice [np.float32(0.9679), np.float32(0.978), np.float32(0.9746)]
2026-08-07 23:53:19.689149: Epoch time: 24.17 s
2026-08-07 23:53:20.101557: 
2026-08-07 23:53:20.102047: Epoch 972
2026-08-07 23:53:20.102818: Current learning rate: 0.0004
2026-08-07 23:53:44.279452: train_loss -0.9553
2026-08-07 23:53:44.279886: val_loss -0.9543
2026-08-07 23:53:44.280927: Pseudo dice [np.float32(0.9679), np.float32(0.9786), np.float32(0.9738)]
2026-08-07 23:53:44.281178: Epoch time: 24.18 s
2026-08-07 23:53:44.684362: 
2026-08-07 23:53:44.684664: Epoch 973
2026-08-07 23:53:44.684809: Current learning rate: 0.00039
2026-08-07 23:54:08.851338: train_loss -0.9543
2026-08-07 23:54:08.851736: val_loss -0.9549
2026-08-07 23:54:08.852409: Pseudo dice [np.float32(0.9681), np.float32(0.9784), np.float32(0.9752)]
2026-08-07 23:54:08.852912: Epoch time: 24.17 s
2026-08-07 23:54:09.267521: 
2026-08-07 23:54:09.267730: Epoch 974
2026-08-07 23:54:09.267856: Current learning rate: 0.00037
2026-08-07 23:54:33.446326: train_loss -0.955
2026-08-07 23:54:33.446714: val_loss -0.9548
2026-08-07 23:54:33.447502: Pseudo dice [np.float32(0.9676), np.float32(0.9787), np.float32(0.9752)]
2026-08-07 23:54:33.448189: Epoch time: 24.18 s
2026-08-07 23:54:33.862164: 
2026-08-07 23:54:33.862377: Epoch 975
2026-08-07 23:54:33.862718: Current learning rate: 0.00036
2026-08-07 23:54:58.039629: train_loss -0.9553
2026-08-07 23:54:58.040124: val_loss -0.9534
2026-08-07 23:54:58.040516: Pseudo dice [np.float32(0.9669), np.float32(0.9779), np.float32(0.974)]
2026-08-07 23:54:58.040851: Epoch time: 24.18 s
2026-08-07 23:54:58.447307: 
2026-08-07 23:54:58.447520: Epoch 976
2026-08-07 23:54:58.447662: Current learning rate: 0.00035
2026-08-07 23:55:22.621622: train_loss -0.9551
2026-08-07 23:55:22.622392: val_loss -0.9544
2026-08-07 23:55:22.623420: Pseudo dice [np.float32(0.9679), np.float32(0.9781), np.float32(0.9742)]
2026-08-07 23:55:22.623838: Epoch time: 24.17 s
2026-08-07 23:55:23.039845: 
2026-08-07 23:55:23.040053: Epoch 977
2026-08-07 23:55:23.040189: Current learning rate: 0.00034
2026-08-07 23:55:47.209203: train_loss -0.9549
2026-08-07 23:55:47.209596: val_loss -0.9533
2026-08-07 23:55:47.210454: Pseudo dice [np.float32(0.968), np.float32(0.9778), np.float32(0.972)]
2026-08-07 23:55:47.210873: Epoch time: 24.17 s
2026-08-07 23:55:47.852375: 
2026-08-07 23:55:47.852595: Epoch 978
2026-08-07 23:55:47.852827: Current learning rate: 0.00032
2026-08-07 23:56:12.027565: train_loss -0.955
2026-08-07 23:56:12.028054: val_loss -0.9536
2026-08-07 23:56:12.028405: Pseudo dice [np.float32(0.967), np.float32(0.9781), np.float32(0.9729)]
2026-08-07 23:56:12.028846: Epoch time: 24.18 s
2026-08-07 23:56:12.438038: 
2026-08-07 23:56:12.438247: Epoch 979
2026-08-07 23:56:12.438377: Current learning rate: 0.00031
2026-08-07 23:56:36.618135: train_loss -0.9554
2026-08-07 23:56:36.618529: val_loss -0.954
2026-08-07 23:56:36.618823: Pseudo dice [np.float32(0.968), np.float32(0.9781), np.float32(0.9741)]
2026-08-07 23:56:36.619080: Epoch time: 24.18 s
2026-08-07 23:56:37.024609: 
2026-08-07 23:56:37.024813: Epoch 980
2026-08-07 23:56:37.025290: Current learning rate: 0.0003
2026-08-07 23:57:01.200674: train_loss -0.9551
2026-08-07 23:57:01.201124: val_loss -0.9553
2026-08-07 23:57:01.201315: Pseudo dice [np.float32(0.9684), np.float32(0.9782), np.float32(0.9757)]
2026-08-07 23:57:01.201475: Epoch time: 24.18 s
2026-08-07 23:57:01.614232: 
2026-08-07 23:57:01.614441: Epoch 981
2026-08-07 23:57:01.614684: Current learning rate: 0.00028
2026-08-07 23:57:25.793310: train_loss -0.9548
2026-08-07 23:57:25.793736: val_loss -0.9555
2026-08-07 23:57:25.793920: Pseudo dice [np.float32(0.9682), np.float32(0.9786), np.float32(0.975)]
2026-08-07 23:57:25.794348: Epoch time: 24.18 s
2026-08-07 23:57:26.205524: 
2026-08-07 23:57:26.205832: Epoch 982
2026-08-07 23:57:26.206030: Current learning rate: 0.00027
2026-08-07 23:57:50.380346: train_loss -0.9552
2026-08-07 23:57:50.380735: val_loss -0.9539
2026-08-07 23:57:50.380925: Pseudo dice [np.float32(0.9678), np.float32(0.9781), np.float32(0.9726)]
2026-08-07 23:57:50.381238: Epoch time: 24.17 s
2026-08-07 23:57:50.791282: 
2026-08-07 23:57:50.791514: Epoch 983
2026-08-07 23:57:50.791718: Current learning rate: 0.00026
2026-08-07 23:58:14.965754: train_loss -0.9551
2026-08-07 23:58:14.966216: val_loss -0.9543
2026-08-07 23:58:14.967001: Pseudo dice [np.float32(0.9672), np.float32(0.9785), np.float32(0.9746)]
2026-08-07 23:58:14.967576: Epoch time: 24.17 s
2026-08-07 23:58:15.387313: 
2026-08-07 23:58:15.387565: Epoch 984
2026-08-07 23:58:15.387783: Current learning rate: 0.00024
2026-08-07 23:58:39.564373: train_loss -0.9551
2026-08-07 23:58:39.565594: val_loss -0.9561
2026-08-07 23:58:39.566622: Pseudo dice [np.float32(0.9686), np.float32(0.9787), np.float32(0.9762)]
2026-08-07 23:58:39.567030: Epoch time: 24.18 s
2026-08-07 23:58:39.980033: 
2026-08-07 23:58:39.980250: Epoch 985
2026-08-07 23:58:39.980721: Current learning rate: 0.00023
2026-08-07 23:59:04.156091: train_loss -0.9547
2026-08-07 23:59:04.156546: val_loss -0.955
2026-08-07 23:59:04.157473: Pseudo dice [np.float32(0.9679), np.float32(0.9788), np.float32(0.9747)]
2026-08-07 23:59:04.158842: Epoch time: 24.18 s
2026-08-07 23:59:04.568779: 
2026-08-07 23:59:04.568993: Epoch 986
2026-08-07 23:59:04.570140: Current learning rate: 0.00021
2026-08-07 23:59:28.737484: train_loss -0.9551
2026-08-07 23:59:28.737866: val_loss -0.9558
2026-08-07 23:59:28.738344: Pseudo dice [np.float32(0.9682), np.float32(0.9791), np.float32(0.9758)]
2026-08-07 23:59:28.738529: Epoch time: 24.17 s
2026-08-07 23:59:29.151541: 
2026-08-07 23:59:29.151871: Epoch 987
2026-08-07 23:59:29.152007: Current learning rate: 0.0002
2026-08-07 23:59:53.319787: train_loss -0.955
2026-08-07 23:59:53.320179: val_loss -0.9531
2026-08-07 23:59:53.320601: Pseudo dice [np.float32(0.9671), np.float32(0.9779), np.float32(0.9736)]
2026-08-07 23:59:53.321016: Epoch time: 24.17 s
2026-08-07 23:59:53.732139: 
2026-08-07 23:59:53.732343: Epoch 988
2026-08-07 23:59:53.732547: Current learning rate: 0.00019
2026-08-08 00:00:17.901609: train_loss -0.9551
2026-08-08 00:00:17.902025: val_loss -0.9552
2026-08-08 00:00:17.902448: Pseudo dice [np.float32(0.968), np.float32(0.9788), np.float32(0.9752)]
2026-08-08 00:00:17.902733: Epoch time: 24.17 s
2026-08-08 00:00:18.322859: 
2026-08-08 00:00:18.323065: Epoch 989
2026-08-08 00:00:18.323353: Current learning rate: 0.00017
2026-08-08 00:00:42.501143: train_loss -0.9552
2026-08-08 00:00:42.501529: val_loss -0.955
2026-08-08 00:00:42.501883: Pseudo dice [np.float32(0.9687), np.float32(0.9784), np.float32(0.9743)]
2026-08-08 00:00:42.502054: Epoch time: 24.18 s
2026-08-08 00:00:42.922058: 
2026-08-08 00:00:42.922281: Epoch 990
2026-08-08 00:00:42.923266: Current learning rate: 0.00016
2026-08-08 00:01:07.089694: train_loss -0.9557
2026-08-08 00:01:07.090100: val_loss -0.9548
2026-08-08 00:01:07.090305: Pseudo dice [np.float32(0.9685), np.float32(0.9779), np.float32(0.9746)]
2026-08-08 00:01:07.090608: Epoch time: 24.17 s
2026-08-08 00:01:07.734371: 
2026-08-08 00:01:07.735258: Epoch 991
2026-08-08 00:01:07.735389: Current learning rate: 0.00014
2026-08-08 00:01:31.893890: train_loss -0.9553
2026-08-08 00:01:31.894265: val_loss -0.9561
2026-08-08 00:01:31.894520: Pseudo dice [np.float32(0.9692), np.float32(0.9789), np.float32(0.9757)]
2026-08-08 00:01:31.895730: Epoch time: 24.16 s
2026-08-08 00:01:32.307675: 
2026-08-08 00:01:32.307875: Epoch 992
2026-08-08 00:01:32.308004: Current learning rate: 0.00013
2026-08-08 00:01:56.471920: train_loss -0.9547
2026-08-08 00:01:56.472317: val_loss -0.9549
2026-08-08 00:01:56.472644: Pseudo dice [np.float32(0.9682), np.float32(0.9782), np.float32(0.9749)]
2026-08-08 00:01:56.473076: Epoch time: 24.16 s
2026-08-08 00:01:56.890786: 
2026-08-08 00:01:56.891024: Epoch 993
2026-08-08 00:01:56.891259: Current learning rate: 0.00011
2026-08-08 00:02:21.057971: train_loss -0.955
2026-08-08 00:02:21.058350: val_loss -0.9557
2026-08-08 00:02:21.058628: Pseudo dice [np.float32(0.969), np.float32(0.9787), np.float32(0.9753)]
2026-08-08 00:02:21.058889: Epoch time: 24.17 s
2026-08-08 00:02:21.059139: Yayy! New best EMA pseudo Dice: 0.973800003528595
2026-08-08 00:02:21.501466: 
2026-08-08 00:02:21.501674: Epoch 994
2026-08-08 00:02:21.502331: Current learning rate: 0.0001
2026-08-08 00:02:45.669702: train_loss -0.9559
2026-08-08 00:02:45.670073: val_loss -0.9545
2026-08-08 00:02:45.670245: Pseudo dice [np.float32(0.9689), np.float32(0.9788), np.float32(0.9734)]
2026-08-08 00:02:45.670785: Epoch time: 24.17 s
2026-08-08 00:02:46.077302: 
2026-08-08 00:02:46.077561: Epoch 995
2026-08-08 00:02:46.077703: Current learning rate: 8e-05
2026-08-08 00:03:10.254949: train_loss -0.9554
2026-08-08 00:03:10.255372: val_loss -0.9539
2026-08-08 00:03:10.256082: Pseudo dice [np.float32(0.9685), np.float32(0.9784), np.float32(0.9721)]
2026-08-08 00:03:10.257434: Epoch time: 24.18 s
2026-08-08 00:03:10.669120: 
2026-08-08 00:03:10.669357: Epoch 996
2026-08-08 00:03:10.670009: Current learning rate: 7e-05
2026-08-08 00:03:34.842121: train_loss -0.9558
2026-08-08 00:03:34.843769: val_loss -0.9558
2026-08-08 00:03:34.844227: Pseudo dice [np.float32(0.9686), np.float32(0.9789), np.float32(0.9755)]
2026-08-08 00:03:34.844665: Epoch time: 24.17 s
2026-08-08 00:03:35.252224: 
2026-08-08 00:03:35.252568: Epoch 997
2026-08-08 00:03:35.252836: Current learning rate: 5e-05
2026-08-08 00:03:59.426058: train_loss -0.9552
2026-08-08 00:03:59.426447: val_loss -0.9532
2026-08-08 00:03:59.426937: Pseudo dice [np.float32(0.9663), np.float32(0.9781), np.float32(0.9749)]
2026-08-08 00:03:59.427492: Epoch time: 24.17 s
2026-08-08 00:03:59.835816: 
2026-08-08 00:03:59.836024: Epoch 998
2026-08-08 00:03:59.836325: Current learning rate: 4e-05
2026-08-08 00:04:24.020902: train_loss -0.9553
2026-08-08 00:04:24.021339: val_loss -0.9557
2026-08-08 00:04:24.021523: Pseudo dice [np.float32(0.9686), np.float32(0.9787), np.float32(0.9751)]
2026-08-08 00:04:24.021988: Epoch time: 24.19 s
2026-08-08 00:04:24.432955: 
2026-08-08 00:04:24.433173: Epoch 999
2026-08-08 00:04:24.433312: Current learning rate: 2e-05
2026-08-08 00:04:48.606989: train_loss -0.9553
2026-08-08 00:04:48.607404: val_loss -0.9548
2026-08-08 00:04:48.607811: Pseudo dice [np.float32(0.9692), np.float32(0.9785), np.float32(0.973)]
2026-08-08 00:04:48.608043: Epoch time: 24.17 s
2026-08-08 00:04:49.193449: Training done.
wandb: updating run metadata
wandb: uploading output.log; uploading wandb-summary.json; uploading config.yaml
wandb: uploading output.log
wandb: 
wandb: Run history:
wandb: ema_pseudo_dice ▁▆▆▅▆▆▆▆▇▇▇▇▇▇▆▇▇▇▇▇▇▇▇▇▇▇█▇████████████
wandb:           epoch ▁▁▁▁▁▂▂▂▂▂▃▃▃▃▃▃▃▃▄▄▄▄▄▄▅▅▅▅▆▆▆▆▆▆▇▇▇███
wandb:   learning_rate █████▇▇▇▇▇▆▆▆▆▆▆▅▅▅▅▄▄▄▄▄▄▃▃▃▃▃▃▃▃▂▂▂▂▁▁
wandb:    mean_fg_dice ▇▇▇▇▁▇▇▇▇▇▇▇▇▇▇▇▅▇██▇█▇▇█████▇██████████
wandb:      train_loss █▆▅▃▃▂▂▂▂▂▂▂▂▂▂▂▂▂▂▂▂▂▂▁▂▁▁▁▁▁▁▁▁▁▁▁▁▁▁▁
wandb:        val_loss ▆▄▆▁▁█▁▆▁▅▁▁▂▁▁▁▁▁▂▁▁▁▁▁▁▁▁▁▁▁▁▁▁▁▁▁▁▁▁▁
wandb: 
wandb: Run summary:
wandb: ema_pseudo_dice 0.97373
wandb:           epoch 999
wandb:   learning_rate 2e-05
wandb:    mean_fg_dice 0.97358
wandb:      train_loss -0.95527
wandb:        val_loss -0.95482
wandb: 
wandb: 🚀 View run nnUNet_Vivim_Mamba_Temporal_T9_fold1_20260807_171400 at: https://wandb.ai/hyun02051-hongik-university/eyeball-3d/runs/8ig9w5h1
wandb: ⭐️ View project at: https://wandb.ai/hyun02051-hongik-university/eyeball-3d
wandb: Synced 5 W&B file(s), 0 media file(s), 0 artifact file(s) and 0 other file(s)
wandb: Find logs at: ./wandb/run-20260807_171400-8ig9w5h1/logs
2026-08-08 00:04:51.130309: Using splits from existing split file: /home/iulab0/PycharmProjects/nnUNet/nnUNet_preprocessed/Dataset600_OpenEDS2019/splits_final.json
2026-08-08 00:04:51.132654: The split file contains 5 splits.
2026-08-08 00:04:51.132733: Desired fold for training: 1
2026-08-08 00:04:51.132764: This split has 9055 training and 2264 validation cases.
2026-08-08 00:04:51.236210: predicting OpenEDS_000000002632
2026-08-08 00:04:51.237730: OpenEDS_000000002632, shape torch.Size([1, 1, 400, 640]), rank 0
2026-08-08 00:04:51.598061: predicting OpenEDS_000000002648
2026-08-08 00:04:51.599718: OpenEDS_000000002648, shape torch.Size([1, 1, 400, 640]), rank 0
2026-08-08 00:04:51.613766: predicting OpenEDS_000000002650
2026-08-08 00:04:51.614956: OpenEDS_000000002650, shape torch.Size([1, 1, 400, 640]), rank 0
2026-08-08 00:04:51.627625: predicting OpenEDS_000000002658
2026-08-08 00:04:51.628881: OpenEDS_000000002658, shape torch.Size([1, 1, 400, 640]), rank 0
2026-08-08 00:04:51.641737: predicting OpenEDS_000000002660
2026-08-08 00:04:51.643321: OpenEDS_000000002660, shape torch.Size([1, 1, 400, 640]), rank 0
2026-08-08 00:04:51.656183: predicting OpenEDS_000000002666
2026-08-08 00:04:51.657947: OpenEDS_000000002666, shape torch.Size([1, 1, 400, 640]), rank 0
2026-08-08 00:04:51.670761: predicting OpenEDS_000000002670
2026-08-08 00:04:51.672484: OpenEDS_000000002670, shape torch.Size([1, 1, 400, 640]), rank 0
2026-08-08 00:04:51.685325: predicting OpenEDS_000000002671
2026-08-08 00:04:51.687084: OpenEDS_000000002671, shape torch.Size([1, 1, 400, 640]), rank 0
2026-08-08 00:04:51.699960: predicting OpenEDS_000000002681
2026-08-08 00:04:51.701666: OpenEDS_000000002681, shape torch.Size([1, 1, 400, 640]), rank 0
2026-08-08 00:04:51.714607: predicting OpenEDS_000000002689
2026-08-08 00:04:51.716444: OpenEDS_000000002689, shape torch.Size([1, 1, 400, 640]), rank 0
2026-08-08 00:04:53.633026: predicting OpenEDS_000000002698
2026-08-08 00:04:53.637161: OpenEDS_000000002698, shape torch.Size([1, 1, 400, 640]), rank 0
2026-08-08 00:04:53.651597: predicting OpenEDS_000000002705
2026-08-08 00:04:53.653141: OpenEDS_000000002705, shape torch.Size([1, 1, 400, 640]), rank 0
2026-08-08 00:04:53.666372: predicting OpenEDS_000000002706
2026-08-08 00:04:53.667755: OpenEDS_000000002706, shape torch.Size([1, 1, 400, 640]), rank 0
2026-08-08 00:04:53.680605: predicting OpenEDS_000000002707
2026-08-08 00:04:53.682022: OpenEDS_000000002707, shape torch.Size([1, 1, 400, 640]), rank 0
2026-08-08 00:04:53.694749: predicting OpenEDS_000000002708
2026-08-08 00:04:53.696161: OpenEDS_000000002708, shape torch.Size([1, 1, 400, 640]), rank 0
2026-08-08 00:04:53.708970: predicting OpenEDS_000000002712
2026-08-08 00:04:53.710378: OpenEDS_000000002712, shape torch.Size([1, 1, 400, 640]), rank 0
2026-08-08 00:04:53.723237: predicting OpenEDS_000000002715
2026-08-08 00:04:53.724622: OpenEDS_000000002715, shape torch.Size([1, 1, 400, 640]), rank 0
2026-08-08 00:04:53.737277: predicting OpenEDS_000000002723
2026-08-08 00:04:53.738535: OpenEDS_000000002723, shape torch.Size([1, 1, 400, 640]), rank 0
2026-08-08 00:04:53.751084: predicting OpenEDS_000000002730
2026-08-08 00:04:53.752410: OpenEDS_000000002730, shape torch.Size([1, 1, 400, 640]), rank 0
2026-08-08 00:04:53.764764: predicting OpenEDS_000000002731
2026-08-08 00:04:53.766002: OpenEDS_000000002731, shape torch.Size([1, 1, 400, 640]), rank 0
2026-08-08 00:04:53.778335: predicting OpenEDS_000000002733
2026-08-08 00:04:53.779581: OpenEDS_000000002733, shape torch.Size([1, 1, 400, 640]), rank 0
2026-08-08 00:04:53.792137: predicting OpenEDS_000000002739
2026-08-08 00:04:53.793659: OpenEDS_000000002739, shape torch.Size([1, 1, 400, 640]), rank 0
2026-08-08 00:04:53.806251: predicting OpenEDS_000000002741
2026-08-08 00:04:53.807485: OpenEDS_000000002741, shape torch.Size([1, 1, 400, 640]), rank 0
2026-08-08 00:04:53.819857: predicting OpenEDS_000000002742
2026-08-08 00:04:53.821066: OpenEDS_000000002742, shape torch.Size([1, 1, 400, 640]), rank 0
2026-08-08 00:04:53.833256: predicting OpenEDS_000000002745
2026-08-08 00:04:53.834441: OpenEDS_000000002745, shape torch.Size([1, 1, 400, 640]), rank 0
2026-08-08 00:04:53.846861: predicting OpenEDS_000000002746
2026-08-08 00:04:53.848134: OpenEDS_000000002746, shape torch.Size([1, 1, 400, 640]), rank 0
2026-08-08 00:04:53.860370: predicting OpenEDS_000000002752
2026-08-08 00:04:53.861531: OpenEDS_000000002752, shape torch.Size([1, 1, 400, 640]), rank 0
2026-08-08 00:04:53.873890: predicting OpenEDS_000000005415
2026-08-08 00:04:53.875115: OpenEDS_000000005415, shape torch.Size([1, 1, 400, 640]), rank 0
2026-08-08 00:04:53.887580: predicting OpenEDS_000000005418
2026-08-08 00:04:53.888811: OpenEDS_000000005418, shape torch.Size([1, 1, 400, 640]), rank 0
2026-08-08 00:04:53.901490: predicting OpenEDS_000000005425
2026-08-08 00:04:53.902749: OpenEDS_000000005425, shape torch.Size([1, 1, 400, 640]), rank 0
2026-08-08 00:04:53.915174: predicting OpenEDS_000000005435
2026-08-08 00:04:53.916441: OpenEDS_000000005435, shape torch.Size([1, 1, 400, 640]), rank 0
2026-08-08 00:04:53.928699: predicting OpenEDS_000000005444
2026-08-08 00:04:53.930029: OpenEDS_000000005444, shape torch.Size([1, 1, 400, 640]), rank 0
2026-08-08 00:04:53.942233: predicting OpenEDS_000000005447
2026-08-08 00:04:53.943493: OpenEDS_000000005447, shape torch.Size([1, 1, 400, 640]), rank 0
2026-08-08 00:04:53.955690: predicting OpenEDS_000000005449
2026-08-08 00:04:53.956962: OpenEDS_000000005449, shape torch.Size([1, 1, 400, 640]), rank 0
2026-08-08 00:04:53.969311: predicting OpenEDS_000000005450
2026-08-08 00:04:53.970566: OpenEDS_000000005450, shape torch.Size([1, 1, 400, 640]), rank 0
2026-08-08 00:04:53.982926: predicting OpenEDS_000000005452
2026-08-08 00:04:53.984139: OpenEDS_000000005452, shape torch.Size([1, 1, 400, 640]), rank 0
2026-08-08 00:04:53.996374: predicting OpenEDS_000000005453
2026-08-08 00:04:53.997585: OpenEDS_000000005453, shape torch.Size([1, 1, 400, 640]), rank 0
2026-08-08 00:04:54.010116: predicting OpenEDS_000000005469
2026-08-08 00:04:54.010981: OpenEDS_000000005469, shape torch.Size([1, 1, 400, 640]), rank 0
2026-08-08 00:04:54.023556: predicting OpenEDS_000000005480
2026-08-08 00:04:54.024816: OpenEDS_000000005480, shape torch.Size([1, 1, 400, 640]), rank 0
2026-08-08 00:04:54.037002: predicting OpenEDS_000000005484
2026-08-08 00:04:54.038265: OpenEDS_000000005484, shape torch.Size([1, 1, 400, 640]), rank 0
2026-08-08 00:04:54.050687: predicting OpenEDS_000000005490
2026-08-08 00:04:54.051970: OpenEDS_000000005490, shape torch.Size([1, 1, 400, 640]), rank 0
2026-08-08 00:04:54.064623: predicting OpenEDS_000000005503
2026-08-08 00:04:54.065916: OpenEDS_000000005503, shape torch.Size([1, 1, 400, 640]), rank 0
2026-08-08 00:04:54.078189: predicting OpenEDS_000000005504
2026-08-08 00:04:54.079438: OpenEDS_000000005504, shape torch.Size([1, 1, 400, 640]), rank 0
2026-08-08 00:04:54.091626: predicting OpenEDS_000000005506
2026-08-08 00:04:54.092888: OpenEDS_000000005506, shape torch.Size([1, 1, 400, 640]), rank 0
2026-08-08 00:04:54.105617: predicting OpenEDS_000000005507
2026-08-08 00:04:54.106848: OpenEDS_000000005507, shape torch.Size([1, 1, 400, 640]), rank 0
2026-08-08 00:04:54.119534: predicting OpenEDS_000000005511
2026-08-08 00:04:54.120763: OpenEDS_000000005511, shape torch.Size([1, 1, 400, 640]), rank 0
2026-08-08 00:04:54.133047: predicting OpenEDS_000000005515
2026-08-08 00:04:54.134310: OpenEDS_000000005515, shape torch.Size([1, 1, 400, 640]), rank 0
2026-08-08 00:04:54.146737: predicting OpenEDS_000000005524
2026-08-08 00:04:54.147979: OpenEDS_000000005524, shape torch.Size([1, 1, 400, 640]), rank 0
2026-08-08 00:04:54.160470: predicting OpenEDS_000000005527
2026-08-08 00:04:54.161743: OpenEDS_000000005527, shape torch.Size([1, 1, 400, 640]), rank 0
2026-08-08 00:04:54.174242: predicting OpenEDS_000000005528
2026-08-08 00:04:54.175524: OpenEDS_000000005528, shape torch.Size([1, 1, 400, 640]), rank 0
2026-08-08 00:04:54.188124: predicting OpenEDS_000000005532
2026-08-08 00:04:54.189405: OpenEDS_000000005532, shape torch.Size([1, 1, 400, 640]), rank 0
2026-08-08 00:04:54.201783: predicting OpenEDS_000000005535
2026-08-08 00:04:54.203078: OpenEDS_000000005535, shape torch.Size([1, 1, 400, 640]), rank 0
2026-08-08 00:04:54.215362: predicting OpenEDS_000000005536
2026-08-08 00:04:54.216631: OpenEDS_000000005536, shape torch.Size([1, 1, 400, 640]), rank 0
2026-08-08 00:04:54.229202: predicting OpenEDS_000000005540
2026-08-08 00:04:54.230449: OpenEDS_000000005540, shape torch.Size([1, 1, 400, 640]), rank 0
2026-08-08 00:04:54.242831: predicting OpenEDS_000000005549
2026-08-08 00:04:54.244056: OpenEDS_000000005549, shape torch.Size([1, 1, 400, 640]), rank 0
2026-08-08 00:04:54.256281: predicting OpenEDS_000000005552
2026-08-08 00:04:54.257457: OpenEDS_000000005552, shape torch.Size([1, 1, 400, 640]), rank 0
2026-08-08 00:04:54.269737: predicting OpenEDS_000000005553
2026-08-08 00:04:54.270980: OpenEDS_000000005553, shape torch.Size([1, 1, 400, 640]), rank 0
2026-08-08 00:04:54.283180: predicting OpenEDS_000000005557
2026-08-08 00:04:54.284484: OpenEDS_000000005557, shape torch.Size([1, 1, 400, 640]), rank 0
2026-08-08 00:04:54.296735: predicting OpenEDS_000000005560
2026-08-08 00:04:54.297985: OpenEDS_000000005560, shape torch.Size([1, 1, 400, 640]), rank 0
2026-08-08 00:04:54.310255: predicting OpenEDS_000000005561
2026-08-08 00:04:54.311522: OpenEDS_000000005561, shape torch.Size([1, 1, 400, 640]), rank 0
2026-08-08 00:04:54.323680: predicting OpenEDS_000000005581
2026-08-08 00:04:54.324936: OpenEDS_000000005581, shape torch.Size([1, 1, 400, 640]), rank 0
2026-08-08 00:04:54.337128: predicting OpenEDS_000000005586
2026-08-08 00:04:54.338353: OpenEDS_000000005586, shape torch.Size([1, 1, 400, 640]), rank 0
2026-08-08 00:04:54.350840: predicting OpenEDS_000000005589
2026-08-08 00:04:54.352081: OpenEDS_000000005589, shape torch.Size([1, 1, 400, 640]), rank 0
2026-08-08 00:04:54.364739: predicting OpenEDS_000000005590
2026-08-08 00:04:54.366021: OpenEDS_000000005590, shape torch.Size([1, 1, 400, 640]), rank 0
2026-08-08 00:04:54.378723: predicting OpenEDS_000000005593
2026-08-08 00:04:54.379966: OpenEDS_000000005593, shape torch.Size([1, 1, 400, 640]), rank 0
2026-08-08 00:04:54.392534: predicting OpenEDS_000000005597
2026-08-08 00:04:54.393750: OpenEDS_000000005597, shape torch.Size([1, 1, 400, 640]), rank 0
2026-08-08 00:04:54.406622: predicting OpenEDS_000000005603
2026-08-08 00:04:54.407486: OpenEDS_000000005603, shape torch.Size([1, 1, 400, 640]), rank 0
2026-08-08 00:04:54.419762: predicting OpenEDS_000000005604
2026-08-08 00:04:54.421036: OpenEDS_000000005604, shape torch.Size([1, 1, 400, 640]), rank 0
2026-08-08 00:04:54.433531: predicting OpenEDS_000000005620
2026-08-08 00:04:54.434804: OpenEDS_000000005620, shape torch.Size([1, 1, 400, 640]), rank 0
2026-08-08 00:04:54.447377: predicting OpenEDS_000000005624
2026-08-08 00:04:54.448603: OpenEDS_000000005624, shape torch.Size([1, 1, 400, 640]), rank 0
2026-08-08 00:04:54.461020: predicting OpenEDS_000000008203
2026-08-08 00:04:54.462272: OpenEDS_000000008203, shape torch.Size([1, 1, 400, 640]), rank 0
2026-08-08 00:04:54.474515: predicting OpenEDS_000000008206
2026-08-08 00:04:54.475782: OpenEDS_000000008206, shape torch.Size([1, 1, 400, 640]), rank 0
2026-08-08 00:04:54.488033: predicting OpenEDS_000000008212
2026-08-08 00:04:54.489262: OpenEDS_000000008212, shape torch.Size([1, 1, 400, 640]), rank 0
2026-08-08 00:04:54.501563: predicting OpenEDS_000000008226
2026-08-08 00:04:54.502811: OpenEDS_000000008226, shape torch.Size([1, 1, 400, 640]), rank 0
2026-08-08 00:04:54.515386: predicting OpenEDS_000000008233
2026-08-08 00:04:54.516295: OpenEDS_000000008233, shape torch.Size([1, 1, 400, 640]), rank 0
2026-08-08 00:04:54.528517: predicting OpenEDS_000000008234
2026-08-08 00:04:54.529763: OpenEDS_000000008234, shape torch.Size([1, 1, 400, 640]), rank 0
2026-08-08 00:04:54.541925: predicting OpenEDS_000000008236
2026-08-08 00:04:54.542783: OpenEDS_000000008236, shape torch.Size([1, 1, 400, 640]), rank 0
2026-08-08 00:04:54.555722: predicting OpenEDS_000000008237
2026-08-08 00:04:54.556625: OpenEDS_000000008237, shape torch.Size([1, 1, 400, 640]), rank 0
2026-08-08 00:04:54.569067: predicting OpenEDS_000000008241
2026-08-08 00:04:54.570359: OpenEDS_000000008241, shape torch.Size([1, 1, 400, 640]), rank 0
2026-08-08 00:04:54.582922: predicting OpenEDS_000000008243
2026-08-08 00:04:54.584199: OpenEDS_000000008243, shape torch.Size([1, 1, 400, 640]), rank 0
2026-08-08 00:04:54.597090: predicting OpenEDS_000000008245
2026-08-08 00:04:54.597992: OpenEDS_000000008245, shape torch.Size([1, 1, 400, 640]), rank 0
2026-08-08 00:04:54.610587: predicting OpenEDS_000000008247
2026-08-08 00:04:54.611867: OpenEDS_000000008247, shape torch.Size([1, 1, 400, 640]), rank 0
2026-08-08 00:04:54.624551: predicting OpenEDS_000000008249
2026-08-08 00:04:54.625794: OpenEDS_000000008249, shape torch.Size([1, 1, 400, 640]), rank 0
2026-08-08 00:04:54.638335: predicting OpenEDS_000000008250
2026-08-08 00:04:54.639608: OpenEDS_000000008250, shape torch.Size([1, 1, 400, 640]), rank 0
2026-08-08 00:04:54.652144: predicting OpenEDS_000000010907
2026-08-08 00:04:54.653398: OpenEDS_000000010907, shape torch.Size([1, 1, 400, 640]), rank 0
2026-08-08 00:04:54.665925: predicting OpenEDS_000000010920
2026-08-08 00:04:54.667211: OpenEDS_000000010920, shape torch.Size([1, 1, 400, 640]), rank 0
2026-08-08 00:04:54.679634: predicting OpenEDS_000000010923
2026-08-08 00:04:54.680850: OpenEDS_000000010923, shape torch.Size([1, 1, 400, 640]), rank 0
2026-08-08 00:04:54.693175: predicting OpenEDS_000000010927
2026-08-08 00:04:54.694429: OpenEDS_000000010927, shape torch.Size([1, 1, 400, 640]), rank 0
2026-08-08 00:04:54.706766: predicting OpenEDS_000000010928
2026-08-08 00:04:54.708006: OpenEDS_000000010928, shape torch.Size([1, 1, 400, 640]), rank 0
2026-08-08 00:04:54.720671: predicting OpenEDS_000000010943
2026-08-08 00:04:54.721940: OpenEDS_000000010943, shape torch.Size([1, 1, 400, 640]), rank 0
2026-08-08 00:04:54.734233: predicting OpenEDS_000000010946
2026-08-08 00:04:54.735495: OpenEDS_000000010946, shape torch.Size([1, 1, 400, 640]), rank 0
2026-08-08 00:04:54.747797: predicting OpenEDS_000000010947
2026-08-08 00:04:54.749067: OpenEDS_000000010947, shape torch.Size([1, 1, 400, 640]), rank 0
2026-08-08 00:04:54.761243: predicting OpenEDS_000000010949
2026-08-08 00:04:54.762511: OpenEDS_000000010949, shape torch.Size([1, 1, 400, 640]), rank 0
2026-08-08 00:04:54.775110: predicting OpenEDS_000000010958
2026-08-08 00:04:54.776356: OpenEDS_000000010958, shape torch.Size([1, 1, 400, 640]), rank 0
2026-08-08 00:04:54.788752: predicting OpenEDS_000000010959
2026-08-08 00:04:54.790029: OpenEDS_000000010959, shape torch.Size([1, 1, 400, 640]), rank 0
2026-08-08 00:04:54.802253: predicting OpenEDS_000000010960
2026-08-08 00:04:54.803498: OpenEDS_000000010960, shape torch.Size([1, 1, 400, 640]), rank 0
2026-08-08 00:04:54.815770: predicting OpenEDS_000000010972
2026-08-08 00:04:54.817000: OpenEDS_000000010972, shape torch.Size([1, 1, 400, 640]), rank 0
2026-08-08 00:04:54.829235: predicting OpenEDS_000000013624
2026-08-08 00:04:54.830443: OpenEDS_000000013624, shape torch.Size([1, 1, 400, 640]), rank 0
2026-08-08 00:04:54.842595: predicting OpenEDS_000000013634
2026-08-08 00:04:54.843878: OpenEDS_000000013634, shape torch.Size([1, 1, 400, 640]), rank 0
2026-08-08 00:04:54.856062: predicting OpenEDS_000000013651
2026-08-08 00:04:54.857284: OpenEDS_000000013651, shape torch.Size([1, 1, 400, 640]), rank 0
2026-08-08 00:04:54.869407: predicting OpenEDS_000000013653
2026-08-08 00:04:54.870696: OpenEDS_000000013653, shape torch.Size([1, 1, 400, 640]), rank 0
2026-08-08 00:04:54.883329: predicting OpenEDS_000000013661
2026-08-08 00:04:54.884555: OpenEDS_000000013661, shape torch.Size([1, 1, 400, 640]), rank 0
2026-08-08 00:04:54.896664: predicting OpenEDS_000000013664
2026-08-08 00:04:54.897917: OpenEDS_000000013664, shape torch.Size([1, 1, 400, 640]), rank 0
2026-08-08 00:04:54.910187: predicting OpenEDS_000000013666
2026-08-08 00:04:54.911393: OpenEDS_000000013666, shape torch.Size([1, 1, 400, 640]), rank 0
2026-08-08 00:04:54.923558: predicting OpenEDS_000000013670
2026-08-08 00:04:54.924757: OpenEDS_000000013670, shape torch.Size([1, 1, 400, 640]), rank 0
2026-08-08 00:04:54.936950: predicting OpenEDS_000000013671
2026-08-08 00:04:54.938187: OpenEDS_000000013671, shape torch.Size([1, 1, 400, 640]), rank 0
2026-08-08 00:04:54.950394: predicting OpenEDS_000000013689
2026-08-08 00:04:54.951659: OpenEDS_000000013689, shape torch.Size([1, 1, 400, 640]), rank 0
2026-08-08 00:04:54.963787: predicting OpenEDS_000000013693
2026-08-08 00:04:54.965020: OpenEDS_000000013693, shape torch.Size([1, 1, 400, 640]), rank 0
2026-08-08 00:04:54.977532: predicting OpenEDS_000000013694
2026-08-08 00:04:54.978410: OpenEDS_000000013694, shape torch.Size([1, 1, 400, 640]), rank 0
2026-08-08 00:04:54.990654: predicting OpenEDS_000000013699
2026-08-08 00:04:54.991897: OpenEDS_000000013699, shape torch.Size([1, 1, 400, 640]), rank 0
2026-08-08 00:04:55.004154: predicting OpenEDS_000000013703
2026-08-08 00:04:55.005356: OpenEDS_000000013703, shape torch.Size([1, 1, 400, 640]), rank 0
2026-08-08 00:04:55.017593: predicting OpenEDS_000000013708
2026-08-08 00:04:55.018897: OpenEDS_000000013708, shape torch.Size([1, 1, 400, 640]), rank 0
2026-08-08 00:04:55.031079: predicting OpenEDS_000000013710
2026-08-08 00:04:55.032357: OpenEDS_000000013710, shape torch.Size([1, 1, 400, 640]), rank 0
2026-08-08 00:04:55.044690: predicting OpenEDS_000000013711
2026-08-08 00:04:55.045946: OpenEDS_000000013711, shape torch.Size([1, 1, 400, 640]), rank 0
2026-08-08 00:04:55.058343: predicting OpenEDS_000000013712
2026-08-08 00:04:55.059581: OpenEDS_000000013712, shape torch.Size([1, 1, 400, 640]), rank 0
2026-08-08 00:04:55.072032: predicting OpenEDS_000000016363
2026-08-08 00:04:55.073211: OpenEDS_000000016363, shape torch.Size([1, 1, 400, 640]), rank 0
2026-08-08 00:04:55.085471: predicting OpenEDS_000000016367
2026-08-08 00:04:55.086741: OpenEDS_000000016367, shape torch.Size([1, 1, 400, 640]), rank 0
2026-08-08 00:04:55.099154: predicting OpenEDS_000000016369
2026-08-08 00:04:55.100417: OpenEDS_000000016369, shape torch.Size([1, 1, 400, 640]), rank 0
2026-08-08 00:04:55.112605: predicting OpenEDS_000000016370
2026-08-08 00:04:55.113807: OpenEDS_000000016370, shape torch.Size([1, 1, 400, 640]), rank 0
2026-08-08 00:04:55.126037: predicting OpenEDS_000000016371
2026-08-08 00:04:55.127311: OpenEDS_000000016371, shape torch.Size([1, 1, 400, 640]), rank 0
2026-08-08 00:04:55.139541: predicting OpenEDS_000000016378
2026-08-08 00:04:55.140802: OpenEDS_000000016378, shape torch.Size([1, 1, 400, 640]), rank 0
2026-08-08 00:04:55.153093: predicting OpenEDS_000000016379
2026-08-08 00:04:55.154363: OpenEDS_000000016379, shape torch.Size([1, 1, 400, 640]), rank 0
2026-08-08 00:04:55.166582: predicting OpenEDS_000000016381
2026-08-08 00:04:55.167837: OpenEDS_000000016381, shape torch.Size([1, 1, 400, 640]), rank 0
2026-08-08 00:04:55.180068: predicting OpenEDS_000000016382
2026-08-08 00:04:55.181323: OpenEDS_000000016382, shape torch.Size([1, 1, 400, 640]), rank 0
2026-08-08 00:04:55.193565: predicting OpenEDS_000000016386
2026-08-08 00:04:55.194798: OpenEDS_000000016386, shape torch.Size([1, 1, 400, 640]), rank 0
2026-08-08 00:04:55.207323: predicting OpenEDS_000000016390
2026-08-08 00:04:55.208549: OpenEDS_000000016390, shape torch.Size([1, 1, 400, 640]), rank 0
2026-08-08 00:04:55.220716: predicting OpenEDS_000000016391
2026-08-08 00:04:55.221945: OpenEDS_000000016391, shape torch.Size([1, 1, 400, 640]), rank 0
2026-08-08 00:04:55.234087: predicting OpenEDS_000000016401
2026-08-08 00:04:55.235346: OpenEDS_000000016401, shape torch.Size([1, 1, 400, 640]), rank 0
2026-08-08 00:04:55.247487: predicting OpenEDS_000000016404
2026-08-08 00:04:55.248697: OpenEDS_000000016404, shape torch.Size([1, 1, 400, 640]), rank 0
2026-08-08 00:04:55.260891: predicting OpenEDS_000000016420
2026-08-08 00:04:55.262110: OpenEDS_000000016420, shape torch.Size([1, 1, 400, 640]), rank 0
2026-08-08 00:04:55.274460: predicting OpenEDS_000000016422
2026-08-08 00:04:55.275715: OpenEDS_000000016422, shape torch.Size([1, 1, 400, 640]), rank 0
2026-08-08 00:04:55.288176: predicting OpenEDS_000000016428
2026-08-08 00:04:55.289426: OpenEDS_000000016428, shape torch.Size([1, 1, 400, 640]), rank 0
2026-08-08 00:04:55.301776: predicting OpenEDS_000000016431
2026-08-08 00:04:55.303031: OpenEDS_000000016431, shape torch.Size([1, 1, 400, 640]), rank 0
2026-08-08 00:04:55.315289: predicting OpenEDS_000000016434
2026-08-08 00:04:55.316537: OpenEDS_000000016434, shape torch.Size([1, 1, 400, 640]), rank 0
2026-08-08 00:04:55.329165: predicting OpenEDS_000000016435
2026-08-08 00:04:55.330378: OpenEDS_000000016435, shape torch.Size([1, 1, 400, 640]), rank 0
2026-08-08 00:04:55.342882: predicting OpenEDS_000000016438
2026-08-08 00:04:55.344098: OpenEDS_000000016438, shape torch.Size([1, 1, 400, 640]), rank 0
2026-08-08 00:04:55.356997: predicting OpenEDS_000000016440
2026-08-08 00:04:55.357856: OpenEDS_000000016440, shape torch.Size([1, 1, 400, 640]), rank 0
2026-08-08 00:04:55.370313: predicting OpenEDS_000000016443
2026-08-08 00:04:55.371562: OpenEDS_000000016443, shape torch.Size([1, 1, 400, 640]), rank 0
2026-08-08 00:04:55.383890: predicting OpenEDS_000000016449
2026-08-08 00:04:55.385137: OpenEDS_000000016449, shape torch.Size([1, 1, 400, 640]), rank 0
2026-08-08 00:04:55.397471: predicting OpenEDS_000000016463
2026-08-08 00:04:55.398711: OpenEDS_000000016463, shape torch.Size([1, 1, 400, 640]), rank 0
2026-08-08 00:04:55.410964: predicting OpenEDS_000000019119
2026-08-08 00:04:55.412158: OpenEDS_000000019119, shape torch.Size([1, 1, 400, 640]), rank 0
2026-08-08 00:04:55.424424: predicting OpenEDS_000000019124
2026-08-08 00:04:55.425663: OpenEDS_000000019124, shape torch.Size([1, 1, 400, 640]), rank 0
2026-08-08 00:04:55.438262: predicting OpenEDS_000000019126
2026-08-08 00:04:55.439541: OpenEDS_000000019126, shape torch.Size([1, 1, 400, 640]), rank 0
2026-08-08 00:04:55.452055: predicting OpenEDS_000000019132
2026-08-08 00:04:55.453338: OpenEDS_000000019132, shape torch.Size([1, 1, 400, 640]), rank 0
2026-08-08 00:04:55.465793: predicting OpenEDS_000000019139
2026-08-08 00:04:55.467064: OpenEDS_000000019139, shape torch.Size([1, 1, 400, 640]), rank 0
2026-08-08 00:04:55.479466: predicting OpenEDS_000000019141
2026-08-08 00:04:55.480701: OpenEDS_000000019141, shape torch.Size([1, 1, 400, 640]), rank 0
2026-08-08 00:04:55.493136: predicting OpenEDS_000000019142
2026-08-08 00:04:55.494325: OpenEDS_000000019142, shape torch.Size([1, 1, 400, 640]), rank 0
2026-08-08 00:04:55.507027: predicting OpenEDS_000000019143
2026-08-08 00:04:55.507894: OpenEDS_000000019143, shape torch.Size([1, 1, 400, 640]), rank 0
2026-08-08 00:04:55.520617: predicting OpenEDS_000000019144
2026-08-08 00:04:55.521488: OpenEDS_000000019144, shape torch.Size([1, 1, 400, 640]), rank 0
2026-08-08 00:04:55.533739: predicting OpenEDS_000000019155
2026-08-08 00:04:55.534979: OpenEDS_000000019155, shape torch.Size([1, 1, 400, 640]), rank 0
2026-08-08 00:04:55.547185: predicting OpenEDS_000000019159
2026-08-08 00:04:55.548457: OpenEDS_000000019159, shape torch.Size([1, 1, 400, 640]), rank 0
2026-08-08 00:04:55.560662: predicting OpenEDS_000000019165
2026-08-08 00:04:55.561885: OpenEDS_000000019165, shape torch.Size([1, 1, 400, 640]), rank 0
2026-08-08 00:04:55.574259: predicting OpenEDS_000000019172
2026-08-08 00:04:55.575471: OpenEDS_000000019172, shape torch.Size([1, 1, 400, 640]), rank 0
2026-08-08 00:04:55.587797: predicting OpenEDS_000000019185
2026-08-08 00:04:55.589097: OpenEDS_000000019185, shape torch.Size([1, 1, 400, 640]), rank 0
2026-08-08 00:04:55.601292: predicting OpenEDS_000000019188
2026-08-08 00:04:55.602570: OpenEDS_000000019188, shape torch.Size([1, 1, 400, 640]), rank 0
2026-08-08 00:04:55.615197: predicting OpenEDS_000000019189
2026-08-08 00:04:55.616078: OpenEDS_000000019189, shape torch.Size([1, 1, 400, 640]), rank 0
2026-08-08 00:04:55.628648: predicting OpenEDS_000000021843
2026-08-08 00:04:55.629531: OpenEDS_000000021843, shape torch.Size([1, 1, 400, 640]), rank 0
2026-08-08 00:04:55.641801: predicting OpenEDS_000000021850
2026-08-08 00:04:55.643052: OpenEDS_000000021850, shape torch.Size([1, 1, 400, 640]), rank 0
2026-08-08 00:04:55.655259: predicting OpenEDS_000000021862
2026-08-08 00:04:55.656496: OpenEDS_000000021862, shape torch.Size([1, 1, 400, 640]), rank 0
2026-08-08 00:04:55.668664: predicting OpenEDS_000000021881
2026-08-08 00:04:55.669883: OpenEDS_000000021881, shape torch.Size([1, 1, 400, 640]), rank 0
2026-08-08 00:04:55.682116: predicting OpenEDS_000000021884
2026-08-08 00:04:55.683350: OpenEDS_000000021884, shape torch.Size([1, 1, 400, 640]), rank 0
2026-08-08 00:04:55.695656: predicting OpenEDS_000000021891
2026-08-08 00:04:55.696959: OpenEDS_000000021891, shape torch.Size([1, 1, 400, 640]), rank 0
2026-08-08 00:04:55.709548: predicting OpenEDS_000000021894
2026-08-08 00:04:55.710444: OpenEDS_000000021894, shape torch.Size([1, 1, 400, 640]), rank 0
2026-08-08 00:04:55.722697: predicting OpenEDS_000000021906
2026-08-08 00:04:55.723987: OpenEDS_000000021906, shape torch.Size([1, 1, 400, 640]), rank 0
2026-08-08 00:04:55.736210: predicting OpenEDS_000000021908
2026-08-08 00:04:55.737436: OpenEDS_000000021908, shape torch.Size([1, 1, 400, 640]), rank 0
2026-08-08 00:04:55.749642: predicting OpenEDS_000000021911
2026-08-08 00:04:55.750881: OpenEDS_000000021911, shape torch.Size([1, 1, 400, 640]), rank 0
2026-08-08 00:04:55.763118: predicting OpenEDS_000000024570
2026-08-08 00:04:55.764409: OpenEDS_000000024570, shape torch.Size([1, 1, 400, 640]), rank 0
2026-08-08 00:04:55.776676: predicting OpenEDS_000000024571
2026-08-08 00:04:55.777936: OpenEDS_000000024571, shape torch.Size([1, 1, 400, 640]), rank 0
2026-08-08 00:04:55.790771: predicting OpenEDS_000000024596
2026-08-08 00:04:55.792073: OpenEDS_000000024596, shape torch.Size([1, 1, 400, 640]), rank 0
2026-08-08 00:04:55.804342: predicting OpenEDS_000000024597
2026-08-08 00:04:55.805609: OpenEDS_000000024597, shape torch.Size([1, 1, 400, 640]), rank 0
2026-08-08 00:04:55.817920: predicting OpenEDS_000000024599
2026-08-08 00:04:55.819201: OpenEDS_000000024599, shape torch.Size([1, 1, 400, 640]), rank 0
2026-08-08 00:04:55.831436: predicting OpenEDS_000000024601
2026-08-08 00:04:55.832728: OpenEDS_000000024601, shape torch.Size([1, 1, 400, 640]), rank 0
2026-08-08 00:04:55.844989: predicting OpenEDS_000000024607
2026-08-08 00:04:55.846228: OpenEDS_000000024607, shape torch.Size([1, 1, 400, 640]), rank 0
2026-08-08 00:04:55.858538: predicting OpenEDS_000000024608
2026-08-08 00:04:55.859781: OpenEDS_000000024608, shape torch.Size([1, 1, 400, 640]), rank 0
2026-08-08 00:04:55.872216: predicting OpenEDS_000000024616
2026-08-08 00:04:55.873131: OpenEDS_000000024616, shape torch.Size([1, 1, 400, 640]), rank 0
2026-08-08 00:04:55.885373: predicting OpenEDS_000000024617
2026-08-08 00:04:55.886644: OpenEDS_000000024617, shape torch.Size([1, 1, 400, 640]), rank 0
2026-08-08 00:04:55.898854: predicting OpenEDS_000000024621
2026-08-08 00:04:55.900113: OpenEDS_000000024621, shape torch.Size([1, 1, 400, 640]), rank 0
2026-08-08 00:04:55.912350: predicting OpenEDS_000000024622
2026-08-08 00:04:55.913596: OpenEDS_000000024622, shape torch.Size([1, 1, 400, 640]), rank 0
2026-08-08 00:04:55.926219: predicting OpenEDS_000000024624
2026-08-08 00:04:55.927258: OpenEDS_000000024624, shape torch.Size([1, 1, 400, 640]), rank 0
2026-08-08 00:04:55.939298: predicting OpenEDS_000000024626
2026-08-08 00:04:55.940559: OpenEDS_000000024626, shape torch.Size([1, 1, 400, 640]), rank 0
2026-08-08 00:04:55.952744: predicting OpenEDS_000000024631
2026-08-08 00:04:55.953622: OpenEDS_000000024631, shape torch.Size([1, 1, 400, 640]), rank 0
2026-08-08 00:04:55.966246: predicting OpenEDS_000000024638
2026-08-08 00:04:55.967561: OpenEDS_000000024638, shape torch.Size([1, 1, 400, 640]), rank 0
2026-08-08 00:04:55.979825: predicting OpenEDS_000000024642
2026-08-08 00:04:55.981076: OpenEDS_000000024642, shape torch.Size([1, 1, 400, 640]), rank 0
2026-08-08 00:04:55.993339: predicting OpenEDS_000000024644
2026-08-08 00:04:55.994588: OpenEDS_000000024644, shape torch.Size([1, 1, 400, 640]), rank 0
2026-08-08 00:04:56.006808: predicting OpenEDS_000000027293
2026-08-08 00:04:56.008075: OpenEDS_000000027293, shape torch.Size([1, 1, 400, 640]), rank 0
2026-08-08 00:04:56.020685: predicting OpenEDS_000000027296
2026-08-08 00:04:56.021946: OpenEDS_000000027296, shape torch.Size([1, 1, 400, 640]), rank 0
2026-08-08 00:04:56.034259: predicting OpenEDS_000000027300
2026-08-08 00:04:56.035504: OpenEDS_000000027300, shape torch.Size([1, 1, 400, 640]), rank 0
2026-08-08 00:04:56.047810: predicting OpenEDS_000000027301
2026-08-08 00:04:56.049052: OpenEDS_000000027301, shape torch.Size([1, 1, 400, 640]), rank 0
2026-08-08 00:04:56.061568: predicting OpenEDS_000000027306
2026-08-08 00:04:56.062474: OpenEDS_000000027306, shape torch.Size([1, 1, 400, 640]), rank 0
2026-08-08 00:04:56.074724: predicting OpenEDS_000000027307
2026-08-08 00:04:56.075956: OpenEDS_000000027307, shape torch.Size([1, 1, 400, 640]), rank 0
2026-08-08 00:04:56.088242: predicting OpenEDS_000000027323
2026-08-08 00:04:56.089517: OpenEDS_000000027323, shape torch.Size([1, 1, 400, 640]), rank 0
2026-08-08 00:04:56.101793: predicting OpenEDS_000000027324
2026-08-08 00:04:56.103045: OpenEDS_000000027324, shape torch.Size([1, 1, 400, 640]), rank 0
2026-08-08 00:04:56.115158: predicting OpenEDS_000000027328
2026-08-08 00:04:56.117241: OpenEDS_000000027328, shape torch.Size([1, 1, 400, 640]), rank 0
2026-08-08 00:04:56.129748: predicting OpenEDS_000000027329
2026-08-08 00:04:56.130619: OpenEDS_000000027329, shape torch.Size([1, 1, 400, 640]), rank 0
2026-08-08 00:04:56.142932: predicting OpenEDS_000000027331
2026-08-08 00:04:56.144187: OpenEDS_000000027331, shape torch.Size([1, 1, 400, 640]), rank 0
2026-08-08 00:04:56.156432: predicting OpenEDS_000000027336
2026-08-08 00:04:56.157705: OpenEDS_000000027336, shape torch.Size([1, 1, 400, 640]), rank 0
2026-08-08 00:04:56.169924: predicting OpenEDS_000000027343
2026-08-08 00:04:56.171090: OpenEDS_000000027343, shape torch.Size([1, 1, 400, 640]), rank 0
2026-08-08 00:04:56.183409: predicting OpenEDS_000000027346
2026-08-08 00:04:56.184670: OpenEDS_000000027346, shape torch.Size([1, 1, 400, 640]), rank 0
2026-08-08 00:04:56.196928: predicting OpenEDS_000000027347
2026-08-08 00:04:56.198137: OpenEDS_000000027347, shape torch.Size([1, 1, 400, 640]), rank 0
2026-08-08 00:04:56.210447: predicting OpenEDS_000000027355
2026-08-08 00:04:56.211714: OpenEDS_000000027355, shape torch.Size([1, 1, 400, 640]), rank 0
2026-08-08 00:04:56.223869: predicting OpenEDS_000000027360
2026-08-08 00:04:56.225118: OpenEDS_000000027360, shape torch.Size([1, 1, 400, 640]), rank 0
2026-08-08 00:04:56.237899: predicting OpenEDS_000000030015
2026-08-08 00:04:56.238775: OpenEDS_000000030015, shape torch.Size([1, 1, 400, 640]), rank 0
2026-08-08 00:04:56.251085: predicting OpenEDS_000000030027
2026-08-08 00:04:56.252283: OpenEDS_000000030027, shape torch.Size([1, 1, 400, 640]), rank 0
2026-08-08 00:04:56.264577: predicting OpenEDS_000000030028
2026-08-08 00:04:56.265804: OpenEDS_000000030028, shape torch.Size([1, 1, 400, 640]), rank 0
2026-08-08 00:04:56.278315: predicting OpenEDS_000000030035
2026-08-08 00:04:56.279621: OpenEDS_000000030035, shape torch.Size([1, 1, 400, 640]), rank 0
2026-08-08 00:04:56.291889: predicting OpenEDS_000000030040
2026-08-08 00:04:56.293121: OpenEDS_000000030040, shape torch.Size([1, 1, 400, 640]), rank 0
2026-08-08 00:04:56.305384: predicting OpenEDS_000000030043
2026-08-08 00:04:56.306687: OpenEDS_000000030043, shape torch.Size([1, 1, 400, 640]), rank 0
2026-08-08 00:04:56.318979: predicting OpenEDS_000000030055
2026-08-08 00:04:56.320172: OpenEDS_000000030055, shape torch.Size([1, 1, 400, 640]), rank 0
2026-08-08 00:04:56.332445: predicting OpenEDS_000000030056
2026-08-08 00:04:56.333697: OpenEDS_000000030056, shape torch.Size([1, 1, 400, 640]), rank 0
2026-08-08 00:04:56.346115: predicting OpenEDS_000000030059
2026-08-08 00:04:56.347376: OpenEDS_000000030059, shape torch.Size([1, 1, 400, 640]), rank 0
2026-08-08 00:04:56.359540: predicting OpenEDS_000000030062
2026-08-08 00:04:56.360760: OpenEDS_000000030062, shape torch.Size([1, 1, 400, 640]), rank 0
2026-08-08 00:04:56.373500: predicting OpenEDS_000000030070
2026-08-08 00:04:56.374756: OpenEDS_000000030070, shape torch.Size([1, 1, 400, 640]), rank 0
2026-08-08 00:04:56.387348: predicting OpenEDS_000000030075
2026-08-08 00:04:56.388557: OpenEDS_000000030075, shape torch.Size([1, 1, 400, 640]), rank 0
2026-08-08 00:04:56.400980: predicting OpenEDS_000000030077
2026-08-08 00:04:56.402256: OpenEDS_000000030077, shape torch.Size([1, 1, 400, 640]), rank 0
2026-08-08 00:04:56.414507: predicting OpenEDS_000000030084
2026-08-08 00:04:56.415748: OpenEDS_000000030084, shape torch.Size([1, 1, 400, 640]), rank 0
2026-08-08 00:04:56.428140: predicting OpenEDS_000000030085
2026-08-08 00:04:56.429357: OpenEDS_000000030085, shape torch.Size([1, 1, 400, 640]), rank 0
2026-08-08 00:04:56.441597: predicting OpenEDS_000000030087
2026-08-08 00:04:56.442843: OpenEDS_000000030087, shape torch.Size([1, 1, 400, 640]), rank 0
2026-08-08 00:04:56.455156: predicting OpenEDS_000000030093
2026-08-08 00:04:56.456434: OpenEDS_000000030093, shape torch.Size([1, 1, 400, 640]), rank 0
2026-08-08 00:04:56.468601: predicting OpenEDS_000000030096
2026-08-08 00:04:56.469830: OpenEDS_000000030096, shape torch.Size([1, 1, 400, 640]), rank 0
2026-08-08 00:04:56.482149: predicting OpenEDS_000000030098
2026-08-08 00:04:56.483464: OpenEDS_000000030098, shape torch.Size([1, 1, 400, 640]), rank 0
2026-08-08 00:04:56.495729: predicting OpenEDS_000000030099
2026-08-08 00:04:56.496953: OpenEDS_000000030099, shape torch.Size([1, 1, 400, 640]), rank 0
2026-08-08 00:04:56.509910: predicting OpenEDS_000000030101
2026-08-08 00:04:56.510789: OpenEDS_000000030101, shape torch.Size([1, 1, 400, 640]), rank 0
2026-08-08 00:04:56.523370: predicting OpenEDS_000000030110
2026-08-08 00:04:56.524259: OpenEDS_000000030110, shape torch.Size([1, 1, 400, 640]), rank 0
2026-08-08 00:04:56.536720: predicting OpenEDS_000000030111
2026-08-08 00:04:56.537947: OpenEDS_000000030111, shape torch.Size([1, 1, 400, 640]), rank 0
2026-08-08 00:04:56.550268: predicting OpenEDS_000000030112
2026-08-08 00:04:56.551501: OpenEDS_000000030112, shape torch.Size([1, 1, 400, 640]), rank 0
2026-08-08 00:04:56.563971: predicting OpenEDS_000000030125
2026-08-08 00:04:56.564866: OpenEDS_000000030125, shape torch.Size([1, 1, 400, 640]), rank 0
2026-08-08 00:04:56.577169: predicting OpenEDS_000000030132
2026-08-08 00:04:56.578415: OpenEDS_000000030132, shape torch.Size([1, 1, 400, 640]), rank 0
2026-08-08 00:04:56.591309: predicting OpenEDS_000000030133
2026-08-08 00:04:56.592214: OpenEDS_000000030133, shape torch.Size([1, 1, 400, 640]), rank 0
2026-08-08 00:04:56.604822: predicting OpenEDS_000000030138
2026-08-08 00:04:56.606132: OpenEDS_000000030138, shape torch.Size([1, 1, 400, 640]), rank 0
2026-08-08 00:04:56.618762: predicting OpenEDS_000000030139
2026-08-08 00:04:56.620010: OpenEDS_000000030139, shape torch.Size([1, 1, 400, 640]), rank 0
2026-08-08 00:04:56.632599: predicting OpenEDS_000000030157
2026-08-08 00:04:56.633825: OpenEDS_000000030157, shape torch.Size([1, 1, 400, 640]), rank 0
2026-08-08 00:04:56.646281: predicting OpenEDS_000000030163
2026-08-08 00:04:56.647525: OpenEDS_000000030163, shape torch.Size([1, 1, 400, 640]), rank 0
2026-08-08 00:04:56.659806: predicting OpenEDS_000000030166
2026-08-08 00:04:56.661021: OpenEDS_000000030166, shape torch.Size([1, 1, 400, 640]), rank 0
2026-08-08 00:04:56.673159: predicting OpenEDS_000000030169
2026-08-08 00:04:56.674388: OpenEDS_000000030169, shape torch.Size([1, 1, 400, 640]), rank 0
2026-08-08 00:04:56.686471: predicting OpenEDS_000000030183
2026-08-08 00:04:56.687753: OpenEDS_000000030183, shape torch.Size([1, 1, 400, 640]), rank 0
2026-08-08 00:04:56.699903: predicting OpenEDS_000000030185
2026-08-08 00:04:56.701129: OpenEDS_000000030185, shape torch.Size([1, 1, 400, 640]), rank 0
2026-08-08 00:04:56.713023: predicting OpenEDS_000000030187
2026-08-08 00:04:56.714254: OpenEDS_000000030187, shape torch.Size([1, 1, 400, 640]), rank 0
2026-08-08 00:04:56.726406: predicting OpenEDS_000000030193
2026-08-08 00:04:56.727649: OpenEDS_000000030193, shape torch.Size([1, 1, 400, 640]), rank 0
2026-08-08 00:04:56.739759: predicting OpenEDS_000000030196
2026-08-08 00:04:56.740990: OpenEDS_000000030196, shape torch.Size([1, 1, 400, 640]), rank 0
2026-08-08 00:04:56.753131: predicting OpenEDS_000000030199
2026-08-08 00:04:56.754389: OpenEDS_000000030199, shape torch.Size([1, 1, 400, 640]), rank 0
2026-08-08 00:04:56.766638: predicting OpenEDS_000000030209
2026-08-08 00:04:56.767870: OpenEDS_000000030209, shape torch.Size([1, 1, 400, 640]), rank 0
2026-08-08 00:04:56.780350: predicting OpenEDS_000000030210
2026-08-08 00:04:56.781588: OpenEDS_000000030210, shape torch.Size([1, 1, 400, 640]), rank 0
2026-08-08 00:04:56.793825: predicting OpenEDS_000000030217
2026-08-08 00:04:56.795038: OpenEDS_000000030217, shape torch.Size([1, 1, 400, 640]), rank 0
2026-08-08 00:04:56.807174: predicting OpenEDS_000000030218
2026-08-08 00:04:56.808436: OpenEDS_000000030218, shape torch.Size([1, 1, 400, 640]), rank 0
2026-08-08 00:04:56.820511: predicting OpenEDS_000000030220
2026-08-08 00:04:56.821758: OpenEDS_000000030220, shape torch.Size([1, 1, 400, 640]), rank 0
2026-08-08 00:04:56.833886: predicting OpenEDS_000000030226
2026-08-08 00:04:56.835114: OpenEDS_000000030226, shape torch.Size([1, 1, 400, 640]), rank 0
2026-08-08 00:04:56.847167: predicting OpenEDS_000000030228
2026-08-08 00:04:56.848404: OpenEDS_000000030228, shape torch.Size([1, 1, 400, 640]), rank 0
2026-08-08 00:04:56.860869: predicting OpenEDS_000000032888
2026-08-08 00:04:56.861747: OpenEDS_000000032888, shape torch.Size([1, 1, 400, 640]), rank 0
2026-08-08 00:04:56.873933: predicting OpenEDS_000000032899
2026-08-08 00:04:56.875261: OpenEDS_000000032899, shape torch.Size([1, 1, 400, 640]), rank 0
2026-08-08 00:04:56.887588: predicting OpenEDS_000000032907
2026-08-08 00:04:56.888835: OpenEDS_000000032907, shape torch.Size([1, 1, 400, 640]), rank 0
2026-08-08 00:04:56.901721: predicting OpenEDS_000000032908
2026-08-08 00:04:56.902598: OpenEDS_000000032908, shape torch.Size([1, 1, 400, 640]), rank 0
2026-08-08 00:04:56.914904: predicting OpenEDS_000000032911
2026-08-08 00:04:56.916125: OpenEDS_000000032911, shape torch.Size([1, 1, 400, 640]), rank 0
2026-08-08 00:04:56.928617: predicting OpenEDS_000000032925
2026-08-08 00:04:56.929487: OpenEDS_000000032925, shape torch.Size([1, 1, 400, 640]), rank 0
2026-08-08 00:04:56.941972: predicting OpenEDS_000000032942
2026-08-08 00:04:56.942884: OpenEDS_000000032942, shape torch.Size([1, 1, 400, 640]), rank 0
2026-08-08 00:04:56.955005: predicting OpenEDS_000000032944
2026-08-08 00:04:56.956267: OpenEDS_000000032944, shape torch.Size([1, 1, 400, 640]), rank 0
2026-08-08 00:04:56.968372: predicting OpenEDS_000000032951
2026-08-08 00:04:56.969650: OpenEDS_000000032951, shape torch.Size([1, 1, 400, 640]), rank 0
2026-08-08 00:04:56.981727: predicting OpenEDS_000000032952
2026-08-08 00:04:56.982941: OpenEDS_000000032952, shape torch.Size([1, 1, 400, 640]), rank 0
2026-08-08 00:04:56.995150: predicting OpenEDS_000000032953
2026-08-08 00:04:56.996376: OpenEDS_000000032953, shape torch.Size([1, 1, 400, 640]), rank 0
2026-08-08 00:04:57.008886: predicting OpenEDS_000000032956
2026-08-08 00:04:57.009772: OpenEDS_000000032956, shape torch.Size([1, 1, 400, 640]), rank 0
2026-08-08 00:04:57.021986: predicting OpenEDS_000000032960
2026-08-08 00:04:57.023223: OpenEDS_000000032960, shape torch.Size([1, 1, 400, 640]), rank 0
2026-08-08 00:04:57.035223: predicting OpenEDS_000000035613
2026-08-08 00:04:57.036474: OpenEDS_000000035613, shape torch.Size([1, 1, 400, 640]), rank 0
2026-08-08 00:04:57.048995: predicting OpenEDS_000000035615
2026-08-08 00:04:57.050240: OpenEDS_000000035615, shape torch.Size([1, 1, 400, 640]), rank 0
2026-08-08 00:04:57.062828: predicting OpenEDS_000000035618
2026-08-08 00:04:57.064113: OpenEDS_000000035618, shape torch.Size([1, 1, 400, 640]), rank 0
2026-08-08 00:04:57.076730: predicting OpenEDS_000000035624
2026-08-08 00:04:57.077954: OpenEDS_000000035624, shape torch.Size([1, 1, 400, 640]), rank 0
2026-08-08 00:04:57.090430: predicting OpenEDS_000000035629
2026-08-08 00:04:57.091684: OpenEDS_000000035629, shape torch.Size([1, 1, 400, 640]), rank 0
2026-08-08 00:04:57.103854: predicting OpenEDS_000000035631
2026-08-08 00:04:57.105062: OpenEDS_000000035631, shape torch.Size([1, 1, 400, 640]), rank 0
2026-08-08 00:04:57.117316: predicting OpenEDS_000000035637
2026-08-08 00:04:57.118564: OpenEDS_000000035637, shape torch.Size([1, 1, 400, 640]), rank 0
2026-08-08 00:04:57.131227: predicting OpenEDS_000000035643
2026-08-08 00:04:57.132537: OpenEDS_000000035643, shape torch.Size([1, 1, 400, 640]), rank 0
2026-08-08 00:04:57.144816: predicting OpenEDS_000000035650
2026-08-08 00:04:57.146112: OpenEDS_000000035650, shape torch.Size([1, 1, 400, 640]), rank 0
2026-08-08 00:04:57.158603: predicting OpenEDS_000000035655
2026-08-08 00:04:57.159831: OpenEDS_000000035655, shape torch.Size([1, 1, 400, 640]), rank 0
2026-08-08 00:04:57.171994: predicting OpenEDS_000000035656
2026-08-08 00:04:57.173249: OpenEDS_000000035656, shape torch.Size([1, 1, 400, 640]), rank 0
2026-08-08 00:04:57.185776: predicting OpenEDS_000000035663
2026-08-08 00:04:57.187017: OpenEDS_000000035663, shape torch.Size([1, 1, 400, 640]), rank 0
2026-08-08 00:04:57.199258: predicting OpenEDS_000000035666
2026-08-08 00:04:57.200508: OpenEDS_000000035666, shape torch.Size([1, 1, 400, 640]), rank 0
2026-08-08 00:04:57.212561: predicting OpenEDS_000000035671
2026-08-08 00:04:57.213805: OpenEDS_000000035671, shape torch.Size([1, 1, 400, 640]), rank 0
2026-08-08 00:04:57.225941: predicting OpenEDS_000000035673
2026-08-08 00:04:57.227191: OpenEDS_000000035673, shape torch.Size([1, 1, 400, 640]), rank 0
2026-08-08 00:04:57.239803: predicting OpenEDS_000000038327
2026-08-08 00:04:57.241055: OpenEDS_000000038327, shape torch.Size([1, 1, 400, 640]), rank 0
2026-08-08 00:04:57.253422: predicting OpenEDS_000000038332
2026-08-08 00:04:57.254643: OpenEDS_000000038332, shape torch.Size([1, 1, 400, 640]), rank 0
2026-08-08 00:04:57.267099: predicting OpenEDS_000000038342
2026-08-08 00:04:57.268382: OpenEDS_000000038342, shape torch.Size([1, 1, 400, 640]), rank 0
2026-08-08 00:04:57.280724: predicting OpenEDS_000000038347
2026-08-08 00:04:57.281928: OpenEDS_000000038347, shape torch.Size([1, 1, 400, 640]), rank 0
2026-08-08 00:04:57.294171: predicting OpenEDS_000000038349
2026-08-08 00:04:57.295426: OpenEDS_000000038349, shape torch.Size([1, 1, 400, 640]), rank 0
2026-08-08 00:04:57.307608: predicting OpenEDS_000000038350
2026-08-08 00:04:57.308889: OpenEDS_000000038350, shape torch.Size([1, 1, 400, 640]), rank 0
2026-08-08 00:04:57.321047: predicting OpenEDS_000000038358
2026-08-08 00:04:57.322252: OpenEDS_000000038358, shape torch.Size([1, 1, 400, 640]), rank 0
2026-08-08 00:04:57.334712: predicting OpenEDS_000000038373
2026-08-08 00:04:57.335953: OpenEDS_000000038373, shape torch.Size([1, 1, 400, 640]), rank 0
2026-08-08 00:04:57.348665: predicting OpenEDS_000000038377
2026-08-08 00:04:57.349889: OpenEDS_000000038377, shape torch.Size([1, 1, 400, 640]), rank 0
2026-08-08 00:04:57.362320: predicting OpenEDS_000000038381
2026-08-08 00:04:57.363559: OpenEDS_000000038381, shape torch.Size([1, 1, 400, 640]), rank 0
2026-08-08 00:04:57.375766: predicting OpenEDS_000000038382
2026-08-08 00:04:57.376984: OpenEDS_000000038382, shape torch.Size([1, 1, 400, 640]), rank 0
2026-08-08 00:04:57.388936: predicting OpenEDS_000000038385
2026-08-08 00:04:57.390147: OpenEDS_000000038385, shape torch.Size([1, 1, 400, 640]), rank 0
2026-08-08 00:04:57.402379: predicting OpenEDS_000000038386
2026-08-08 00:04:57.403668: OpenEDS_000000038386, shape torch.Size([1, 1, 400, 640]), rank 0
2026-08-08 00:04:57.415857: predicting OpenEDS_000000038388
2026-08-08 00:04:57.417128: OpenEDS_000000038388, shape torch.Size([1, 1, 400, 640]), rank 0
2026-08-08 00:04:57.429350: predicting OpenEDS_000000038395
2026-08-08 00:04:57.430639: OpenEDS_000000038395, shape torch.Size([1, 1, 400, 640]), rank 0
2026-08-08 00:04:57.442902: predicting OpenEDS_000000038396
2026-08-08 00:04:57.444173: OpenEDS_000000038396, shape torch.Size([1, 1, 400, 640]), rank 0
2026-08-08 00:04:57.456371: predicting OpenEDS_000000038405
2026-08-08 00:04:57.457599: OpenEDS_000000038405, shape torch.Size([1, 1, 400, 640]), rank 0
2026-08-08 00:04:57.469950: predicting OpenEDS_000000041055
2026-08-08 00:04:57.470821: OpenEDS_000000041055, shape torch.Size([1, 1, 400, 640]), rank 0
2026-08-08 00:04:57.482996: predicting OpenEDS_000000041057
2026-08-08 00:04:57.484213: OpenEDS_000000041057, shape torch.Size([1, 1, 400, 640]), rank 0
2026-08-08 00:04:57.496376: predicting OpenEDS_000000041076
2026-08-08 00:04:57.497599: OpenEDS_000000041076, shape torch.Size([1, 1, 400, 640]), rank 0
2026-08-08 00:04:57.509791: predicting OpenEDS_000000041077
2026-08-08 00:04:57.511034: OpenEDS_000000041077, shape torch.Size([1, 1, 400, 640]), rank 0
2026-08-08 00:04:57.523263: predicting OpenEDS_000000041085
2026-08-08 00:04:57.524602: OpenEDS_000000041085, shape torch.Size([1, 1, 400, 640]), rank 0
2026-08-08 00:04:57.536785: predicting OpenEDS_000000041088
2026-08-08 00:04:57.538039: OpenEDS_000000041088, shape torch.Size([1, 1, 400, 640]), rank 0
2026-08-08 00:04:57.550317: predicting OpenEDS_000000041091
2026-08-08 00:04:57.551629: OpenEDS_000000041091, shape torch.Size([1, 1, 400, 640]), rank 0
2026-08-08 00:04:57.563824: predicting OpenEDS_000000041105
2026-08-08 00:04:57.565061: OpenEDS_000000041105, shape torch.Size([1, 1, 400, 640]), rank 0
2026-08-08 00:04:57.577214: predicting OpenEDS_000000041114
2026-08-08 00:04:57.578513: OpenEDS_000000041114, shape torch.Size([1, 1, 400, 640]), rank 0
2026-08-08 00:04:57.590670: predicting OpenEDS_000000041117
2026-08-08 00:04:57.591900: OpenEDS_000000041117, shape torch.Size([1, 1, 400, 640]), rank 0
2026-08-08 00:04:57.604384: predicting OpenEDS_000000041120
2026-08-08 00:04:57.605659: OpenEDS_000000041120, shape torch.Size([1, 1, 400, 640]), rank 0
2026-08-08 00:04:57.617958: predicting OpenEDS_000000041125
2026-08-08 00:04:57.619032: OpenEDS_000000041125, shape torch.Size([1, 1, 400, 640]), rank 0
2026-08-08 00:04:57.631065: predicting OpenEDS_000000041127
2026-08-08 00:04:57.632298: OpenEDS_000000041127, shape torch.Size([1, 1, 400, 640]), rank 0
2026-08-08 00:04:57.644941: predicting OpenEDS_000000041137
2026-08-08 00:04:57.646042: OpenEDS_000000041137, shape torch.Size([1, 1, 400, 640]), rank 0
2026-08-08 00:04:57.658429: predicting OpenEDS_000000041139
2026-08-08 00:04:57.659309: OpenEDS_000000041139, shape torch.Size([1, 1, 400, 640]), rank 0
2026-08-08 00:04:57.671447: predicting OpenEDS_000000041144
2026-08-08 00:04:57.672698: OpenEDS_000000041144, shape torch.Size([1, 1, 400, 640]), rank 0
2026-08-08 00:04:57.684830: predicting OpenEDS_000000041149
2026-08-08 00:04:57.686045: OpenEDS_000000041149, shape torch.Size([1, 1, 400, 640]), rank 0
2026-08-08 00:04:57.698171: predicting OpenEDS_000000041150
2026-08-08 00:04:57.699411: OpenEDS_000000041150, shape torch.Size([1, 1, 400, 640]), rank 0
2026-08-08 00:04:57.711559: predicting OpenEDS_000000041154
2026-08-08 00:04:57.712870: OpenEDS_000000041154, shape torch.Size([1, 1, 400, 640]), rank 0
2026-08-08 00:04:57.725038: predicting OpenEDS_000000041159
2026-08-08 00:04:57.726239: OpenEDS_000000041159, shape torch.Size([1, 1, 400, 640]), rank 0
2026-08-08 00:04:57.738583: predicting OpenEDS_000000041165
2026-08-08 00:04:57.739448: OpenEDS_000000041165, shape torch.Size([1, 1, 400, 640]), rank 0
2026-08-08 00:04:57.751546: predicting OpenEDS_000000041167
2026-08-08 00:04:57.752836: OpenEDS_000000041167, shape torch.Size([1, 1, 400, 640]), rank 0
2026-08-08 00:04:57.764930: predicting OpenEDS_000000041176
2026-08-08 00:04:57.766158: OpenEDS_000000041176, shape torch.Size([1, 1, 400, 640]), rank 0
2026-08-08 00:04:57.778297: predicting OpenEDS_000000041177
2026-08-08 00:04:57.779586: OpenEDS_000000041177, shape torch.Size([1, 1, 400, 640]), rank 0
2026-08-08 00:04:57.791706: predicting OpenEDS_000000041179
2026-08-08 00:04:57.792897: OpenEDS_000000041179, shape torch.Size([1, 1, 400, 640]), rank 0
2026-08-08 00:04:57.805112: predicting OpenEDS_000000043838
2026-08-08 00:04:57.806314: OpenEDS_000000043838, shape torch.Size([1, 1, 400, 640]), rank 0
2026-08-08 00:04:57.818634: predicting OpenEDS_000000043850
2026-08-08 00:04:57.819912: OpenEDS_000000043850, shape torch.Size([1, 1, 400, 640]), rank 0
2026-08-08 00:04:57.832058: predicting OpenEDS_000000043858
2026-08-08 00:04:57.833300: OpenEDS_000000043858, shape torch.Size([1, 1, 400, 640]), rank 0
2026-08-08 00:04:57.845434: predicting OpenEDS_000000043861
2026-08-08 00:04:57.846697: OpenEDS_000000043861, shape torch.Size([1, 1, 400, 640]), rank 0
2026-08-08 00:04:57.859345: predicting OpenEDS_000000043864
2026-08-08 00:04:57.860249: OpenEDS_000000043864, shape torch.Size([1, 1, 400, 640]), rank 0
2026-08-08 00:04:57.872732: predicting OpenEDS_000000043865
2026-08-08 00:04:57.873635: OpenEDS_000000043865, shape torch.Size([1, 1, 400, 640]), rank 0
2026-08-08 00:04:57.885796: predicting OpenEDS_000000043870
2026-08-08 00:04:57.887067: OpenEDS_000000043870, shape torch.Size([1, 1, 400, 640]), rank 0
2026-08-08 00:04:57.899045: predicting OpenEDS_000000043873
2026-08-08 00:04:57.900205: OpenEDS_000000043873, shape torch.Size([1, 1, 400, 640]), rank 0
2026-08-08 00:04:57.912344: predicting OpenEDS_000000043880
2026-08-08 00:04:57.913615: OpenEDS_000000043880, shape torch.Size([1, 1, 400, 640]), rank 0
2026-08-08 00:04:57.925719: predicting OpenEDS_000000043881
2026-08-08 00:04:57.926910: OpenEDS_000000043881, shape torch.Size([1, 1, 400, 640]), rank 0
2026-08-08 00:04:57.939026: predicting OpenEDS_000000043886
2026-08-08 00:04:57.940274: OpenEDS_000000043886, shape torch.Size([1, 1, 400, 640]), rank 0
2026-08-08 00:04:57.952421: predicting OpenEDS_000000043892
2026-08-08 00:04:57.953654: OpenEDS_000000043892, shape torch.Size([1, 1, 400, 640]), rank 0
2026-08-08 00:04:57.965819: predicting OpenEDS_000000043897
2026-08-08 00:04:57.967077: OpenEDS_000000043897, shape torch.Size([1, 1, 400, 640]), rank 0
2026-08-08 00:04:57.979185: predicting OpenEDS_000000043902
2026-08-08 00:04:57.980433: OpenEDS_000000043902, shape torch.Size([1, 1, 400, 640]), rank 0
2026-08-08 00:04:57.992584: predicting OpenEDS_000000043909
2026-08-08 00:04:57.993845: OpenEDS_000000043909, shape torch.Size([1, 1, 400, 640]), rank 0
2026-08-08 00:04:58.006065: predicting OpenEDS_000000043914
2026-08-08 00:04:58.007295: OpenEDS_000000043914, shape torch.Size([1, 1, 400, 640]), rank 0
2026-08-08 00:04:58.019659: predicting OpenEDS_000000046571
2026-08-08 00:04:58.021020: OpenEDS_000000046571, shape torch.Size([1, 1, 400, 640]), rank 0
2026-08-08 00:04:58.033172: predicting OpenEDS_000000046572
2026-08-08 00:04:58.034384: OpenEDS_000000046572, shape torch.Size([1, 1, 400, 640]), rank 0
2026-08-08 00:04:58.046595: predicting OpenEDS_000000046586
2026-08-08 00:04:58.047842: OpenEDS_000000046586, shape torch.Size([1, 1, 400, 640]), rank 0
2026-08-08 00:04:58.059961: predicting OpenEDS_000000046590
2026-08-08 00:04:58.061219: OpenEDS_000000046590, shape torch.Size([1, 1, 400, 640]), rank 0
2026-08-08 00:04:58.073641: predicting OpenEDS_000000046596
2026-08-08 00:04:58.074703: OpenEDS_000000046596, shape torch.Size([1, 1, 400, 640]), rank 0
2026-08-08 00:04:58.086727: predicting OpenEDS_000000046613
2026-08-08 00:04:58.087960: OpenEDS_000000046613, shape torch.Size([1, 1, 400, 640]), rank 0
2026-08-08 00:04:58.100266: predicting OpenEDS_000000046623
2026-08-08 00:04:58.101488: OpenEDS_000000046623, shape torch.Size([1, 1, 400, 640]), rank 0
2026-08-08 00:04:58.113930: predicting OpenEDS_000000046636
2026-08-08 00:04:58.115217: OpenEDS_000000046636, shape torch.Size([1, 1, 400, 640]), rank 0
2026-08-08 00:04:58.127741: predicting OpenEDS_000000046641
2026-08-08 00:04:58.128999: OpenEDS_000000046641, shape torch.Size([1, 1, 400, 640]), rank 0
2026-08-08 00:04:58.141562: predicting OpenEDS_000000046642
2026-08-08 00:04:58.142825: OpenEDS_000000046642, shape torch.Size([1, 1, 400, 640]), rank 0
2026-08-08 00:04:58.155180: predicting OpenEDS_000000049298
2026-08-08 00:04:58.156455: OpenEDS_000000049298, shape torch.Size([1, 1, 400, 640]), rank 0
2026-08-08 00:04:58.169070: predicting OpenEDS_000000049301
2026-08-08 00:04:58.170176: OpenEDS_000000049301, shape torch.Size([1, 1, 400, 640]), rank 0
2026-08-08 00:04:58.182393: predicting OpenEDS_000000049308
2026-08-08 00:04:58.183642: OpenEDS_000000049308, shape torch.Size([1, 1, 400, 640]), rank 0
2026-08-08 00:04:58.195827: predicting OpenEDS_000000049311
2026-08-08 00:04:58.197028: OpenEDS_000000049311, shape torch.Size([1, 1, 400, 640]), rank 0
2026-08-08 00:04:58.209193: predicting OpenEDS_000000049319
2026-08-08 00:04:58.210414: OpenEDS_000000049319, shape torch.Size([1, 1, 400, 640]), rank 0
2026-08-08 00:04:58.222563: predicting OpenEDS_000000049323
2026-08-08 00:04:58.223798: OpenEDS_000000049323, shape torch.Size([1, 1, 400, 640]), rank 0
2026-08-08 00:04:58.236022: predicting OpenEDS_000000049327
2026-08-08 00:04:58.237277: OpenEDS_000000049327, shape torch.Size([1, 1, 400, 640]), rank 0
2026-08-08 00:04:58.249733: predicting OpenEDS_000000049329
2026-08-08 00:04:58.251084: OpenEDS_000000049329, shape torch.Size([1, 1, 400, 640]), rank 0
2026-08-08 00:04:58.263635: predicting OpenEDS_000000049334
2026-08-08 00:04:58.264954: OpenEDS_000000049334, shape torch.Size([1, 1, 400, 640]), rank 0
2026-08-08 00:04:58.277258: predicting OpenEDS_000000049347
2026-08-08 00:04:58.278492: OpenEDS_000000049347, shape torch.Size([1, 1, 400, 640]), rank 0
2026-08-08 00:04:58.290947: predicting OpenEDS_000000049350
2026-08-08 00:04:58.292168: OpenEDS_000000049350, shape torch.Size([1, 1, 400, 640]), rank 0
2026-08-08 00:04:58.304735: predicting OpenEDS_000000049356
2026-08-08 00:04:58.305995: OpenEDS_000000049356, shape torch.Size([1, 1, 400, 640]), rank 0
2026-08-08 00:04:58.318511: predicting OpenEDS_000000049358
2026-08-08 00:04:58.319785: OpenEDS_000000049358, shape torch.Size([1, 1, 400, 640]), rank 0
2026-08-08 00:04:58.332299: predicting OpenEDS_000000049366
2026-08-08 00:04:58.333567: OpenEDS_000000049366, shape torch.Size([1, 1, 400, 640]), rank 0
2026-08-08 00:04:58.346046: predicting OpenEDS_000000049368
2026-08-08 00:04:58.347295: OpenEDS_000000049368, shape torch.Size([1, 1, 400, 640]), rank 0
2026-08-08 00:04:58.359459: predicting OpenEDS_000000049371
2026-08-08 00:04:58.360693: OpenEDS_000000049371, shape torch.Size([1, 1, 400, 640]), rank 0
2026-08-08 00:04:58.372899: predicting OpenEDS_000000049375
2026-08-08 00:04:58.374127: OpenEDS_000000049375, shape torch.Size([1, 1, 400, 640]), rank 0
2026-08-08 00:04:58.386378: predicting OpenEDS_000000052036
2026-08-08 00:04:58.387596: OpenEDS_000000052036, shape torch.Size([1, 1, 400, 640]), rank 0
2026-08-08 00:04:58.399872: predicting OpenEDS_000000052041
2026-08-08 00:04:58.401090: OpenEDS_000000052041, shape torch.Size([1, 1, 400, 640]), rank 0
2026-08-08 00:04:58.413387: predicting OpenEDS_000000052043
2026-08-08 00:04:58.414635: OpenEDS_000000052043, shape torch.Size([1, 1, 400, 640]), rank 0
2026-08-08 00:04:58.427301: predicting OpenEDS_000000052046
2026-08-08 00:04:58.428537: OpenEDS_000000052046, shape torch.Size([1, 1, 400, 640]), rank 0
2026-08-08 00:04:58.440873: predicting OpenEDS_000000052054
2026-08-08 00:04:58.442143: OpenEDS_000000052054, shape torch.Size([1, 1, 400, 640]), rank 0
2026-08-08 00:04:58.454754: predicting OpenEDS_000000052055
2026-08-08 00:04:58.455974: OpenEDS_000000052055, shape torch.Size([1, 1, 400, 640]), rank 0
2026-08-08 00:04:58.468388: predicting OpenEDS_000000052058
2026-08-08 00:04:58.469623: OpenEDS_000000052058, shape torch.Size([1, 1, 400, 640]), rank 0
2026-08-08 00:04:58.481965: predicting OpenEDS_000000052065
2026-08-08 00:04:58.483233: OpenEDS_000000052065, shape torch.Size([1, 1, 400, 640]), rank 0
2026-08-08 00:04:58.495408: predicting OpenEDS_000000052068
2026-08-08 00:04:58.496668: OpenEDS_000000052068, shape torch.Size([1, 1, 400, 640]), rank 0
2026-08-08 00:04:58.508922: predicting OpenEDS_000000052082
2026-08-08 00:04:58.510171: OpenEDS_000000052082, shape torch.Size([1, 1, 400, 640]), rank 0
2026-08-08 00:04:58.522285: predicting OpenEDS_000000052092
2026-08-08 00:04:58.523550: OpenEDS_000000052092, shape torch.Size([1, 1, 400, 640]), rank 0
2026-08-08 00:04:58.535814: predicting OpenEDS_000000052103
2026-08-08 00:04:58.537081: OpenEDS_000000052103, shape torch.Size([1, 1, 400, 640]), rank 0
2026-08-08 00:04:58.549296: predicting OpenEDS_000000052105
2026-08-08 00:04:58.550487: OpenEDS_000000052105, shape torch.Size([1, 1, 400, 640]), rank 0
2026-08-08 00:04:58.562635: predicting OpenEDS_000000052108
2026-08-08 00:04:58.563907: OpenEDS_000000052108, shape torch.Size([1, 1, 400, 640]), rank 0
2026-08-08 00:04:58.576266: predicting OpenEDS_000000052112
2026-08-08 00:04:58.577388: OpenEDS_000000052112, shape torch.Size([1, 1, 400, 640]), rank 0
2026-08-08 00:04:58.590230: predicting OpenEDS_000000054765
2026-08-08 00:04:58.591330: OpenEDS_000000054765, shape torch.Size([1, 1, 400, 640]), rank 0
2026-08-08 00:04:58.603799: predicting OpenEDS_000000054783
2026-08-08 00:04:58.605045: OpenEDS_000000054783, shape torch.Size([1, 1, 400, 640]), rank 0
2026-08-08 00:04:58.617391: predicting OpenEDS_000000054792
2026-08-08 00:04:58.618635: OpenEDS_000000054792, shape torch.Size([1, 1, 400, 640]), rank 0
2026-08-08 00:04:58.630801: predicting OpenEDS_000000054795
2026-08-08 00:04:58.632025: OpenEDS_000000054795, shape torch.Size([1, 1, 400, 640]), rank 0
2026-08-08 00:04:58.644320: predicting OpenEDS_000000054799
2026-08-08 00:04:58.645543: OpenEDS_000000054799, shape torch.Size([1, 1, 400, 640]), rank 0
2026-08-08 00:04:58.657717: predicting OpenEDS_000000054807
2026-08-08 00:04:58.659002: OpenEDS_000000054807, shape torch.Size([1, 1, 400, 640]), rank 0
2026-08-08 00:04:58.671222: predicting OpenEDS_000000054814
2026-08-08 00:04:58.672455: OpenEDS_000000054814, shape torch.Size([1, 1, 400, 640]), rank 0
2026-08-08 00:04:58.684621: predicting OpenEDS_000000054816
2026-08-08 00:04:58.685880: OpenEDS_000000054816, shape torch.Size([1, 1, 400, 640]), rank 0
2026-08-08 00:04:58.698120: predicting OpenEDS_000000054818
2026-08-08 00:04:58.699368: OpenEDS_000000054818, shape torch.Size([1, 1, 400, 640]), rank 0
2026-08-08 00:04:58.711462: predicting OpenEDS_000000054831
2026-08-08 00:04:58.712682: OpenEDS_000000054831, shape torch.Size([1, 1, 400, 640]), rank 0
2026-08-08 00:04:58.724881: predicting OpenEDS_000000054835
2026-08-08 00:04:58.726162: OpenEDS_000000054835, shape torch.Size([1, 1, 400, 640]), rank 0
2026-08-08 00:04:58.738350: predicting OpenEDS_000000054837
2026-08-08 00:04:58.739567: OpenEDS_000000054837, shape torch.Size([1, 1, 400, 640]), rank 0
2026-08-08 00:04:58.751937: predicting OpenEDS_000000054846
2026-08-08 00:04:58.753194: OpenEDS_000000054846, shape torch.Size([1, 1, 400, 640]), rank 0
2026-08-08 00:04:58.765403: predicting OpenEDS_000000057496
2026-08-08 00:04:58.766622: OpenEDS_000000057496, shape torch.Size([1, 1, 400, 640]), rank 0
2026-08-08 00:04:58.779056: predicting OpenEDS_000000057499
2026-08-08 00:04:58.779910: OpenEDS_000000057499, shape torch.Size([1, 1, 400, 640]), rank 0
2026-08-08 00:04:58.792051: predicting OpenEDS_000000057500
2026-08-08 00:04:58.793362: OpenEDS_000000057500, shape torch.Size([1, 1, 400, 640]), rank 0
2026-08-08 00:04:58.805536: predicting OpenEDS_000000057502
2026-08-08 00:04:58.806774: OpenEDS_000000057502, shape torch.Size([1, 1, 400, 640]), rank 0
2026-08-08 00:04:58.818961: predicting OpenEDS_000000057505
2026-08-08 00:04:58.820216: OpenEDS_000000057505, shape torch.Size([1, 1, 400, 640]), rank 0
2026-08-08 00:04:58.832479: predicting OpenEDS_000000057506
2026-08-08 00:04:58.833766: OpenEDS_000000057506, shape torch.Size([1, 1, 400, 640]), rank 0
2026-08-08 00:04:58.846035: predicting OpenEDS_000000057510
2026-08-08 00:04:58.847287: OpenEDS_000000057510, shape torch.Size([1, 1, 400, 640]), rank 0
2026-08-08 00:04:58.859484: predicting OpenEDS_000000057523
2026-08-08 00:04:58.860736: OpenEDS_000000057523, shape torch.Size([1, 1, 400, 640]), rank 0
2026-08-08 00:04:58.873151: predicting OpenEDS_000000057526
2026-08-08 00:04:58.874365: OpenEDS_000000057526, shape torch.Size([1, 1, 400, 640]), rank 0
2026-08-08 00:04:58.886847: predicting OpenEDS_000000057528
2026-08-08 00:04:58.888084: OpenEDS_000000057528, shape torch.Size([1, 1, 400, 640]), rank 0
2026-08-08 00:04:58.900431: predicting OpenEDS_000000057531
2026-08-08 00:04:58.901662: OpenEDS_000000057531, shape torch.Size([1, 1, 400, 640]), rank 0
2026-08-08 00:04:58.913950: predicting OpenEDS_000000057541
2026-08-08 00:04:58.915171: OpenEDS_000000057541, shape torch.Size([1, 1, 400, 640]), rank 0
2026-08-08 00:04:58.927706: predicting OpenEDS_000000057543
2026-08-08 00:04:58.928947: OpenEDS_000000057543, shape torch.Size([1, 1, 400, 640]), rank 0
2026-08-08 00:04:58.941533: predicting OpenEDS_000000057547
2026-08-08 00:04:58.942802: OpenEDS_000000057547, shape torch.Size([1, 1, 400, 640]), rank 0
2026-08-08 00:04:58.955171: predicting OpenEDS_000000057548
2026-08-08 00:04:58.956446: OpenEDS_000000057548, shape torch.Size([1, 1, 400, 640]), rank 0
2026-08-08 00:04:58.968727: predicting OpenEDS_000000057549
2026-08-08 00:04:58.969973: OpenEDS_000000057549, shape torch.Size([1, 1, 400, 640]), rank 0
2026-08-08 00:04:58.982103: predicting OpenEDS_000000057552
2026-08-08 00:04:58.983303: OpenEDS_000000057552, shape torch.Size([1, 1, 400, 640]), rank 0
2026-08-08 00:04:58.995874: predicting OpenEDS_000000057553
2026-08-08 00:04:58.997091: OpenEDS_000000057553, shape torch.Size([1, 1, 400, 640]), rank 0
2026-08-08 00:04:59.009593: predicting OpenEDS_000000057554
2026-08-08 00:04:59.010801: OpenEDS_000000057554, shape torch.Size([1, 1, 400, 640]), rank 0
2026-08-08 00:04:59.023164: predicting OpenEDS_000000057558
2026-08-08 00:04:59.024430: OpenEDS_000000057558, shape torch.Size([1, 1, 400, 640]), rank 0
2026-08-08 00:04:59.036646: predicting OpenEDS_000000057561
2026-08-08 00:04:59.037910: OpenEDS_000000057561, shape torch.Size([1, 1, 400, 640]), rank 0
2026-08-08 00:04:59.050182: predicting OpenEDS_000000057565
2026-08-08 00:04:59.051417: OpenEDS_000000057565, shape torch.Size([1, 1, 400, 640]), rank 0
2026-08-08 00:04:59.063629: predicting OpenEDS_000000060222
2026-08-08 00:04:59.064906: OpenEDS_000000060222, shape torch.Size([1, 1, 400, 640]), rank 0
2026-08-08 00:04:59.077130: predicting OpenEDS_000000060233
2026-08-08 00:04:59.078377: OpenEDS_000000060233, shape torch.Size([1, 1, 400, 640]), rank 0
2026-08-08 00:04:59.090491: predicting OpenEDS_000000060237
2026-08-08 00:04:59.091752: OpenEDS_000000060237, shape torch.Size([1, 1, 400, 640]), rank 0
2026-08-08 00:04:59.103963: predicting OpenEDS_000000060241
2026-08-08 00:04:59.105209: OpenEDS_000000060241, shape torch.Size([1, 1, 400, 640]), rank 0
2026-08-08 00:04:59.117426: predicting OpenEDS_000000060244
2026-08-08 00:04:59.118782: OpenEDS_000000060244, shape torch.Size([1, 1, 400, 640]), rank 0
2026-08-08 00:04:59.131018: predicting OpenEDS_000000060245
2026-08-08 00:04:59.132239: OpenEDS_000000060245, shape torch.Size([1, 1, 400, 640]), rank 0
2026-08-08 00:04:59.144364: predicting OpenEDS_000000060248
2026-08-08 00:04:59.145627: OpenEDS_000000060248, shape torch.Size([1, 1, 400, 640]), rank 0
2026-08-08 00:04:59.158007: predicting OpenEDS_000000060253
2026-08-08 00:04:59.159245: OpenEDS_000000060253, shape torch.Size([1, 1, 400, 640]), rank 0
2026-08-08 00:04:59.171467: predicting OpenEDS_000000060256
2026-08-08 00:04:59.172724: OpenEDS_000000060256, shape torch.Size([1, 1, 400, 640]), rank 0
2026-08-08 00:04:59.185091: predicting OpenEDS_000000060262
2026-08-08 00:04:59.186324: OpenEDS_000000060262, shape torch.Size([1, 1, 400, 640]), rank 0
2026-08-08 00:04:59.198419: predicting OpenEDS_000000060267
2026-08-08 00:04:59.199669: OpenEDS_000000060267, shape torch.Size([1, 1, 400, 640]), rank 0
2026-08-08 00:04:59.211880: predicting OpenEDS_000000060276
2026-08-08 00:04:59.213129: OpenEDS_000000060276, shape torch.Size([1, 1, 400, 640]), rank 0
2026-08-08 00:04:59.225292: predicting OpenEDS_000000060278
2026-08-08 00:04:59.226504: OpenEDS_000000060278, shape torch.Size([1, 1, 400, 640]), rank 0
2026-08-08 00:04:59.238695: predicting OpenEDS_000000060281
2026-08-08 00:04:59.239943: OpenEDS_000000060281, shape torch.Size([1, 1, 400, 640]), rank 0
2026-08-08 00:04:59.252220: predicting OpenEDS_000000060284
2026-08-08 00:04:59.253459: OpenEDS_000000060284, shape torch.Size([1, 1, 400, 640]), rank 0
2026-08-08 00:04:59.265780: predicting OpenEDS_000000060287
2026-08-08 00:04:59.267073: OpenEDS_000000060287, shape torch.Size([1, 1, 400, 640]), rank 0
2026-08-08 00:04:59.279292: predicting OpenEDS_000000060295
2026-08-08 00:04:59.280565: OpenEDS_000000060295, shape torch.Size([1, 1, 400, 640]), rank 0
2026-08-08 00:04:59.292764: predicting OpenEDS_000000060298
2026-08-08 00:04:59.294029: OpenEDS_000000060298, shape torch.Size([1, 1, 400, 640]), rank 0
2026-08-08 00:04:59.306283: predicting OpenEDS_000000062955
2026-08-08 00:04:59.307556: OpenEDS_000000062955, shape torch.Size([1, 1, 400, 640]), rank 0
2026-08-08 00:04:59.320120: predicting OpenEDS_000000062962
2026-08-08 00:04:59.321378: OpenEDS_000000062962, shape torch.Size([1, 1, 400, 640]), rank 0
2026-08-08 00:04:59.333639: predicting OpenEDS_000000062963
2026-08-08 00:04:59.334897: OpenEDS_000000062963, shape torch.Size([1, 1, 400, 640]), rank 0
2026-08-08 00:04:59.347163: predicting OpenEDS_000000062985
2026-08-08 00:04:59.348412: OpenEDS_000000062985, shape torch.Size([1, 1, 400, 640]), rank 0
2026-08-08 00:04:59.360614: predicting OpenEDS_000000062986
2026-08-08 00:04:59.361851: OpenEDS_000000062986, shape torch.Size([1, 1, 400, 640]), rank 0
2026-08-08 00:04:59.374246: predicting OpenEDS_000000062987
2026-08-08 00:04:59.375485: OpenEDS_000000062987, shape torch.Size([1, 1, 400, 640]), rank 0
2026-08-08 00:04:59.387913: predicting OpenEDS_000000062989
2026-08-08 00:04:59.389171: OpenEDS_000000062989, shape torch.Size([1, 1, 400, 640]), rank 0
2026-08-08 00:04:59.401707: predicting OpenEDS_000000062995
2026-08-08 00:04:59.402946: OpenEDS_000000062995, shape torch.Size([1, 1, 400, 640]), rank 0
2026-08-08 00:04:59.415154: predicting OpenEDS_000000062996
2026-08-08 00:04:59.416439: OpenEDS_000000062996, shape torch.Size([1, 1, 400, 640]), rank 0
2026-08-08 00:04:59.428639: predicting OpenEDS_000000062998
2026-08-08 00:04:59.429836: OpenEDS_000000062998, shape torch.Size([1, 1, 400, 640]), rank 0
2026-08-08 00:04:59.442111: predicting OpenEDS_000000063004
2026-08-08 00:04:59.443351: OpenEDS_000000063004, shape torch.Size([1, 1, 400, 640]), rank 0
2026-08-08 00:04:59.455528: predicting OpenEDS_000000063018
2026-08-08 00:04:59.456755: OpenEDS_000000063018, shape torch.Size([1, 1, 400, 640]), rank 0
2026-08-08 00:04:59.469070: predicting OpenEDS_000000063023
2026-08-08 00:04:59.470320: OpenEDS_000000063023, shape torch.Size([1, 1, 400, 640]), rank 0
2026-08-08 00:04:59.482444: predicting OpenEDS_000000063036
2026-08-08 00:04:59.483698: OpenEDS_000000063036, shape torch.Size([1, 1, 400, 640]), rank 0
2026-08-08 00:04:59.496295: predicting OpenEDS_000000063040
2026-08-08 00:04:59.497349: OpenEDS_000000063040, shape torch.Size([1, 1, 400, 640]), rank 0
2026-08-08 00:04:59.509414: predicting OpenEDS_000000065696
2026-08-08 00:04:59.510645: OpenEDS_000000065696, shape torch.Size([1, 1, 400, 640]), rank 0
2026-08-08 00:04:59.522868: predicting OpenEDS_000000065697
2026-08-08 00:04:59.524122: OpenEDS_000000065697, shape torch.Size([1, 1, 400, 640]), rank 0
2026-08-08 00:04:59.536379: predicting OpenEDS_000000065698
2026-08-08 00:04:59.537631: OpenEDS_000000065698, shape torch.Size([1, 1, 400, 640]), rank 0
2026-08-08 00:04:59.550250: predicting OpenEDS_000000065715
2026-08-08 00:04:59.551271: OpenEDS_000000065715, shape torch.Size([1, 1, 400, 640]), rank 0
2026-08-08 00:04:59.563265: predicting OpenEDS_000000065723
2026-08-08 00:04:59.564510: OpenEDS_000000065723, shape torch.Size([1, 1, 400, 640]), rank 0
2026-08-08 00:04:59.577148: predicting OpenEDS_000000065733
2026-08-08 00:04:59.578434: OpenEDS_000000065733, shape torch.Size([1, 1, 400, 640]), rank 0
2026-08-08 00:04:59.591190: predicting OpenEDS_000000065734
2026-08-08 00:04:59.592365: OpenEDS_000000065734, shape torch.Size([1, 1, 400, 640]), rank 0
2026-08-08 00:04:59.604907: predicting OpenEDS_000000065736
2026-08-08 00:04:59.606140: OpenEDS_000000065736, shape torch.Size([1, 1, 400, 640]), rank 0
2026-08-08 00:04:59.618683: predicting OpenEDS_000000065738
2026-08-08 00:04:59.619923: OpenEDS_000000065738, shape torch.Size([1, 1, 400, 640]), rank 0
2026-08-08 00:04:59.632296: predicting OpenEDS_000000065746
2026-08-08 00:04:59.633524: OpenEDS_000000065746, shape torch.Size([1, 1, 400, 640]), rank 0
2026-08-08 00:04:59.645954: predicting OpenEDS_000000065758
2026-08-08 00:04:59.647202: OpenEDS_000000065758, shape torch.Size([1, 1, 400, 640]), rank 0
2026-08-08 00:04:59.659412: predicting OpenEDS_000000065759
2026-08-08 00:04:59.660693: OpenEDS_000000065759, shape torch.Size([1, 1, 400, 640]), rank 0
2026-08-08 00:04:59.672940: predicting OpenEDS_000000065762
2026-08-08 00:04:59.674142: OpenEDS_000000065762, shape torch.Size([1, 1, 400, 640]), rank 0
2026-08-08 00:04:59.686388: predicting OpenEDS_000000065773
2026-08-08 00:04:59.687622: OpenEDS_000000065773, shape torch.Size([1, 1, 400, 640]), rank 0
2026-08-08 00:04:59.699833: predicting OpenEDS_000000065779
2026-08-08 00:04:59.701048: OpenEDS_000000065779, shape torch.Size([1, 1, 400, 640]), rank 0
2026-08-08 00:04:59.713397: predicting OpenEDS_000000065782
2026-08-08 00:04:59.714501: OpenEDS_000000065782, shape torch.Size([1, 1, 400, 640]), rank 0
2026-08-08 00:04:59.726626: predicting OpenEDS_000000065783
2026-08-08 00:04:59.727945: OpenEDS_000000065783, shape torch.Size([1, 1, 400, 640]), rank 0
2026-08-08 00:04:59.740204: predicting OpenEDS_000000065785
2026-08-08 00:04:59.741451: OpenEDS_000000065785, shape torch.Size([1, 1, 400, 640]), rank 0
2026-08-08 00:04:59.753700: predicting OpenEDS_000000065790
2026-08-08 00:04:59.754981: OpenEDS_000000065790, shape torch.Size([1, 1, 400, 640]), rank 0
2026-08-08 00:04:59.767108: predicting OpenEDS_000000065791
2026-08-08 00:04:59.768285: OpenEDS_000000065791, shape torch.Size([1, 1, 400, 640]), rank 0
2026-08-08 00:04:59.780593: predicting OpenEDS_000000065792
2026-08-08 00:04:59.781904: OpenEDS_000000065792, shape torch.Size([1, 1, 400, 640]), rank 0
2026-08-08 00:04:59.794084: predicting OpenEDS_000000065799
2026-08-08 00:04:59.795317: OpenEDS_000000065799, shape torch.Size([1, 1, 400, 640]), rank 0
2026-08-08 00:04:59.807499: predicting OpenEDS_000000068466
2026-08-08 00:04:59.808703: OpenEDS_000000068466, shape torch.Size([1, 1, 400, 640]), rank 0
2026-08-08 00:04:59.820953: predicting OpenEDS_000000068470
2026-08-08 00:04:59.822206: OpenEDS_000000068470, shape torch.Size([1, 1, 400, 640]), rank 0
2026-08-08 00:04:59.834300: predicting OpenEDS_000000068478
2026-08-08 00:04:59.835467: OpenEDS_000000068478, shape torch.Size([1, 1, 400, 640]), rank 0
2026-08-08 00:04:59.847610: predicting OpenEDS_000000068480
2026-08-08 00:04:59.848847: OpenEDS_000000068480, shape torch.Size([1, 1, 400, 640]), rank 0
2026-08-08 00:04:59.861397: predicting OpenEDS_000000068482
2026-08-08 00:04:59.862637: OpenEDS_000000068482, shape torch.Size([1, 1, 400, 640]), rank 0
2026-08-08 00:04:59.875222: predicting OpenEDS_000000068485
2026-08-08 00:04:59.876478: OpenEDS_000000068485, shape torch.Size([1, 1, 400, 640]), rank 0
2026-08-08 00:04:59.888983: predicting OpenEDS_000000068493
2026-08-08 00:04:59.890225: OpenEDS_000000068493, shape torch.Size([1, 1, 400, 640]), rank 0
2026-08-08 00:04:59.902774: predicting OpenEDS_000000068495
2026-08-08 00:04:59.904015: OpenEDS_000000068495, shape torch.Size([1, 1, 400, 640]), rank 0
2026-08-08 00:04:59.916193: predicting OpenEDS_000000068503
2026-08-08 00:04:59.917413: OpenEDS_000000068503, shape torch.Size([1, 1, 400, 640]), rank 0
2026-08-08 00:04:59.929716: predicting OpenEDS_000000068504
2026-08-08 00:04:59.930947: OpenEDS_000000068504, shape torch.Size([1, 1, 400, 640]), rank 0
2026-08-08 00:04:59.943186: predicting OpenEDS_000000068511
2026-08-08 00:04:59.944417: OpenEDS_000000068511, shape torch.Size([1, 1, 400, 640]), rank 0
2026-08-08 00:04:59.956829: predicting OpenEDS_000000068523
2026-08-08 00:04:59.958098: OpenEDS_000000068523, shape torch.Size([1, 1, 400, 640]), rank 0
2026-08-08 00:04:59.970294: predicting OpenEDS_000000068534
2026-08-08 00:04:59.971515: OpenEDS_000000068534, shape torch.Size([1, 1, 400, 640]), rank 0
2026-08-08 00:04:59.983985: predicting OpenEDS_000000068543
2026-08-08 00:04:59.985183: OpenEDS_000000068543, shape torch.Size([1, 1, 400, 640]), rank 0
2026-08-08 00:04:59.997674: predicting OpenEDS_000000068544
2026-08-08 00:04:59.998907: OpenEDS_000000068544, shape torch.Size([1, 1, 400, 640]), rank 0
2026-08-08 00:05:00.011475: predicting OpenEDS_000000068545
2026-08-08 00:05:00.012751: OpenEDS_000000068545, shape torch.Size([1, 1, 400, 640]), rank 0
2026-08-08 00:05:00.025040: predicting OpenEDS_000000068548
2026-08-08 00:05:00.026281: OpenEDS_000000068548, shape torch.Size([1, 1, 400, 640]), rank 0
2026-08-08 00:05:00.038574: predicting OpenEDS_000000071205
2026-08-08 00:05:00.039805: OpenEDS_000000071205, shape torch.Size([1, 1, 400, 640]), rank 0
2026-08-08 00:05:00.052384: predicting OpenEDS_000000071206
2026-08-08 00:05:00.053616: OpenEDS_000000071206, shape torch.Size([1, 1, 400, 640]), rank 0
2026-08-08 00:05:00.066188: predicting OpenEDS_000000071209
2026-08-08 00:05:00.067403: OpenEDS_000000071209, shape torch.Size([1, 1, 400, 640]), rank 0
2026-08-08 00:05:00.079937: predicting OpenEDS_000000071214
2026-08-08 00:05:00.081155: OpenEDS_000000071214, shape torch.Size([1, 1, 400, 640]), rank 0
2026-08-08 00:05:00.093355: predicting OpenEDS_000000071220
2026-08-08 00:05:00.094595: OpenEDS_000000071220, shape torch.Size([1, 1, 400, 640]), rank 0
2026-08-08 00:05:00.106903: predicting OpenEDS_000000071222
2026-08-08 00:05:00.108165: OpenEDS_000000071222, shape torch.Size([1, 1, 400, 640]), rank 0
2026-08-08 00:05:00.120318: predicting OpenEDS_000000071231
2026-08-08 00:05:00.121588: OpenEDS_000000071231, shape torch.Size([1, 1, 400, 640]), rank 0
2026-08-08 00:05:00.133790: predicting OpenEDS_000000071236
2026-08-08 00:05:00.135007: OpenEDS_000000071236, shape torch.Size([1, 1, 400, 640]), rank 0
2026-08-08 00:05:00.147148: predicting OpenEDS_000000071237
2026-08-08 00:05:00.148360: OpenEDS_000000071237, shape torch.Size([1, 1, 400, 640]), rank 0
2026-08-08 00:05:00.160610: predicting OpenEDS_000000071241
2026-08-08 00:05:00.161837: OpenEDS_000000071241, shape torch.Size([1, 1, 400, 640]), rank 0
2026-08-08 00:05:00.174357: predicting OpenEDS_000000071245
2026-08-08 00:05:00.175627: OpenEDS_000000071245, shape torch.Size([1, 1, 400, 640]), rank 0
2026-08-08 00:05:00.187993: predicting OpenEDS_000000071247
2026-08-08 00:05:00.189250: OpenEDS_000000071247, shape torch.Size([1, 1, 400, 640]), rank 0
2026-08-08 00:05:00.201388: predicting OpenEDS_000000071261
2026-08-08 00:05:00.202621: OpenEDS_000000071261, shape torch.Size([1, 1, 400, 640]), rank 0
2026-08-08 00:05:00.214761: predicting OpenEDS_000000071268
2026-08-08 00:05:00.215957: OpenEDS_000000071268, shape torch.Size([1, 1, 400, 640]), rank 0
2026-08-08 00:05:00.228087: predicting OpenEDS_000000071272
2026-08-08 00:05:00.229336: OpenEDS_000000071272, shape torch.Size([1, 1, 400, 640]), rank 0
2026-08-08 00:05:00.241530: predicting OpenEDS_000000071273
2026-08-08 00:05:00.242775: OpenEDS_000000071273, shape torch.Size([1, 1, 400, 640]), rank 0
2026-08-08 00:05:00.255034: predicting OpenEDS_000000071283
2026-08-08 00:05:00.256380: OpenEDS_000000071283, shape torch.Size([1, 1, 400, 640]), rank 0
2026-08-08 00:05:00.268569: predicting OpenEDS_000000071284
2026-08-08 00:05:00.269845: OpenEDS_000000071284, shape torch.Size([1, 1, 400, 640]), rank 0
2026-08-08 00:05:00.282481: predicting OpenEDS_000000071285
2026-08-08 00:05:00.283781: OpenEDS_000000071285, shape torch.Size([1, 1, 400, 640]), rank 0
2026-08-08 00:05:00.296316: predicting OpenEDS_000000071302
2026-08-08 00:05:00.297414: OpenEDS_000000071302, shape torch.Size([1, 1, 400, 640]), rank 0
2026-08-08 00:05:00.309878: predicting OpenEDS_000000071303
2026-08-08 00:05:00.310989: OpenEDS_000000071303, shape torch.Size([1, 1, 400, 640]), rank 0
2026-08-08 00:05:00.323230: predicting OpenEDS_000000071305
2026-08-08 00:05:00.324490: OpenEDS_000000071305, shape torch.Size([1, 1, 400, 640]), rank 0
2026-08-08 00:05:00.336599: predicting OpenEDS_000000071309
2026-08-08 00:05:00.337853: OpenEDS_000000071309, shape torch.Size([1, 1, 400, 640]), rank 0
2026-08-08 00:05:00.350307: predicting OpenEDS_000000071310
2026-08-08 00:05:00.351495: OpenEDS_000000071310, shape torch.Size([1, 1, 400, 640]), rank 0
2026-08-08 00:05:00.363648: predicting OpenEDS_000000071313
2026-08-08 00:05:00.364878: OpenEDS_000000071313, shape torch.Size([1, 1, 400, 640]), rank 0
2026-08-08 00:05:00.377558: predicting OpenEDS_000000071314
2026-08-08 00:05:00.378605: OpenEDS_000000071314, shape torch.Size([1, 1, 400, 640]), rank 0
2026-08-08 00:05:00.391152: predicting OpenEDS_000000071320
2026-08-08 00:05:00.392377: OpenEDS_000000071320, shape torch.Size([1, 1, 400, 640]), rank 0
2026-08-08 00:05:00.404944: predicting OpenEDS_000000073972
2026-08-08 00:05:00.406222: OpenEDS_000000073972, shape torch.Size([1, 1, 400, 640]), rank 0
2026-08-08 00:05:00.418724: predicting OpenEDS_000000073981
2026-08-08 00:05:00.419966: OpenEDS_000000073981, shape torch.Size([1, 1, 400, 640]), rank 0
2026-08-08 00:05:00.432300: predicting OpenEDS_000000073994
2026-08-08 00:05:00.433505: OpenEDS_000000073994, shape torch.Size([1, 1, 400, 640]), rank 0
2026-08-08 00:05:00.445764: predicting OpenEDS_000000074002
2026-08-08 00:05:00.446972: OpenEDS_000000074002, shape torch.Size([1, 1, 400, 640]), rank 0
2026-08-08 00:05:00.459923: predicting OpenEDS_000000074003
2026-08-08 00:05:00.460992: OpenEDS_000000074003, shape torch.Size([1, 1, 400, 640]), rank 0
2026-08-08 00:05:00.473410: predicting OpenEDS_000000074005
2026-08-08 00:05:00.474646: OpenEDS_000000074005, shape torch.Size([1, 1, 400, 640]), rank 0
2026-08-08 00:05:00.487167: predicting OpenEDS_000000074007
2026-08-08 00:05:00.488430: OpenEDS_000000074007, shape torch.Size([1, 1, 400, 640]), rank 0
2026-08-08 00:05:00.500588: predicting OpenEDS_000000074008
2026-08-08 00:05:00.501824: OpenEDS_000000074008, shape torch.Size([1, 1, 400, 640]), rank 0
2026-08-08 00:05:00.514103: predicting OpenEDS_000000074010
2026-08-08 00:05:00.515301: OpenEDS_000000074010, shape torch.Size([1, 1, 400, 640]), rank 0
2026-08-08 00:05:00.527933: predicting OpenEDS_000000074011
2026-08-08 00:05:00.528961: OpenEDS_000000074011, shape torch.Size([1, 1, 400, 640]), rank 0
2026-08-08 00:05:00.541154: predicting OpenEDS_000000074012
2026-08-08 00:05:00.542390: OpenEDS_000000074012, shape torch.Size([1, 1, 400, 640]), rank 0
2026-08-08 00:05:00.554862: predicting OpenEDS_000000074016
2026-08-08 00:05:00.556090: OpenEDS_000000074016, shape torch.Size([1, 1, 400, 640]), rank 0
2026-08-08 00:05:00.569088: predicting OpenEDS_000000074018
2026-08-08 00:05:00.570147: OpenEDS_000000074018, shape torch.Size([1, 1, 400, 640]), rank 0
2026-08-08 00:05:00.582413: predicting OpenEDS_000000074023
2026-08-08 00:05:00.583627: OpenEDS_000000074023, shape torch.Size([1, 1, 400, 640]), rank 0
2026-08-08 00:05:00.595860: predicting OpenEDS_000000074024
2026-08-08 00:05:00.597103: OpenEDS_000000074024, shape torch.Size([1, 1, 400, 640]), rank 0
2026-08-08 00:05:00.609673: predicting OpenEDS_000000074030
2026-08-08 00:05:00.610934: OpenEDS_000000074030, shape torch.Size([1, 1, 400, 640]), rank 0
2026-08-08 00:05:00.623141: predicting OpenEDS_000000074034
2026-08-08 00:05:00.624383: OpenEDS_000000074034, shape torch.Size([1, 1, 400, 640]), rank 0
2026-08-08 00:05:00.636942: predicting OpenEDS_000000074040
2026-08-08 00:05:00.638000: OpenEDS_000000074040, shape torch.Size([1, 1, 400, 640]), rank 0
2026-08-08 00:05:00.650189: predicting OpenEDS_000000074041
2026-08-08 00:05:00.651414: OpenEDS_000000074041, shape torch.Size([1, 1, 400, 640]), rank 0
2026-08-08 00:05:00.663687: predicting OpenEDS_000000074045
2026-08-08 00:05:00.664962: OpenEDS_000000074045, shape torch.Size([1, 1, 400, 640]), rank 0
2026-08-08 00:05:00.677202: predicting OpenEDS_000000074052
2026-08-08 00:05:00.678455: OpenEDS_000000074052, shape torch.Size([1, 1, 400, 640]), rank 0
2026-08-08 00:05:00.690596: predicting OpenEDS_000000074053
2026-08-08 00:05:00.691879: OpenEDS_000000074053, shape torch.Size([1, 1, 400, 640]), rank 0
2026-08-08 00:05:00.704163: predicting OpenEDS_000000074054
2026-08-08 00:05:00.705412: OpenEDS_000000074054, shape torch.Size([1, 1, 400, 640]), rank 0
2026-08-08 00:05:00.717656: predicting OpenEDS_000000074055
2026-08-08 00:05:00.718889: OpenEDS_000000074055, shape torch.Size([1, 1, 400, 640]), rank 0
2026-08-08 00:05:00.731078: predicting OpenEDS_000000076704
2026-08-08 00:05:00.732307: OpenEDS_000000076704, shape torch.Size([1, 1, 400, 640]), rank 0
2026-08-08 00:05:00.744558: predicting OpenEDS_000000076708
2026-08-08 00:05:00.745785: OpenEDS_000000076708, shape torch.Size([1, 1, 400, 640]), rank 0
2026-08-08 00:05:00.758087: predicting OpenEDS_000000076713
2026-08-08 00:05:00.759376: OpenEDS_000000076713, shape torch.Size([1, 1, 400, 640]), rank 0
2026-08-08 00:05:00.771553: predicting OpenEDS_000000076727
2026-08-08 00:05:00.772814: OpenEDS_000000076727, shape torch.Size([1, 1, 400, 640]), rank 0
2026-08-08 00:05:00.785126: predicting OpenEDS_000000076729
2026-08-08 00:05:00.786376: OpenEDS_000000076729, shape torch.Size([1, 1, 400, 640]), rank 0
2026-08-08 00:05:00.798907: predicting OpenEDS_000000076732
2026-08-08 00:05:00.800177: OpenEDS_000000076732, shape torch.Size([1, 1, 400, 640]), rank 0
2026-08-08 00:05:00.812805: predicting OpenEDS_000000076738
2026-08-08 00:05:00.814065: OpenEDS_000000076738, shape torch.Size([1, 1, 400, 640]), rank 0
2026-08-08 00:05:00.826343: predicting OpenEDS_000000076739
2026-08-08 00:05:00.827632: OpenEDS_000000076739, shape torch.Size([1, 1, 400, 640]), rank 0
2026-08-08 00:05:00.839816: predicting OpenEDS_000000076740
2026-08-08 00:05:00.841051: OpenEDS_000000076740, shape torch.Size([1, 1, 400, 640]), rank 0
2026-08-08 00:05:00.853366: predicting OpenEDS_000000076742
2026-08-08 00:05:00.854585: OpenEDS_000000076742, shape torch.Size([1, 1, 400, 640]), rank 0
2026-08-08 00:05:00.866820: predicting OpenEDS_000000076744
2026-08-08 00:05:00.868053: OpenEDS_000000076744, shape torch.Size([1, 1, 400, 640]), rank 0
2026-08-08 00:05:00.880256: predicting OpenEDS_000000076747
2026-08-08 00:05:00.881554: OpenEDS_000000076747, shape torch.Size([1, 1, 400, 640]), rank 0
2026-08-08 00:05:00.894073: predicting OpenEDS_000000076760
2026-08-08 00:05:00.895144: OpenEDS_000000076760, shape torch.Size([1, 1, 400, 640]), rank 0
2026-08-08 00:05:00.907162: predicting OpenEDS_000000076762
2026-08-08 00:05:00.908493: OpenEDS_000000076762, shape torch.Size([1, 1, 400, 640]), rank 0
2026-08-08 00:05:00.920648: predicting OpenEDS_000000076767
2026-08-08 00:05:00.921873: OpenEDS_000000076767, shape torch.Size([1, 1, 400, 640]), rank 0
2026-08-08 00:05:00.934062: predicting OpenEDS_000000076775
2026-08-08 00:05:00.935335: OpenEDS_000000076775, shape torch.Size([1, 1, 400, 640]), rank 0
2026-08-08 00:05:00.947913: predicting OpenEDS_000000076778
2026-08-08 00:05:00.949154: OpenEDS_000000076778, shape torch.Size([1, 1, 400, 640]), rank 0
2026-08-08 00:05:00.961692: predicting OpenEDS_000000076780
2026-08-08 00:05:00.962921: OpenEDS_000000076780, shape torch.Size([1, 1, 400, 640]), rank 0
2026-08-08 00:05:00.976048: predicting OpenEDS_000000076782
2026-08-08 00:05:00.977229: OpenEDS_000000076782, shape torch.Size([1, 1, 400, 640]), rank 0
2026-08-08 00:05:00.989854: predicting OpenEDS_000000076792
2026-08-08 00:05:00.991065: OpenEDS_000000076792, shape torch.Size([1, 1, 400, 640]), rank 0
2026-08-08 00:05:01.003407: predicting OpenEDS_000000076796
2026-08-08 00:05:01.004619: OpenEDS_000000076796, shape torch.Size([1, 1, 400, 640]), rank 0
2026-08-08 00:05:01.016973: predicting OpenEDS_000000076807
2026-08-08 00:05:01.018248: OpenEDS_000000076807, shape torch.Size([1, 1, 400, 640]), rank 0
2026-08-08 00:05:01.030726: predicting OpenEDS_000000076811
2026-08-08 00:05:01.031981: OpenEDS_000000076811, shape torch.Size([1, 1, 400, 640]), rank 0
2026-08-08 00:05:01.044249: predicting OpenEDS_000000076814
2026-08-08 00:05:01.045480: OpenEDS_000000076814, shape torch.Size([1, 1, 400, 640]), rank 0
2026-08-08 00:05:01.057988: predicting OpenEDS_000000076817
2026-08-08 00:05:01.059062: OpenEDS_000000076817, shape torch.Size([1, 1, 400, 640]), rank 0
2026-08-08 00:05:01.071332: predicting OpenEDS_000000076819
2026-08-08 00:05:01.072590: OpenEDS_000000076819, shape torch.Size([1, 1, 400, 640]), rank 0
2026-08-08 00:05:01.085188: predicting OpenEDS_000000076823
2026-08-08 00:05:01.086428: OpenEDS_000000076823, shape torch.Size([1, 1, 400, 640]), rank 0
2026-08-08 00:05:01.098957: predicting OpenEDS_000000076824
2026-08-08 00:05:01.100169: OpenEDS_000000076824, shape torch.Size([1, 1, 400, 640]), rank 0
2026-08-08 00:05:01.112541: predicting OpenEDS_000000076828
2026-08-08 00:05:01.113773: OpenEDS_000000076828, shape torch.Size([1, 1, 400, 640]), rank 0
2026-08-08 00:05:01.126103: predicting OpenEDS_000000076830
2026-08-08 00:05:01.127359: OpenEDS_000000076830, shape torch.Size([1, 1, 400, 640]), rank 0
2026-08-08 00:05:01.139961: predicting OpenEDS_000000076831
2026-08-08 00:05:01.140845: OpenEDS_000000076831, shape torch.Size([1, 1, 400, 640]), rank 0
2026-08-08 00:05:01.153117: predicting OpenEDS_000000076833
2026-08-08 00:05:01.154397: OpenEDS_000000076833, shape torch.Size([1, 1, 400, 640]), rank 0
2026-08-08 00:05:01.166728: predicting OpenEDS_000000076834
2026-08-08 00:05:01.168025: OpenEDS_000000076834, shape torch.Size([1, 1, 400, 640]), rank 0
2026-08-08 00:05:01.180274: predicting OpenEDS_000000076835
2026-08-08 00:05:01.181504: OpenEDS_000000076835, shape torch.Size([1, 1, 400, 640]), rank 0
2026-08-08 00:05:01.193662: predicting OpenEDS_000000079492
2026-08-08 00:05:01.194877: OpenEDS_000000079492, shape torch.Size([1, 1, 400, 640]), rank 0
2026-08-08 00:05:01.207172: predicting OpenEDS_000000079493
2026-08-08 00:05:01.208425: OpenEDS_000000079493, shape torch.Size([1, 1, 400, 640]), rank 0
2026-08-08 00:05:01.220701: predicting OpenEDS_000000079496
2026-08-08 00:05:01.221936: OpenEDS_000000079496, shape torch.Size([1, 1, 400, 640]), rank 0
2026-08-08 00:05:01.234097: predicting OpenEDS_000000079506
2026-08-08 00:05:01.235339: OpenEDS_000000079506, shape torch.Size([1, 1, 400, 640]), rank 0
2026-08-08 00:05:01.247635: predicting OpenEDS_000000079512
2026-08-08 00:05:01.248858: OpenEDS_000000079512, shape torch.Size([1, 1, 400, 640]), rank 0
2026-08-08 00:05:01.261346: predicting OpenEDS_000000079517
2026-08-08 00:05:01.262581: OpenEDS_000000079517, shape torch.Size([1, 1, 400, 640]), rank 0
2026-08-08 00:05:01.275085: predicting OpenEDS_000000079521
2026-08-08 00:05:01.276293: OpenEDS_000000079521, shape torch.Size([1, 1, 400, 640]), rank 0
2026-08-08 00:05:01.288683: predicting OpenEDS_000000079523
2026-08-08 00:05:01.289895: OpenEDS_000000079523, shape torch.Size([1, 1, 400, 640]), rank 0
2026-08-08 00:05:01.302228: predicting OpenEDS_000000079527
2026-08-08 00:05:01.303428: OpenEDS_000000079527, shape torch.Size([1, 1, 400, 640]), rank 0
2026-08-08 00:05:01.315856: predicting OpenEDS_000000079552
2026-08-08 00:05:01.316930: OpenEDS_000000079552, shape torch.Size([1, 1, 400, 640]), rank 0
2026-08-08 00:05:01.329024: predicting OpenEDS_000000079553
2026-08-08 00:05:01.330248: OpenEDS_000000079553, shape torch.Size([1, 1, 400, 640]), rank 0
2026-08-08 00:05:01.342494: predicting OpenEDS_000000079557
2026-08-08 00:05:01.343733: OpenEDS_000000079557, shape torch.Size([1, 1, 400, 640]), rank 0
2026-08-08 00:05:01.356020: predicting OpenEDS_000000079561
2026-08-08 00:05:01.357295: OpenEDS_000000079561, shape torch.Size([1, 1, 400, 640]), rank 0
2026-08-08 00:05:01.369560: predicting OpenEDS_000000079564
2026-08-08 00:05:01.370855: OpenEDS_000000079564, shape torch.Size([1, 1, 400, 640]), rank 0
2026-08-08 00:05:01.383075: predicting OpenEDS_000000079567
2026-08-08 00:05:01.384327: OpenEDS_000000079567, shape torch.Size([1, 1, 400, 640]), rank 0
2026-08-08 00:05:01.396634: predicting OpenEDS_000000082218
2026-08-08 00:05:01.397943: OpenEDS_000000082218, shape torch.Size([1, 1, 400, 640]), rank 0
2026-08-08 00:05:01.410252: predicting OpenEDS_000000082222
2026-08-08 00:05:01.411532: OpenEDS_000000082222, shape torch.Size([1, 1, 400, 640]), rank 0
2026-08-08 00:05:01.424213: predicting OpenEDS_000000082232
2026-08-08 00:05:01.425446: OpenEDS_000000082232, shape torch.Size([1, 1, 400, 640]), rank 0
2026-08-08 00:05:01.438005: predicting OpenEDS_000000082233
2026-08-08 00:05:01.439291: OpenEDS_000000082233, shape torch.Size([1, 1, 400, 640]), rank 0
2026-08-08 00:05:01.451932: predicting OpenEDS_000000082236
2026-08-08 00:05:01.453221: OpenEDS_000000082236, shape torch.Size([1, 1, 400, 640]), rank 0
2026-08-08 00:05:01.465825: predicting OpenEDS_000000082244
2026-08-08 00:05:01.467056: OpenEDS_000000082244, shape torch.Size([1, 1, 400, 640]), rank 0
2026-08-08 00:05:01.479444: predicting OpenEDS_000000082246
2026-08-08 00:05:01.480712: OpenEDS_000000082246, shape torch.Size([1, 1, 400, 640]), rank 0
2026-08-08 00:05:01.493199: predicting OpenEDS_000000082250
2026-08-08 00:05:01.494479: OpenEDS_000000082250, shape torch.Size([1, 1, 400, 640]), rank 0
2026-08-08 00:05:01.506678: predicting OpenEDS_000000082253
2026-08-08 00:05:01.507928: OpenEDS_000000082253, shape torch.Size([1, 1, 400, 640]), rank 0
2026-08-08 00:05:01.520925: predicting OpenEDS_000000082261
2026-08-08 00:05:01.521975: OpenEDS_000000082261, shape torch.Size([1, 1, 400, 640]), rank 0
2026-08-08 00:05:01.534295: predicting OpenEDS_000000082264
2026-08-08 00:05:01.535698: OpenEDS_000000082264, shape torch.Size([1, 1, 400, 640]), rank 0
2026-08-08 00:05:01.548173: predicting OpenEDS_000000082269
2026-08-08 00:05:01.549429: OpenEDS_000000082269, shape torch.Size([1, 1, 400, 640]), rank 0
2026-08-08 00:05:01.562137: predicting OpenEDS_000000082271
2026-08-08 00:05:01.563215: OpenEDS_000000082271, shape torch.Size([1, 1, 400, 640]), rank 0
2026-08-08 00:05:01.575750: predicting OpenEDS_000000082274
2026-08-08 00:05:01.576990: OpenEDS_000000082274, shape torch.Size([1, 1, 400, 640]), rank 0
2026-08-08 00:05:01.589650: predicting OpenEDS_000000082279
2026-08-08 00:05:01.590909: OpenEDS_000000082279, shape torch.Size([1, 1, 400, 640]), rank 0
2026-08-08 00:05:01.603853: predicting OpenEDS_000000082293
2026-08-08 00:05:01.605185: OpenEDS_000000082293, shape torch.Size([1, 1, 400, 640]), rank 0
2026-08-08 00:05:01.617621: predicting OpenEDS_000000084951
2026-08-08 00:05:01.618821: OpenEDS_000000084951, shape torch.Size([1, 1, 400, 640]), rank 0
2026-08-08 00:05:01.631092: predicting OpenEDS_000000084957
2026-08-08 00:05:01.632375: OpenEDS_000000084957, shape torch.Size([1, 1, 400, 640]), rank 0
2026-08-08 00:05:01.644582: predicting OpenEDS_000000084964
2026-08-08 00:05:01.645801: OpenEDS_000000084964, shape torch.Size([1, 1, 400, 640]), rank 0
2026-08-08 00:05:01.658071: predicting OpenEDS_000000084978
2026-08-08 00:05:01.659337: OpenEDS_000000084978, shape torch.Size([1, 1, 400, 640]), rank 0
2026-08-08 00:05:01.671877: predicting OpenEDS_000000084982
2026-08-08 00:05:01.673134: OpenEDS_000000084982, shape torch.Size([1, 1, 400, 640]), rank 0
2026-08-08 00:05:01.685376: predicting OpenEDS_000000084983
2026-08-08 00:05:01.686630: OpenEDS_000000084983, shape torch.Size([1, 1, 400, 640]), rank 0
2026-08-08 00:05:01.699277: predicting OpenEDS_000000084992
2026-08-08 00:05:01.700334: OpenEDS_000000084992, shape torch.Size([1, 1, 400, 640]), rank 0
2026-08-08 00:05:01.712733: predicting OpenEDS_000000084998
2026-08-08 00:05:01.713961: OpenEDS_000000084998, shape torch.Size([1, 1, 400, 640]), rank 0
2026-08-08 00:05:01.726478: predicting OpenEDS_000000084999
2026-08-08 00:05:01.727690: OpenEDS_000000084999, shape torch.Size([1, 1, 400, 640]), rank 0
2026-08-08 00:05:01.739877: predicting OpenEDS_000000085001
2026-08-08 00:05:01.741103: OpenEDS_000000085001, shape torch.Size([1, 1, 400, 640]), rank 0
2026-08-08 00:05:01.753542: predicting OpenEDS_000000085003
2026-08-08 00:05:01.754772: OpenEDS_000000085003, shape torch.Size([1, 1, 400, 640]), rank 0
2026-08-08 00:05:01.767263: predicting OpenEDS_000000085006
2026-08-08 00:05:01.768503: OpenEDS_000000085006, shape torch.Size([1, 1, 400, 640]), rank 0
2026-08-08 00:05:01.780725: predicting OpenEDS_000000085011
2026-08-08 00:05:01.781931: OpenEDS_000000085011, shape torch.Size([1, 1, 400, 640]), rank 0
2026-08-08 00:05:01.794242: predicting OpenEDS_000000085021
2026-08-08 00:05:01.795443: OpenEDS_000000085021, shape torch.Size([1, 1, 400, 640]), rank 0
2026-08-08 00:05:01.808078: predicting OpenEDS_000000085022
2026-08-08 00:05:01.809276: OpenEDS_000000085022, shape torch.Size([1, 1, 400, 640]), rank 0
2026-08-08 00:05:01.821762: predicting OpenEDS_000000085030
2026-08-08 00:05:01.822989: OpenEDS_000000085030, shape torch.Size([1, 1, 400, 640]), rank 0
2026-08-08 00:05:01.835779: predicting OpenEDS_000000085031
2026-08-08 00:05:01.837039: OpenEDS_000000085031, shape torch.Size([1, 1, 400, 640]), rank 0
2026-08-08 00:05:01.849354: predicting OpenEDS_000000085033
2026-08-08 00:05:01.850559: OpenEDS_000000085033, shape torch.Size([1, 1, 400, 640]), rank 0
2026-08-08 00:05:01.862925: predicting OpenEDS_000000087689
2026-08-08 00:05:01.864145: OpenEDS_000000087689, shape torch.Size([1, 1, 400, 640]), rank 0
2026-08-08 00:05:01.877198: predicting OpenEDS_000000087695
2026-08-08 00:05:01.878277: OpenEDS_000000087695, shape torch.Size([1, 1, 400, 640]), rank 0
2026-08-08 00:05:01.890785: predicting OpenEDS_000000087697
2026-08-08 00:05:01.891852: OpenEDS_000000087697, shape torch.Size([1, 1, 400, 640]), rank 0
2026-08-08 00:05:01.904376: predicting OpenEDS_000000087698
2026-08-08 00:05:01.905474: OpenEDS_000000087698, shape torch.Size([1, 1, 400, 640]), rank 0
2026-08-08 00:05:01.917679: predicting OpenEDS_000000087701
2026-08-08 00:05:01.919041: OpenEDS_000000087701, shape torch.Size([1, 1, 400, 640]), rank 0
2026-08-08 00:05:01.931880: predicting OpenEDS_000000087713
2026-08-08 00:05:01.933161: OpenEDS_000000087713, shape torch.Size([1, 1, 400, 640]), rank 0
2026-08-08 00:05:01.945970: predicting OpenEDS_000000087723
2026-08-08 00:05:01.947018: OpenEDS_000000087723, shape torch.Size([1, 1, 400, 640]), rank 0
2026-08-08 00:05:01.959170: predicting OpenEDS_000000087725
2026-08-08 00:05:01.960366: OpenEDS_000000087725, shape torch.Size([1, 1, 400, 640]), rank 0
2026-08-08 00:05:01.972588: predicting OpenEDS_000000087732
2026-08-08 00:05:01.973743: OpenEDS_000000087732, shape torch.Size([1, 1, 400, 640]), rank 0
2026-08-08 00:05:01.985856: predicting OpenEDS_000000087737
2026-08-08 00:05:01.987051: OpenEDS_000000087737, shape torch.Size([1, 1, 400, 640]), rank 0
2026-08-08 00:05:01.999317: predicting OpenEDS_000000087760
2026-08-08 00:05:02.000595: OpenEDS_000000087760, shape torch.Size([1, 1, 400, 640]), rank 0
2026-08-08 00:05:02.012771: predicting OpenEDS_000000087761
2026-08-08 00:05:02.013984: OpenEDS_000000087761, shape torch.Size([1, 1, 400, 640]), rank 0
2026-08-08 00:05:02.026094: predicting OpenEDS_000000087764
2026-08-08 00:05:02.027319: OpenEDS_000000087764, shape torch.Size([1, 1, 400, 640]), rank 0
2026-08-08 00:05:02.040042: predicting OpenEDS_000000090425
2026-08-08 00:05:02.041158: OpenEDS_000000090425, shape torch.Size([1, 1, 400, 640]), rank 0
2026-08-08 00:05:02.053351: predicting OpenEDS_000000090430
2026-08-08 00:05:02.054604: OpenEDS_000000090430, shape torch.Size([1, 1, 400, 640]), rank 0
2026-08-08 00:05:02.067026: predicting OpenEDS_000000090434
2026-08-08 00:05:02.068210: OpenEDS_000000090434, shape torch.Size([1, 1, 400, 640]), rank 0
2026-08-08 00:05:02.080838: predicting OpenEDS_000000090436
2026-08-08 00:05:02.082031: OpenEDS_000000090436, shape torch.Size([1, 1, 400, 640]), rank 0
2026-08-08 00:05:02.094507: predicting OpenEDS_000000090438
2026-08-08 00:05:02.095768: OpenEDS_000000090438, shape torch.Size([1, 1, 400, 640]), rank 0
2026-08-08 00:05:02.108414: predicting OpenEDS_000000090439
2026-08-08 00:05:02.109461: OpenEDS_000000090439, shape torch.Size([1, 1, 400, 640]), rank 0
2026-08-08 00:05:02.121557: predicting OpenEDS_000000090450
2026-08-08 00:05:02.122780: OpenEDS_000000090450, shape torch.Size([1, 1, 400, 640]), rank 0
2026-08-08 00:05:02.135300: predicting OpenEDS_000000090454
2026-08-08 00:05:02.136526: OpenEDS_000000090454, shape torch.Size([1, 1, 400, 640]), rank 0
2026-08-08 00:05:02.148840: predicting OpenEDS_000000090460
2026-08-08 00:05:02.150071: OpenEDS_000000090460, shape torch.Size([1, 1, 400, 640]), rank 0
2026-08-08 00:05:02.162506: predicting OpenEDS_000000090464
2026-08-08 00:05:02.163713: OpenEDS_000000090464, shape torch.Size([1, 1, 400, 640]), rank 0
2026-08-08 00:05:02.175910: predicting OpenEDS_000000090465
2026-08-08 00:05:02.177119: OpenEDS_000000090465, shape torch.Size([1, 1, 400, 640]), rank 0
2026-08-08 00:05:02.189391: predicting OpenEDS_000000090466
2026-08-08 00:05:02.190593: OpenEDS_000000090466, shape torch.Size([1, 1, 400, 640]), rank 0
2026-08-08 00:05:02.202802: predicting OpenEDS_000000090480
2026-08-08 00:05:02.204023: OpenEDS_000000090480, shape torch.Size([1, 1, 400, 640]), rank 0
2026-08-08 00:05:02.216261: predicting OpenEDS_000000090486
2026-08-08 00:05:02.217495: OpenEDS_000000090486, shape torch.Size([1, 1, 400, 640]), rank 0
2026-08-08 00:05:02.230110: predicting OpenEDS_000000090488
2026-08-08 00:05:02.231220: OpenEDS_000000090488, shape torch.Size([1, 1, 400, 640]), rank 0
2026-08-08 00:05:02.243285: predicting OpenEDS_000000090493
2026-08-08 00:05:02.244502: OpenEDS_000000090493, shape torch.Size([1, 1, 400, 640]), rank 0
2026-08-08 00:05:02.256811: predicting OpenEDS_000000090494
2026-08-08 00:05:02.258036: OpenEDS_000000090494, shape torch.Size([1, 1, 400, 640]), rank 0
2026-08-08 00:05:02.270239: predicting OpenEDS_000000090496
2026-08-08 00:05:02.271544: OpenEDS_000000090496, shape torch.Size([1, 1, 400, 640]), rank 0
2026-08-08 00:05:02.283689: predicting OpenEDS_000000090497
2026-08-08 00:05:02.284959: OpenEDS_000000090497, shape torch.Size([1, 1, 400, 640]), rank 0
2026-08-08 00:05:02.297175: predicting OpenEDS_000000090501
2026-08-08 00:05:02.298412: OpenEDS_000000090501, shape torch.Size([1, 1, 400, 640]), rank 0
2026-08-08 00:05:02.310578: predicting OpenEDS_000000090503
2026-08-08 00:05:02.311826: OpenEDS_000000090503, shape torch.Size([1, 1, 400, 640]), rank 0
2026-08-08 00:05:02.324067: predicting OpenEDS_000000090504
2026-08-08 00:05:02.325316: OpenEDS_000000090504, shape torch.Size([1, 1, 400, 640]), rank 0
2026-08-08 00:05:02.338217: predicting OpenEDS_000000090516
2026-08-08 00:05:02.339269: OpenEDS_000000090516, shape torch.Size([1, 1, 400, 640]), rank 0
2026-08-08 00:05:02.351525: predicting OpenEDS_000000090524
2026-08-08 00:05:02.352801: OpenEDS_000000090524, shape torch.Size([1, 1, 400, 640]), rank 0
2026-08-08 00:05:02.365040: predicting OpenEDS_000000090529
2026-08-08 00:05:02.366341: OpenEDS_000000090529, shape torch.Size([1, 1, 400, 640]), rank 0
2026-08-08 00:05:02.378494: predicting OpenEDS_000000093180
2026-08-08 00:05:02.379720: OpenEDS_000000093180, shape torch.Size([1, 1, 400, 640]), rank 0
2026-08-08 00:05:02.391935: predicting OpenEDS_000000093184
2026-08-08 00:05:02.393199: OpenEDS_000000093184, shape torch.Size([1, 1, 400, 640]), rank 0
2026-08-08 00:05:02.405399: predicting OpenEDS_000000093185
2026-08-08 00:05:02.406598: OpenEDS_000000093185, shape torch.Size([1, 1, 400, 640]), rank 0
2026-08-08 00:05:02.418951: predicting OpenEDS_000000093188
2026-08-08 00:05:02.420200: OpenEDS_000000093188, shape torch.Size([1, 1, 400, 640]), rank 0
2026-08-08 00:05:02.432637: predicting OpenEDS_000000093194
2026-08-08 00:05:02.433879: OpenEDS_000000093194, shape torch.Size([1, 1, 400, 640]), rank 0
2026-08-08 00:05:02.446393: predicting OpenEDS_000000093197
2026-08-08 00:05:02.447624: OpenEDS_000000093197, shape torch.Size([1, 1, 400, 640]), rank 0
2026-08-08 00:05:02.460058: predicting OpenEDS_000000093198
2026-08-08 00:05:02.461307: OpenEDS_000000093198, shape torch.Size([1, 1, 400, 640]), rank 0
2026-08-08 00:05:02.473510: predicting OpenEDS_000000093217
2026-08-08 00:05:02.474759: OpenEDS_000000093217, shape torch.Size([1, 1, 400, 640]), rank 0
2026-08-08 00:05:02.486917: predicting OpenEDS_000000093220
2026-08-08 00:05:02.488170: OpenEDS_000000093220, shape torch.Size([1, 1, 400, 640]), rank 0
2026-08-08 00:05:02.500434: predicting OpenEDS_000000093224
2026-08-08 00:05:02.501645: OpenEDS_000000093224, shape torch.Size([1, 1, 400, 640]), rank 0
2026-08-08 00:05:02.514236: predicting OpenEDS_000000093228
2026-08-08 00:05:02.515460: OpenEDS_000000093228, shape torch.Size([1, 1, 400, 640]), rank 0
2026-08-08 00:05:02.528072: predicting OpenEDS_000000093233
2026-08-08 00:05:02.529346: OpenEDS_000000093233, shape torch.Size([1, 1, 400, 640]), rank 0
2026-08-08 00:05:02.541853: predicting OpenEDS_000000093237
2026-08-08 00:05:02.543059: OpenEDS_000000093237, shape torch.Size([1, 1, 400, 640]), rank 0
2026-08-08 00:05:02.555457: predicting OpenEDS_000000093238
2026-08-08 00:05:02.556795: OpenEDS_000000093238, shape torch.Size([1, 1, 400, 640]), rank 0
2026-08-08 00:05:02.569025: predicting OpenEDS_000000093242
2026-08-08 00:05:02.570285: OpenEDS_000000093242, shape torch.Size([1, 1, 400, 640]), rank 0
2026-08-08 00:05:02.582599: predicting OpenEDS_000000093247
2026-08-08 00:05:02.583848: OpenEDS_000000093247, shape torch.Size([1, 1, 400, 640]), rank 0
2026-08-08 00:05:02.596013: predicting OpenEDS_000000093254
2026-08-08 00:05:02.597287: OpenEDS_000000093254, shape torch.Size([1, 1, 400, 640]), rank 0
2026-08-08 00:05:02.609460: predicting OpenEDS_000000093289
2026-08-08 00:05:02.610768: OpenEDS_000000093289, shape torch.Size([1, 1, 400, 640]), rank 0
2026-08-08 00:05:02.622967: predicting OpenEDS_000000093297
2026-08-08 00:05:02.624165: OpenEDS_000000093297, shape torch.Size([1, 1, 400, 640]), rank 0
2026-08-08 00:05:02.636389: predicting OpenEDS_000000093306
2026-08-08 00:05:02.637608: OpenEDS_000000093306, shape torch.Size([1, 1, 400, 640]), rank 0
2026-08-08 00:05:02.649812: predicting OpenEDS_000000093307
2026-08-08 00:05:02.651114: OpenEDS_000000093307, shape torch.Size([1, 1, 400, 640]), rank 0
2026-08-08 00:05:02.663377: predicting OpenEDS_000000093311
2026-08-08 00:05:02.664694: OpenEDS_000000093311, shape torch.Size([1, 1, 400, 640]), rank 0
2026-08-08 00:05:02.677221: predicting OpenEDS_000000093312
2026-08-08 00:05:02.678483: OpenEDS_000000093312, shape torch.Size([1, 1, 400, 640]), rank 0
2026-08-08 00:05:02.690923: predicting OpenEDS_000000095971
2026-08-08 00:05:02.692138: OpenEDS_000000095971, shape torch.Size([1, 1, 400, 640]), rank 0
2026-08-08 00:05:02.704627: predicting OpenEDS_000000095976
2026-08-08 00:05:02.705863: OpenEDS_000000095976, shape torch.Size([1, 1, 400, 640]), rank 0
2026-08-08 00:05:02.718112: predicting OpenEDS_000000095981
2026-08-08 00:05:02.719374: OpenEDS_000000095981, shape torch.Size([1, 1, 400, 640]), rank 0
2026-08-08 00:05:02.731671: predicting OpenEDS_000000095984
2026-08-08 00:05:02.732890: OpenEDS_000000095984, shape torch.Size([1, 1, 400, 640]), rank 0
2026-08-08 00:05:02.745141: predicting OpenEDS_000000095990
2026-08-08 00:05:02.746395: OpenEDS_000000095990, shape torch.Size([1, 1, 400, 640]), rank 0
2026-08-08 00:05:02.758609: predicting OpenEDS_000000095995
2026-08-08 00:05:02.759894: OpenEDS_000000095995, shape torch.Size([1, 1, 400, 640]), rank 0
2026-08-08 00:05:02.772985: predicting OpenEDS_000000096003
2026-08-08 00:05:02.774070: OpenEDS_000000096003, shape torch.Size([1, 1, 400, 640]), rank 0
2026-08-08 00:05:02.786576: predicting OpenEDS_000000096007
2026-08-08 00:05:02.787790: OpenEDS_000000096007, shape torch.Size([1, 1, 400, 640]), rank 0
2026-08-08 00:05:02.800127: predicting OpenEDS_000000096013
2026-08-08 00:05:02.801378: OpenEDS_000000096013, shape torch.Size([1, 1, 400, 640]), rank 0
2026-08-08 00:05:02.814020: predicting OpenEDS_000000096022
2026-08-08 00:05:02.815270: OpenEDS_000000096022, shape torch.Size([1, 1, 400, 640]), rank 0
2026-08-08 00:05:02.827574: predicting OpenEDS_000000096034
2026-08-08 00:05:02.828884: OpenEDS_000000096034, shape torch.Size([1, 1, 400, 640]), rank 0
2026-08-08 00:05:02.841178: predicting OpenEDS_000000096052
2026-08-08 00:05:02.842436: OpenEDS_000000096052, shape torch.Size([1, 1, 400, 640]), rank 0
2026-08-08 00:05:02.854595: predicting OpenEDS_000000096057
2026-08-08 00:05:02.855890: OpenEDS_000000096057, shape torch.Size([1, 1, 400, 640]), rank 0
2026-08-08 00:05:02.868148: predicting OpenEDS_000000096059
2026-08-08 00:05:02.869351: OpenEDS_000000096059, shape torch.Size([1, 1, 400, 640]), rank 0
2026-08-08 00:05:02.881550: predicting OpenEDS_000000096061
2026-08-08 00:05:02.882816: OpenEDS_000000096061, shape torch.Size([1, 1, 400, 640]), rank 0
2026-08-08 00:05:02.895312: predicting OpenEDS_000000096065
2026-08-08 00:05:02.896577: OpenEDS_000000096065, shape torch.Size([1, 1, 400, 640]), rank 0
2026-08-08 00:05:02.908875: predicting OpenEDS_000000098715
2026-08-08 00:05:02.910107: OpenEDS_000000098715, shape torch.Size([1, 1, 400, 640]), rank 0
2026-08-08 00:05:02.922390: predicting OpenEDS_000000098717
2026-08-08 00:05:02.923641: OpenEDS_000000098717, shape torch.Size([1, 1, 400, 640]), rank 0
2026-08-08 00:05:02.935886: predicting OpenEDS_000000098721
2026-08-08 00:05:02.937072: OpenEDS_000000098721, shape torch.Size([1, 1, 400, 640]), rank 0
2026-08-08 00:05:02.949351: predicting OpenEDS_000000098722
2026-08-08 00:05:02.950654: OpenEDS_000000098722, shape torch.Size([1, 1, 400, 640]), rank 0
2026-08-08 00:05:02.962798: predicting OpenEDS_000000098727
2026-08-08 00:05:02.964033: OpenEDS_000000098727, shape torch.Size([1, 1, 400, 640]), rank 0
2026-08-08 00:05:02.976350: predicting OpenEDS_000000098735
2026-08-08 00:05:02.977562: OpenEDS_000000098735, shape torch.Size([1, 1, 400, 640]), rank 0
2026-08-08 00:05:02.989760: predicting OpenEDS_000000098739
2026-08-08 00:05:02.990990: OpenEDS_000000098739, shape torch.Size([1, 1, 400, 640]), rank 0
2026-08-08 00:05:03.003644: predicting OpenEDS_000000098745
2026-08-08 00:05:03.004915: OpenEDS_000000098745, shape torch.Size([1, 1, 400, 640]), rank 0
2026-08-08 00:05:03.017144: predicting OpenEDS_000000098751
2026-08-08 00:05:03.018429: OpenEDS_000000098751, shape torch.Size([1, 1, 400, 640]), rank 0
2026-08-08 00:05:03.030609: predicting OpenEDS_000000098752
2026-08-08 00:05:03.031871: OpenEDS_000000098752, shape torch.Size([1, 1, 400, 640]), rank 0
2026-08-08 00:05:03.044098: predicting OpenEDS_000000098761
2026-08-08 00:05:03.045350: OpenEDS_000000098761, shape torch.Size([1, 1, 400, 640]), rank 0
2026-08-08 00:05:03.057570: predicting OpenEDS_000000098765
2026-08-08 00:05:03.058821: OpenEDS_000000098765, shape torch.Size([1, 1, 400, 640]), rank 0
2026-08-08 00:05:03.071017: predicting OpenEDS_000000098770
2026-08-08 00:05:03.072280: OpenEDS_000000098770, shape torch.Size([1, 1, 400, 640]), rank 0
2026-08-08 00:05:03.084559: predicting OpenEDS_000000098776
2026-08-08 00:05:03.085804: OpenEDS_000000098776, shape torch.Size([1, 1, 400, 640]), rank 0
2026-08-08 00:05:03.098072: predicting OpenEDS_000000098778
2026-08-08 00:05:03.099261: OpenEDS_000000098778, shape torch.Size([1, 1, 400, 640]), rank 0
2026-08-08 00:05:03.111506: predicting OpenEDS_000000098781
2026-08-08 00:05:03.112738: OpenEDS_000000098781, shape torch.Size([1, 1, 400, 640]), rank 0
2026-08-08 00:05:03.124911: predicting OpenEDS_000000098786
2026-08-08 00:05:03.126144: OpenEDS_000000098786, shape torch.Size([1, 1, 400, 640]), rank 0
2026-08-08 00:05:03.138392: predicting OpenEDS_000000098789
2026-08-08 00:05:03.139691: OpenEDS_000000098789, shape torch.Size([1, 1, 400, 640]), rank 0
2026-08-08 00:05:03.151881: predicting OpenEDS_000000098794
2026-08-08 00:05:03.153114: OpenEDS_000000098794, shape torch.Size([1, 1, 400, 640]), rank 0
2026-08-08 00:05:03.165334: predicting OpenEDS_000000098795
2026-08-08 00:05:03.166570: OpenEDS_000000098795, shape torch.Size([1, 1, 400, 640]), rank 0
2026-08-08 00:05:03.178813: predicting OpenEDS_000000098798
2026-08-08 00:05:03.180075: OpenEDS_000000098798, shape torch.Size([1, 1, 400, 640]), rank 0
2026-08-08 00:05:03.192295: predicting OpenEDS_000000098803
2026-08-08 00:05:03.193510: OpenEDS_000000098803, shape torch.Size([1, 1, 400, 640]), rank 0
2026-08-08 00:05:03.205818: predicting OpenEDS_000000098805
2026-08-08 00:05:03.207118: OpenEDS_000000098805, shape torch.Size([1, 1, 400, 640]), rank 0
2026-08-08 00:05:03.219393: predicting OpenEDS_000000098806
2026-08-08 00:05:03.220710: OpenEDS_000000098806, shape torch.Size([1, 1, 400, 640]), rank 0
2026-08-08 00:05:03.233245: predicting OpenEDS_000000098813
2026-08-08 00:05:03.234306: OpenEDS_000000098813, shape torch.Size([1, 1, 400, 640]), rank 0
2026-08-08 00:05:03.246422: predicting OpenEDS_000000098820
2026-08-08 00:05:03.247697: OpenEDS_000000098820, shape torch.Size([1, 1, 400, 640]), rank 0
2026-08-08 00:05:03.260288: predicting OpenEDS_000000101475
2026-08-08 00:05:03.261546: OpenEDS_000000101475, shape torch.Size([1, 1, 400, 640]), rank 0
2026-08-08 00:05:03.274520: predicting OpenEDS_000000101478
2026-08-08 00:05:03.275543: OpenEDS_000000101478, shape torch.Size([1, 1, 400, 640]), rank 0
2026-08-08 00:05:03.288548: predicting OpenEDS_000000101494
2026-08-08 00:05:03.289622: OpenEDS_000000101494, shape torch.Size([1, 1, 400, 640]), rank 0
2026-08-08 00:05:03.302038: predicting OpenEDS_000000101495
2026-08-08 00:05:03.303259: OpenEDS_000000101495, shape torch.Size([1, 1, 400, 640]), rank 0
2026-08-08 00:05:03.315643: predicting OpenEDS_000000101497
2026-08-08 00:05:03.316923: OpenEDS_000000101497, shape torch.Size([1, 1, 400, 640]), rank 0
2026-08-08 00:05:03.329269: predicting OpenEDS_000000101500
2026-08-08 00:05:03.330477: OpenEDS_000000101500, shape torch.Size([1, 1, 400, 640]), rank 0
2026-08-08 00:05:03.343132: predicting OpenEDS_000000101503
2026-08-08 00:05:03.344165: OpenEDS_000000101503, shape torch.Size([1, 1, 400, 640]), rank 0
2026-08-08 00:05:03.356477: predicting OpenEDS_000000101507
2026-08-08 00:05:03.357703: OpenEDS_000000101507, shape torch.Size([1, 1, 400, 640]), rank 0
2026-08-08 00:05:03.369937: predicting OpenEDS_000000101513
2026-08-08 00:05:03.371161: OpenEDS_000000101513, shape torch.Size([1, 1, 400, 640]), rank 0
2026-08-08 00:05:03.383796: predicting OpenEDS_000000101514
2026-08-08 00:05:03.385021: OpenEDS_000000101514, shape torch.Size([1, 1, 400, 640]), rank 0
2026-08-08 00:05:03.397416: predicting OpenEDS_000000101516
2026-08-08 00:05:03.398711: OpenEDS_000000101516, shape torch.Size([1, 1, 400, 640]), rank 0
2026-08-08 00:05:03.410924: predicting OpenEDS_000000101519
2026-08-08 00:05:03.412251: OpenEDS_000000101519, shape torch.Size([1, 1, 400, 640]), rank 0
2026-08-08 00:05:03.424530: predicting OpenEDS_000000101525
2026-08-08 00:05:03.425791: OpenEDS_000000101525, shape torch.Size([1, 1, 400, 640]), rank 0
2026-08-08 00:05:03.438114: predicting OpenEDS_000000101531
2026-08-08 00:05:03.439389: OpenEDS_000000101531, shape torch.Size([1, 1, 400, 640]), rank 0
2026-08-08 00:05:03.451908: predicting OpenEDS_000000101533
2026-08-08 00:05:03.453168: OpenEDS_000000101533, shape torch.Size([1, 1, 400, 640]), rank 0
2026-08-08 00:05:03.465544: predicting OpenEDS_000000101541
2026-08-08 00:05:03.466822: OpenEDS_000000101541, shape torch.Size([1, 1, 400, 640]), rank 0
2026-08-08 00:05:03.479491: predicting OpenEDS_000000101558
2026-08-08 00:05:03.480586: OpenEDS_000000101558, shape torch.Size([1, 1, 400, 640]), rank 0
2026-08-08 00:05:03.492775: predicting OpenEDS_000000101561
2026-08-08 00:05:03.494016: OpenEDS_000000101561, shape torch.Size([1, 1, 400, 640]), rank 0
2026-08-08 00:05:03.506768: predicting OpenEDS_000000101562
2026-08-08 00:05:03.508017: OpenEDS_000000101562, shape torch.Size([1, 1, 400, 640]), rank 0
2026-08-08 00:05:03.520654: predicting OpenEDS_000000101565
2026-08-08 00:05:03.521961: OpenEDS_000000101565, shape torch.Size([1, 1, 400, 640]), rank 0
2026-08-08 00:05:03.535101: predicting OpenEDS_000000104214
2026-08-08 00:05:03.536163: OpenEDS_000000104214, shape torch.Size([1, 1, 400, 640]), rank 0
2026-08-08 00:05:03.549091: predicting OpenEDS_000000104215
2026-08-08 00:05:03.550179: OpenEDS_000000104215, shape torch.Size([1, 1, 400, 640]), rank 0
2026-08-08 00:05:03.562540: predicting OpenEDS_000000104217
2026-08-08 00:05:03.563832: OpenEDS_000000104217, shape torch.Size([1, 1, 400, 640]), rank 0
2026-08-08 00:05:03.576061: predicting OpenEDS_000000104219
2026-08-08 00:05:03.577294: OpenEDS_000000104219, shape torch.Size([1, 1, 400, 640]), rank 0
2026-08-08 00:05:03.589675: predicting OpenEDS_000000104222
2026-08-08 00:05:03.590891: OpenEDS_000000104222, shape torch.Size([1, 1, 400, 640]), rank 0
2026-08-08 00:05:03.603061: predicting OpenEDS_000000104223
2026-08-08 00:05:03.604358: OpenEDS_000000104223, shape torch.Size([1, 1, 400, 640]), rank 0
2026-08-08 00:05:03.616827: predicting OpenEDS_000000104224
2026-08-08 00:05:03.618123: OpenEDS_000000104224, shape torch.Size([1, 1, 400, 640]), rank 0
2026-08-08 00:05:03.630753: predicting OpenEDS_000000104226
2026-08-08 00:05:03.632032: OpenEDS_000000104226, shape torch.Size([1, 1, 400, 640]), rank 0
2026-08-08 00:05:03.644317: predicting OpenEDS_000000104227
2026-08-08 00:05:03.645508: OpenEDS_000000104227, shape torch.Size([1, 1, 400, 640]), rank 0
2026-08-08 00:05:03.657792: predicting OpenEDS_000000104230
2026-08-08 00:05:03.659064: OpenEDS_000000104230, shape torch.Size([1, 1, 400, 640]), rank 0
2026-08-08 00:05:03.671293: predicting OpenEDS_000000104233
2026-08-08 00:05:03.672556: OpenEDS_000000104233, shape torch.Size([1, 1, 400, 640]), rank 0
2026-08-08 00:05:03.684703: predicting OpenEDS_000000104235
2026-08-08 00:05:03.685917: OpenEDS_000000104235, shape torch.Size([1, 1, 400, 640]), rank 0
2026-08-08 00:05:03.698265: predicting OpenEDS_000000104239
2026-08-08 00:05:03.699474: OpenEDS_000000104239, shape torch.Size([1, 1, 400, 640]), rank 0
2026-08-08 00:05:03.711772: predicting OpenEDS_000000104244
2026-08-08 00:05:03.713042: OpenEDS_000000104244, shape torch.Size([1, 1, 400, 640]), rank 0
2026-08-08 00:05:03.725750: predicting OpenEDS_000000104249
2026-08-08 00:05:03.726821: OpenEDS_000000104249, shape torch.Size([1, 1, 400, 640]), rank 0
2026-08-08 00:05:03.739029: predicting OpenEDS_000000104251
2026-08-08 00:05:03.740245: OpenEDS_000000104251, shape torch.Size([1, 1, 400, 640]), rank 0
2026-08-08 00:05:03.752438: predicting OpenEDS_000000104260
2026-08-08 00:05:03.753692: OpenEDS_000000104260, shape torch.Size([1, 1, 400, 640]), rank 0
2026-08-08 00:05:03.765932: predicting OpenEDS_000000104261
2026-08-08 00:05:03.767220: OpenEDS_000000104261, shape torch.Size([1, 1, 400, 640]), rank 0
2026-08-08 00:05:03.779557: predicting OpenEDS_000000104266
2026-08-08 00:05:03.780793: OpenEDS_000000104266, shape torch.Size([1, 1, 400, 640]), rank 0
2026-08-08 00:05:03.793003: predicting OpenEDS_000000104276
2026-08-08 00:05:03.794291: OpenEDS_000000104276, shape torch.Size([1, 1, 400, 640]), rank 0
2026-08-08 00:05:03.806523: predicting OpenEDS_000000106929
2026-08-08 00:05:03.807768: OpenEDS_000000106929, shape torch.Size([1, 1, 400, 640]), rank 0
2026-08-08 00:05:03.819943: predicting OpenEDS_000000106930
2026-08-08 00:05:03.821214: OpenEDS_000000106930, shape torch.Size([1, 1, 400, 640]), rank 0
2026-08-08 00:05:03.833656: predicting OpenEDS_000000106940
2026-08-08 00:05:03.834855: OpenEDS_000000106940, shape torch.Size([1, 1, 400, 640]), rank 0
2026-08-08 00:05:03.847117: predicting OpenEDS_000000106948
2026-08-08 00:05:03.848349: OpenEDS_000000106948, shape torch.Size([1, 1, 400, 640]), rank 0
2026-08-08 00:05:03.860564: predicting OpenEDS_000000106955
2026-08-08 00:05:03.861814: OpenEDS_000000106955, shape torch.Size([1, 1, 400, 640]), rank 0
2026-08-08 00:05:03.874089: predicting OpenEDS_000000106956
2026-08-08 00:05:03.875413: OpenEDS_000000106956, shape torch.Size([1, 1, 400, 640]), rank 0
2026-08-08 00:05:03.887730: predicting OpenEDS_000000106959
2026-08-08 00:05:03.889014: OpenEDS_000000106959, shape torch.Size([1, 1, 400, 640]), rank 0
2026-08-08 00:05:03.901193: predicting OpenEDS_000000106963
2026-08-08 00:05:03.902440: OpenEDS_000000106963, shape torch.Size([1, 1, 400, 640]), rank 0
2026-08-08 00:05:03.914732: predicting OpenEDS_000000106971
2026-08-08 00:05:03.915980: OpenEDS_000000106971, shape torch.Size([1, 1, 400, 640]), rank 0
2026-08-08 00:05:03.928154: predicting OpenEDS_000000106982
2026-08-08 00:05:03.929431: OpenEDS_000000106982, shape torch.Size([1, 1, 400, 640]), rank 0
2026-08-08 00:05:03.941643: predicting OpenEDS_000000106986
2026-08-08 00:05:03.942896: OpenEDS_000000106986, shape torch.Size([1, 1, 400, 640]), rank 0
2026-08-08 00:05:03.955076: predicting OpenEDS_000000106990
2026-08-08 00:05:03.956326: OpenEDS_000000106990, shape torch.Size([1, 1, 400, 640]), rank 0
2026-08-08 00:05:03.968565: predicting OpenEDS_000000109635
2026-08-08 00:05:03.969850: OpenEDS_000000109635, shape torch.Size([1, 1, 400, 640]), rank 0
2026-08-08 00:05:03.982128: predicting OpenEDS_000000109642
2026-08-08 00:05:03.983381: OpenEDS_000000109642, shape torch.Size([1, 1, 400, 640]), rank 0
2026-08-08 00:05:03.995584: predicting OpenEDS_000000109644
2026-08-08 00:05:03.996848: OpenEDS_000000109644, shape torch.Size([1, 1, 400, 640]), rank 0
2026-08-08 00:05:04.009259: predicting OpenEDS_000000109648
2026-08-08 00:05:04.010503: OpenEDS_000000109648, shape torch.Size([1, 1, 400, 640]), rank 0
2026-08-08 00:05:04.022756: predicting OpenEDS_000000109653
2026-08-08 00:05:04.023994: OpenEDS_000000109653, shape torch.Size([1, 1, 400, 640]), rank 0
2026-08-08 00:05:04.036212: predicting OpenEDS_000000109654
2026-08-08 00:05:04.037442: OpenEDS_000000109654, shape torch.Size([1, 1, 400, 640]), rank 0
2026-08-08 00:05:04.049601: predicting OpenEDS_000000109661
2026-08-08 00:05:04.050861: OpenEDS_000000109661, shape torch.Size([1, 1, 400, 640]), rank 0
2026-08-08 00:05:04.063126: predicting OpenEDS_000000109667
2026-08-08 00:05:04.064404: OpenEDS_000000109667, shape torch.Size([1, 1, 400, 640]), rank 0
2026-08-08 00:05:04.076967: predicting OpenEDS_000000109676
2026-08-08 00:05:04.078211: OpenEDS_000000109676, shape torch.Size([1, 1, 400, 640]), rank 0
2026-08-08 00:05:04.090718: predicting OpenEDS_000000109677
2026-08-08 00:05:04.092006: OpenEDS_000000109677, shape torch.Size([1, 1, 400, 640]), rank 0
2026-08-08 00:05:04.104640: predicting OpenEDS_000000109683
2026-08-08 00:05:04.105870: OpenEDS_000000109683, shape torch.Size([1, 1, 400, 640]), rank 0
2026-08-08 00:05:04.118372: predicting OpenEDS_000000109689
2026-08-08 00:05:04.119630: OpenEDS_000000109689, shape torch.Size([1, 1, 400, 640]), rank 0
2026-08-08 00:05:04.131948: predicting OpenEDS_000000109693
2026-08-08 00:05:04.133178: OpenEDS_000000109693, shape torch.Size([1, 1, 400, 640]), rank 0
2026-08-08 00:05:04.145380: predicting OpenEDS_000000109698
2026-08-08 00:05:04.146672: OpenEDS_000000109698, shape torch.Size([1, 1, 400, 640]), rank 0
2026-08-08 00:05:04.158986: predicting OpenEDS_000000112355
2026-08-08 00:05:04.160245: OpenEDS_000000112355, shape torch.Size([1, 1, 400, 640]), rank 0
2026-08-08 00:05:04.172424: predicting OpenEDS_000000112358
2026-08-08 00:05:04.173645: OpenEDS_000000112358, shape torch.Size([1, 1, 400, 640]), rank 0
2026-08-08 00:05:04.185864: predicting OpenEDS_000000112359
2026-08-08 00:05:04.187084: OpenEDS_000000112359, shape torch.Size([1, 1, 400, 640]), rank 0
2026-08-08 00:05:04.199272: predicting OpenEDS_000000112365
2026-08-08 00:05:04.200498: OpenEDS_000000112365, shape torch.Size([1, 1, 400, 640]), rank 0
2026-08-08 00:05:04.213217: predicting OpenEDS_000000112373
2026-08-08 00:05:04.214417: OpenEDS_000000112373, shape torch.Size([1, 1, 400, 640]), rank 0
2026-08-08 00:05:04.227028: predicting OpenEDS_000000112376
2026-08-08 00:05:04.228322: OpenEDS_000000112376, shape torch.Size([1, 1, 400, 640]), rank 0
2026-08-08 00:05:04.240639: predicting OpenEDS_000000112378
2026-08-08 00:05:04.241895: OpenEDS_000000112378, shape torch.Size([1, 1, 400, 640]), rank 0
2026-08-08 00:05:04.254343: predicting OpenEDS_000000112381
2026-08-08 00:05:04.255585: OpenEDS_000000112381, shape torch.Size([1, 1, 400, 640]), rank 0
2026-08-08 00:05:04.267908: predicting OpenEDS_000000112387
2026-08-08 00:05:04.269164: OpenEDS_000000112387, shape torch.Size([1, 1, 400, 640]), rank 0
2026-08-08 00:05:04.281973: predicting OpenEDS_000000112388
2026-08-08 00:05:04.283221: OpenEDS_000000112388, shape torch.Size([1, 1, 400, 640]), rank 0
2026-08-08 00:05:04.295528: predicting OpenEDS_000000112389
2026-08-08 00:05:04.296816: OpenEDS_000000112389, shape torch.Size([1, 1, 400, 640]), rank 0
2026-08-08 00:05:04.309132: predicting OpenEDS_000000112390
2026-08-08 00:05:04.310401: OpenEDS_000000112390, shape torch.Size([1, 1, 400, 640]), rank 0
2026-08-08 00:05:04.322650: predicting OpenEDS_000000112406
2026-08-08 00:05:04.323882: OpenEDS_000000112406, shape torch.Size([1, 1, 400, 640]), rank 0
2026-08-08 00:05:04.336162: predicting OpenEDS_000000112410
2026-08-08 00:05:04.337336: OpenEDS_000000112410, shape torch.Size([1, 1, 400, 640]), rank 0
2026-08-08 00:05:04.349597: predicting OpenEDS_000000115059
2026-08-08 00:05:04.350873: OpenEDS_000000115059, shape torch.Size([1, 1, 400, 640]), rank 0
2026-08-08 00:05:04.363092: predicting OpenEDS_000000115067
2026-08-08 00:05:04.364296: OpenEDS_000000115067, shape torch.Size([1, 1, 400, 640]), rank 0
2026-08-08 00:05:04.376964: predicting OpenEDS_000000115077
2026-08-08 00:05:04.378002: OpenEDS_000000115077, shape torch.Size([1, 1, 400, 640]), rank 0
2026-08-08 00:05:04.390127: predicting OpenEDS_000000115086
2026-08-08 00:05:04.391440: OpenEDS_000000115086, shape torch.Size([1, 1, 400, 640]), rank 0
2026-08-08 00:05:04.403982: predicting OpenEDS_000000115089
2026-08-08 00:05:04.405205: OpenEDS_000000115089, shape torch.Size([1, 1, 400, 640]), rank 0
2026-08-08 00:05:04.417455: predicting OpenEDS_000000115091
2026-08-08 00:05:04.418730: OpenEDS_000000115091, shape torch.Size([1, 1, 400, 640]), rank 0
2026-08-08 00:05:04.431100: predicting OpenEDS_000000115093
2026-08-08 00:05:04.432349: OpenEDS_000000115093, shape torch.Size([1, 1, 400, 640]), rank 0
2026-08-08 00:05:04.444633: predicting OpenEDS_000000115104
2026-08-08 00:05:04.445920: OpenEDS_000000115104, shape torch.Size([1, 1, 400, 640]), rank 0
2026-08-08 00:05:04.458103: predicting OpenEDS_000000115105
2026-08-08 00:05:04.459310: OpenEDS_000000115105, shape torch.Size([1, 1, 400, 640]), rank 0
2026-08-08 00:05:04.471637: predicting OpenEDS_000000115109
2026-08-08 00:05:04.472864: OpenEDS_000000115109, shape torch.Size([1, 1, 400, 640]), rank 0
2026-08-08 00:05:04.485515: predicting OpenEDS_000000115112
2026-08-08 00:05:04.486808: OpenEDS_000000115112, shape torch.Size([1, 1, 400, 640]), rank 0
2026-08-08 00:05:04.499500: predicting OpenEDS_000000115116
2026-08-08 00:05:04.500824: OpenEDS_000000115116, shape torch.Size([1, 1, 400, 640]), rank 0
2026-08-08 00:05:04.513252: predicting OpenEDS_000000115123
2026-08-08 00:05:04.514490: OpenEDS_000000115123, shape torch.Size([1, 1, 400, 640]), rank 0
2026-08-08 00:05:04.526817: predicting OpenEDS_000000115131
2026-08-08 00:05:04.528105: OpenEDS_000000115131, shape torch.Size([1, 1, 400, 640]), rank 0
2026-08-08 00:05:04.540358: predicting OpenEDS_000000115139
2026-08-08 00:05:04.541583: OpenEDS_000000115139, shape torch.Size([1, 1, 400, 640]), rank 0
2026-08-08 00:05:04.554107: predicting OpenEDS_000000117798
2026-08-08 00:05:04.555399: OpenEDS_000000117798, shape torch.Size([1, 1, 400, 640]), rank 0
2026-08-08 00:05:04.567741: predicting OpenEDS_000000117801
2026-08-08 00:05:04.569029: OpenEDS_000000117801, shape torch.Size([1, 1, 400, 640]), rank 0
2026-08-08 00:05:04.581734: predicting OpenEDS_000000117810
2026-08-08 00:05:04.582998: OpenEDS_000000117810, shape torch.Size([1, 1, 400, 640]), rank 0
2026-08-08 00:05:04.595462: predicting OpenEDS_000000117812
2026-08-08 00:05:04.596753: OpenEDS_000000117812, shape torch.Size([1, 1, 400, 640]), rank 0
2026-08-08 00:05:04.609181: predicting OpenEDS_000000117817
2026-08-08 00:05:04.610467: OpenEDS_000000117817, shape torch.Size([1, 1, 400, 640]), rank 0
2026-08-08 00:05:04.622827: predicting OpenEDS_000000117825
2026-08-08 00:05:04.624101: OpenEDS_000000117825, shape torch.Size([1, 1, 400, 640]), rank 0
2026-08-08 00:05:04.636472: predicting OpenEDS_000000117826
2026-08-08 00:05:04.637721: OpenEDS_000000117826, shape torch.Size([1, 1, 400, 640]), rank 0
2026-08-08 00:05:04.650031: predicting OpenEDS_000000117833
2026-08-08 00:05:04.651320: OpenEDS_000000117833, shape torch.Size([1, 1, 400, 640]), rank 0
2026-08-08 00:05:04.663560: predicting OpenEDS_000000117837
2026-08-08 00:05:04.664826: OpenEDS_000000117837, shape torch.Size([1, 1, 400, 640]), rank 0
2026-08-08 00:05:04.677136: predicting OpenEDS_000000117838
2026-08-08 00:05:04.678359: OpenEDS_000000117838, shape torch.Size([1, 1, 400, 640]), rank 0
2026-08-08 00:05:04.690616: predicting OpenEDS_000000117839
2026-08-08 00:05:04.691887: OpenEDS_000000117839, shape torch.Size([1, 1, 400, 640]), rank 0
2026-08-08 00:05:04.704121: predicting OpenEDS_000000117844
2026-08-08 00:05:04.705420: OpenEDS_000000117844, shape torch.Size([1, 1, 400, 640]), rank 0
2026-08-08 00:05:04.717616: predicting OpenEDS_000000117856
2026-08-08 00:05:04.718902: OpenEDS_000000117856, shape torch.Size([1, 1, 400, 640]), rank 0
2026-08-08 00:05:04.731589: predicting OpenEDS_000000117863
2026-08-08 00:05:04.732834: OpenEDS_000000117863, shape torch.Size([1, 1, 400, 640]), rank 0
2026-08-08 00:05:04.745201: predicting OpenEDS_000000117865
2026-08-08 00:05:04.746478: OpenEDS_000000117865, shape torch.Size([1, 1, 400, 640]), rank 0
2026-08-08 00:05:04.758759: predicting OpenEDS_000000117872
2026-08-08 00:05:04.760051: OpenEDS_000000117872, shape torch.Size([1, 1, 400, 640]), rank 0
2026-08-08 00:05:04.772463: predicting OpenEDS_000000117876
2026-08-08 00:05:04.773765: OpenEDS_000000117876, shape torch.Size([1, 1, 400, 640]), rank 0
2026-08-08 00:05:04.785985: predicting OpenEDS_000000117878
2026-08-08 00:05:04.787232: OpenEDS_000000117878, shape torch.Size([1, 1, 400, 640]), rank 0
2026-08-08 00:05:04.799578: predicting OpenEDS_000000120530
2026-08-08 00:05:04.800837: OpenEDS_000000120530, shape torch.Size([1, 1, 400, 640]), rank 0
2026-08-08 00:05:04.813062: predicting OpenEDS_000000120531
2026-08-08 00:05:04.814316: OpenEDS_000000120531, shape torch.Size([1, 1, 400, 640]), rank 0
2026-08-08 00:05:04.826639: predicting OpenEDS_000000120537
2026-08-08 00:05:04.827870: OpenEDS_000000120537, shape torch.Size([1, 1, 400, 640]), rank 0
2026-08-08 00:05:04.840132: predicting OpenEDS_000000120538
2026-08-08 00:05:04.841386: OpenEDS_000000120538, shape torch.Size([1, 1, 400, 640]), rank 0
2026-08-08 00:05:04.853690: predicting OpenEDS_000000120546
2026-08-08 00:05:04.854915: OpenEDS_000000120546, shape torch.Size([1, 1, 400, 640]), rank 0
2026-08-08 00:05:04.867157: predicting OpenEDS_000000120547
2026-08-08 00:05:04.868404: OpenEDS_000000120547, shape torch.Size([1, 1, 400, 640]), rank 0
2026-08-08 00:05:04.880689: predicting OpenEDS_000000120550
2026-08-08 00:05:04.881936: OpenEDS_000000120550, shape torch.Size([1, 1, 400, 640]), rank 0
2026-08-08 00:05:04.894312: predicting OpenEDS_000000120551
2026-08-08 00:05:04.895542: OpenEDS_000000120551, shape torch.Size([1, 1, 400, 640]), rank 0
2026-08-08 00:05:04.907831: predicting OpenEDS_000000120556
2026-08-08 00:05:04.908676: OpenEDS_000000120556, shape torch.Size([1, 1, 400, 640]), rank 0
2026-08-08 00:05:04.921288: predicting OpenEDS_000000120564
2026-08-08 00:05:04.922545: OpenEDS_000000120564, shape torch.Size([1, 1, 400, 640]), rank 0
2026-08-08 00:05:04.934829: predicting OpenEDS_000000120566
2026-08-08 00:05:04.936080: OpenEDS_000000120566, shape torch.Size([1, 1, 400, 640]), rank 0
2026-08-08 00:05:04.948352: predicting OpenEDS_000000120568
2026-08-08 00:05:04.949582: OpenEDS_000000120568, shape torch.Size([1, 1, 400, 640]), rank 0
2026-08-08 00:05:04.961900: predicting OpenEDS_000000120569
2026-08-08 00:05:04.963180: OpenEDS_000000120569, shape torch.Size([1, 1, 400, 640]), rank 0
2026-08-08 00:05:04.975437: predicting OpenEDS_000000120570
2026-08-08 00:05:04.976663: OpenEDS_000000120570, shape torch.Size([1, 1, 400, 640]), rank 0
2026-08-08 00:05:04.988880: predicting OpenEDS_000000120574
2026-08-08 00:05:04.990095: OpenEDS_000000120574, shape torch.Size([1, 1, 400, 640]), rank 0
2026-08-08 00:05:05.002829: predicting OpenEDS_000000120577
2026-08-08 00:05:05.003828: OpenEDS_000000120577, shape torch.Size([1, 1, 400, 640]), rank 0
2026-08-08 00:05:05.015967: predicting OpenEDS_000000120595
2026-08-08 00:05:05.017205: OpenEDS_000000120595, shape torch.Size([1, 1, 400, 640]), rank 0
2026-08-08 00:05:05.029431: predicting OpenEDS_000000120599
2026-08-08 00:05:05.030710: OpenEDS_000000120599, shape torch.Size([1, 1, 400, 640]), rank 0
2026-08-08 00:05:05.042998: predicting OpenEDS_000000120603
2026-08-08 00:05:05.044239: OpenEDS_000000120603, shape torch.Size([1, 1, 400, 640]), rank 0
2026-08-08 00:05:05.056645: predicting OpenEDS_000000120604
2026-08-08 00:05:05.057979: OpenEDS_000000120604, shape torch.Size([1, 1, 400, 640]), rank 0
2026-08-08 00:05:05.070254: predicting OpenEDS_000000120609
2026-08-08 00:05:05.071510: OpenEDS_000000120609, shape torch.Size([1, 1, 400, 640]), rank 0
2026-08-08 00:05:05.083843: predicting OpenEDS_000000120614
2026-08-08 00:05:05.085036: OpenEDS_000000120614, shape torch.Size([1, 1, 400, 640]), rank 0
2026-08-08 00:05:05.097322: predicting OpenEDS_000000120617
2026-08-08 00:05:05.098541: OpenEDS_000000120617, shape torch.Size([1, 1, 400, 640]), rank 0
2026-08-08 00:05:05.110833: predicting OpenEDS_000000120619
2026-08-08 00:05:05.112068: OpenEDS_000000120619, shape torch.Size([1, 1, 400, 640]), rank 0
2026-08-08 00:05:05.124433: predicting OpenEDS_000000120621
2026-08-08 00:05:05.125676: OpenEDS_000000120621, shape torch.Size([1, 1, 400, 640]), rank 0
2026-08-08 00:05:05.137896: predicting OpenEDS_000000120625
2026-08-08 00:05:05.139116: OpenEDS_000000120625, shape torch.Size([1, 1, 400, 640]), rank 0
2026-08-08 00:05:05.152178: predicting OpenEDS_000000120626
2026-08-08 00:05:05.153207: OpenEDS_000000120626, shape torch.Size([1, 1, 400, 640]), rank 0
2026-08-08 00:05:05.165816: predicting OpenEDS_000000120628
2026-08-08 00:05:05.167046: OpenEDS_000000120628, shape torch.Size([1, 1, 400, 640]), rank 0
2026-08-08 00:05:05.179631: predicting OpenEDS_000000120634
2026-08-08 00:05:05.180870: OpenEDS_000000120634, shape torch.Size([1, 1, 400, 640]), rank 0
2026-08-08 00:05:05.193206: predicting OpenEDS_000000120640
2026-08-08 00:05:05.194438: OpenEDS_000000120640, shape torch.Size([1, 1, 400, 640]), rank 0
2026-08-08 00:05:05.206685: predicting OpenEDS_000000123291
2026-08-08 00:05:05.207913: OpenEDS_000000123291, shape torch.Size([1, 1, 400, 640]), rank 0
2026-08-08 00:05:05.220260: predicting OpenEDS_000000123298
2026-08-08 00:05:05.221518: OpenEDS_000000123298, shape torch.Size([1, 1, 400, 640]), rank 0
2026-08-08 00:05:05.233759: predicting OpenEDS_000000123302
2026-08-08 00:05:05.235029: OpenEDS_000000123302, shape torch.Size([1, 1, 400, 640]), rank 0
2026-08-08 00:05:05.247287: predicting OpenEDS_000000123311
2026-08-08 00:05:05.248525: OpenEDS_000000123311, shape torch.Size([1, 1, 400, 640]), rank 0
2026-08-08 00:05:05.260705: predicting OpenEDS_000000123322
2026-08-08 00:05:05.261918: OpenEDS_000000123322, shape torch.Size([1, 1, 400, 640]), rank 0
2026-08-08 00:05:05.274233: predicting OpenEDS_000000123323
2026-08-08 00:05:05.275486: OpenEDS_000000123323, shape torch.Size([1, 1, 400, 640]), rank 0
2026-08-08 00:05:05.288059: predicting OpenEDS_000000123336
2026-08-08 00:05:05.289122: OpenEDS_000000123336, shape torch.Size([1, 1, 400, 640]), rank 0
2026-08-08 00:05:05.301439: predicting OpenEDS_000000123337
2026-08-08 00:05:05.302665: OpenEDS_000000123337, shape torch.Size([1, 1, 400, 640]), rank 0
2026-08-08 00:05:05.314876: predicting OpenEDS_000000123341
2026-08-08 00:05:05.316087: OpenEDS_000000123341, shape torch.Size([1, 1, 400, 640]), rank 0
2026-08-08 00:05:05.328411: predicting OpenEDS_000000123343
2026-08-08 00:05:05.329640: OpenEDS_000000123343, shape torch.Size([1, 1, 400, 640]), rank 0
2026-08-08 00:05:05.341958: predicting OpenEDS_000000123353
2026-08-08 00:05:05.343173: OpenEDS_000000123353, shape torch.Size([1, 1, 400, 640]), rank 0
2026-08-08 00:05:05.355469: predicting OpenEDS_000000123360
2026-08-08 00:05:05.356705: OpenEDS_000000123360, shape torch.Size([1, 1, 400, 640]), rank 0
2026-08-08 00:05:05.369045: predicting OpenEDS_000000123363
2026-08-08 00:05:05.370296: OpenEDS_000000123363, shape torch.Size([1, 1, 400, 640]), rank 0
2026-08-08 00:05:05.382585: predicting OpenEDS_000000123372
2026-08-08 00:05:05.383809: OpenEDS_000000123372, shape torch.Size([1, 1, 400, 640]), rank 0
2026-08-08 00:05:05.396055: predicting OpenEDS_000000126026
2026-08-08 00:05:05.397316: OpenEDS_000000126026, shape torch.Size([1, 1, 400, 640]), rank 0
2026-08-08 00:05:05.410135: predicting OpenEDS_000000126036
2026-08-08 00:05:05.411172: OpenEDS_000000126036, shape torch.Size([1, 1, 400, 640]), rank 0
2026-08-08 00:05:05.423373: predicting OpenEDS_000000126042
2026-08-08 00:05:05.424656: OpenEDS_000000126042, shape torch.Size([1, 1, 400, 640]), rank 0
2026-08-08 00:05:05.437306: predicting OpenEDS_000000126045
2026-08-08 00:05:05.438374: OpenEDS_000000126045, shape torch.Size([1, 1, 400, 640]), rank 0
2026-08-08 00:05:05.450565: predicting OpenEDS_000000126048
2026-08-08 00:05:05.451840: OpenEDS_000000126048, shape torch.Size([1, 1, 400, 640]), rank 0
2026-08-08 00:05:05.464072: predicting OpenEDS_000000126049
2026-08-08 00:05:05.465308: OpenEDS_000000126049, shape torch.Size([1, 1, 400, 640]), rank 0
2026-08-08 00:05:05.477601: predicting OpenEDS_000000126050
2026-08-08 00:05:05.478827: OpenEDS_000000126050, shape torch.Size([1, 1, 400, 640]), rank 0
2026-08-08 00:05:05.491100: predicting OpenEDS_000000126051
2026-08-08 00:05:05.492307: OpenEDS_000000126051, shape torch.Size([1, 1, 400, 640]), rank 0
2026-08-08 00:05:05.504614: predicting OpenEDS_000000126061
2026-08-08 00:05:05.505973: OpenEDS_000000126061, shape torch.Size([1, 1, 400, 640]), rank 0
2026-08-08 00:05:05.518649: predicting OpenEDS_000000126063
2026-08-08 00:05:05.519888: OpenEDS_000000126063, shape torch.Size([1, 1, 400, 640]), rank 0
2026-08-08 00:05:05.532615: predicting OpenEDS_000000126064
2026-08-08 00:05:05.533962: OpenEDS_000000126064, shape torch.Size([1, 1, 400, 640]), rank 0
2026-08-08 00:05:05.546532: predicting OpenEDS_000000126072
2026-08-08 00:05:05.547796: OpenEDS_000000126072, shape torch.Size([1, 1, 400, 640]), rank 0
2026-08-08 00:05:05.560516: predicting OpenEDS_000000126075
2026-08-08 00:05:05.561807: OpenEDS_000000126075, shape torch.Size([1, 1, 400, 640]), rank 0
2026-08-08 00:05:05.574481: predicting OpenEDS_000000126084
2026-08-08 00:05:05.575773: OpenEDS_000000126084, shape torch.Size([1, 1, 400, 640]), rank 0
2026-08-08 00:05:05.588261: predicting OpenEDS_000000126093
2026-08-08 00:05:05.589494: OpenEDS_000000126093, shape torch.Size([1, 1, 400, 640]), rank 0
2026-08-08 00:05:05.601913: predicting OpenEDS_000000126099
2026-08-08 00:05:05.603215: OpenEDS_000000126099, shape torch.Size([1, 1, 400, 640]), rank 0
2026-08-08 00:05:05.615564: predicting OpenEDS_000000126109
2026-08-08 00:05:05.616873: OpenEDS_000000126109, shape torch.Size([1, 1, 400, 640]), rank 0
2026-08-08 00:05:05.629152: predicting OpenEDS_000000126111
2026-08-08 00:05:05.630405: OpenEDS_000000126111, shape torch.Size([1, 1, 400, 640]), rank 0
2026-08-08 00:05:05.642709: predicting OpenEDS_000000126123
2026-08-08 00:05:05.643977: OpenEDS_000000126123, shape torch.Size([1, 1, 400, 640]), rank 0
2026-08-08 00:05:05.656309: predicting OpenEDS_000000126131
2026-08-08 00:05:05.657540: OpenEDS_000000126131, shape torch.Size([1, 1, 400, 640]), rank 0
2026-08-08 00:05:05.669806: predicting OpenEDS_000000126132
2026-08-08 00:05:05.671023: OpenEDS_000000126132, shape torch.Size([1, 1, 400, 640]), rank 0
2026-08-08 00:05:05.683319: predicting OpenEDS_000000126134
2026-08-08 00:05:05.684585: OpenEDS_000000126134, shape torch.Size([1, 1, 400, 640]), rank 0
2026-08-08 00:05:05.697239: predicting OpenEDS_000000126142
2026-08-08 00:05:05.698293: OpenEDS_000000126142, shape torch.Size([1, 1, 400, 640]), rank 0
2026-08-08 00:05:05.710436: predicting OpenEDS_000000126144
2026-08-08 00:05:05.711669: OpenEDS_000000126144, shape torch.Size([1, 1, 400, 640]), rank 0
2026-08-08 00:05:05.724264: predicting OpenEDS_000000126145
2026-08-08 00:05:05.725313: OpenEDS_000000126145, shape torch.Size([1, 1, 400, 640]), rank 0
2026-08-08 00:05:05.737707: predicting OpenEDS_000000126146
2026-08-08 00:05:05.738955: OpenEDS_000000126146, shape torch.Size([1, 1, 400, 640]), rank 0
2026-08-08 00:05:05.751757: predicting OpenEDS_000000128797
2026-08-08 00:05:05.752988: OpenEDS_000000128797, shape torch.Size([1, 1, 400, 640]), rank 0
2026-08-08 00:05:05.765362: predicting OpenEDS_000000128799
2026-08-08 00:05:05.766680: OpenEDS_000000128799, shape torch.Size([1, 1, 400, 640]), rank 0
2026-08-08 00:05:05.779045: predicting OpenEDS_000000128807
2026-08-08 00:05:05.780294: OpenEDS_000000128807, shape torch.Size([1, 1, 400, 640]), rank 0
2026-08-08 00:05:05.792598: predicting OpenEDS_000000128815
2026-08-08 00:05:05.793800: OpenEDS_000000128815, shape torch.Size([1, 1, 400, 640]), rank 0
2026-08-08 00:05:05.806201: predicting OpenEDS_000000128826
2026-08-08 00:05:05.807472: OpenEDS_000000128826, shape torch.Size([1, 1, 400, 640]), rank 0
2026-08-08 00:05:05.819717: predicting OpenEDS_000000128831
2026-08-08 00:05:05.821013: OpenEDS_000000128831, shape torch.Size([1, 1, 400, 640]), rank 0
2026-08-08 00:05:05.833853: predicting OpenEDS_000000128832
2026-08-08 00:05:05.835078: OpenEDS_000000128832, shape torch.Size([1, 1, 400, 640]), rank 0
2026-08-08 00:05:05.847927: predicting OpenEDS_000000128842
2026-08-08 00:05:05.849191: OpenEDS_000000128842, shape torch.Size([1, 1, 400, 640]), rank 0
2026-08-08 00:05:05.861639: predicting OpenEDS_000000128848
2026-08-08 00:05:05.862823: OpenEDS_000000128848, shape torch.Size([1, 1, 400, 640]), rank 0
2026-08-08 00:05:05.875548: predicting OpenEDS_000000128857
2026-08-08 00:05:05.876827: OpenEDS_000000128857, shape torch.Size([1, 1, 400, 640]), rank 0
2026-08-08 00:05:05.889841: predicting OpenEDS_000000128860
2026-08-08 00:05:05.890934: OpenEDS_000000128860, shape torch.Size([1, 1, 400, 640]), rank 0
2026-08-08 00:05:05.903957: predicting OpenEDS_000000128873
2026-08-08 00:05:05.905025: OpenEDS_000000128873, shape torch.Size([1, 1, 400, 640]), rank 0
2026-08-08 00:05:05.917425: predicting OpenEDS_000000131533
2026-08-08 00:05:05.918683: OpenEDS_000000131533, shape torch.Size([1, 1, 400, 640]), rank 0
2026-08-08 00:05:05.930922: predicting OpenEDS_000000131550
2026-08-08 00:05:05.931754: OpenEDS_000000131550, shape torch.Size([1, 1, 400, 640]), rank 0
2026-08-08 00:05:05.944429: predicting OpenEDS_000000131557
2026-08-08 00:05:05.945760: OpenEDS_000000131557, shape torch.Size([1, 1, 400, 640]), rank 0
2026-08-08 00:05:05.958129: predicting OpenEDS_000000131566
2026-08-08 00:05:05.959367: OpenEDS_000000131566, shape torch.Size([1, 1, 400, 640]), rank 0
2026-08-08 00:05:05.971711: predicting OpenEDS_000000131568
2026-08-08 00:05:05.972953: OpenEDS_000000131568, shape torch.Size([1, 1, 400, 640]), rank 0
2026-08-08 00:05:05.985223: predicting OpenEDS_000000131571
2026-08-08 00:05:05.986485: OpenEDS_000000131571, shape torch.Size([1, 1, 400, 640]), rank 0
2026-08-08 00:05:05.999203: predicting OpenEDS_000000131573
2026-08-08 00:05:06.000441: OpenEDS_000000131573, shape torch.Size([1, 1, 400, 640]), rank 0
2026-08-08 00:05:06.012991: predicting OpenEDS_000000131587
2026-08-08 00:05:06.014281: OpenEDS_000000131587, shape torch.Size([1, 1, 400, 640]), rank 0
2026-08-08 00:05:06.026883: predicting OpenEDS_000000131595
2026-08-08 00:05:06.028107: OpenEDS_000000131595, shape torch.Size([1, 1, 400, 640]), rank 0
2026-08-08 00:05:06.040668: predicting OpenEDS_000000134249
2026-08-08 00:05:06.041930: OpenEDS_000000134249, shape torch.Size([1, 1, 400, 640]), rank 0
2026-08-08 00:05:06.054300: predicting OpenEDS_000000134250
2026-08-08 00:05:06.055559: OpenEDS_000000134250, shape torch.Size([1, 1, 400, 640]), rank 0
2026-08-08 00:05:06.067895: predicting OpenEDS_000000134258
2026-08-08 00:05:06.069156: OpenEDS_000000134258, shape torch.Size([1, 1, 400, 640]), rank 0
2026-08-08 00:05:06.081760: predicting OpenEDS_000000134260
2026-08-08 00:05:06.082973: OpenEDS_000000134260, shape torch.Size([1, 1, 400, 640]), rank 0
2026-08-08 00:05:06.095292: predicting OpenEDS_000000134263
2026-08-08 00:05:06.096495: OpenEDS_000000134263, shape torch.Size([1, 1, 400, 640]), rank 0
2026-08-08 00:05:06.108815: predicting OpenEDS_000000134266
2026-08-08 00:05:06.110077: OpenEDS_000000134266, shape torch.Size([1, 1, 400, 640]), rank 0
2026-08-08 00:05:06.122287: predicting OpenEDS_000000134267
2026-08-08 00:05:06.123500: OpenEDS_000000134267, shape torch.Size([1, 1, 400, 640]), rank 0
2026-08-08 00:05:06.135775: predicting OpenEDS_000000134268
2026-08-08 00:05:06.137001: OpenEDS_000000134268, shape torch.Size([1, 1, 400, 640]), rank 0
2026-08-08 00:05:06.149432: predicting OpenEDS_000000134273
2026-08-08 00:05:06.150670: OpenEDS_000000134273, shape torch.Size([1, 1, 400, 640]), rank 0
2026-08-08 00:05:06.163046: predicting OpenEDS_000000134278
2026-08-08 00:05:06.164294: OpenEDS_000000134278, shape torch.Size([1, 1, 400, 640]), rank 0
2026-08-08 00:05:06.176581: predicting OpenEDS_000000134290
2026-08-08 00:05:06.177778: OpenEDS_000000134290, shape torch.Size([1, 1, 400, 640]), rank 0
2026-08-08 00:05:06.190107: predicting OpenEDS_000000134293
2026-08-08 00:05:06.191335: OpenEDS_000000134293, shape torch.Size([1, 1, 400, 640]), rank 0
2026-08-08 00:05:06.203691: predicting OpenEDS_000000134297
2026-08-08 00:05:06.204953: OpenEDS_000000134297, shape torch.Size([1, 1, 400, 640]), rank 0
2026-08-08 00:05:06.217398: predicting OpenEDS_000000134307
2026-08-08 00:05:06.218592: OpenEDS_000000134307, shape torch.Size([1, 1, 400, 640]), rank 0
2026-08-08 00:05:06.230869: predicting OpenEDS_000000134311
2026-08-08 00:05:06.232138: OpenEDS_000000134311, shape torch.Size([1, 1, 400, 640]), rank 0
2026-08-08 00:05:06.244419: predicting OpenEDS_000000134320
2026-08-08 00:05:06.245672: OpenEDS_000000134320, shape torch.Size([1, 1, 400, 640]), rank 0
2026-08-08 00:05:06.258010: predicting OpenEDS_000000134325
2026-08-08 00:05:06.259256: OpenEDS_000000134325, shape torch.Size([1, 1, 400, 640]), rank 0
2026-08-08 00:05:06.271568: predicting OpenEDS_000000134330
2026-08-08 00:05:06.272847: OpenEDS_000000134330, shape torch.Size([1, 1, 400, 640]), rank 0
2026-08-08 00:05:06.285120: predicting OpenEDS_000000136983
2026-08-08 00:05:06.286404: OpenEDS_000000136983, shape torch.Size([1, 1, 400, 640]), rank 0
2026-08-08 00:05:06.298880: predicting OpenEDS_000000136986
2026-08-08 00:05:06.300107: OpenEDS_000000136986, shape torch.Size([1, 1, 400, 640]), rank 0
2026-08-08 00:05:06.312462: predicting OpenEDS_000000136995
2026-08-08 00:05:06.313725: OpenEDS_000000136995, shape torch.Size([1, 1, 400, 640]), rank 0
2026-08-08 00:05:06.326030: predicting OpenEDS_000000137000
2026-08-08 00:05:06.327269: OpenEDS_000000137000, shape torch.Size([1, 1, 400, 640]), rank 0
2026-08-08 00:05:06.339535: predicting OpenEDS_000000137009
2026-08-08 00:05:06.340831: OpenEDS_000000137009, shape torch.Size([1, 1, 400, 640]), rank 0
2026-08-08 00:05:06.353073: predicting OpenEDS_000000137015
2026-08-08 00:05:06.354364: OpenEDS_000000137015, shape torch.Size([1, 1, 400, 640]), rank 0
2026-08-08 00:05:06.366777: predicting OpenEDS_000000137030
2026-08-08 00:05:06.368084: OpenEDS_000000137030, shape torch.Size([1, 1, 400, 640]), rank 0
2026-08-08 00:05:06.380471: predicting OpenEDS_000000137037
2026-08-08 00:05:06.381830: OpenEDS_000000137037, shape torch.Size([1, 1, 400, 640]), rank 0
2026-08-08 00:05:06.394070: predicting OpenEDS_000000137040
2026-08-08 00:05:06.395344: OpenEDS_000000137040, shape torch.Size([1, 1, 400, 640]), rank 0
2026-08-08 00:05:06.407695: predicting OpenEDS_000000137041
2026-08-08 00:05:06.408987: OpenEDS_000000137041, shape torch.Size([1, 1, 400, 640]), rank 0
2026-08-08 00:05:06.421209: predicting OpenEDS_000000137050
2026-08-08 00:05:06.422484: OpenEDS_000000137050, shape torch.Size([1, 1, 400, 640]), rank 0
2026-08-08 00:05:06.434781: predicting OpenEDS_000000137052
2026-08-08 00:05:06.436012: OpenEDS_000000137052, shape torch.Size([1, 1, 400, 640]), rank 0
2026-08-08 00:05:06.448323: predicting OpenEDS_000000137055
2026-08-08 00:05:06.449565: OpenEDS_000000137055, shape torch.Size([1, 1, 400, 640]), rank 0
2026-08-08 00:05:06.461840: predicting OpenEDS_000000137057
2026-08-08 00:05:06.463171: OpenEDS_000000137057, shape torch.Size([1, 1, 400, 640]), rank 0
2026-08-08 00:05:06.475470: predicting OpenEDS_000000137058
2026-08-08 00:05:06.476738: OpenEDS_000000137058, shape torch.Size([1, 1, 400, 640]), rank 0
2026-08-08 00:05:06.488978: predicting OpenEDS_000000137066
2026-08-08 00:05:06.490295: OpenEDS_000000137066, shape torch.Size([1, 1, 400, 640]), rank 0
2026-08-08 00:05:06.502652: predicting OpenEDS_000000137068
2026-08-08 00:05:06.503880: OpenEDS_000000137068, shape torch.Size([1, 1, 400, 640]), rank 0
2026-08-08 00:05:06.516277: predicting OpenEDS_000000137069
2026-08-08 00:05:06.517505: OpenEDS_000000137069, shape torch.Size([1, 1, 400, 640]), rank 0
2026-08-08 00:05:06.530365: predicting OpenEDS_000000137075
2026-08-08 00:05:06.531777: OpenEDS_000000137075, shape torch.Size([1, 1, 400, 640]), rank 0
2026-08-08 00:05:06.544562: predicting OpenEDS_000000139724
2026-08-08 00:05:06.545808: OpenEDS_000000139724, shape torch.Size([1, 1, 400, 640]), rank 0
2026-08-08 00:05:06.558559: predicting OpenEDS_000000139750
2026-08-08 00:05:06.559821: OpenEDS_000000139750, shape torch.Size([1, 1, 400, 640]), rank 0
2026-08-08 00:05:06.572375: predicting OpenEDS_000000139751
2026-08-08 00:05:06.573690: OpenEDS_000000139751, shape torch.Size([1, 1, 400, 640]), rank 0
2026-08-08 00:05:06.586113: predicting OpenEDS_000000139752
2026-08-08 00:05:06.587354: OpenEDS_000000139752, shape torch.Size([1, 1, 400, 640]), rank 0
2026-08-08 00:05:06.600185: predicting OpenEDS_000000139767
2026-08-08 00:05:06.601420: OpenEDS_000000139767, shape torch.Size([1, 1, 400, 640]), rank 0
2026-08-08 00:05:06.614133: predicting OpenEDS_000000139773
2026-08-08 00:05:06.615330: OpenEDS_000000139773, shape torch.Size([1, 1, 400, 640]), rank 0
2026-08-08 00:05:06.628341: predicting OpenEDS_000000139777
2026-08-08 00:05:06.629381: OpenEDS_000000139777, shape torch.Size([1, 1, 400, 640]), rank 0
2026-08-08 00:05:06.641948: predicting OpenEDS_000000139781
2026-08-08 00:05:06.643200: OpenEDS_000000139781, shape torch.Size([1, 1, 400, 640]), rank 0
2026-08-08 00:05:06.655600: predicting OpenEDS_000000139786
2026-08-08 00:05:06.656877: OpenEDS_000000139786, shape torch.Size([1, 1, 400, 640]), rank 0
2026-08-08 00:05:06.669584: predicting OpenEDS_000000139793
2026-08-08 00:05:06.670865: OpenEDS_000000139793, shape torch.Size([1, 1, 400, 640]), rank 0
2026-08-08 00:05:06.683468: predicting OpenEDS_000000139795
2026-08-08 00:05:06.684746: OpenEDS_000000139795, shape torch.Size([1, 1, 400, 640]), rank 0
2026-08-08 00:05:06.697111: predicting OpenEDS_000000139799
2026-08-08 00:05:06.698336: OpenEDS_000000139799, shape torch.Size([1, 1, 400, 640]), rank 0
2026-08-08 00:05:06.710708: predicting OpenEDS_000000139803
2026-08-08 00:05:06.711965: OpenEDS_000000139803, shape torch.Size([1, 1, 400, 640]), rank 0
2026-08-08 00:05:06.724313: predicting OpenEDS_000000142454
2026-08-08 00:05:06.725641: OpenEDS_000000142454, shape torch.Size([1, 1, 400, 640]), rank 0
2026-08-08 00:05:06.738007: predicting OpenEDS_000000142456
2026-08-08 00:05:06.739207: OpenEDS_000000142456, shape torch.Size([1, 1, 400, 640]), rank 0
2026-08-08 00:05:06.751538: predicting OpenEDS_000000142457
2026-08-08 00:05:06.752764: OpenEDS_000000142457, shape torch.Size([1, 1, 400, 640]), rank 0
2026-08-08 00:05:06.765000: predicting OpenEDS_000000142458
2026-08-08 00:05:06.766198: OpenEDS_000000142458, shape torch.Size([1, 1, 400, 640]), rank 0
2026-08-08 00:05:06.778392: predicting OpenEDS_000000142459
2026-08-08 00:05:06.779612: OpenEDS_000000142459, shape torch.Size([1, 1, 400, 640]), rank 0
2026-08-08 00:05:06.791848: predicting OpenEDS_000000142460
2026-08-08 00:05:06.793078: OpenEDS_000000142460, shape torch.Size([1, 1, 400, 640]), rank 0
2026-08-08 00:05:06.805847: predicting OpenEDS_000000142464
2026-08-08 00:05:06.806935: OpenEDS_000000142464, shape torch.Size([1, 1, 400, 640]), rank 0
2026-08-08 00:05:06.819175: predicting OpenEDS_000000142472
2026-08-08 00:05:06.820394: OpenEDS_000000142472, shape torch.Size([1, 1, 400, 640]), rank 0
2026-08-08 00:05:06.832817: predicting OpenEDS_000000142475
2026-08-08 00:05:06.834061: OpenEDS_000000142475, shape torch.Size([1, 1, 400, 640]), rank 0
2026-08-08 00:05:06.846489: predicting OpenEDS_000000142479
2026-08-08 00:05:06.847724: OpenEDS_000000142479, shape torch.Size([1, 1, 400, 640]), rank 0
2026-08-08 00:05:06.860021: predicting OpenEDS_000000142485
2026-08-08 00:05:06.861251: OpenEDS_000000142485, shape torch.Size([1, 1, 400, 640]), rank 0
2026-08-08 00:05:06.873658: predicting OpenEDS_000000142494
2026-08-08 00:05:06.875017: OpenEDS_000000142494, shape torch.Size([1, 1, 400, 640]), rank 0
2026-08-08 00:05:06.887482: predicting OpenEDS_000000142505
2026-08-08 00:05:06.888728: OpenEDS_000000142505, shape torch.Size([1, 1, 400, 640]), rank 0
2026-08-08 00:05:06.901089: predicting OpenEDS_000000142510
2026-08-08 00:05:06.902300: OpenEDS_000000142510, shape torch.Size([1, 1, 400, 640]), rank 0
2026-08-08 00:05:06.914692: predicting OpenEDS_000000142517
2026-08-08 00:05:06.915912: OpenEDS_000000142517, shape torch.Size([1, 1, 400, 640]), rank 0
2026-08-08 00:05:06.928267: predicting OpenEDS_000000142525
2026-08-08 00:05:06.929511: OpenEDS_000000142525, shape torch.Size([1, 1, 400, 640]), rank 0
2026-08-08 00:05:06.941748: predicting OpenEDS_000000142530
2026-08-08 00:05:06.943020: OpenEDS_000000142530, shape torch.Size([1, 1, 400, 640]), rank 0
2026-08-08 00:05:06.955443: predicting OpenEDS_000000142531
2026-08-08 00:05:06.956678: OpenEDS_000000142531, shape torch.Size([1, 1, 400, 640]), rank 0
2026-08-08 00:05:06.969002: predicting OpenEDS_000000142533
2026-08-08 00:05:06.970253: OpenEDS_000000142533, shape torch.Size([1, 1, 400, 640]), rank 0
2026-08-08 00:05:06.982616: predicting OpenEDS_000000145186
2026-08-08 00:05:06.983854: OpenEDS_000000145186, shape torch.Size([1, 1, 400, 640]), rank 0
2026-08-08 00:05:06.996246: predicting OpenEDS_000000145188
2026-08-08 00:05:06.997485: OpenEDS_000000145188, shape torch.Size([1, 1, 400, 640]), rank 0
2026-08-08 00:05:07.009812: predicting OpenEDS_000000145190
2026-08-08 00:05:07.011082: OpenEDS_000000145190, shape torch.Size([1, 1, 400, 640]), rank 0
2026-08-08 00:05:07.023478: predicting OpenEDS_000000145203
2026-08-08 00:05:07.024718: OpenEDS_000000145203, shape torch.Size([1, 1, 400, 640]), rank 0
2026-08-08 00:05:07.037100: predicting OpenEDS_000000145204
2026-08-08 00:05:07.038355: OpenEDS_000000145204, shape torch.Size([1, 1, 400, 640]), rank 0
2026-08-08 00:05:07.051124: predicting OpenEDS_000000145206
2026-08-08 00:05:07.052323: OpenEDS_000000145206, shape torch.Size([1, 1, 400, 640]), rank 0
2026-08-08 00:05:07.065095: predicting OpenEDS_000000145209
2026-08-08 00:05:07.066341: OpenEDS_000000145209, shape torch.Size([1, 1, 400, 640]), rank 0
2026-08-08 00:05:07.079000: predicting OpenEDS_000000145213
2026-08-08 00:05:07.080264: OpenEDS_000000145213, shape torch.Size([1, 1, 400, 640]), rank 0
2026-08-08 00:05:07.092902: predicting OpenEDS_000000145218
2026-08-08 00:05:07.094118: OpenEDS_000000145218, shape torch.Size([1, 1, 400, 640]), rank 0
2026-08-08 00:05:07.107013: predicting OpenEDS_000000145219
2026-08-08 00:05:07.108096: OpenEDS_000000145219, shape torch.Size([1, 1, 400, 640]), rank 0
2026-08-08 00:05:07.120370: predicting OpenEDS_000000145221
2026-08-08 00:05:07.121625: OpenEDS_000000145221, shape torch.Size([1, 1, 400, 640]), rank 0
2026-08-08 00:05:07.133950: predicting OpenEDS_000000145234
2026-08-08 00:05:07.135185: OpenEDS_000000145234, shape torch.Size([1, 1, 400, 640]), rank 0
2026-08-08 00:05:07.147577: predicting OpenEDS_000000145239
2026-08-08 00:05:07.148840: OpenEDS_000000145239, shape torch.Size([1, 1, 400, 640]), rank 0
2026-08-08 00:05:07.161970: predicting OpenEDS_000000145252
2026-08-08 00:05:07.163038: OpenEDS_000000145252, shape torch.Size([1, 1, 400, 640]), rank 0
2026-08-08 00:05:07.175496: predicting OpenEDS_000000145256
2026-08-08 00:05:07.176743: OpenEDS_000000145256, shape torch.Size([1, 1, 400, 640]), rank 0
2026-08-08 00:05:07.188981: predicting OpenEDS_000000145257
2026-08-08 00:05:07.190217: OpenEDS_000000145257, shape torch.Size([1, 1, 400, 640]), rank 0
2026-08-08 00:05:07.202674: predicting OpenEDS_000000147915
2026-08-08 00:05:07.203919: OpenEDS_000000147915, shape torch.Size([1, 1, 400, 640]), rank 0
2026-08-08 00:05:07.216622: predicting OpenEDS_000000147918
2026-08-08 00:05:07.217911: OpenEDS_000000147918, shape torch.Size([1, 1, 400, 640]), rank 0
2026-08-08 00:05:07.230223: predicting OpenEDS_000000147923
2026-08-08 00:05:07.231518: OpenEDS_000000147923, shape torch.Size([1, 1, 400, 640]), rank 0
2026-08-08 00:05:07.243877: predicting OpenEDS_000000147926
2026-08-08 00:05:07.245142: OpenEDS_000000147926, shape torch.Size([1, 1, 400, 640]), rank 0
2026-08-08 00:05:07.257498: predicting OpenEDS_000000147934
2026-08-08 00:05:07.258739: OpenEDS_000000147934, shape torch.Size([1, 1, 400, 640]), rank 0
2026-08-08 00:05:07.271086: predicting OpenEDS_000000147935
2026-08-08 00:05:07.272340: OpenEDS_000000147935, shape torch.Size([1, 1, 400, 640]), rank 0
2026-08-08 00:05:07.284617: predicting OpenEDS_000000147939
2026-08-08 00:05:07.285881: OpenEDS_000000147939, shape torch.Size([1, 1, 400, 640]), rank 0
2026-08-08 00:05:07.298195: predicting OpenEDS_000000147948
2026-08-08 00:05:07.299410: OpenEDS_000000147948, shape torch.Size([1, 1, 400, 640]), rank 0
2026-08-08 00:05:07.311701: predicting OpenEDS_000000147953
2026-08-08 00:05:07.312952: OpenEDS_000000147953, shape torch.Size([1, 1, 400, 640]), rank 0
2026-08-08 00:05:07.325256: predicting OpenEDS_000000147957
2026-08-08 00:05:07.326507: OpenEDS_000000147957, shape torch.Size([1, 1, 400, 640]), rank 0
2026-08-08 00:05:07.338785: predicting OpenEDS_000000147958
2026-08-08 00:05:07.340064: OpenEDS_000000147958, shape torch.Size([1, 1, 400, 640]), rank 0
2026-08-08 00:05:07.352849: predicting OpenEDS_000000147959
2026-08-08 00:05:07.354072: OpenEDS_000000147959, shape torch.Size([1, 1, 400, 640]), rank 0
2026-08-08 00:05:07.366482: predicting OpenEDS_000000147960
2026-08-08 00:05:07.367735: OpenEDS_000000147960, shape torch.Size([1, 1, 400, 640]), rank 0
2026-08-08 00:05:07.380101: predicting OpenEDS_000000147963
2026-08-08 00:05:07.381314: OpenEDS_000000147963, shape torch.Size([1, 1, 400, 640]), rank 0
2026-08-08 00:05:07.393608: predicting OpenEDS_000000147967
2026-08-08 00:05:07.394859: OpenEDS_000000147967, shape torch.Size([1, 1, 400, 640]), rank 0
2026-08-08 00:05:07.407088: predicting OpenEDS_000000147970
2026-08-08 00:05:07.408322: OpenEDS_000000147970, shape torch.Size([1, 1, 400, 640]), rank 0
2026-08-08 00:05:07.420684: predicting OpenEDS_000000147982
2026-08-08 00:05:07.421923: OpenEDS_000000147982, shape torch.Size([1, 1, 400, 640]), rank 0
2026-08-08 00:05:07.434179: predicting OpenEDS_000000147988
2026-08-08 00:05:07.435376: OpenEDS_000000147988, shape torch.Size([1, 1, 400, 640]), rank 0
2026-08-08 00:05:07.447722: predicting OpenEDS_000000147989
2026-08-08 00:05:07.448955: OpenEDS_000000147989, shape torch.Size([1, 1, 400, 640]), rank 0
2026-08-08 00:05:07.461347: predicting OpenEDS_000000147991
2026-08-08 00:05:07.462603: OpenEDS_000000147991, shape torch.Size([1, 1, 400, 640]), rank 0
2026-08-08 00:05:07.474942: predicting OpenEDS_000000150645
2026-08-08 00:05:07.476214: OpenEDS_000000150645, shape torch.Size([1, 1, 400, 640]), rank 0
2026-08-08 00:05:07.488550: predicting OpenEDS_000000150647
2026-08-08 00:05:07.489789: OpenEDS_000000150647, shape torch.Size([1, 1, 400, 640]), rank 0
2026-08-08 00:05:07.502635: predicting OpenEDS_000000150648
2026-08-08 00:05:07.503659: OpenEDS_000000150648, shape torch.Size([1, 1, 400, 640]), rank 0
2026-08-08 00:05:07.515922: predicting OpenEDS_000000150655
2026-08-08 00:05:07.517177: OpenEDS_000000150655, shape torch.Size([1, 1, 400, 640]), rank 0
2026-08-08 00:05:07.529979: predicting OpenEDS_000000150661
2026-08-08 00:05:07.531270: OpenEDS_000000150661, shape torch.Size([1, 1, 400, 640]), rank 0
2026-08-08 00:05:07.544003: predicting OpenEDS_000000150664
2026-08-08 00:05:07.545305: OpenEDS_000000150664, shape torch.Size([1, 1, 400, 640]), rank 0
2026-08-08 00:05:07.558061: predicting OpenEDS_000000150667
2026-08-08 00:05:07.559274: OpenEDS_000000150667, shape torch.Size([1, 1, 400, 640]), rank 0
2026-08-08 00:05:07.571980: predicting OpenEDS_000000150669
2026-08-08 00:05:07.573248: OpenEDS_000000150669, shape torch.Size([1, 1, 400, 640]), rank 0
2026-08-08 00:05:07.585967: predicting OpenEDS_000000150670
2026-08-08 00:05:07.587237: OpenEDS_000000150670, shape torch.Size([1, 1, 400, 640]), rank 0
2026-08-08 00:05:07.599985: predicting OpenEDS_000000150671
2026-08-08 00:05:07.601267: OpenEDS_000000150671, shape torch.Size([1, 1, 400, 640]), rank 0
2026-08-08 00:05:07.613927: predicting OpenEDS_000000150673
2026-08-08 00:05:07.615184: OpenEDS_000000150673, shape torch.Size([1, 1, 400, 640]), rank 0
2026-08-08 00:05:07.627861: predicting OpenEDS_000000150677
2026-08-08 00:05:07.629156: OpenEDS_000000150677, shape torch.Size([1, 1, 400, 640]), rank 0
2026-08-08 00:05:07.642007: predicting OpenEDS_000000150686
2026-08-08 00:05:07.643327: OpenEDS_000000150686, shape torch.Size([1, 1, 400, 640]), rank 0
2026-08-08 00:05:07.656044: predicting OpenEDS_000000150688
2026-08-08 00:05:07.657339: OpenEDS_000000150688, shape torch.Size([1, 1, 400, 640]), rank 0
2026-08-08 00:05:07.669944: predicting OpenEDS_000000150699
2026-08-08 00:05:07.671264: OpenEDS_000000150699, shape torch.Size([1, 1, 400, 640]), rank 0
2026-08-08 00:05:07.683771: predicting OpenEDS_000000153373
2026-08-08 00:05:07.685037: OpenEDS_000000153373, shape torch.Size([1, 1, 400, 640]), rank 0
2026-08-08 00:05:07.697348: predicting OpenEDS_000000153380
2026-08-08 00:05:07.698567: OpenEDS_000000153380, shape torch.Size([1, 1, 400, 640]), rank 0
2026-08-08 00:05:07.710992: predicting OpenEDS_000000153382
2026-08-08 00:05:07.712292: OpenEDS_000000153382, shape torch.Size([1, 1, 400, 640]), rank 0
2026-08-08 00:05:07.724766: predicting OpenEDS_000000153394
2026-08-08 00:05:07.726019: OpenEDS_000000153394, shape torch.Size([1, 1, 400, 640]), rank 0
2026-08-08 00:05:07.738389: predicting OpenEDS_000000153396
2026-08-08 00:05:07.739616: OpenEDS_000000153396, shape torch.Size([1, 1, 400, 640]), rank 0
2026-08-08 00:05:07.751959: predicting OpenEDS_000000153398
2026-08-08 00:05:07.753239: OpenEDS_000000153398, shape torch.Size([1, 1, 400, 640]), rank 0
2026-08-08 00:05:07.765598: predicting OpenEDS_000000153401
2026-08-08 00:05:07.766856: OpenEDS_000000153401, shape torch.Size([1, 1, 400, 640]), rank 0
2026-08-08 00:05:07.779144: predicting OpenEDS_000000153411
2026-08-08 00:05:07.780379: OpenEDS_000000153411, shape torch.Size([1, 1, 400, 640]), rank 0
2026-08-08 00:05:07.793061: predicting OpenEDS_000000153413
2026-08-08 00:05:07.794273: OpenEDS_000000153413, shape torch.Size([1, 1, 400, 640]), rank 0
2026-08-08 00:05:07.806739: predicting OpenEDS_000000153415
2026-08-08 00:05:07.808008: OpenEDS_000000153415, shape torch.Size([1, 1, 400, 640]), rank 0
2026-08-08 00:05:07.820373: predicting OpenEDS_000000153416
2026-08-08 00:05:07.821614: OpenEDS_000000153416, shape torch.Size([1, 1, 400, 640]), rank 0
2026-08-08 00:05:07.833975: predicting OpenEDS_000000153417
2026-08-08 00:05:07.835230: OpenEDS_000000153417, shape torch.Size([1, 1, 400, 640]), rank 0
2026-08-08 00:05:07.847507: predicting OpenEDS_000000153421
2026-08-08 00:05:07.848749: OpenEDS_000000153421, shape torch.Size([1, 1, 400, 640]), rank 0
2026-08-08 00:05:07.861115: predicting OpenEDS_000000153425
2026-08-08 00:05:07.862375: OpenEDS_000000153425, shape torch.Size([1, 1, 400, 640]), rank 0
2026-08-08 00:05:07.874847: predicting OpenEDS_000000153429
2026-08-08 00:05:07.876131: OpenEDS_000000153429, shape torch.Size([1, 1, 400, 640]), rank 0
2026-08-08 00:05:07.888816: predicting OpenEDS_000000153431
2026-08-08 00:05:07.889878: OpenEDS_000000153431, shape torch.Size([1, 1, 400, 640]), rank 0
2026-08-08 00:05:07.902237: predicting OpenEDS_000000153433
2026-08-08 00:05:07.903497: OpenEDS_000000153433, shape torch.Size([1, 1, 400, 640]), rank 0
2026-08-08 00:05:07.915749: predicting OpenEDS_000000153437
2026-08-08 00:05:07.917005: OpenEDS_000000153437, shape torch.Size([1, 1, 400, 640]), rank 0
2026-08-08 00:05:07.929320: predicting OpenEDS_000000153441
2026-08-08 00:05:07.930571: OpenEDS_000000153441, shape torch.Size([1, 1, 400, 640]), rank 0
2026-08-08 00:05:07.943206: predicting OpenEDS_000000153449
2026-08-08 00:05:07.944322: OpenEDS_000000153449, shape torch.Size([1, 1, 400, 640]), rank 0
2026-08-08 00:05:07.956530: predicting OpenEDS_000000153454
2026-08-08 00:05:07.957834: OpenEDS_000000153454, shape torch.Size([1, 1, 400, 640]), rank 0
2026-08-08 00:05:07.970258: predicting OpenEDS_000000153455
2026-08-08 00:05:07.971502: OpenEDS_000000153455, shape torch.Size([1, 1, 400, 640]), rank 0
2026-08-08 00:05:07.984278: predicting OpenEDS_000000153457
2026-08-08 00:05:07.985534: OpenEDS_000000153457, shape torch.Size([1, 1, 400, 640]), rank 0
2026-08-08 00:05:07.998154: predicting OpenEDS_000000153460
2026-08-08 00:05:07.999423: OpenEDS_000000153460, shape torch.Size([1, 1, 400, 640]), rank 0
2026-08-08 00:05:08.011806: predicting OpenEDS_000000153466
2026-08-08 00:05:08.013059: OpenEDS_000000153466, shape torch.Size([1, 1, 400, 640]), rank 0
2026-08-08 00:05:08.025806: predicting OpenEDS_000000156115
2026-08-08 00:05:08.027010: OpenEDS_000000156115, shape torch.Size([1, 1, 400, 640]), rank 0
2026-08-08 00:05:08.039795: predicting OpenEDS_000000156122
2026-08-08 00:05:08.041058: OpenEDS_000000156122, shape torch.Size([1, 1, 400, 640]), rank 0
2026-08-08 00:05:08.053854: predicting OpenEDS_000000156123
2026-08-08 00:05:08.055122: OpenEDS_000000156123, shape torch.Size([1, 1, 400, 640]), rank 0
2026-08-08 00:05:08.067548: predicting OpenEDS_000000156125
2026-08-08 00:05:08.068830: OpenEDS_000000156125, shape torch.Size([1, 1, 400, 640]), rank 0
2026-08-08 00:05:08.081167: predicting OpenEDS_000000156130
2026-08-08 00:05:08.082507: OpenEDS_000000156130, shape torch.Size([1, 1, 400, 640]), rank 0
2026-08-08 00:05:08.094739: predicting OpenEDS_000000156132
2026-08-08 00:05:08.095983: OpenEDS_000000156132, shape torch.Size([1, 1, 400, 640]), rank 0
2026-08-08 00:05:08.108305: predicting OpenEDS_000000156140
2026-08-08 00:05:08.109550: OpenEDS_000000156140, shape torch.Size([1, 1, 400, 640]), rank 0
2026-08-08 00:05:08.121906: predicting OpenEDS_000000156141
2026-08-08 00:05:08.123202: OpenEDS_000000156141, shape torch.Size([1, 1, 400, 640]), rank 0
2026-08-08 00:05:08.135561: predicting OpenEDS_000000156149
2026-08-08 00:05:08.136829: OpenEDS_000000156149, shape torch.Size([1, 1, 400, 640]), rank 0
2026-08-08 00:05:08.149260: predicting OpenEDS_000000156156
2026-08-08 00:05:08.150548: OpenEDS_000000156156, shape torch.Size([1, 1, 400, 640]), rank 0
2026-08-08 00:05:08.163328: predicting OpenEDS_000000156165
2026-08-08 00:05:08.164642: OpenEDS_000000156165, shape torch.Size([1, 1, 400, 640]), rank 0
2026-08-08 00:05:08.177398: predicting OpenEDS_000000156174
2026-08-08 00:05:08.178631: OpenEDS_000000156174, shape torch.Size([1, 1, 400, 640]), rank 0
2026-08-08 00:05:08.191405: predicting OpenEDS_000000156180
2026-08-08 00:05:08.192659: OpenEDS_000000156180, shape torch.Size([1, 1, 400, 640]), rank 0
2026-08-08 00:05:08.205261: predicting OpenEDS_000000158851
2026-08-08 00:05:08.206534: OpenEDS_000000158851, shape torch.Size([1, 1, 400, 640]), rank 0
2026-08-08 00:05:08.218926: predicting OpenEDS_000000158854
2026-08-08 00:05:08.220156: OpenEDS_000000158854, shape torch.Size([1, 1, 400, 640]), rank 0
2026-08-08 00:05:08.232616: predicting OpenEDS_000000158861
2026-08-08 00:05:08.233819: OpenEDS_000000158861, shape torch.Size([1, 1, 400, 640]), rank 0
2026-08-08 00:05:08.246197: predicting OpenEDS_000000158872
2026-08-08 00:05:08.247446: OpenEDS_000000158872, shape torch.Size([1, 1, 400, 640]), rank 0
2026-08-08 00:05:08.259800: predicting OpenEDS_000000158879
2026-08-08 00:05:08.261055: OpenEDS_000000158879, shape torch.Size([1, 1, 400, 640]), rank 0
2026-08-08 00:05:08.273436: predicting OpenEDS_000000158881
2026-08-08 00:05:08.274709: OpenEDS_000000158881, shape torch.Size([1, 1, 400, 640]), rank 0
2026-08-08 00:05:08.287029: predicting OpenEDS_000000158886
2026-08-08 00:05:08.288237: OpenEDS_000000158886, shape torch.Size([1, 1, 400, 640]), rank 0
2026-08-08 00:05:08.300649: predicting OpenEDS_000000158894
2026-08-08 00:05:08.301861: OpenEDS_000000158894, shape torch.Size([1, 1, 400, 640]), rank 0
2026-08-08 00:05:08.314227: predicting OpenEDS_000000158896
2026-08-08 00:05:08.315415: OpenEDS_000000158896, shape torch.Size([1, 1, 400, 640]), rank 0
2026-08-08 00:05:08.328105: predicting OpenEDS_000000158904
2026-08-08 00:05:08.329345: OpenEDS_000000158904, shape torch.Size([1, 1, 400, 640]), rank 0
2026-08-08 00:05:08.342155: predicting OpenEDS_000000158908
2026-08-08 00:05:08.343435: OpenEDS_000000158908, shape torch.Size([1, 1, 400, 640]), rank 0
2026-08-08 00:05:08.356086: predicting OpenEDS_000000158917
2026-08-08 00:05:08.357335: OpenEDS_000000158917, shape torch.Size([1, 1, 400, 640]), rank 0
2026-08-08 00:05:08.369979: predicting OpenEDS_000000161572
2026-08-08 00:05:08.371222: OpenEDS_000000161572, shape torch.Size([1, 1, 400, 640]), rank 0
2026-08-08 00:05:08.384131: predicting OpenEDS_000000161578
2026-08-08 00:05:08.385200: OpenEDS_000000161578, shape torch.Size([1, 1, 400, 640]), rank 0
2026-08-08 00:05:08.397571: predicting OpenEDS_000000161579
2026-08-08 00:05:08.399406: OpenEDS_000000161579, shape torch.Size([1, 1, 400, 640]), rank 0
2026-08-08 00:05:08.411681: predicting OpenEDS_000000161581
2026-08-08 00:05:08.412950: OpenEDS_000000161581, shape torch.Size([1, 1, 400, 640]), rank 0
2026-08-08 00:05:08.425323: predicting OpenEDS_000000161584
2026-08-08 00:05:08.426577: OpenEDS_000000161584, shape torch.Size([1, 1, 400, 640]), rank 0
2026-08-08 00:05:08.438905: predicting OpenEDS_000000161590
2026-08-08 00:05:08.440138: OpenEDS_000000161590, shape torch.Size([1, 1, 400, 640]), rank 0
2026-08-08 00:05:08.452545: predicting OpenEDS_000000161591
2026-08-08 00:05:08.453794: OpenEDS_000000161591, shape torch.Size([1, 1, 400, 640]), rank 0
2026-08-08 00:05:08.466145: predicting OpenEDS_000000161595
2026-08-08 00:05:08.467390: OpenEDS_000000161595, shape torch.Size([1, 1, 400, 640]), rank 0
2026-08-08 00:05:08.479778: predicting OpenEDS_000000161597
2026-08-08 00:05:08.480994: OpenEDS_000000161597, shape torch.Size([1, 1, 400, 640]), rank 0
2026-08-08 00:05:08.493309: predicting OpenEDS_000000161600
2026-08-08 00:05:08.494544: OpenEDS_000000161600, shape torch.Size([1, 1, 400, 640]), rank 0
2026-08-08 00:05:08.506905: predicting OpenEDS_000000161606
2026-08-08 00:05:08.508141: OpenEDS_000000161606, shape torch.Size([1, 1, 400, 640]), rank 0
2026-08-08 00:05:08.520463: predicting OpenEDS_000000161609
2026-08-08 00:05:08.521715: OpenEDS_000000161609, shape torch.Size([1, 1, 400, 640]), rank 0
2026-08-08 00:05:08.534507: predicting OpenEDS_000000161621
2026-08-08 00:05:08.535796: OpenEDS_000000161621, shape torch.Size([1, 1, 400, 640]), rank 0
2026-08-08 00:05:08.548117: predicting OpenEDS_000000161622
2026-08-08 00:05:08.549377: OpenEDS_000000161622, shape torch.Size([1, 1, 400, 640]), rank 0
2026-08-08 00:05:08.561740: predicting OpenEDS_000000161623
2026-08-08 00:05:08.563012: OpenEDS_000000161623, shape torch.Size([1, 1, 400, 640]), rank 0
2026-08-08 00:05:08.575365: predicting OpenEDS_000000161626
2026-08-08 00:05:08.576624: OpenEDS_000000161626, shape torch.Size([1, 1, 400, 640]), rank 0
2026-08-08 00:05:08.589722: predicting OpenEDS_000000161627
2026-08-08 00:05:08.590808: OpenEDS_000000161627, shape torch.Size([1, 1, 400, 640]), rank 0
2026-08-08 00:05:08.603495: predicting OpenEDS_000000161629
2026-08-08 00:05:08.604718: OpenEDS_000000161629, shape torch.Size([1, 1, 400, 640]), rank 0
2026-08-08 00:05:08.617279: predicting OpenEDS_000000161631
2026-08-08 00:05:08.618531: OpenEDS_000000161631, shape torch.Size([1, 1, 400, 640]), rank 0
2026-08-08 00:05:08.630950: predicting OpenEDS_000000161642
2026-08-08 00:05:08.632195: OpenEDS_000000161642, shape torch.Size([1, 1, 400, 640]), rank 0
2026-08-08 00:05:08.644721: predicting OpenEDS_000000161648
2026-08-08 00:05:08.645932: OpenEDS_000000161648, shape torch.Size([1, 1, 400, 640]), rank 0
2026-08-08 00:05:08.658683: predicting OpenEDS_000000161653
2026-08-08 00:05:08.659927: OpenEDS_000000161653, shape torch.Size([1, 1, 400, 640]), rank 0
2026-08-08 00:05:08.672762: predicting OpenEDS_000000161658
2026-08-08 00:05:08.674020: OpenEDS_000000161658, shape torch.Size([1, 1, 400, 640]), rank 0
2026-08-08 00:05:08.686424: predicting OpenEDS_000000164315
2026-08-08 00:05:08.687752: OpenEDS_000000164315, shape torch.Size([1, 1, 400, 640]), rank 0
2026-08-08 00:05:08.700646: predicting OpenEDS_000000164322
2026-08-08 00:05:08.701941: OpenEDS_000000164322, shape torch.Size([1, 1, 400, 640]), rank 0
2026-08-08 00:05:08.714713: predicting OpenEDS_000000164323
2026-08-08 00:05:08.715972: OpenEDS_000000164323, shape torch.Size([1, 1, 400, 640]), rank 0
2026-08-08 00:05:08.728560: predicting OpenEDS_000000164326
2026-08-08 00:05:08.729800: OpenEDS_000000164326, shape torch.Size([1, 1, 400, 640]), rank 0
2026-08-08 00:05:08.742774: predicting OpenEDS_000000164335
2026-08-08 00:05:08.743850: OpenEDS_000000164335, shape torch.Size([1, 1, 400, 640]), rank 0
2026-08-08 00:05:08.756094: predicting OpenEDS_000000164348
2026-08-08 00:05:08.757402: OpenEDS_000000164348, shape torch.Size([1, 1, 400, 640]), rank 0
2026-08-08 00:05:08.770256: predicting OpenEDS_000000164350
2026-08-08 00:05:08.771492: OpenEDS_000000164350, shape torch.Size([1, 1, 400, 640]), rank 0
2026-08-08 00:05:08.784437: predicting OpenEDS_000000164361
2026-08-08 00:05:08.785529: OpenEDS_000000164361, shape torch.Size([1, 1, 400, 640]), rank 0
2026-08-08 00:05:08.798460: predicting OpenEDS_000000164367
2026-08-08 00:05:08.799599: OpenEDS_000000164367, shape torch.Size([1, 1, 400, 640]), rank 0
2026-08-08 00:05:08.811932: predicting OpenEDS_000000164371
2026-08-08 00:05:08.813191: OpenEDS_000000164371, shape torch.Size([1, 1, 400, 640]), rank 0
2026-08-08 00:05:08.826193: predicting OpenEDS_000000164377
2026-08-08 00:05:08.827287: OpenEDS_000000164377, shape torch.Size([1, 1, 400, 640]), rank 0
2026-08-08 00:05:08.839699: predicting OpenEDS_000000164379
2026-08-08 00:05:08.841003: OpenEDS_000000164379, shape torch.Size([1, 1, 400, 640]), rank 0
2026-08-08 00:05:08.853431: predicting OpenEDS_000000164388
2026-08-08 00:05:08.854670: OpenEDS_000000164388, shape torch.Size([1, 1, 400, 640]), rank 0
2026-08-08 00:05:08.866997: predicting OpenEDS_000000164391
2026-08-08 00:05:08.868246: OpenEDS_000000164391, shape torch.Size([1, 1, 400, 640]), rank 0
2026-08-08 00:05:08.880675: predicting OpenEDS_000000167049
2026-08-08 00:05:08.881943: OpenEDS_000000167049, shape torch.Size([1, 1, 400, 640]), rank 0
2026-08-08 00:05:08.894374: predicting OpenEDS_000000167050
2026-08-08 00:05:08.895628: OpenEDS_000000167050, shape torch.Size([1, 1, 400, 640]), rank 0
2026-08-08 00:05:08.908198: predicting OpenEDS_000000167059
2026-08-08 00:05:08.909247: OpenEDS_000000167059, shape torch.Size([1, 1, 400, 640]), rank 0
2026-08-08 00:05:08.921599: predicting OpenEDS_000000167060
2026-08-08 00:05:08.922463: OpenEDS_000000167060, shape torch.Size([1, 1, 400, 640]), rank 0
2026-08-08 00:05:08.935325: predicting OpenEDS_000000167070
2026-08-08 00:05:08.936562: OpenEDS_000000167070, shape torch.Size([1, 1, 400, 640]), rank 0
2026-08-08 00:05:08.948905: predicting OpenEDS_000000167072
2026-08-08 00:05:08.950160: OpenEDS_000000167072, shape torch.Size([1, 1, 400, 640]), rank 0
2026-08-08 00:05:08.962979: predicting OpenEDS_000000167084
2026-08-08 00:05:08.964266: OpenEDS_000000167084, shape torch.Size([1, 1, 400, 640]), rank 0
2026-08-08 00:05:08.976744: predicting OpenEDS_000000167103
2026-08-08 00:05:08.978012: OpenEDS_000000167103, shape torch.Size([1, 1, 400, 640]), rank 0
2026-08-08 00:05:08.990750: predicting OpenEDS_000000167112
2026-08-08 00:05:08.991781: OpenEDS_000000167112, shape torch.Size([1, 1, 400, 640]), rank 0
2026-08-08 00:05:09.004349: predicting OpenEDS_000000167114
2026-08-08 00:05:09.005399: OpenEDS_000000167114, shape torch.Size([1, 1, 400, 640]), rank 0
2026-08-08 00:05:09.017583: predicting OpenEDS_000000169773
2026-08-08 00:05:09.018807: OpenEDS_000000169773, shape torch.Size([1, 1, 400, 640]), rank 0
2026-08-08 00:05:09.031174: predicting OpenEDS_000000169774
2026-08-08 00:05:09.032386: OpenEDS_000000169774, shape torch.Size([1, 1, 400, 640]), rank 0
2026-08-08 00:05:09.045070: predicting OpenEDS_000000169776
2026-08-08 00:05:09.046318: OpenEDS_000000169776, shape torch.Size([1, 1, 400, 640]), rank 0
2026-08-08 00:05:09.058743: predicting OpenEDS_000000169777
2026-08-08 00:05:09.059985: OpenEDS_000000169777, shape torch.Size([1, 1, 400, 640]), rank 0
2026-08-08 00:05:09.072340: predicting OpenEDS_000000169786
2026-08-08 00:05:09.073581: OpenEDS_000000169786, shape torch.Size([1, 1, 400, 640]), rank 0
2026-08-08 00:05:09.086008: predicting OpenEDS_000000169792
2026-08-08 00:05:09.087279: OpenEDS_000000169792, shape torch.Size([1, 1, 400, 640]), rank 0
2026-08-08 00:05:09.099690: predicting OpenEDS_000000169795
2026-08-08 00:05:09.100938: OpenEDS_000000169795, shape torch.Size([1, 1, 400, 640]), rank 0
2026-08-08 00:05:09.113391: predicting OpenEDS_000000169798
2026-08-08 00:05:09.114610: OpenEDS_000000169798, shape torch.Size([1, 1, 400, 640]), rank 0
2026-08-08 00:05:09.127055: predicting OpenEDS_000000169803
2026-08-08 00:05:09.128314: OpenEDS_000000169803, shape torch.Size([1, 1, 400, 640]), rank 0
2026-08-08 00:05:09.140718: predicting OpenEDS_000000169804
2026-08-08 00:05:09.141981: OpenEDS_000000169804, shape torch.Size([1, 1, 400, 640]), rank 0
2026-08-08 00:05:09.154908: predicting OpenEDS_000000169809
2026-08-08 00:05:09.156026: OpenEDS_000000169809, shape torch.Size([1, 1, 400, 640]), rank 0
2026-08-08 00:05:09.168367: predicting OpenEDS_000000169818
2026-08-08 00:05:09.169669: OpenEDS_000000169818, shape torch.Size([1, 1, 400, 640]), rank 0
2026-08-08 00:05:09.182080: predicting OpenEDS_000000169820
2026-08-08 00:05:09.183357: OpenEDS_000000169820, shape torch.Size([1, 1, 400, 640]), rank 0
2026-08-08 00:05:09.196086: predicting OpenEDS_000000169822
2026-08-08 00:05:09.197168: OpenEDS_000000169822, shape torch.Size([1, 1, 400, 640]), rank 0
2026-08-08 00:05:09.209410: predicting OpenEDS_000000169824
2026-08-08 00:05:09.210666: OpenEDS_000000169824, shape torch.Size([1, 1, 400, 640]), rank 0
2026-08-08 00:05:09.223364: predicting OpenEDS_000000169828
2026-08-08 00:05:09.224441: OpenEDS_000000169828, shape torch.Size([1, 1, 400, 640]), rank 0
2026-08-08 00:05:09.236724: predicting OpenEDS_000000169829
2026-08-08 00:05:09.237947: OpenEDS_000000169829, shape torch.Size([1, 1, 400, 640]), rank 0
2026-08-08 00:05:09.250294: predicting OpenEDS_000000169830
2026-08-08 00:05:09.251567: OpenEDS_000000169830, shape torch.Size([1, 1, 400, 640]), rank 0
2026-08-08 00:05:09.264264: predicting OpenEDS_000000169834
2026-08-08 00:05:09.265359: OpenEDS_000000169834, shape torch.Size([1, 1, 400, 640]), rank 0
2026-08-08 00:05:09.277730: predicting OpenEDS_000000169836
2026-08-08 00:05:09.278963: OpenEDS_000000169836, shape torch.Size([1, 1, 400, 640]), rank 0
2026-08-08 00:05:09.291374: predicting OpenEDS_000000169841
2026-08-08 00:05:09.292617: OpenEDS_000000169841, shape torch.Size([1, 1, 400, 640]), rank 0
2026-08-08 00:05:09.305022: predicting OpenEDS_000000169842
2026-08-08 00:05:09.306290: OpenEDS_000000169842, shape torch.Size([1, 1, 400, 640]), rank 0
2026-08-08 00:05:09.318707: predicting OpenEDS_000000169844
2026-08-08 00:05:09.319912: OpenEDS_000000169844, shape torch.Size([1, 1, 400, 640]), rank 0
2026-08-08 00:05:09.332580: predicting OpenEDS_000000172505
2026-08-08 00:05:09.333650: OpenEDS_000000172505, shape torch.Size([1, 1, 400, 640]), rank 0
2026-08-08 00:05:09.346000: predicting OpenEDS_000000172506
2026-08-08 00:05:09.347225: OpenEDS_000000172506, shape torch.Size([1, 1, 400, 640]), rank 0
2026-08-08 00:05:09.359924: predicting OpenEDS_000000172508
2026-08-08 00:05:09.360974: OpenEDS_000000172508, shape torch.Size([1, 1, 400, 640]), rank 0
2026-08-08 00:05:09.373208: predicting OpenEDS_000000172509
2026-08-08 00:05:09.374478: OpenEDS_000000172509, shape torch.Size([1, 1, 400, 640]), rank 0
2026-08-08 00:05:09.387017: predicting OpenEDS_000000172511
2026-08-08 00:05:09.388076: OpenEDS_000000172511, shape torch.Size([1, 1, 400, 640]), rank 0
2026-08-08 00:05:09.400446: predicting OpenEDS_000000172518
2026-08-08 00:05:09.401651: OpenEDS_000000172518, shape torch.Size([1, 1, 400, 640]), rank 0
2026-08-08 00:05:09.414278: predicting OpenEDS_000000172528
2026-08-08 00:05:09.415322: OpenEDS_000000172528, shape torch.Size([1, 1, 400, 640]), rank 0
2026-08-08 00:05:09.427614: predicting OpenEDS_000000172530
2026-08-08 00:05:09.428836: OpenEDS_000000172530, shape torch.Size([1, 1, 400, 640]), rank 0
2026-08-08 00:05:09.441404: predicting OpenEDS_000000172538
2026-08-08 00:05:09.442470: OpenEDS_000000172538, shape torch.Size([1, 1, 400, 640]), rank 0
2026-08-08 00:05:09.454745: predicting OpenEDS_000000172547
2026-08-08 00:05:09.455963: OpenEDS_000000172547, shape torch.Size([1, 1, 400, 640]), rank 0
2026-08-08 00:05:09.468283: predicting OpenEDS_000000172549
2026-08-08 00:05:09.469519: OpenEDS_000000172549, shape torch.Size([1, 1, 400, 640]), rank 0
2026-08-08 00:05:09.482101: predicting OpenEDS_000000172560
2026-08-08 00:05:09.483152: OpenEDS_000000172560, shape torch.Size([1, 1, 400, 640]), rank 0
2026-08-08 00:05:09.495425: predicting OpenEDS_000000172561
2026-08-08 00:05:09.496660: OpenEDS_000000172561, shape torch.Size([1, 1, 400, 640]), rank 0
2026-08-08 00:05:09.508993: predicting OpenEDS_000000172569
2026-08-08 00:05:09.510228: OpenEDS_000000172569, shape torch.Size([1, 1, 400, 640]), rank 0
2026-08-08 00:05:09.522575: predicting OpenEDS_000000172576
2026-08-08 00:05:09.523789: OpenEDS_000000172576, shape torch.Size([1, 1, 400, 640]), rank 0
2026-08-08 00:05:09.536085: predicting OpenEDS_000000172580
2026-08-08 00:05:09.537233: OpenEDS_000000172580, shape torch.Size([1, 1, 400, 640]), rank 0
2026-08-08 00:05:09.550028: predicting OpenEDS_000000175233
2026-08-08 00:05:09.551258: OpenEDS_000000175233, shape torch.Size([1, 1, 400, 640]), rank 0
2026-08-08 00:05:09.564017: predicting OpenEDS_000000175239
2026-08-08 00:05:09.565205: OpenEDS_000000175239, shape torch.Size([1, 1, 400, 640]), rank 0
2026-08-08 00:05:09.577556: predicting OpenEDS_000000175240
2026-08-08 00:05:09.578749: OpenEDS_000000175240, shape torch.Size([1, 1, 400, 640]), rank 0
2026-08-08 00:05:09.591024: predicting OpenEDS_000000175248
2026-08-08 00:05:09.592312: OpenEDS_000000175248, shape torch.Size([1, 1, 400, 640]), rank 0
2026-08-08 00:05:09.605040: predicting OpenEDS_000000175249
2026-08-08 00:05:09.606272: OpenEDS_000000175249, shape torch.Size([1, 1, 400, 640]), rank 0
2026-08-08 00:05:09.619314: predicting OpenEDS_000000175250
2026-08-08 00:05:09.620375: OpenEDS_000000175250, shape torch.Size([1, 1, 400, 640]), rank 0
2026-08-08 00:05:09.633096: predicting OpenEDS_000000175256
2026-08-08 00:05:09.634290: OpenEDS_000000175256, shape torch.Size([1, 1, 400, 640]), rank 0
2026-08-08 00:05:09.646780: predicting OpenEDS_000000175257
2026-08-08 00:05:09.648050: OpenEDS_000000175257, shape torch.Size([1, 1, 400, 640]), rank 0
2026-08-08 00:05:09.660536: predicting OpenEDS_000000175269
2026-08-08 00:05:09.661845: OpenEDS_000000175269, shape torch.Size([1, 1, 400, 640]), rank 0
2026-08-08 00:05:09.675039: predicting OpenEDS_000000175280
2026-08-08 00:05:09.676106: OpenEDS_000000175280, shape torch.Size([1, 1, 400, 640]), rank 0
2026-08-08 00:05:09.688685: predicting OpenEDS_000000175285
2026-08-08 00:05:09.689925: OpenEDS_000000175285, shape torch.Size([1, 1, 400, 640]), rank 0
2026-08-08 00:05:09.702394: predicting OpenEDS_000000175299
2026-08-08 00:05:09.703687: OpenEDS_000000175299, shape torch.Size([1, 1, 400, 640]), rank 0
2026-08-08 00:05:09.716019: predicting OpenEDS_000000175302
2026-08-08 00:05:09.717271: OpenEDS_000000175302, shape torch.Size([1, 1, 400, 640]), rank 0
2026-08-08 00:05:09.729979: predicting OpenEDS_000000175307
2026-08-08 00:05:09.731204: OpenEDS_000000175307, shape torch.Size([1, 1, 400, 640]), rank 0
2026-08-08 00:05:09.744273: predicting OpenEDS_000000175320
2026-08-08 00:05:09.745334: OpenEDS_000000175320, shape torch.Size([1, 1, 400, 640]), rank 0
2026-08-08 00:05:09.758131: predicting OpenEDS_000000175333
2026-08-08 00:05:09.759186: OpenEDS_000000175333, shape torch.Size([1, 1, 400, 640]), rank 0
2026-08-08 00:05:09.771616: predicting OpenEDS_000000175336
2026-08-08 00:05:09.772811: OpenEDS_000000175336, shape torch.Size([1, 1, 400, 640]), rank 0
2026-08-08 00:05:09.785428: predicting OpenEDS_000000175342
2026-08-08 00:05:09.786527: OpenEDS_000000175342, shape torch.Size([1, 1, 400, 640]), rank 0
2026-08-08 00:05:09.799165: predicting OpenEDS_000000175346
2026-08-08 00:05:09.800421: OpenEDS_000000175346, shape torch.Size([1, 1, 400, 640]), rank 0
2026-08-08 00:05:09.812776: predicting OpenEDS_000000175350
2026-08-08 00:05:09.814038: OpenEDS_000000175350, shape torch.Size([1, 1, 400, 640]), rank 0
2026-08-08 00:05:09.826365: predicting OpenEDS_000000178001
2026-08-08 00:05:09.827238: OpenEDS_000000178001, shape torch.Size([1, 1, 400, 640]), rank 0
2026-08-08 00:05:09.840330: predicting OpenEDS_000000178006
2026-08-08 00:05:09.841373: OpenEDS_000000178006, shape torch.Size([1, 1, 400, 640]), rank 0
2026-08-08 00:05:09.854170: predicting OpenEDS_000000178010
2026-08-08 00:05:09.855205: OpenEDS_000000178010, shape torch.Size([1, 1, 400, 640]), rank 0
2026-08-08 00:05:09.867427: predicting OpenEDS_000000178022
2026-08-08 00:05:09.868662: OpenEDS_000000178022, shape torch.Size([1, 1, 400, 640]), rank 0
2026-08-08 00:05:09.881247: predicting OpenEDS_000000178038
2026-08-08 00:05:09.882535: OpenEDS_000000178038, shape torch.Size([1, 1, 400, 640]), rank 0
2026-08-08 00:05:09.894938: predicting OpenEDS_000000178042
2026-08-08 00:05:09.896137: OpenEDS_000000178042, shape torch.Size([1, 1, 400, 640]), rank 0
2026-08-08 00:05:09.908733: predicting OpenEDS_000000178043
2026-08-08 00:05:09.909988: OpenEDS_000000178043, shape torch.Size([1, 1, 400, 640]), rank 0
2026-08-08 00:05:09.922301: predicting OpenEDS_000000178044
2026-08-08 00:05:09.923549: OpenEDS_000000178044, shape torch.Size([1, 1, 400, 640]), rank 0
2026-08-08 00:05:09.935990: predicting OpenEDS_000000178047
2026-08-08 00:05:09.937291: OpenEDS_000000178047, shape torch.Size([1, 1, 400, 640]), rank 0
2026-08-08 00:05:09.949938: predicting OpenEDS_000000178048
2026-08-08 00:05:09.951023: OpenEDS_000000178048, shape torch.Size([1, 1, 400, 640]), rank 0
2026-08-08 00:05:09.963819: predicting OpenEDS_000000178053
2026-08-08 00:05:09.965101: OpenEDS_000000178053, shape torch.Size([1, 1, 400, 640]), rank 0
2026-08-08 00:05:09.977967: predicting OpenEDS_000000178056
2026-08-08 00:05:09.979257: OpenEDS_000000178056, shape torch.Size([1, 1, 400, 640]), rank 0
2026-08-08 00:05:09.991780: predicting OpenEDS_000000178058
2026-08-08 00:05:09.993033: OpenEDS_000000178058, shape torch.Size([1, 1, 400, 640]), rank 0
2026-08-08 00:05:10.005754: predicting OpenEDS_000000178078
2026-08-08 00:05:10.006840: OpenEDS_000000178078, shape torch.Size([1, 1, 400, 640]), rank 0
2026-08-08 00:05:10.019156: predicting OpenEDS_000000180731
2026-08-08 00:05:10.020398: OpenEDS_000000180731, shape torch.Size([1, 1, 400, 640]), rank 0
2026-08-08 00:05:10.033005: predicting OpenEDS_000000180732
2026-08-08 00:05:10.034135: OpenEDS_000000180732, shape torch.Size([1, 1, 400, 640]), rank 0
2026-08-08 00:05:10.046405: predicting OpenEDS_000000180748
2026-08-08 00:05:10.047673: OpenEDS_000000180748, shape torch.Size([1, 1, 400, 640]), rank 0
2026-08-08 00:05:10.060045: predicting OpenEDS_000000180766
2026-08-08 00:05:10.061276: OpenEDS_000000180766, shape torch.Size([1, 1, 400, 640]), rank 0
2026-08-08 00:05:10.074039: predicting OpenEDS_000000180776
2026-08-08 00:05:10.075115: OpenEDS_000000180776, shape torch.Size([1, 1, 400, 640]), rank 0
2026-08-08 00:05:10.087292: predicting OpenEDS_000000180787
2026-08-08 00:05:10.088499: OpenEDS_000000180787, shape torch.Size([1, 1, 400, 640]), rank 0
2026-08-08 00:05:10.100955: predicting OpenEDS_000000180792
2026-08-08 00:05:10.102191: OpenEDS_000000180792, shape torch.Size([1, 1, 400, 640]), rank 0
2026-08-08 00:05:10.114964: predicting OpenEDS_000000180800
2026-08-08 00:05:10.116349: OpenEDS_000000180800, shape torch.Size([1, 1, 400, 640]), rank 0
2026-08-08 00:05:10.128650: predicting OpenEDS_000000180801
2026-08-08 00:05:10.129877: OpenEDS_000000180801, shape torch.Size([1, 1, 400, 640]), rank 0
2026-08-08 00:05:10.142281: predicting OpenEDS_000000180802
2026-08-08 00:05:10.143541: OpenEDS_000000180802, shape torch.Size([1, 1, 400, 640]), rank 0
2026-08-08 00:05:10.156070: predicting OpenEDS_000000180803
2026-08-08 00:05:10.157363: OpenEDS_000000180803, shape torch.Size([1, 1, 400, 640]), rank 0
2026-08-08 00:05:10.170129: predicting OpenEDS_000000183097
2026-08-08 00:05:10.171145: OpenEDS_000000183097, shape torch.Size([1, 1, 400, 640]), rank 0
2026-08-08 00:05:10.183499: predicting OpenEDS_000000183098
2026-08-08 00:05:10.184695: OpenEDS_000000183098, shape torch.Size([1, 1, 400, 640]), rank 0
2026-08-08 00:05:10.196981: predicting OpenEDS_000000183105
2026-08-08 00:05:10.198212: OpenEDS_000000183105, shape torch.Size([1, 1, 400, 640]), rank 0
2026-08-08 00:05:10.210568: predicting OpenEDS_000000183106
2026-08-08 00:05:10.211739: OpenEDS_000000183106, shape torch.Size([1, 1, 400, 640]), rank 0
2026-08-08 00:05:10.224567: predicting OpenEDS_000000183118
2026-08-08 00:05:10.225818: OpenEDS_000000183118, shape torch.Size([1, 1, 400, 640]), rank 0
2026-08-08 00:05:10.238413: predicting OpenEDS_000000183123
2026-08-08 00:05:10.239626: OpenEDS_000000183123, shape torch.Size([1, 1, 400, 640]), rank 0
2026-08-08 00:05:10.252262: predicting OpenEDS_000000183124
2026-08-08 00:05:10.253487: OpenEDS_000000183124, shape torch.Size([1, 1, 400, 640]), rank 0
2026-08-08 00:05:10.266107: predicting OpenEDS_000000183134
2026-08-08 00:05:10.267375: OpenEDS_000000183134, shape torch.Size([1, 1, 400, 640]), rank 0
2026-08-08 00:05:10.279834: predicting OpenEDS_000000183135
2026-08-08 00:05:10.280983: OpenEDS_000000183135, shape torch.Size([1, 1, 400, 640]), rank 0
2026-08-08 00:05:10.293385: predicting OpenEDS_000000183137
2026-08-08 00:05:10.294604: OpenEDS_000000183137, shape torch.Size([1, 1, 400, 640]), rank 0
2026-08-08 00:05:10.306961: predicting OpenEDS_000000183147
2026-08-08 00:05:10.308206: OpenEDS_000000183147, shape torch.Size([1, 1, 400, 640]), rank 0
2026-08-08 00:05:10.320467: predicting OpenEDS_000000183150
2026-08-08 00:05:10.321678: OpenEDS_000000183150, shape torch.Size([1, 1, 400, 640]), rank 0
2026-08-08 00:05:10.334009: predicting OpenEDS_000000185732
2026-08-08 00:05:10.335305: OpenEDS_000000185732, shape torch.Size([1, 1, 400, 640]), rank 0
2026-08-08 00:05:10.347590: predicting OpenEDS_000000185740
2026-08-08 00:05:10.348873: OpenEDS_000000185740, shape torch.Size([1, 1, 400, 640]), rank 0
2026-08-08 00:05:10.361237: predicting OpenEDS_000000185746
2026-08-08 00:05:10.362485: OpenEDS_000000185746, shape torch.Size([1, 1, 400, 640]), rank 0
2026-08-08 00:05:10.374877: predicting OpenEDS_000000185747
2026-08-08 00:05:10.376152: OpenEDS_000000185747, shape torch.Size([1, 1, 400, 640]), rank 0
2026-08-08 00:05:10.388445: predicting OpenEDS_000000185752
2026-08-08 00:05:10.389632: OpenEDS_000000185752, shape torch.Size([1, 1, 400, 640]), rank 0
2026-08-08 00:05:10.402420: predicting OpenEDS_000000185755
2026-08-08 00:05:10.403476: OpenEDS_000000185755, shape torch.Size([1, 1, 400, 640]), rank 0
2026-08-08 00:05:10.415828: predicting OpenEDS_000000185756
2026-08-08 00:05:10.417085: OpenEDS_000000185756, shape torch.Size([1, 1, 400, 640]), rank 0
2026-08-08 00:05:10.429899: predicting OpenEDS_000000185759
2026-08-08 00:05:10.431007: OpenEDS_000000185759, shape torch.Size([1, 1, 400, 640]), rank 0
2026-08-08 00:05:10.443669: predicting OpenEDS_000000185762
2026-08-08 00:05:10.444943: OpenEDS_000000185762, shape torch.Size([1, 1, 400, 640]), rank 0
2026-08-08 00:05:10.457927: predicting OpenEDS_000000185769
2026-08-08 00:05:10.458987: OpenEDS_000000185769, shape torch.Size([1, 1, 400, 640]), rank 0
2026-08-08 00:05:10.471822: predicting OpenEDS_000000185777
2026-08-08 00:05:10.472884: OpenEDS_000000185777, shape torch.Size([1, 1, 400, 640]), rank 0
2026-08-08 00:05:10.485637: predicting OpenEDS_000000185787
2026-08-08 00:05:10.486683: OpenEDS_000000185787, shape torch.Size([1, 1, 400, 640]), rank 0
2026-08-08 00:05:10.499028: predicting OpenEDS_000000185790
2026-08-08 00:05:10.500290: OpenEDS_000000185790, shape torch.Size([1, 1, 400, 640]), rank 0
2026-08-08 00:05:10.513053: predicting OpenEDS_000000185792
2026-08-08 00:05:10.514286: OpenEDS_000000185792, shape torch.Size([1, 1, 400, 640]), rank 0
2026-08-08 00:05:10.526999: predicting OpenEDS_000000185794
2026-08-08 00:05:10.528274: OpenEDS_000000185794, shape torch.Size([1, 1, 400, 640]), rank 0
2026-08-08 00:05:10.540986: predicting OpenEDS_000000185795
2026-08-08 00:05:10.542215: OpenEDS_000000185795, shape torch.Size([1, 1, 400, 640]), rank 0
2026-08-08 00:05:10.554800: predicting OpenEDS_000000185797
2026-08-08 00:05:10.556032: OpenEDS_000000185797, shape torch.Size([1, 1, 400, 640]), rank 0
2026-08-08 00:05:10.568434: predicting OpenEDS_000000185800
2026-08-08 00:05:10.569682: OpenEDS_000000185800, shape torch.Size([1, 1, 400, 640]), rank 0
2026-08-08 00:05:10.582427: predicting OpenEDS_000000185802
2026-08-08 00:05:10.583695: OpenEDS_000000185802, shape torch.Size([1, 1, 400, 640]), rank 0
2026-08-08 00:05:10.596497: predicting OpenEDS_000000185812
2026-08-08 00:05:10.597795: OpenEDS_000000185812, shape torch.Size([1, 1, 400, 640]), rank 0
2026-08-08 00:05:10.611126: predicting OpenEDS_000000188470
2026-08-08 00:05:10.612283: OpenEDS_000000188470, shape torch.Size([1, 1, 400, 640]), rank 0
2026-08-08 00:05:10.624653: predicting OpenEDS_000000188472
2026-08-08 00:05:10.625914: OpenEDS_000000188472, shape torch.Size([1, 1, 400, 640]), rank 0
2026-08-08 00:05:10.638605: predicting OpenEDS_000000188489
2026-08-08 00:05:10.639670: OpenEDS_000000188489, shape torch.Size([1, 1, 400, 640]), rank 0
2026-08-08 00:05:10.652600: predicting OpenEDS_000000188490
2026-08-08 00:05:10.653908: OpenEDS_000000188490, shape torch.Size([1, 1, 400, 640]), rank 0
2026-08-08 00:05:10.666993: predicting OpenEDS_000000188492
2026-08-08 00:05:10.668038: OpenEDS_000000188492, shape torch.Size([1, 1, 400, 640]), rank 0
2026-08-08 00:05:10.680848: predicting OpenEDS_000000188498
2026-08-08 00:05:10.682042: OpenEDS_000000188498, shape torch.Size([1, 1, 400, 640]), rank 0
2026-08-08 00:05:10.694675: predicting OpenEDS_000000188504
2026-08-08 00:05:10.695967: OpenEDS_000000188504, shape torch.Size([1, 1, 400, 640]), rank 0
2026-08-08 00:05:10.708772: predicting OpenEDS_000000188505
2026-08-08 00:05:10.710015: OpenEDS_000000188505, shape torch.Size([1, 1, 400, 640]), rank 0
2026-08-08 00:05:10.722719: predicting OpenEDS_000000188507
2026-08-08 00:05:10.723964: OpenEDS_000000188507, shape torch.Size([1, 1, 400, 640]), rank 0
2026-08-08 00:05:10.736732: predicting OpenEDS_000000188512
2026-08-08 00:05:10.737794: OpenEDS_000000188512, shape torch.Size([1, 1, 400, 640]), rank 0
2026-08-08 00:05:10.750067: predicting OpenEDS_000000188516
2026-08-08 00:05:10.751450: OpenEDS_000000188516, shape torch.Size([1, 1, 400, 640]), rank 0
2026-08-08 00:05:10.764086: predicting OpenEDS_000000188517
2026-08-08 00:05:10.765350: OpenEDS_000000188517, shape torch.Size([1, 1, 400, 640]), rank 0
2026-08-08 00:05:10.777773: predicting OpenEDS_000000188526
2026-08-08 00:05:10.778999: OpenEDS_000000188526, shape torch.Size([1, 1, 400, 640]), rank 0
2026-08-08 00:05:10.791761: predicting OpenEDS_000000188529
2026-08-08 00:05:10.793097: OpenEDS_000000188529, shape torch.Size([1, 1, 400, 640]), rank 0
2026-08-08 00:05:10.806232: predicting OpenEDS_000000188531
2026-08-08 00:05:10.807306: OpenEDS_000000188531, shape torch.Size([1, 1, 400, 640]), rank 0
2026-08-08 00:05:10.819843: predicting OpenEDS_000000188536
2026-08-08 00:05:10.821076: OpenEDS_000000188536, shape torch.Size([1, 1, 400, 640]), rank 0
2026-08-08 00:05:10.833421: predicting OpenEDS_000000188541
2026-08-08 00:05:10.834655: OpenEDS_000000188541, shape torch.Size([1, 1, 400, 640]), rank 0
2026-08-08 00:05:10.847495: predicting OpenEDS_000000188552
2026-08-08 00:05:10.848567: OpenEDS_000000188552, shape torch.Size([1, 1, 400, 640]), rank 0
2026-08-08 00:05:10.860989: predicting OpenEDS_000000188555
2026-08-08 00:05:10.862237: OpenEDS_000000188555, shape torch.Size([1, 1, 400, 640]), rank 0
2026-08-08 00:05:10.874958: predicting OpenEDS_000000188557
2026-08-08 00:05:10.876017: OpenEDS_000000188557, shape torch.Size([1, 1, 400, 640]), rank 0
2026-08-08 00:05:10.888637: predicting OpenEDS_000000188570
2026-08-08 00:05:10.889733: OpenEDS_000000188570, shape torch.Size([1, 1, 400, 640]), rank 0
2026-08-08 00:05:10.902146: predicting OpenEDS_000000188572
2026-08-08 00:05:10.903358: OpenEDS_000000188572, shape torch.Size([1, 1, 400, 640]), rank 0
2026-08-08 00:05:10.916109: predicting OpenEDS_000000188579
2026-08-08 00:05:10.917177: OpenEDS_000000188579, shape torch.Size([1, 1, 400, 640]), rank 0
2026-08-08 00:05:10.929461: predicting OpenEDS_000000188582
2026-08-08 00:05:10.930711: OpenEDS_000000188582, shape torch.Size([1, 1, 400, 640]), rank 0
2026-08-08 00:05:10.943488: predicting OpenEDS_000000191231
2026-08-08 00:05:10.944570: OpenEDS_000000191231, shape torch.Size([1, 1, 400, 640]), rank 0
2026-08-08 00:05:10.956866: predicting OpenEDS_000000191237
2026-08-08 00:05:10.958104: OpenEDS_000000191237, shape torch.Size([1, 1, 400, 640]), rank 0
2026-08-08 00:05:10.970466: predicting OpenEDS_000000191246
2026-08-08 00:05:10.971722: OpenEDS_000000191246, shape torch.Size([1, 1, 400, 640]), rank 0
2026-08-08 00:05:10.984244: predicting OpenEDS_000000191252
2026-08-08 00:05:10.985497: OpenEDS_000000191252, shape torch.Size([1, 1, 400, 640]), rank 0
2026-08-08 00:05:10.998020: predicting OpenEDS_000000191255
2026-08-08 00:05:10.999336: OpenEDS_000000191255, shape torch.Size([1, 1, 400, 640]), rank 0
2026-08-08 00:05:11.011727: predicting OpenEDS_000000191257
2026-08-08 00:05:11.012957: OpenEDS_000000191257, shape torch.Size([1, 1, 400, 640]), rank 0
2026-08-08 00:05:11.025330: predicting OpenEDS_000000191263
2026-08-08 00:05:11.026569: OpenEDS_000000191263, shape torch.Size([1, 1, 400, 640]), rank 0
2026-08-08 00:05:11.039313: predicting OpenEDS_000000191265
2026-08-08 00:05:11.040370: OpenEDS_000000191265, shape torch.Size([1, 1, 400, 640]), rank 0
2026-08-08 00:05:11.052729: predicting OpenEDS_000000191267
2026-08-08 00:05:11.053973: OpenEDS_000000191267, shape torch.Size([1, 1, 400, 640]), rank 0
2026-08-08 00:05:11.066795: predicting OpenEDS_000000191270
2026-08-08 00:05:11.067866: OpenEDS_000000191270, shape torch.Size([1, 1, 400, 640]), rank 0
2026-08-08 00:05:11.080243: predicting OpenEDS_000000191274
2026-08-08 00:05:11.081465: OpenEDS_000000191274, shape torch.Size([1, 1, 400, 640]), rank 0
2026-08-08 00:05:11.093806: predicting OpenEDS_000000191275
2026-08-08 00:05:11.095029: OpenEDS_000000191275, shape torch.Size([1, 1, 400, 640]), rank 0
2026-08-08 00:05:11.107830: predicting OpenEDS_000000191278
2026-08-08 00:05:11.109099: OpenEDS_000000191278, shape torch.Size([1, 1, 400, 640]), rank 0
2026-08-08 00:05:11.121813: predicting OpenEDS_000000191281
2026-08-08 00:05:11.122920: OpenEDS_000000191281, shape torch.Size([1, 1, 400, 640]), rank 0
2026-08-08 00:05:11.135277: predicting OpenEDS_000000191283
2026-08-08 00:05:11.136514: OpenEDS_000000191283, shape torch.Size([1, 1, 400, 640]), rank 0
2026-08-08 00:05:11.149399: predicting OpenEDS_000000191292
2026-08-08 00:05:11.150648: OpenEDS_000000191292, shape torch.Size([1, 1, 400, 640]), rank 0
2026-08-08 00:05:11.163120: predicting OpenEDS_000000191293
2026-08-08 00:05:11.164387: OpenEDS_000000191293, shape torch.Size([1, 1, 400, 640]), rank 0
2026-08-08 00:05:11.176793: predicting OpenEDS_000000191295
2026-08-08 00:05:11.178047: OpenEDS_000000191295, shape torch.Size([1, 1, 400, 640]), rank 0
2026-08-08 00:05:11.190441: predicting OpenEDS_000000191303
2026-08-08 00:05:11.191728: OpenEDS_000000191303, shape torch.Size([1, 1, 400, 640]), rank 0
2026-08-08 00:05:11.204420: predicting OpenEDS_000000191307
2026-08-08 00:05:11.205456: OpenEDS_000000191307, shape torch.Size([1, 1, 400, 640]), rank 0
2026-08-08 00:05:11.217806: predicting OpenEDS_000000191308
2026-08-08 00:05:11.219084: OpenEDS_000000191308, shape torch.Size([1, 1, 400, 640]), rank 0
2026-08-08 00:05:11.231754: predicting OpenEDS_000000191314
2026-08-08 00:05:11.232820: OpenEDS_000000191314, shape torch.Size([1, 1, 400, 640]), rank 0
2026-08-08 00:05:11.245246: predicting OpenEDS_000000193965
2026-08-08 00:05:11.246499: OpenEDS_000000193965, shape torch.Size([1, 1, 400, 640]), rank 0
2026-08-08 00:05:11.258878: predicting OpenEDS_000000193971
2026-08-08 00:05:11.260147: OpenEDS_000000193971, shape torch.Size([1, 1, 400, 640]), rank 0
2026-08-08 00:05:11.272581: predicting OpenEDS_000000193972
2026-08-08 00:05:11.273784: OpenEDS_000000193972, shape torch.Size([1, 1, 400, 640]), rank 0
2026-08-08 00:05:11.286563: predicting OpenEDS_000000193982
2026-08-08 00:05:11.287633: OpenEDS_000000193982, shape torch.Size([1, 1, 400, 640]), rank 0
2026-08-08 00:05:11.300020: predicting OpenEDS_000000193986
2026-08-08 00:05:11.301263: OpenEDS_000000193986, shape torch.Size([1, 1, 400, 640]), rank 0
2026-08-08 00:05:11.313634: predicting OpenEDS_000000193989
2026-08-08 00:05:11.314831: OpenEDS_000000193989, shape torch.Size([1, 1, 400, 640]), rank 0
2026-08-08 00:05:11.327231: predicting OpenEDS_000000193994
2026-08-08 00:05:11.328514: OpenEDS_000000193994, shape torch.Size([1, 1, 400, 640]), rank 0
2026-08-08 00:05:11.341134: predicting OpenEDS_000000193995
2026-08-08 00:05:11.342181: OpenEDS_000000193995, shape torch.Size([1, 1, 400, 640]), rank 0
2026-08-08 00:05:11.354565: predicting OpenEDS_000000193997
2026-08-08 00:05:11.355834: OpenEDS_000000193997, shape torch.Size([1, 1, 400, 640]), rank 0
2026-08-08 00:05:11.368198: predicting OpenEDS_000000194001
2026-08-08 00:05:11.369407: OpenEDS_000000194001, shape torch.Size([1, 1, 400, 640]), rank 0
2026-08-08 00:05:11.382154: predicting OpenEDS_000000194014
2026-08-08 00:05:11.383378: OpenEDS_000000194014, shape torch.Size([1, 1, 400, 640]), rank 0
2026-08-08 00:05:11.395743: predicting OpenEDS_000000194017
2026-08-08 00:05:11.396999: OpenEDS_000000194017, shape torch.Size([1, 1, 400, 640]), rank 0
2026-08-08 00:05:11.409430: predicting OpenEDS_000000194020
2026-08-08 00:05:11.410596: OpenEDS_000000194020, shape torch.Size([1, 1, 400, 640]), rank 0
2026-08-08 00:05:11.423102: predicting OpenEDS_000000194022
2026-08-08 00:05:11.424407: OpenEDS_000000194022, shape torch.Size([1, 1, 400, 640]), rank 0
2026-08-08 00:05:11.437068: predicting OpenEDS_000000194031
2026-08-08 00:05:11.438132: OpenEDS_000000194031, shape torch.Size([1, 1, 400, 640]), rank 0
2026-08-08 00:05:11.450461: predicting OpenEDS_000000194036
2026-08-08 00:05:11.451697: OpenEDS_000000194036, shape torch.Size([1, 1, 400, 640]), rank 0
2026-08-08 00:05:11.464135: predicting OpenEDS_000000194038
2026-08-08 00:05:11.465367: OpenEDS_000000194038, shape torch.Size([1, 1, 400, 640]), rank 0
2026-08-08 00:05:11.477796: predicting OpenEDS_000000194042
2026-08-08 00:05:11.479063: OpenEDS_000000194042, shape torch.Size([1, 1, 400, 640]), rank 0
2026-08-08 00:05:11.491497: predicting OpenEDS_000000196702
2026-08-08 00:05:11.492718: OpenEDS_000000196702, shape torch.Size([1, 1, 400, 640]), rank 0
2026-08-08 00:05:11.505230: predicting OpenEDS_000000196704
2026-08-08 00:05:11.506526: OpenEDS_000000196704, shape torch.Size([1, 1, 400, 640]), rank 0
2026-08-08 00:05:11.518875: predicting OpenEDS_000000196708
2026-08-08 00:05:11.520105: OpenEDS_000000196708, shape torch.Size([1, 1, 400, 640]), rank 0
2026-08-08 00:05:11.532469: predicting OpenEDS_000000196716
2026-08-08 00:05:11.533785: OpenEDS_000000196716, shape torch.Size([1, 1, 400, 640]), rank 0
2026-08-08 00:05:11.546914: predicting OpenEDS_000000196720
2026-08-08 00:05:11.547922: OpenEDS_000000196720, shape torch.Size([1, 1, 400, 640]), rank 0
2026-08-08 00:05:11.560675: predicting OpenEDS_000000196728
2026-08-08 00:05:11.561957: OpenEDS_000000196728, shape torch.Size([1, 1, 400, 640]), rank 0
2026-08-08 00:05:11.575149: predicting OpenEDS_000000196729
2026-08-08 00:05:11.576233: OpenEDS_000000196729, shape torch.Size([1, 1, 400, 640]), rank 0
2026-08-08 00:05:11.589153: predicting OpenEDS_000000196743
2026-08-08 00:05:11.590216: OpenEDS_000000196743, shape torch.Size([1, 1, 400, 640]), rank 0
2026-08-08 00:05:11.602636: predicting OpenEDS_000000196749
2026-08-08 00:05:11.603947: OpenEDS_000000196749, shape torch.Size([1, 1, 400, 640]), rank 0
2026-08-08 00:05:11.616315: predicting OpenEDS_000000196753
2026-08-08 00:05:11.617599: OpenEDS_000000196753, shape torch.Size([1, 1, 400, 640]), rank 0
2026-08-08 00:05:11.630152: predicting OpenEDS_000000196755
2026-08-08 00:05:11.631423: OpenEDS_000000196755, shape torch.Size([1, 1, 400, 640]), rank 0
2026-08-08 00:05:11.643874: predicting OpenEDS_000000196757
2026-08-08 00:05:11.645108: OpenEDS_000000196757, shape torch.Size([1, 1, 400, 640]), rank 0
2026-08-08 00:05:11.657999: predicting OpenEDS_000000196775
2026-08-08 00:05:11.659025: OpenEDS_000000196775, shape torch.Size([1, 1, 400, 640]), rank 0
2026-08-08 00:05:11.671812: predicting OpenEDS_000000196776
2026-08-08 00:05:11.673078: OpenEDS_000000196776, shape torch.Size([1, 1, 400, 640]), rank 0
2026-08-08 00:05:11.685900: predicting OpenEDS_000000196777
2026-08-08 00:05:11.687132: OpenEDS_000000196777, shape torch.Size([1, 1, 400, 640]), rank 0
2026-08-08 00:05:11.699821: predicting OpenEDS_000000196779
2026-08-08 00:05:11.701038: OpenEDS_000000196779, shape torch.Size([1, 1, 400, 640]), rank 0
2026-08-08 00:05:11.713725: predicting OpenEDS_000000196780
2026-08-08 00:05:11.714956: OpenEDS_000000196780, shape torch.Size([1, 1, 400, 640]), rank 0
2026-08-08 00:05:11.727716: predicting OpenEDS_000000196785
2026-08-08 00:05:11.728947: OpenEDS_000000196785, shape torch.Size([1, 1, 400, 640]), rank 0
2026-08-08 00:05:11.741816: predicting OpenEDS_000000196794
2026-08-08 00:05:11.742931: OpenEDS_000000196794, shape torch.Size([1, 1, 400, 640]), rank 0
2026-08-08 00:05:11.755316: predicting OpenEDS_000000196798
2026-08-08 00:05:11.756594: OpenEDS_000000196798, shape torch.Size([1, 1, 400, 640]), rank 0
2026-08-08 00:05:11.769336: predicting OpenEDS_000000196801
2026-08-08 00:05:11.770399: OpenEDS_000000196801, shape torch.Size([1, 1, 400, 640]), rank 0
2026-08-08 00:05:11.782784: predicting OpenEDS_000000196807
2026-08-08 00:05:11.783940: OpenEDS_000000196807, shape torch.Size([1, 1, 400, 640]), rank 0
2026-08-08 00:05:11.796321: predicting OpenEDS_000000196809
2026-08-08 00:05:11.797537: OpenEDS_000000196809, shape torch.Size([1, 1, 400, 640]), rank 0
2026-08-08 00:05:11.810253: predicting OpenEDS_000000199471
2026-08-08 00:05:11.811305: OpenEDS_000000199471, shape torch.Size([1, 1, 400, 640]), rank 0
2026-08-08 00:05:11.823846: predicting OpenEDS_000000199482
2026-08-08 00:05:11.825115: OpenEDS_000000199482, shape torch.Size([1, 1, 400, 640]), rank 0
2026-08-08 00:05:11.837487: predicting OpenEDS_000000199484
2026-08-08 00:05:11.838703: OpenEDS_000000199484, shape torch.Size([1, 1, 400, 640]), rank 0
2026-08-08 00:05:11.851074: predicting OpenEDS_000000199489
2026-08-08 00:05:11.852307: OpenEDS_000000199489, shape torch.Size([1, 1, 400, 640]), rank 0
2026-08-08 00:05:11.864773: predicting OpenEDS_000000199493
2026-08-08 00:05:11.866049: OpenEDS_000000199493, shape torch.Size([1, 1, 400, 640]), rank 0
2026-08-08 00:05:11.878442: predicting OpenEDS_000000199495
2026-08-08 00:05:11.879745: OpenEDS_000000199495, shape torch.Size([1, 1, 400, 640]), rank 0
2026-08-08 00:05:11.892512: predicting OpenEDS_000000199504
2026-08-08 00:05:11.893594: OpenEDS_000000199504, shape torch.Size([1, 1, 400, 640]), rank 0
2026-08-08 00:05:11.906275: predicting OpenEDS_000000199509
2026-08-08 00:05:11.907506: OpenEDS_000000199509, shape torch.Size([1, 1, 400, 640]), rank 0
2026-08-08 00:05:11.920272: predicting OpenEDS_000000199516
2026-08-08 00:05:11.921529: OpenEDS_000000199516, shape torch.Size([1, 1, 400, 640]), rank 0
2026-08-08 00:05:11.934218: predicting OpenEDS_000000199520
2026-08-08 00:05:11.935485: OpenEDS_000000199520, shape torch.Size([1, 1, 400, 640]), rank 0
2026-08-08 00:05:11.948194: predicting OpenEDS_000000199522
2026-08-08 00:05:11.949459: OpenEDS_000000199522, shape torch.Size([1, 1, 400, 640]), rank 0
2026-08-08 00:05:11.962041: predicting OpenEDS_000000199528
2026-08-08 00:05:11.963293: OpenEDS_000000199528, shape torch.Size([1, 1, 400, 640]), rank 0
2026-08-08 00:05:11.975774: predicting OpenEDS_000000199538
2026-08-08 00:05:11.977059: OpenEDS_000000199538, shape torch.Size([1, 1, 400, 640]), rank 0
2026-08-08 00:05:11.989830: predicting OpenEDS_000000199541
2026-08-08 00:05:11.991092: OpenEDS_000000199541, shape torch.Size([1, 1, 400, 640]), rank 0
2026-08-08 00:05:12.003485: predicting OpenEDS_000000199545
2026-08-08 00:05:12.004751: OpenEDS_000000199545, shape torch.Size([1, 1, 400, 640]), rank 0
2026-08-08 00:05:12.017293: predicting OpenEDS_000000199546
2026-08-08 00:05:12.018527: OpenEDS_000000199546, shape torch.Size([1, 1, 400, 640]), rank 0
2026-08-08 00:05:12.030927: predicting OpenEDS_000000202205
2026-08-08 00:05:12.032196: OpenEDS_000000202205, shape torch.Size([1, 1, 400, 640]), rank 0
2026-08-08 00:05:12.045034: predicting OpenEDS_000000202212
2026-08-08 00:05:12.046275: OpenEDS_000000202212, shape torch.Size([1, 1, 400, 640]), rank 0
2026-08-08 00:05:12.059017: predicting OpenEDS_000000202226
2026-08-08 00:05:12.060308: OpenEDS_000000202226, shape torch.Size([1, 1, 400, 640]), rank 0
2026-08-08 00:05:12.072885: predicting OpenEDS_000000202233
2026-08-08 00:05:12.074128: OpenEDS_000000202233, shape torch.Size([1, 1, 400, 640]), rank 0
2026-08-08 00:05:12.086824: predicting OpenEDS_000000202234
2026-08-08 00:05:12.088076: OpenEDS_000000202234, shape torch.Size([1, 1, 400, 640]), rank 0
2026-08-08 00:05:12.100505: predicting OpenEDS_000000202249
2026-08-08 00:05:12.101783: OpenEDS_000000202249, shape torch.Size([1, 1, 400, 640]), rank 0
2026-08-08 00:05:12.114228: predicting OpenEDS_000000202254
2026-08-08 00:05:12.115487: OpenEDS_000000202254, shape torch.Size([1, 1, 400, 640]), rank 0
2026-08-08 00:05:12.127993: predicting OpenEDS_000000202258
2026-08-08 00:05:12.129213: OpenEDS_000000202258, shape torch.Size([1, 1, 400, 640]), rank 0
2026-08-08 00:05:12.141630: predicting OpenEDS_000000202260
2026-08-08 00:05:12.142843: OpenEDS_000000202260, shape torch.Size([1, 1, 400, 640]), rank 0
2026-08-08 00:05:12.155305: predicting OpenEDS_000000202263
2026-08-08 00:05:12.156544: OpenEDS_000000202263, shape torch.Size([1, 1, 400, 640]), rank 0
2026-08-08 00:05:12.169058: predicting OpenEDS_000000202266
2026-08-08 00:05:12.170323: OpenEDS_000000202266, shape torch.Size([1, 1, 400, 640]), rank 0
2026-08-08 00:05:12.183459: predicting OpenEDS_000000202269
2026-08-08 00:05:12.184543: OpenEDS_000000202269, shape torch.Size([1, 1, 400, 640]), rank 0
2026-08-08 00:05:12.197222: predicting OpenEDS_000000202274
2026-08-08 00:05:12.198452: OpenEDS_000000202274, shape torch.Size([1, 1, 400, 640]), rank 0
2026-08-08 00:05:12.211168: predicting OpenEDS_000000202275
2026-08-08 00:05:12.212443: OpenEDS_000000202275, shape torch.Size([1, 1, 400, 640]), rank 0
2026-08-08 00:05:12.225127: predicting OpenEDS_000000202278
2026-08-08 00:05:12.226376: OpenEDS_000000202278, shape torch.Size([1, 1, 400, 640]), rank 0
2026-08-08 00:05:12.238921: predicting OpenEDS_000000202285
2026-08-08 00:05:12.240203: OpenEDS_000000202285, shape torch.Size([1, 1, 400, 640]), rank 0
2026-08-08 00:05:12.252610: predicting OpenEDS_000000204948
2026-08-08 00:05:12.253886: OpenEDS_000000204948, shape torch.Size([1, 1, 400, 640]), rank 0
2026-08-08 00:05:12.266319: predicting OpenEDS_000000204949
2026-08-08 00:05:12.267602: OpenEDS_000000204949, shape torch.Size([1, 1, 400, 640]), rank 0
2026-08-08 00:05:12.280463: predicting OpenEDS_000000204950
2026-08-08 00:05:12.281755: OpenEDS_000000204950, shape torch.Size([1, 1, 400, 640]), rank 0
2026-08-08 00:05:12.294376: predicting OpenEDS_000000204956
2026-08-08 00:05:12.295661: OpenEDS_000000204956, shape torch.Size([1, 1, 400, 640]), rank 0
2026-08-08 00:05:12.308136: predicting OpenEDS_000000204965
2026-08-08 00:05:12.309443: OpenEDS_000000204965, shape torch.Size([1, 1, 400, 640]), rank 0
2026-08-08 00:05:12.322017: predicting OpenEDS_000000204968
2026-08-08 00:05:12.323264: OpenEDS_000000204968, shape torch.Size([1, 1, 400, 640]), rank 0
2026-08-08 00:05:12.335729: predicting OpenEDS_000000204970
2026-08-08 00:05:12.337042: OpenEDS_000000204970, shape torch.Size([1, 1, 400, 640]), rank 0
2026-08-08 00:05:12.349892: predicting OpenEDS_000000204972
2026-08-08 00:05:12.350957: OpenEDS_000000204972, shape torch.Size([1, 1, 400, 640]), rank 0
2026-08-08 00:05:12.363348: predicting OpenEDS_000000204974
2026-08-08 00:05:12.364661: OpenEDS_000000204974, shape torch.Size([1, 1, 400, 640]), rank 0
2026-08-08 00:05:12.377384: predicting OpenEDS_000000204975
2026-08-08 00:05:12.378647: OpenEDS_000000204975, shape torch.Size([1, 1, 400, 640]), rank 0
2026-08-08 00:05:12.391455: predicting OpenEDS_000000204983
2026-08-08 00:05:12.392707: OpenEDS_000000204983, shape torch.Size([1, 1, 400, 640]), rank 0
2026-08-08 00:05:12.405369: predicting OpenEDS_000000204986
2026-08-08 00:05:12.406667: OpenEDS_000000204986, shape torch.Size([1, 1, 400, 640]), rank 0
2026-08-08 00:05:12.419164: predicting OpenEDS_000000204998
2026-08-08 00:05:12.420440: OpenEDS_000000204998, shape torch.Size([1, 1, 400, 640]), rank 0
2026-08-08 00:05:12.433475: predicting OpenEDS_000000204999
2026-08-08 00:05:12.434596: OpenEDS_000000204999, shape torch.Size([1, 1, 400, 640]), rank 0
2026-08-08 00:05:12.446958: predicting OpenEDS_000000205001
2026-08-08 00:05:12.448191: OpenEDS_000000205001, shape torch.Size([1, 1, 400, 640]), rank 0
2026-08-08 00:05:12.461059: predicting OpenEDS_000000205011
2026-08-08 00:05:12.462376: OpenEDS_000000205011, shape torch.Size([1, 1, 400, 640]), rank 0
2026-08-08 00:05:12.475089: predicting OpenEDS_000000205016
2026-08-08 00:05:12.476332: OpenEDS_000000205016, shape torch.Size([1, 1, 400, 640]), rank 0
2026-08-08 00:05:12.488829: predicting OpenEDS_000000205018
2026-08-08 00:05:12.490098: OpenEDS_000000205018, shape torch.Size([1, 1, 400, 640]), rank 0
2026-08-08 00:05:12.502773: predicting OpenEDS_000000205019
2026-08-08 00:05:12.504075: OpenEDS_000000205019, shape torch.Size([1, 1, 400, 640]), rank 0
2026-08-08 00:05:12.516567: predicting OpenEDS_000000205021
2026-08-08 00:05:12.517841: OpenEDS_000000205021, shape torch.Size([1, 1, 400, 640]), rank 0
2026-08-08 00:05:12.530328: predicting OpenEDS_000000205024
2026-08-08 00:05:12.531627: OpenEDS_000000205024, shape torch.Size([1, 1, 400, 640]), rank 0
2026-08-08 00:05:12.544585: predicting OpenEDS_000000205025
2026-08-08 00:05:12.545680: OpenEDS_000000205025, shape torch.Size([1, 1, 400, 640]), rank 0
2026-08-08 00:05:12.558428: predicting OpenEDS_000000205026
2026-08-08 00:05:12.559743: OpenEDS_000000205026, shape torch.Size([1, 1, 400, 640]), rank 0
2026-08-08 00:05:12.572496: predicting OpenEDS_000000205031
2026-08-08 00:05:12.573828: OpenEDS_000000205031, shape torch.Size([1, 1, 400, 640]), rank 0
2026-08-08 00:05:12.586479: predicting OpenEDS_000000207676
2026-08-08 00:05:12.587844: OpenEDS_000000207676, shape torch.Size([1, 1, 400, 640]), rank 0
2026-08-08 00:05:12.600478: predicting OpenEDS_000000207678
2026-08-08 00:05:12.601786: OpenEDS_000000207678, shape torch.Size([1, 1, 400, 640]), rank 0
2026-08-08 00:05:12.614689: predicting OpenEDS_000000207684
2026-08-08 00:05:12.615957: OpenEDS_000000207684, shape torch.Size([1, 1, 400, 640]), rank 0
2026-08-08 00:05:12.628815: predicting OpenEDS_000000207691
2026-08-08 00:05:12.630152: OpenEDS_000000207691, shape torch.Size([1, 1, 400, 640]), rank 0
2026-08-08 00:05:12.642692: predicting OpenEDS_000000207693
2026-08-08 00:05:12.643935: OpenEDS_000000207693, shape torch.Size([1, 1, 400, 640]), rank 0
2026-08-08 00:05:12.656723: predicting OpenEDS_000000207702
2026-08-08 00:05:12.658085: OpenEDS_000000207702, shape torch.Size([1, 1, 400, 640]), rank 0
2026-08-08 00:05:12.670722: predicting OpenEDS_000000207714
2026-08-08 00:05:12.671950: OpenEDS_000000207714, shape torch.Size([1, 1, 400, 640]), rank 0
2026-08-08 00:05:12.684405: predicting OpenEDS_000000207717
2026-08-08 00:05:12.685718: OpenEDS_000000207717, shape torch.Size([1, 1, 400, 640]), rank 0
2026-08-08 00:05:12.698675: predicting OpenEDS_000000207722
2026-08-08 00:05:12.699812: OpenEDS_000000207722, shape torch.Size([1, 1, 400, 640]), rank 0
2026-08-08 00:05:12.712356: predicting OpenEDS_000000207733
2026-08-08 00:05:12.713590: OpenEDS_000000207733, shape torch.Size([1, 1, 400, 640]), rank 0
2026-08-08 00:05:12.725971: predicting OpenEDS_000000207736
2026-08-08 00:05:12.727219: OpenEDS_000000207736, shape torch.Size([1, 1, 400, 640]), rank 0
2026-08-08 00:05:12.739643: predicting OpenEDS_000000207737
2026-08-08 00:05:12.740885: OpenEDS_000000207737, shape torch.Size([1, 1, 400, 640]), rank 0
2026-08-08 00:05:12.753373: predicting OpenEDS_000000207739
2026-08-08 00:05:12.754639: OpenEDS_000000207739, shape torch.Size([1, 1, 400, 640]), rank 0
2026-08-08 00:05:12.767121: predicting OpenEDS_000000207741
2026-08-08 00:05:12.768407: OpenEDS_000000207741, shape torch.Size([1, 1, 400, 640]), rank 0
2026-08-08 00:05:12.781315: predicting OpenEDS_000000207746
2026-08-08 00:05:12.782616: OpenEDS_000000207746, shape torch.Size([1, 1, 400, 640]), rank 0
2026-08-08 00:05:12.795008: predicting OpenEDS_000000207756
2026-08-08 00:05:12.796290: OpenEDS_000000207756, shape torch.Size([1, 1, 400, 640]), rank 0
2026-08-08 00:05:12.808724: predicting OpenEDS_000000207761
2026-08-08 00:05:12.810000: OpenEDS_000000207761, shape torch.Size([1, 1, 400, 640]), rank 0
2026-08-08 00:05:12.822412: predicting OpenEDS_000000207763
2026-08-08 00:05:12.823640: OpenEDS_000000207763, shape torch.Size([1, 1, 400, 640]), rank 0
2026-08-08 00:05:12.836165: predicting OpenEDS_000000207767
2026-08-08 00:05:12.837501: OpenEDS_000000207767, shape torch.Size([1, 1, 400, 640]), rank 0
2026-08-08 00:05:12.850327: predicting OpenEDS_000000207770
2026-08-08 00:05:12.851550: OpenEDS_000000207770, shape torch.Size([1, 1, 400, 640]), rank 0
2026-08-08 00:05:12.864353: predicting OpenEDS_000000207771
2026-08-08 00:05:12.865545: OpenEDS_000000207771, shape torch.Size([1, 1, 400, 640]), rank 0
2026-08-08 00:05:12.878468: predicting OpenEDS_000000207788
2026-08-08 00:05:12.879723: OpenEDS_000000207788, shape torch.Size([1, 1, 400, 640]), rank 0
2026-08-08 00:05:12.892263: predicting OpenEDS_000000207789
2026-08-08 00:05:12.893505: OpenEDS_000000207789, shape torch.Size([1, 1, 400, 640]), rank 0
2026-08-08 00:05:12.906209: predicting OpenEDS_000000207793
2026-08-08 00:05:12.907457: OpenEDS_000000207793, shape torch.Size([1, 1, 400, 640]), rank 0
2026-08-08 00:05:12.920308: predicting OpenEDS_000000207797
2026-08-08 00:05:12.921561: OpenEDS_000000207797, shape torch.Size([1, 1, 400, 640]), rank 0
2026-08-08 00:05:12.934072: predicting OpenEDS_000000210451
2026-08-08 00:05:12.935331: OpenEDS_000000210451, shape torch.Size([1, 1, 400, 640]), rank 0
2026-08-08 00:05:12.947867: predicting OpenEDS_000000210452
2026-08-08 00:05:12.949156: OpenEDS_000000210452, shape torch.Size([1, 1, 400, 640]), rank 0
2026-08-08 00:05:12.961648: predicting OpenEDS_000000210456
2026-08-08 00:05:12.962903: OpenEDS_000000210456, shape torch.Size([1, 1, 400, 640]), rank 0
2026-08-08 00:05:12.975446: predicting OpenEDS_000000210458
2026-08-08 00:05:12.976764: OpenEDS_000000210458, shape torch.Size([1, 1, 400, 640]), rank 0
2026-08-08 00:05:12.989205: predicting OpenEDS_000000210464
2026-08-08 00:05:12.990481: OpenEDS_000000210464, shape torch.Size([1, 1, 400, 640]), rank 0
2026-08-08 00:05:13.003265: predicting OpenEDS_000000210467
2026-08-08 00:05:13.004543: OpenEDS_000000210467, shape torch.Size([1, 1, 400, 640]), rank 0
2026-08-08 00:05:13.017285: predicting OpenEDS_000000210470
2026-08-08 00:05:13.018506: OpenEDS_000000210470, shape torch.Size([1, 1, 400, 640]), rank 0
2026-08-08 00:05:13.031175: predicting OpenEDS_000000210472
2026-08-08 00:05:13.032386: OpenEDS_000000210472, shape torch.Size([1, 1, 400, 640]), rank 0
2026-08-08 00:05:13.045046: predicting OpenEDS_000000210474
2026-08-08 00:05:13.046303: OpenEDS_000000210474, shape torch.Size([1, 1, 400, 640]), rank 0
2026-08-08 00:05:13.059250: predicting OpenEDS_000000210489
2026-08-08 00:05:13.060563: OpenEDS_000000210489, shape torch.Size([1, 1, 400, 640]), rank 0
2026-08-08 00:05:13.073318: predicting OpenEDS_000000210490
2026-08-08 00:05:13.074600: OpenEDS_000000210490, shape torch.Size([1, 1, 400, 640]), rank 0
2026-08-08 00:05:13.087300: predicting OpenEDS_000000210491
2026-08-08 00:05:13.088558: OpenEDS_000000210491, shape torch.Size([1, 1, 400, 640]), rank 0
2026-08-08 00:05:13.101081: predicting OpenEDS_000000210494
2026-08-08 00:05:13.102311: OpenEDS_000000210494, shape torch.Size([1, 1, 400, 640]), rank 0
2026-08-08 00:05:13.114985: predicting OpenEDS_000000210500
2026-08-08 00:05:13.116258: OpenEDS_000000210500, shape torch.Size([1, 1, 400, 640]), rank 0
2026-08-08 00:05:13.128908: predicting OpenEDS_000000210511
2026-08-08 00:05:13.130214: OpenEDS_000000210511, shape torch.Size([1, 1, 400, 640]), rank 0
2026-08-08 00:05:13.142998: predicting OpenEDS_000000210521
2026-08-08 00:05:13.144271: OpenEDS_000000210521, shape torch.Size([1, 1, 400, 640]), rank 0
2026-08-08 00:05:13.156756: predicting OpenEDS_000000210526
2026-08-08 00:05:13.158012: OpenEDS_000000210526, shape torch.Size([1, 1, 400, 640]), rank 0
2026-08-08 00:05:13.170464: predicting OpenEDS_000000210527
2026-08-08 00:05:13.171741: OpenEDS_000000210527, shape torch.Size([1, 1, 400, 640]), rank 0
2026-08-08 00:05:13.184215: predicting OpenEDS_000000213183
2026-08-08 00:05:13.185461: OpenEDS_000000213183, shape torch.Size([1, 1, 400, 640]), rank 0
2026-08-08 00:05:13.197966: predicting OpenEDS_000000213186
2026-08-08 00:05:13.199202: OpenEDS_000000213186, shape torch.Size([1, 1, 400, 640]), rank 0
2026-08-08 00:05:13.211596: predicting OpenEDS_000000213189
2026-08-08 00:05:13.212866: OpenEDS_000000213189, shape torch.Size([1, 1, 400, 640]), rank 0
2026-08-08 00:05:13.225587: predicting OpenEDS_000000213191
2026-08-08 00:05:13.226663: OpenEDS_000000213191, shape torch.Size([1, 1, 400, 640]), rank 0
2026-08-08 00:05:13.239153: predicting OpenEDS_000000213198
2026-08-08 00:05:13.240389: OpenEDS_000000213198, shape torch.Size([1, 1, 400, 640]), rank 0
2026-08-08 00:05:13.252890: predicting OpenEDS_000000213201
2026-08-08 00:05:13.254193: OpenEDS_000000213201, shape torch.Size([1, 1, 400, 640]), rank 0
2026-08-08 00:05:13.266773: predicting OpenEDS_000000213203
2026-08-08 00:05:13.268023: OpenEDS_000000213203, shape torch.Size([1, 1, 400, 640]), rank 0
2026-08-08 00:05:13.280602: predicting OpenEDS_000000213204
2026-08-08 00:05:13.281897: OpenEDS_000000213204, shape torch.Size([1, 1, 400, 640]), rank 0
2026-08-08 00:05:13.294288: predicting OpenEDS_000000213207
2026-08-08 00:05:13.295563: OpenEDS_000000213207, shape torch.Size([1, 1, 400, 640]), rank 0
2026-08-08 00:05:13.307976: predicting OpenEDS_000000213215
2026-08-08 00:05:13.309231: OpenEDS_000000213215, shape torch.Size([1, 1, 400, 640]), rank 0
2026-08-08 00:05:13.321744: predicting OpenEDS_000000213223
2026-08-08 00:05:13.323011: OpenEDS_000000213223, shape torch.Size([1, 1, 400, 640]), rank 0
2026-08-08 00:05:13.335420: predicting OpenEDS_000000213224
2026-08-08 00:05:13.336756: OpenEDS_000000213224, shape torch.Size([1, 1, 400, 640]), rank 0
2026-08-08 00:05:13.349858: predicting OpenEDS_000000213240
2026-08-08 00:05:13.350934: OpenEDS_000000213240, shape torch.Size([1, 1, 400, 640]), rank 0
2026-08-08 00:05:13.363355: predicting OpenEDS_000000213241
2026-08-08 00:05:13.364635: OpenEDS_000000213241, shape torch.Size([1, 1, 400, 640]), rank 0
2026-08-08 00:05:13.377124: predicting OpenEDS_000000213245
2026-08-08 00:05:13.378459: OpenEDS_000000213245, shape torch.Size([1, 1, 400, 640]), rank 0
2026-08-08 00:05:13.391355: predicting OpenEDS_000000213250
2026-08-08 00:05:13.392660: OpenEDS_000000213250, shape torch.Size([1, 1, 400, 640]), rank 0
2026-08-08 00:05:13.405515: predicting OpenEDS_000000213252
2026-08-08 00:05:13.406798: OpenEDS_000000213252, shape torch.Size([1, 1, 400, 640]), rank 0
2026-08-08 00:05:13.419512: predicting OpenEDS_000000213253
2026-08-08 00:05:13.420782: OpenEDS_000000213253, shape torch.Size([1, 1, 400, 640]), rank 0
2026-08-08 00:05:13.433248: predicting OpenEDS_000000215902
2026-08-08 00:05:13.434600: OpenEDS_000000215902, shape torch.Size([1, 1, 400, 640]), rank 0
2026-08-08 00:05:13.447210: predicting OpenEDS_000000215904
2026-08-08 00:05:13.448485: OpenEDS_000000215904, shape torch.Size([1, 1, 400, 640]), rank 0
2026-08-08 00:05:13.461420: predicting OpenEDS_000000215917
2026-08-08 00:05:13.462473: OpenEDS_000000215917, shape torch.Size([1, 1, 400, 640]), rank 0
2026-08-08 00:05:13.474957: predicting OpenEDS_000000215918
2026-08-08 00:05:13.476217: OpenEDS_000000215918, shape torch.Size([1, 1, 400, 640]), rank 0
2026-08-08 00:05:13.489105: predicting OpenEDS_000000215921
2026-08-08 00:05:13.490360: OpenEDS_000000215921, shape torch.Size([1, 1, 400, 640]), rank 0
2026-08-08 00:05:13.503238: predicting OpenEDS_000000215932
2026-08-08 00:05:13.504495: OpenEDS_000000215932, shape torch.Size([1, 1, 400, 640]), rank 0
2026-08-08 00:05:13.517219: predicting OpenEDS_000000215940
2026-08-08 00:05:13.518504: OpenEDS_000000215940, shape torch.Size([1, 1, 400, 640]), rank 0
2026-08-08 00:05:13.531167: predicting OpenEDS_000000215953
2026-08-08 00:05:13.532542: OpenEDS_000000215953, shape torch.Size([1, 1, 400, 640]), rank 0
2026-08-08 00:05:13.545035: predicting OpenEDS_000000215960
2026-08-08 00:05:13.546309: OpenEDS_000000215960, shape torch.Size([1, 1, 400, 640]), rank 0
2026-08-08 00:05:13.558942: predicting OpenEDS_000000215965
2026-08-08 00:05:13.560267: OpenEDS_000000215965, shape torch.Size([1, 1, 400, 640]), rank 0
2026-08-08 00:05:13.572806: predicting OpenEDS_000000215966
2026-08-08 00:05:13.574095: OpenEDS_000000215966, shape torch.Size([1, 1, 400, 640]), rank 0
2026-08-08 00:05:13.586742: predicting OpenEDS_000000215968
2026-08-08 00:05:13.588015: OpenEDS_000000215968, shape torch.Size([1, 1, 400, 640]), rank 0
2026-08-08 00:05:13.600605: predicting OpenEDS_000000215977
2026-08-08 00:05:13.601866: OpenEDS_000000215977, shape torch.Size([1, 1, 400, 640]), rank 0
2026-08-08 00:05:13.614676: predicting OpenEDS_000000215980
2026-08-08 00:05:13.615745: OpenEDS_000000215980, shape torch.Size([1, 1, 400, 640]), rank 0
2026-08-08 00:05:13.628844: predicting OpenEDS_000000215981
2026-08-08 00:05:13.629919: OpenEDS_000000215981, shape torch.Size([1, 1, 400, 640]), rank 0
2026-08-08 00:05:13.642671: predicting OpenEDS_000000215982
2026-08-08 00:05:13.643936: OpenEDS_000000215982, shape torch.Size([1, 1, 400, 640]), rank 0
2026-08-08 00:05:13.656617: predicting OpenEDS_000000215983
2026-08-08 00:05:13.657933: OpenEDS_000000215983, shape torch.Size([1, 1, 400, 640]), rank 0
2026-08-08 00:05:13.670781: predicting OpenEDS_000000215985
2026-08-08 00:05:13.672055: OpenEDS_000000215985, shape torch.Size([1, 1, 400, 640]), rank 0
2026-08-08 00:05:13.684782: predicting OpenEDS_000000218634
2026-08-08 00:05:13.686047: OpenEDS_000000218634, shape torch.Size([1, 1, 400, 640]), rank 0
2026-08-08 00:05:13.698728: predicting OpenEDS_000000218643
2026-08-08 00:05:13.700047: OpenEDS_000000218643, shape torch.Size([1, 1, 400, 640]), rank 0
2026-08-08 00:05:13.712595: predicting OpenEDS_000000218644
2026-08-08 00:05:13.713813: OpenEDS_000000218644, shape torch.Size([1, 1, 400, 640]), rank 0
2026-08-08 00:05:13.726283: predicting OpenEDS_000000218651
2026-08-08 00:05:13.727555: OpenEDS_000000218651, shape torch.Size([1, 1, 400, 640]), rank 0
2026-08-08 00:05:13.740738: predicting OpenEDS_000000218654
2026-08-08 00:05:13.741813: OpenEDS_000000218654, shape torch.Size([1, 1, 400, 640]), rank 0
2026-08-08 00:05:13.754202: predicting OpenEDS_000000218655
2026-08-08 00:05:13.755480: OpenEDS_000000218655, shape torch.Size([1, 1, 400, 640]), rank 0
2026-08-08 00:05:13.767956: predicting OpenEDS_000000218656
2026-08-08 00:05:13.769202: OpenEDS_000000218656, shape torch.Size([1, 1, 400, 640]), rank 0
2026-08-08 00:05:13.782143: predicting OpenEDS_000000218662
2026-08-08 00:05:13.783398: OpenEDS_000000218662, shape torch.Size([1, 1, 400, 640]), rank 0
2026-08-08 00:05:13.795903: predicting OpenEDS_000000218674
2026-08-08 00:05:13.797128: OpenEDS_000000218674, shape torch.Size([1, 1, 400, 640]), rank 0
2026-08-08 00:05:13.809501: predicting OpenEDS_000000218679
2026-08-08 00:05:13.810785: OpenEDS_000000218679, shape torch.Size([1, 1, 400, 640]), rank 0
2026-08-08 00:05:13.823612: predicting OpenEDS_000000218688
2026-08-08 00:05:13.824885: OpenEDS_000000218688, shape torch.Size([1, 1, 400, 640]), rank 0
2026-08-08 00:05:13.837687: predicting OpenEDS_000000218705
2026-08-08 00:05:13.838968: OpenEDS_000000218705, shape torch.Size([1, 1, 400, 640]), rank 0
2026-08-08 00:05:13.851634: predicting OpenEDS_000000218713
2026-08-08 00:05:13.852899: OpenEDS_000000218713, shape torch.Size([1, 1, 400, 640]), rank 0
2026-08-08 00:05:13.865365: predicting OpenEDS_000000218714
2026-08-08 00:05:13.866591: OpenEDS_000000218714, shape torch.Size([1, 1, 400, 640]), rank 0
2026-08-08 00:05:13.879066: predicting OpenEDS_000000218716
2026-08-08 00:05:13.880339: OpenEDS_000000218716, shape torch.Size([1, 1, 400, 640]), rank 0
2026-08-08 00:05:13.892774: predicting OpenEDS_000000221381
2026-08-08 00:05:13.893970: OpenEDS_000000221381, shape torch.Size([1, 1, 400, 640]), rank 0
2026-08-08 00:05:13.906606: predicting OpenEDS_000000221382
2026-08-08 00:05:13.907852: OpenEDS_000000221382, shape torch.Size([1, 1, 400, 640]), rank 0
2026-08-08 00:05:13.920490: predicting OpenEDS_000000221384
2026-08-08 00:05:13.921705: OpenEDS_000000221384, shape torch.Size([1, 1, 400, 640]), rank 0
2026-08-08 00:05:13.934275: predicting OpenEDS_000000221387
2026-08-08 00:05:13.935531: OpenEDS_000000221387, shape torch.Size([1, 1, 400, 640]), rank 0
2026-08-08 00:05:13.948355: predicting OpenEDS_000000221388
2026-08-08 00:05:13.949665: OpenEDS_000000221388, shape torch.Size([1, 1, 400, 640]), rank 0
2026-08-08 00:05:13.962470: predicting OpenEDS_000000221394
2026-08-08 00:05:13.963777: OpenEDS_000000221394, shape torch.Size([1, 1, 400, 640]), rank 0
2026-08-08 00:05:13.976434: predicting OpenEDS_000000221399
2026-08-08 00:05:13.977713: OpenEDS_000000221399, shape torch.Size([1, 1, 400, 640]), rank 0
2026-08-08 00:05:13.990156: predicting OpenEDS_000000221405
2026-08-08 00:05:13.991407: OpenEDS_000000221405, shape torch.Size([1, 1, 400, 640]), rank 0
2026-08-08 00:05:14.003990: predicting OpenEDS_000000221407
2026-08-08 00:05:14.005238: OpenEDS_000000221407, shape torch.Size([1, 1, 400, 640]), rank 0
2026-08-08 00:05:14.017758: predicting OpenEDS_000000221409
2026-08-08 00:05:14.019053: OpenEDS_000000221409, shape torch.Size([1, 1, 400, 640]), rank 0
2026-08-08 00:05:14.031525: predicting OpenEDS_000000221417
2026-08-08 00:05:14.032781: OpenEDS_000000221417, shape torch.Size([1, 1, 400, 640]), rank 0
2026-08-08 00:05:14.045370: predicting OpenEDS_000000221420
2026-08-08 00:05:14.046615: OpenEDS_000000221420, shape torch.Size([1, 1, 400, 640]), rank 0
2026-08-08 00:05:14.059345: predicting OpenEDS_000000221425
2026-08-08 00:05:14.060474: OpenEDS_000000221425, shape torch.Size([1, 1, 400, 640]), rank 0
2026-08-08 00:05:14.072918: predicting OpenEDS_000000221432
2026-08-08 00:05:14.074191: OpenEDS_000000221432, shape torch.Size([1, 1, 400, 640]), rank 0
2026-08-08 00:05:14.086650: predicting OpenEDS_000000221438
2026-08-08 00:05:14.087879: OpenEDS_000000221438, shape torch.Size([1, 1, 400, 640]), rank 0
2026-08-08 00:05:14.100319: predicting OpenEDS_000000221439
2026-08-08 00:05:14.101633: OpenEDS_000000221439, shape torch.Size([1, 1, 400, 640]), rank 0
2026-08-08 00:05:14.114156: predicting OpenEDS_000000221440
2026-08-08 00:05:14.115425: OpenEDS_000000221440, shape torch.Size([1, 1, 400, 640]), rank 0
2026-08-08 00:05:14.128351: predicting OpenEDS_000000221445
2026-08-08 00:05:14.129634: OpenEDS_000000221445, shape torch.Size([1, 1, 400, 640]), rank 0
2026-08-08 00:05:14.142161: predicting OpenEDS_000000224099
2026-08-08 00:05:14.143477: OpenEDS_000000224099, shape torch.Size([1, 1, 400, 640]), rank 0
2026-08-08 00:05:14.155913: predicting OpenEDS_000000224101
2026-08-08 00:05:14.157184: OpenEDS_000000224101, shape torch.Size([1, 1, 400, 640]), rank 0
2026-08-08 00:05:14.169666: predicting OpenEDS_000000224102
2026-08-08 00:05:14.170927: OpenEDS_000000224102, shape torch.Size([1, 1, 400, 640]), rank 0
2026-08-08 00:05:14.183390: predicting OpenEDS_000000224104
2026-08-08 00:05:14.184624: OpenEDS_000000224104, shape torch.Size([1, 1, 400, 640]), rank 0
2026-08-08 00:05:14.197443: predicting OpenEDS_000000224107
2026-08-08 00:05:14.198722: OpenEDS_000000224107, shape torch.Size([1, 1, 400, 640]), rank 0
2026-08-08 00:05:14.211578: predicting OpenEDS_000000224111
2026-08-08 00:05:14.212835: OpenEDS_000000224111, shape torch.Size([1, 1, 400, 640]), rank 0
2026-08-08 00:05:14.225523: predicting OpenEDS_000000224124
2026-08-08 00:05:14.226853: OpenEDS_000000224124, shape torch.Size([1, 1, 400, 640]), rank 0
2026-08-08 00:05:14.239342: predicting OpenEDS_000000224130
2026-08-08 00:05:14.240580: OpenEDS_000000224130, shape torch.Size([1, 1, 400, 640]), rank 0
2026-08-08 00:05:14.253199: predicting OpenEDS_000000224136
2026-08-08 00:05:14.254452: OpenEDS_000000224136, shape torch.Size([1, 1, 400, 640]), rank 0
2026-08-08 00:05:14.267297: predicting OpenEDS_000000224150
2026-08-08 00:05:14.268624: OpenEDS_000000224150, shape torch.Size([1, 1, 400, 640]), rank 0
2026-08-08 00:05:14.281501: predicting OpenEDS_000000224154
2026-08-08 00:05:14.282819: OpenEDS_000000224154, shape torch.Size([1, 1, 400, 640]), rank 0
2026-08-08 00:05:14.295463: predicting OpenEDS_000000224156
2026-08-08 00:05:14.296786: OpenEDS_000000224156, shape torch.Size([1, 1, 400, 640]), rank 0
2026-08-08 00:05:14.309279: predicting OpenEDS_000000224157
2026-08-08 00:05:14.310555: OpenEDS_000000224157, shape torch.Size([1, 1, 400, 640]), rank 0
2026-08-08 00:05:14.322942: predicting OpenEDS_000000224162
2026-08-08 00:05:14.324208: OpenEDS_000000224162, shape torch.Size([1, 1, 400, 640]), rank 0
2026-08-08 00:05:14.336700: predicting OpenEDS_000000224176
2026-08-08 00:05:14.337958: OpenEDS_000000224176, shape torch.Size([1, 1, 400, 640]), rank 0
2026-08-08 00:05:14.350531: predicting OpenEDS_000000224179
2026-08-08 00:05:14.351777: OpenEDS_000000224179, shape torch.Size([1, 1, 400, 640]), rank 0
2026-08-08 00:05:14.364306: predicting OpenEDS_000000224191
2026-08-08 00:05:14.365609: OpenEDS_000000224191, shape torch.Size([1, 1, 400, 640]), rank 0
2026-08-08 00:05:14.378170: predicting OpenEDS_000000224195
2026-08-08 00:05:14.379418: OpenEDS_000000224195, shape torch.Size([1, 1, 400, 640]), rank 0
2026-08-08 00:05:14.392296: predicting OpenEDS_000000224198
2026-08-08 00:05:14.393608: OpenEDS_000000224198, shape torch.Size([1, 1, 400, 640]), rank 0
2026-08-08 00:05:14.406510: predicting OpenEDS_000000224203
2026-08-08 00:05:14.407918: OpenEDS_000000224203, shape torch.Size([1, 1, 400, 640]), rank 0
2026-08-08 00:05:14.420609: predicting OpenEDS_000000226845
2026-08-08 00:05:14.421887: OpenEDS_000000226845, shape torch.Size([1, 1, 400, 640]), rank 0
2026-08-08 00:05:14.434767: predicting OpenEDS_000000226863
2026-08-08 00:05:14.436051: OpenEDS_000000226863, shape torch.Size([1, 1, 400, 640]), rank 0
2026-08-08 00:05:14.448919: predicting OpenEDS_000000226865
2026-08-08 00:05:14.450218: OpenEDS_000000226865, shape torch.Size([1, 1, 400, 640]), rank 0
2026-08-08 00:05:14.462863: predicting OpenEDS_000000226870
2026-08-08 00:05:14.464139: OpenEDS_000000226870, shape torch.Size([1, 1, 400, 640]), rank 0
2026-08-08 00:05:14.476691: predicting OpenEDS_000000226876
2026-08-08 00:05:14.477940: OpenEDS_000000226876, shape torch.Size([1, 1, 400, 640]), rank 0
2026-08-08 00:05:14.490342: predicting OpenEDS_000000226882
2026-08-08 00:05:14.491593: OpenEDS_000000226882, shape torch.Size([1, 1, 400, 640]), rank 0
2026-08-08 00:05:14.504152: predicting OpenEDS_000000226885
2026-08-08 00:05:14.505459: OpenEDS_000000226885, shape torch.Size([1, 1, 400, 640]), rank 0
2026-08-08 00:05:14.517914: predicting OpenEDS_000000226888
2026-08-08 00:05:14.519360: OpenEDS_000000226888, shape torch.Size([1, 1, 400, 640]), rank 0
2026-08-08 00:05:14.531845: predicting OpenEDS_000000226894
2026-08-08 00:05:14.533116: OpenEDS_000000226894, shape torch.Size([1, 1, 400, 640]), rank 0
2026-08-08 00:05:14.545626: predicting OpenEDS_000000226895
2026-08-08 00:05:14.546897: OpenEDS_000000226895, shape torch.Size([1, 1, 400, 640]), rank 0
2026-08-08 00:05:14.559840: predicting OpenEDS_000000226896
2026-08-08 00:05:14.561114: OpenEDS_000000226896, shape torch.Size([1, 1, 400, 640]), rank 0
2026-08-08 00:05:14.573932: predicting OpenEDS_000000226904
2026-08-08 00:05:14.575189: OpenEDS_000000226904, shape torch.Size([1, 1, 400, 640]), rank 0
2026-08-08 00:05:14.588444: predicting OpenEDS_000000226907
2026-08-08 00:05:14.589508: OpenEDS_000000226907, shape torch.Size([1, 1, 400, 640]), rank 0
2026-08-08 00:05:14.602013: predicting OpenEDS_000000226911
2026-08-08 00:05:14.603284: OpenEDS_000000226911, shape torch.Size([1, 1, 400, 640]), rank 0
2026-08-08 00:05:14.616167: predicting OpenEDS_000000226915
2026-08-08 00:05:14.617211: OpenEDS_000000226915, shape torch.Size([1, 1, 400, 640]), rank 0
2026-08-08 00:05:14.630149: predicting OpenEDS_000000226921
2026-08-08 00:05:14.631437: OpenEDS_000000226921, shape torch.Size([1, 1, 400, 640]), rank 0
2026-08-08 00:05:14.644109: predicting OpenEDS_000000226927
2026-08-08 00:05:14.645369: OpenEDS_000000226927, shape torch.Size([1, 1, 400, 640]), rank 0
2026-08-08 00:05:14.657957: predicting OpenEDS_000000226928
2026-08-08 00:05:14.659216: OpenEDS_000000226928, shape torch.Size([1, 1, 400, 640]), rank 0
2026-08-08 00:05:14.671867: predicting OpenEDS_000000226929
2026-08-08 00:05:14.673108: OpenEDS_000000226929, shape torch.Size([1, 1, 400, 640]), rank 0
2026-08-08 00:05:14.685643: predicting OpenEDS_000000226935
2026-08-08 00:05:14.686981: OpenEDS_000000226935, shape torch.Size([1, 1, 400, 640]), rank 0
2026-08-08 00:05:14.699512: predicting OpenEDS_000000229608
2026-08-08 00:05:14.700782: OpenEDS_000000229608, shape torch.Size([1, 1, 400, 640]), rank 0
2026-08-08 00:05:14.713270: predicting OpenEDS_000000229616
2026-08-08 00:05:14.714497: OpenEDS_000000229616, shape torch.Size([1, 1, 400, 640]), rank 0
2026-08-08 00:05:14.726987: predicting OpenEDS_000000229617
2026-08-08 00:05:14.728260: OpenEDS_000000229617, shape torch.Size([1, 1, 400, 640]), rank 0
2026-08-08 00:05:14.740711: predicting OpenEDS_000000229619
2026-08-08 00:05:14.741896: OpenEDS_000000229619, shape torch.Size([1, 1, 400, 640]), rank 0
2026-08-08 00:05:14.754317: predicting OpenEDS_000000229622
2026-08-08 00:05:14.755544: OpenEDS_000000229622, shape torch.Size([1, 1, 400, 640]), rank 0
2026-08-08 00:05:14.768015: predicting OpenEDS_000000229623
2026-08-08 00:05:14.769249: OpenEDS_000000229623, shape torch.Size([1, 1, 400, 640]), rank 0
2026-08-08 00:05:14.782382: predicting OpenEDS_000000229627
2026-08-08 00:05:14.783686: OpenEDS_000000229627, shape torch.Size([1, 1, 400, 640]), rank 0
2026-08-08 00:05:14.796228: predicting OpenEDS_000000229628
2026-08-08 00:05:14.797510: OpenEDS_000000229628, shape torch.Size([1, 1, 400, 640]), rank 0
2026-08-08 00:05:14.809941: predicting OpenEDS_000000229629
2026-08-08 00:05:14.811235: OpenEDS_000000229629, shape torch.Size([1, 1, 400, 640]), rank 0
2026-08-08 00:05:14.824098: predicting OpenEDS_000000229630
2026-08-08 00:05:14.825384: OpenEDS_000000229630, shape torch.Size([1, 1, 400, 640]), rank 0
2026-08-08 00:05:14.838720: predicting OpenEDS_000000229633
2026-08-08 00:05:14.839797: OpenEDS_000000229633, shape torch.Size([1, 1, 400, 640]), rank 0
2026-08-08 00:05:14.852674: predicting OpenEDS_000000229634
2026-08-08 00:05:14.853904: OpenEDS_000000229634, shape torch.Size([1, 1, 400, 640]), rank 0
2026-08-08 00:05:14.866479: predicting OpenEDS_000000229637
2026-08-08 00:05:14.867717: OpenEDS_000000229637, shape torch.Size([1, 1, 400, 640]), rank 0
2026-08-08 00:05:14.880214: predicting OpenEDS_000000229645
2026-08-08 00:05:14.881480: OpenEDS_000000229645, shape torch.Size([1, 1, 400, 640]), rank 0
2026-08-08 00:05:14.893899: predicting OpenEDS_000000229646
2026-08-08 00:05:14.895166: OpenEDS_000000229646, shape torch.Size([1, 1, 400, 640]), rank 0
2026-08-08 00:05:14.908049: predicting OpenEDS_000000229657
2026-08-08 00:05:14.909279: OpenEDS_000000229657, shape torch.Size([1, 1, 400, 640]), rank 0
2026-08-08 00:05:14.922082: predicting OpenEDS_000000229661
2026-08-08 00:05:14.923357: OpenEDS_000000229661, shape torch.Size([1, 1, 400, 640]), rank 0
2026-08-08 00:05:14.936027: predicting OpenEDS_000000229670
2026-08-08 00:05:14.937222: OpenEDS_000000229670, shape torch.Size([1, 1, 400, 640]), rank 0
2026-08-08 00:05:14.950067: predicting OpenEDS_000000229674
2026-08-08 00:05:14.951352: OpenEDS_000000229674, shape torch.Size([1, 1, 400, 640]), rank 0
2026-08-08 00:05:14.964193: predicting OpenEDS_000000229678
2026-08-08 00:05:14.965456: OpenEDS_000000229678, shape torch.Size([1, 1, 400, 640]), rank 0
2026-08-08 00:05:14.978343: predicting OpenEDS_000000229680
2026-08-08 00:05:14.979605: OpenEDS_000000229680, shape torch.Size([1, 1, 400, 640]), rank 0
2026-08-08 00:05:14.992404: predicting OpenEDS_000000229681
2026-08-08 00:05:14.993637: OpenEDS_000000229681, shape torch.Size([1, 1, 400, 640]), rank 0
2026-08-08 00:05:15.006370: predicting OpenEDS_000000229688
2026-08-08 00:05:15.007686: OpenEDS_000000229688, shape torch.Size([1, 1, 400, 640]), rank 0
2026-08-08 00:05:15.020458: predicting OpenEDS_000000229693
2026-08-08 00:05:15.021709: OpenEDS_000000229693, shape torch.Size([1, 1, 400, 640]), rank 0
2026-08-08 00:05:15.034446: predicting OpenEDS_000000229695
2026-08-08 00:05:15.035712: OpenEDS_000000229695, shape torch.Size([1, 1, 400, 640]), rank 0
2026-08-08 00:05:15.048657: predicting OpenEDS_000000229696
2026-08-08 00:05:15.049891: OpenEDS_000000229696, shape torch.Size([1, 1, 400, 640]), rank 0
2026-08-08 00:05:15.062684: predicting OpenEDS_000000229707
2026-08-08 00:05:15.063902: OpenEDS_000000229707, shape torch.Size([1, 1, 400, 640]), rank 0
2026-08-08 00:05:15.076570: predicting OpenEDS_000000229708
2026-08-08 00:05:15.077889: OpenEDS_000000229708, shape torch.Size([1, 1, 400, 640]), rank 0
2026-08-08 00:05:15.090421: predicting OpenEDS_000000229712
2026-08-08 00:05:15.091748: OpenEDS_000000229712, shape torch.Size([1, 1, 400, 640]), rank 0
2026-08-08 00:05:15.104310: predicting OpenEDS_000000232360
2026-08-08 00:05:15.105604: OpenEDS_000000232360, shape torch.Size([1, 1, 400, 640]), rank 0
2026-08-08 00:05:15.118122: predicting OpenEDS_000000232363
2026-08-08 00:05:15.119375: OpenEDS_000000232363, shape torch.Size([1, 1, 400, 640]), rank 0
2026-08-08 00:05:15.132313: predicting OpenEDS_000000232370
2026-08-08 00:05:15.133637: OpenEDS_000000232370, shape torch.Size([1, 1, 400, 640]), rank 0
2026-08-08 00:05:15.146356: predicting OpenEDS_000000232371
2026-08-08 00:05:15.147669: OpenEDS_000000232371, shape torch.Size([1, 1, 400, 640]), rank 0
2026-08-08 00:05:15.160158: predicting OpenEDS_000000232373
2026-08-08 00:05:15.161386: OpenEDS_000000232373, shape torch.Size([1, 1, 400, 640]), rank 0
2026-08-08 00:05:15.174007: predicting OpenEDS_000000232379
2026-08-08 00:05:15.175349: OpenEDS_000000232379, shape torch.Size([1, 1, 400, 640]), rank 0
2026-08-08 00:05:15.187785: predicting OpenEDS_000000232381
2026-08-08 00:05:15.189046: OpenEDS_000000232381, shape torch.Size([1, 1, 400, 640]), rank 0
2026-08-08 00:05:15.201604: predicting OpenEDS_000000232382
2026-08-08 00:05:15.202921: OpenEDS_000000232382, shape torch.Size([1, 1, 400, 640]), rank 0
2026-08-08 00:05:15.215529: predicting OpenEDS_000000232386
2026-08-08 00:05:15.216847: OpenEDS_000000232386, shape torch.Size([1, 1, 400, 640]), rank 0
2026-08-08 00:05:15.229298: predicting OpenEDS_000000232387
2026-08-08 00:05:15.230628: OpenEDS_000000232387, shape torch.Size([1, 1, 400, 640]), rank 0
2026-08-08 00:05:15.243332: predicting OpenEDS_000000232393
2026-08-08 00:05:15.244760: OpenEDS_000000232393, shape torch.Size([1, 1, 400, 640]), rank 0
2026-08-08 00:05:15.257276: predicting OpenEDS_000000232396
2026-08-08 00:05:15.258570: OpenEDS_000000232396, shape torch.Size([1, 1, 400, 640]), rank 0
2026-08-08 00:05:15.271466: predicting OpenEDS_000000232398
2026-08-08 00:05:15.272740: OpenEDS_000000232398, shape torch.Size([1, 1, 400, 640]), rank 0
2026-08-08 00:05:15.285655: predicting OpenEDS_000000232409
2026-08-08 00:05:15.286906: OpenEDS_000000232409, shape torch.Size([1, 1, 400, 640]), rank 0
2026-08-08 00:05:15.299564: predicting OpenEDS_000000232411
2026-08-08 00:05:15.300834: OpenEDS_000000232411, shape torch.Size([1, 1, 400, 640]), rank 0
2026-08-08 00:05:15.313625: predicting OpenEDS_000000232415
2026-08-08 00:05:15.314696: OpenEDS_000000232415, shape torch.Size([1, 1, 400, 640]), rank 0
2026-08-08 00:05:15.327180: predicting OpenEDS_000000232424
2026-08-08 00:05:15.328499: OpenEDS_000000232424, shape torch.Size([1, 1, 400, 640]), rank 0
2026-08-08 00:05:15.340953: predicting OpenEDS_000000232429
2026-08-08 00:05:15.342224: OpenEDS_000000232429, shape torch.Size([1, 1, 400, 640]), rank 0
2026-08-08 00:05:15.355052: predicting OpenEDS_000000232450
2026-08-08 00:05:15.356328: OpenEDS_000000232450, shape torch.Size([1, 1, 400, 640]), rank 0
2026-08-08 00:05:15.369229: predicting OpenEDS_000000232452
2026-08-08 00:05:15.370497: OpenEDS_000000232452, shape torch.Size([1, 1, 400, 640]), rank 0
2026-08-08 00:05:15.383203: predicting OpenEDS_000000232469
2026-08-08 00:05:15.384453: OpenEDS_000000232469, shape torch.Size([1, 1, 400, 640]), rank 0
2026-08-08 00:05:15.397711: predicting OpenEDS_000000232475
2026-08-08 00:05:15.398884: OpenEDS_000000232475, shape torch.Size([1, 1, 400, 640]), rank 0
2026-08-08 00:05:15.411696: predicting OpenEDS_000000232478
2026-08-08 00:05:15.412950: OpenEDS_000000232478, shape torch.Size([1, 1, 400, 640]), rank 0
2026-08-08 00:05:15.425674: predicting OpenEDS_000000232480
2026-08-08 00:05:15.426888: OpenEDS_000000232480, shape torch.Size([1, 1, 400, 640]), rank 0
2026-08-08 00:05:15.439488: predicting OpenEDS_000000235118
2026-08-08 00:05:15.440777: OpenEDS_000000235118, shape torch.Size([1, 1, 400, 640]), rank 0
2026-08-08 00:05:15.453262: predicting OpenEDS_000000235123
2026-08-08 00:05:15.454517: OpenEDS_000000235123, shape torch.Size([1, 1, 400, 640]), rank 0
2026-08-08 00:05:15.467291: predicting OpenEDS_000000235129
2026-08-08 00:05:15.468624: OpenEDS_000000235129, shape torch.Size([1, 1, 400, 640]), rank 0
2026-08-08 00:05:15.481529: predicting OpenEDS_000000235134
2026-08-08 00:05:15.482671: OpenEDS_000000235134, shape torch.Size([1, 1, 400, 640]), rank 0
2026-08-08 00:05:15.495153: predicting OpenEDS_000000235137
2026-08-08 00:05:15.496421: OpenEDS_000000235137, shape torch.Size([1, 1, 400, 640]), rank 0
2026-08-08 00:05:15.509131: predicting OpenEDS_000000235145
2026-08-08 00:05:15.510411: OpenEDS_000000235145, shape torch.Size([1, 1, 400, 640]), rank 0
2026-08-08 00:05:15.523141: predicting OpenEDS_000000235149
2026-08-08 00:05:15.524428: OpenEDS_000000235149, shape torch.Size([1, 1, 400, 640]), rank 0
2026-08-08 00:05:15.536971: predicting OpenEDS_000000235154
2026-08-08 00:05:15.538237: OpenEDS_000000235154, shape torch.Size([1, 1, 400, 640]), rank 0
2026-08-08 00:05:15.551063: predicting OpenEDS_000000235158
2026-08-08 00:05:15.552211: OpenEDS_000000235158, shape torch.Size([1, 1, 400, 640]), rank 0
2026-08-08 00:05:15.564915: predicting OpenEDS_000000235162
2026-08-08 00:05:15.566177: OpenEDS_000000235162, shape torch.Size([1, 1, 400, 640]), rank 0
2026-08-08 00:05:15.578787: predicting OpenEDS_000000235166
2026-08-08 00:05:15.580068: OpenEDS_000000235166, shape torch.Size([1, 1, 400, 640]), rank 0
2026-08-08 00:05:15.592559: predicting OpenEDS_000000235172
2026-08-08 00:05:15.593866: OpenEDS_000000235172, shape torch.Size([1, 1, 400, 640]), rank 0
2026-08-08 00:05:15.606394: predicting OpenEDS_000000235173
2026-08-08 00:05:15.607653: OpenEDS_000000235173, shape torch.Size([1, 1, 400, 640]), rank 0
2026-08-08 00:05:15.620233: predicting OpenEDS_000000235176
2026-08-08 00:05:15.621495: OpenEDS_000000235176, shape torch.Size([1, 1, 400, 640]), rank 0
2026-08-08 00:05:15.634394: predicting OpenEDS_000000235181
2026-08-08 00:05:15.635451: OpenEDS_000000235181, shape torch.Size([1, 1, 400, 640]), rank 0
2026-08-08 00:05:15.647879: predicting OpenEDS_000000235184
2026-08-08 00:05:15.649148: OpenEDS_000000235184, shape torch.Size([1, 1, 400, 640]), rank 0
2026-08-08 00:05:15.662091: predicting OpenEDS_000000235185
2026-08-08 00:05:15.663328: OpenEDS_000000235185, shape torch.Size([1, 1, 400, 640]), rank 0
2026-08-08 00:05:15.676266: predicting OpenEDS_000000235186
2026-08-08 00:05:15.677519: OpenEDS_000000235186, shape torch.Size([1, 1, 400, 640]), rank 0
2026-08-08 00:05:15.690008: predicting OpenEDS_000000235188
2026-08-08 00:05:15.691284: OpenEDS_000000235188, shape torch.Size([1, 1, 400, 640]), rank 0
2026-08-08 00:05:15.703834: predicting OpenEDS_000000235189
2026-08-08 00:05:15.705107: OpenEDS_000000235189, shape torch.Size([1, 1, 400, 640]), rank 0
2026-08-08 00:05:15.717584: predicting OpenEDS_000000235191
2026-08-08 00:05:15.718801: OpenEDS_000000235191, shape torch.Size([1, 1, 400, 640]), rank 0
2026-08-08 00:05:15.731383: predicting OpenEDS_000000235192
2026-08-08 00:05:15.732679: OpenEDS_000000235192, shape torch.Size([1, 1, 400, 640]), rank 0
2026-08-08 00:05:15.745509: predicting OpenEDS_000000235193
2026-08-08 00:05:15.746569: OpenEDS_000000235193, shape torch.Size([1, 1, 400, 640]), rank 0
2026-08-08 00:05:15.759156: predicting OpenEDS_000000235197
2026-08-08 00:05:15.760433: OpenEDS_000000235197, shape torch.Size([1, 1, 400, 640]), rank 0
2026-08-08 00:05:15.773220: predicting OpenEDS_000000235198
2026-08-08 00:05:15.774481: OpenEDS_000000235198, shape torch.Size([1, 1, 400, 640]), rank 0
2026-08-08 00:05:15.787090: predicting OpenEDS_000000235203
2026-08-08 00:05:15.788385: OpenEDS_000000235203, shape torch.Size([1, 1, 400, 640]), rank 0
2026-08-08 00:05:15.801260: predicting OpenEDS_000000235207
2026-08-08 00:05:15.802348: OpenEDS_000000235207, shape torch.Size([1, 1, 400, 640]), rank 0
2026-08-08 00:05:15.814798: predicting OpenEDS_000000235212
2026-08-08 00:05:15.816025: OpenEDS_000000235212, shape torch.Size([1, 1, 400, 640]), rank 0
2026-08-08 00:05:15.828981: predicting OpenEDS_000000235214
2026-08-08 00:05:15.830227: OpenEDS_000000235214, shape torch.Size([1, 1, 400, 640]), rank 0
2026-08-08 00:05:15.843119: predicting OpenEDS_000000235217
2026-08-08 00:05:15.844494: OpenEDS_000000235217, shape torch.Size([1, 1, 400, 640]), rank 0
2026-08-08 00:05:15.857210: predicting OpenEDS_000000235221
2026-08-08 00:05:15.858546: OpenEDS_000000235221, shape torch.Size([1, 1, 400, 640]), rank 0
2026-08-08 00:05:15.871190: predicting OpenEDS_000000235223
2026-08-08 00:05:15.872444: OpenEDS_000000235223, shape torch.Size([1, 1, 400, 640]), rank 0
2026-08-08 00:05:15.885146: predicting OpenEDS_000000235229
2026-08-08 00:05:15.886441: OpenEDS_000000235229, shape torch.Size([1, 1, 400, 640]), rank 0
2026-08-08 00:05:15.898918: predicting OpenEDS_000000235231
2026-08-08 00:05:15.900149: OpenEDS_000000235231, shape torch.Size([1, 1, 400, 640]), rank 0
2026-08-08 00:05:15.913081: predicting OpenEDS_000000235237
2026-08-08 00:05:15.914348: OpenEDS_000000235237, shape torch.Size([1, 1, 400, 640]), rank 0
2026-08-08 00:05:15.927285: predicting OpenEDS_000000235238
2026-08-08 00:05:15.928611: OpenEDS_000000235238, shape torch.Size([1, 1, 400, 640]), rank 0
2026-08-08 00:05:15.941497: predicting OpenEDS_000000235240
2026-08-08 00:05:15.942777: OpenEDS_000000235240, shape torch.Size([1, 1, 400, 640]), rank 0
2026-08-08 00:05:15.955735: predicting OpenEDS_000000235249
2026-08-08 00:05:15.957012: OpenEDS_000000235249, shape torch.Size([1, 1, 400, 640]), rank 0
2026-08-08 00:05:15.969986: predicting OpenEDS_000000237904
2026-08-08 00:05:15.971237: OpenEDS_000000237904, shape torch.Size([1, 1, 400, 640]), rank 0
2026-08-08 00:05:15.983912: predicting OpenEDS_000000237915
2026-08-08 00:05:15.985141: OpenEDS_000000237915, shape torch.Size([1, 1, 400, 640]), rank 0
2026-08-08 00:05:15.997874: predicting OpenEDS_000000237916
2026-08-08 00:05:15.999195: OpenEDS_000000237916, shape torch.Size([1, 1, 400, 640]), rank 0
2026-08-08 00:05:16.011735: predicting OpenEDS_000000237919
2026-08-08 00:05:16.013079: OpenEDS_000000237919, shape torch.Size([1, 1, 400, 640]), rank 0
2026-08-08 00:05:16.025768: predicting OpenEDS_000000237930
2026-08-08 00:05:16.027039: OpenEDS_000000237930, shape torch.Size([1, 1, 400, 640]), rank 0
2026-08-08 00:05:16.039642: predicting OpenEDS_000000237932
2026-08-08 00:05:16.040932: OpenEDS_000000237932, shape torch.Size([1, 1, 400, 640]), rank 0
2026-08-08 00:05:16.053847: predicting OpenEDS_000000237933
2026-08-08 00:05:16.055211: OpenEDS_000000237933, shape torch.Size([1, 1, 400, 640]), rank 0
2026-08-08 00:05:16.068117: predicting OpenEDS_000000237946
2026-08-08 00:05:16.069383: OpenEDS_000000237946, shape torch.Size([1, 1, 400, 640]), rank 0
2026-08-08 00:05:16.082026: predicting OpenEDS_000000237958
2026-08-08 00:05:16.083358: OpenEDS_000000237958, shape torch.Size([1, 1, 400, 640]), rank 0
2026-08-08 00:05:16.095967: predicting OpenEDS_000000237961
2026-08-08 00:05:16.097269: OpenEDS_000000237961, shape torch.Size([1, 1, 400, 640]), rank 0
2026-08-08 00:05:16.109819: predicting OpenEDS_000000237968
2026-08-08 00:05:16.111059: OpenEDS_000000237968, shape torch.Size([1, 1, 400, 640]), rank 0
2026-08-08 00:05:16.123646: predicting OpenEDS_000000237976
2026-08-08 00:05:16.124946: OpenEDS_000000237976, shape torch.Size([1, 1, 400, 640]), rank 0
2026-08-08 00:05:16.137685: predicting OpenEDS_000000237988
2026-08-08 00:05:16.138978: OpenEDS_000000237988, shape torch.Size([1, 1, 400, 640]), rank 0
2026-08-08 00:05:16.151621: predicting OpenEDS_000000237995
2026-08-08 00:05:16.152867: OpenEDS_000000237995, shape torch.Size([1, 1, 400, 640]), rank 0
2026-08-08 00:05:16.165391: predicting OpenEDS_000000238001
2026-08-08 00:05:16.166652: OpenEDS_000000238001, shape torch.Size([1, 1, 400, 640]), rank 0
2026-08-08 00:05:16.179225: predicting OpenEDS_000000238005
2026-08-08 00:05:16.180471: OpenEDS_000000238005, shape torch.Size([1, 1, 400, 640]), rank 0
2026-08-08 00:05:16.193364: predicting OpenEDS_000000238006
2026-08-08 00:05:16.194634: OpenEDS_000000238006, shape torch.Size([1, 1, 400, 640]), rank 0
2026-08-08 00:05:16.207402: predicting OpenEDS_000000238008
2026-08-08 00:05:16.208669: OpenEDS_000000238008, shape torch.Size([1, 1, 400, 640]), rank 0
2026-08-08 00:05:16.221210: predicting OpenEDS_000000238010
2026-08-08 00:05:16.222476: OpenEDS_000000238010, shape torch.Size([1, 1, 400, 640]), rank 0
2026-08-08 00:05:16.235426: predicting OpenEDS_000000238016
2026-08-08 00:05:16.236567: OpenEDS_000000238016, shape torch.Size([1, 1, 400, 640]), rank 0
2026-08-08 00:05:16.248975: predicting OpenEDS_000000238026
2026-08-08 00:05:16.250241: OpenEDS_000000238026, shape torch.Size([1, 1, 400, 640]), rank 0
2026-08-08 00:05:16.263813: predicting OpenEDS_000000238028
2026-08-08 00:05:16.264936: OpenEDS_000000238028, shape torch.Size([1, 1, 400, 640]), rank 0
2026-08-08 00:05:16.277577: predicting OpenEDS_000000240678
2026-08-08 00:05:16.278829: OpenEDS_000000240678, shape torch.Size([1, 1, 400, 640]), rank 0
2026-08-08 00:05:16.291386: predicting OpenEDS_000000240679
2026-08-08 00:05:16.292659: OpenEDS_000000240679, shape torch.Size([1, 1, 400, 640]), rank 0
2026-08-08 00:05:16.305644: predicting OpenEDS_000000240689
2026-08-08 00:05:16.306902: OpenEDS_000000240689, shape torch.Size([1, 1, 400, 640]), rank 0
2026-08-08 00:05:16.319907: predicting OpenEDS_000000240690
2026-08-08 00:05:16.321141: OpenEDS_000000240690, shape torch.Size([1, 1, 400, 640]), rank 0
2026-08-08 00:05:16.334262: predicting OpenEDS_000000240695
2026-08-08 00:05:16.335381: OpenEDS_000000240695, shape torch.Size([1, 1, 400, 640]), rank 0
2026-08-08 00:05:16.347886: predicting OpenEDS_000000240697
2026-08-08 00:05:16.349132: OpenEDS_000000240697, shape torch.Size([1, 1, 400, 640]), rank 0
2026-08-08 00:05:16.361673: predicting OpenEDS_000000240700
2026-08-08 00:05:16.362946: OpenEDS_000000240700, shape torch.Size([1, 1, 400, 640]), rank 0
2026-08-08 00:05:16.375879: predicting OpenEDS_000000240703
2026-08-08 00:05:16.377120: OpenEDS_000000240703, shape torch.Size([1, 1, 400, 640]), rank 0
2026-08-08 00:05:16.389792: predicting OpenEDS_000000240704
2026-08-08 00:05:16.391077: OpenEDS_000000240704, shape torch.Size([1, 1, 400, 640]), rank 0
2026-08-08 00:05:16.403848: predicting OpenEDS_000000240711
2026-08-08 00:05:16.404911: OpenEDS_000000240711, shape torch.Size([1, 1, 400, 640]), rank 0
2026-08-08 00:05:16.417274: predicting OpenEDS_000000240715
2026-08-08 00:05:16.418519: OpenEDS_000000240715, shape torch.Size([1, 1, 400, 640]), rank 0
2026-08-08 00:05:16.431299: predicting OpenEDS_000000240727
2026-08-08 00:05:16.432579: OpenEDS_000000240727, shape torch.Size([1, 1, 400, 640]), rank 0
2026-08-08 00:05:16.445143: predicting OpenEDS_000000240729
2026-08-08 00:05:16.446371: OpenEDS_000000240729, shape torch.Size([1, 1, 400, 640]), rank 0
2026-08-08 00:05:16.458961: predicting OpenEDS_000000240730
2026-08-08 00:05:16.460202: OpenEDS_000000240730, shape torch.Size([1, 1, 400, 640]), rank 0
2026-08-08 00:05:16.473213: predicting OpenEDS_000000240733
2026-08-08 00:05:16.474522: OpenEDS_000000240733, shape torch.Size([1, 1, 400, 640]), rank 0
2026-08-08 00:05:16.487057: predicting OpenEDS_000000240737
2026-08-08 00:05:16.488293: OpenEDS_000000240737, shape torch.Size([1, 1, 400, 640]), rank 0
2026-08-08 00:05:16.501298: predicting OpenEDS_000000240741
2026-08-08 00:05:16.502344: OpenEDS_000000240741, shape torch.Size([1, 1, 400, 640]), rank 0
2026-08-08 00:05:16.514850: predicting OpenEDS_000000240743
2026-08-08 00:05:16.516094: OpenEDS_000000240743, shape torch.Size([1, 1, 400, 640]), rank 0
2026-08-08 00:05:16.528458: predicting OpenEDS_000000240745
2026-08-08 00:05:16.529756: OpenEDS_000000240745, shape torch.Size([1, 1, 400, 640]), rank 0
2026-08-08 00:05:16.542782: predicting OpenEDS_000000240747
2026-08-08 00:05:16.544106: OpenEDS_000000240747, shape torch.Size([1, 1, 400, 640]), rank 0
2026-08-08 00:05:16.556750: predicting OpenEDS_000000240756
2026-08-08 00:05:16.558018: OpenEDS_000000240756, shape torch.Size([1, 1, 400, 640]), rank 0
2026-08-08 00:05:16.570584: predicting OpenEDS_000000240761
2026-08-08 00:05:16.571921: OpenEDS_000000240761, shape torch.Size([1, 1, 400, 640]), rank 0
2026-08-08 00:05:16.584793: predicting OpenEDS_000000240762
2026-08-08 00:05:16.586314: OpenEDS_000000240762, shape torch.Size([1, 1, 400, 640]), rank 0
2026-08-08 00:05:16.599209: predicting OpenEDS_000000240763
2026-08-08 00:05:16.600458: OpenEDS_000000240763, shape torch.Size([1, 1, 400, 640]), rank 0
2026-08-08 00:05:16.613520: predicting OpenEDS_000000240764
2026-08-08 00:05:16.614601: OpenEDS_000000240764, shape torch.Size([1, 1, 400, 640]), rank 0
2026-08-08 00:05:16.627319: predicting OpenEDS_000000246078
2026-08-08 00:05:16.628621: OpenEDS_000000246078, shape torch.Size([1, 1, 400, 640]), rank 0
2026-08-08 00:05:16.641903: predicting OpenEDS_000000246080
2026-08-08 00:05:16.643097: OpenEDS_000000246080, shape torch.Size([1, 1, 400, 640]), rank 0
2026-08-08 00:05:16.656153: predicting OpenEDS_000000246081
2026-08-08 00:05:16.657473: OpenEDS_000000246081, shape torch.Size([1, 1, 400, 640]), rank 0
2026-08-08 00:05:16.670240: predicting OpenEDS_000000246085
2026-08-08 00:05:16.671613: OpenEDS_000000246085, shape torch.Size([1, 1, 400, 640]), rank 0
2026-08-08 00:05:16.684181: predicting OpenEDS_000000246092
2026-08-08 00:05:16.685458: OpenEDS_000000246092, shape torch.Size([1, 1, 400, 640]), rank 0
2026-08-08 00:05:16.698793: predicting OpenEDS_000000246098
2026-08-08 00:05:16.699901: OpenEDS_000000246098, shape torch.Size([1, 1, 400, 640]), rank 0
2026-08-08 00:05:16.712691: predicting OpenEDS_000000246105
2026-08-08 00:05:16.714020: OpenEDS_000000246105, shape torch.Size([1, 1, 400, 640]), rank 0
2026-08-08 00:05:16.726925: predicting OpenEDS_000000246108
2026-08-08 00:05:16.728201: OpenEDS_000000246108, shape torch.Size([1, 1, 400, 640]), rank 0
2026-08-08 00:05:16.740889: predicting OpenEDS_000000246115
2026-08-08 00:05:16.742194: OpenEDS_000000246115, shape torch.Size([1, 1, 400, 640]), rank 0
2026-08-08 00:05:16.754774: predicting OpenEDS_000000246117
2026-08-08 00:05:16.756022: OpenEDS_000000246117, shape torch.Size([1, 1, 400, 640]), rank 0
2026-08-08 00:05:16.768595: predicting OpenEDS_000000246126
2026-08-08 00:05:16.769829: OpenEDS_000000246126, shape torch.Size([1, 1, 400, 640]), rank 0
2026-08-08 00:05:16.783150: predicting OpenEDS_000000246141
2026-08-08 00:05:16.784483: OpenEDS_000000246141, shape torch.Size([1, 1, 400, 640]), rank 0
2026-08-08 00:05:16.797376: predicting OpenEDS_000000246147
2026-08-08 00:05:16.798630: OpenEDS_000000246147, shape torch.Size([1, 1, 400, 640]), rank 0
2026-08-08 00:05:16.811404: predicting OpenEDS_000000246152
2026-08-08 00:05:16.812740: OpenEDS_000000246152, shape torch.Size([1, 1, 400, 640]), rank 0
2026-08-08 00:05:16.825294: predicting OpenEDS_000000248776
2026-08-08 00:05:16.826603: OpenEDS_000000248776, shape torch.Size([1, 1, 400, 640]), rank 0
2026-08-08 00:05:16.839800: predicting OpenEDS_000000248780
2026-08-08 00:05:16.841074: OpenEDS_000000248780, shape torch.Size([1, 1, 400, 640]), rank 0
2026-08-08 00:05:16.854048: predicting OpenEDS_000000248787
2026-08-08 00:05:16.855350: OpenEDS_000000248787, shape torch.Size([1, 1, 400, 640]), rank 0
2026-08-08 00:05:16.868322: predicting OpenEDS_000000248790
2026-08-08 00:05:16.869596: OpenEDS_000000248790, shape torch.Size([1, 1, 400, 640]), rank 0
2026-08-08 00:05:16.882412: predicting OpenEDS_000000248799
2026-08-08 00:05:16.883710: OpenEDS_000000248799, shape torch.Size([1, 1, 400, 640]), rank 0
2026-08-08 00:05:16.896332: predicting OpenEDS_000000248801
2026-08-08 00:05:16.897614: OpenEDS_000000248801, shape torch.Size([1, 1, 400, 640]), rank 0
2026-08-08 00:05:16.910114: predicting OpenEDS_000000248805
2026-08-08 00:05:16.911387: OpenEDS_000000248805, shape torch.Size([1, 1, 400, 640]), rank 0
2026-08-08 00:05:16.924310: predicting OpenEDS_000000248814
2026-08-08 00:05:16.925590: OpenEDS_000000248814, shape torch.Size([1, 1, 400, 640]), rank 0
2026-08-08 00:05:16.938564: predicting OpenEDS_000000248816
2026-08-08 00:05:16.939872: OpenEDS_000000248816, shape torch.Size([1, 1, 400, 640]), rank 0
2026-08-08 00:05:16.952797: predicting OpenEDS_000000248818
2026-08-08 00:05:16.954122: OpenEDS_000000248818, shape torch.Size([1, 1, 400, 640]), rank 0
2026-08-08 00:05:16.967153: predicting OpenEDS_000000248820
2026-08-08 00:05:16.968425: OpenEDS_000000248820, shape torch.Size([1, 1, 400, 640]), rank 0
2026-08-08 00:05:16.981275: predicting OpenEDS_000000248822
2026-08-08 00:05:16.982596: OpenEDS_000000248822, shape torch.Size([1, 1, 400, 640]), rank 0
2026-08-08 00:05:16.995497: predicting OpenEDS_000000248824
2026-08-08 00:05:16.996757: OpenEDS_000000248824, shape torch.Size([1, 1, 400, 640]), rank 0
2026-08-08 00:05:17.009634: predicting OpenEDS_000000248826
2026-08-08 00:05:17.010833: OpenEDS_000000248826, shape torch.Size([1, 1, 400, 640]), rank 0
2026-08-08 00:05:17.023425: predicting OpenEDS_000000248834
2026-08-08 00:05:17.024654: OpenEDS_000000248834, shape torch.Size([1, 1, 400, 640]), rank 0
2026-08-08 00:05:17.037515: predicting OpenEDS_000000248840
2026-08-08 00:05:17.038794: OpenEDS_000000248840, shape torch.Size([1, 1, 400, 640]), rank 0
2026-08-08 00:05:17.051810: predicting OpenEDS_000000248843
2026-08-08 00:05:17.053108: OpenEDS_000000248843, shape torch.Size([1, 1, 400, 640]), rank 0
2026-08-08 00:05:17.065867: predicting OpenEDS_000000248846
2026-08-08 00:05:17.067129: OpenEDS_000000248846, shape torch.Size([1, 1, 400, 640]), rank 0
2026-08-08 00:05:17.080027: predicting OpenEDS_000000248851
2026-08-08 00:05:17.081287: OpenEDS_000000248851, shape torch.Size([1, 1, 400, 640]), rank 0
2026-08-08 00:05:17.094016: predicting OpenEDS_000000251504
2026-08-08 00:05:17.095320: OpenEDS_000000251504, shape torch.Size([1, 1, 400, 640]), rank 0
2026-08-08 00:05:17.107946: predicting OpenEDS_000000251508
2026-08-08 00:05:17.109157: OpenEDS_000000251508, shape torch.Size([1, 1, 400, 640]), rank 0
2026-08-08 00:05:17.122027: predicting OpenEDS_000000251511
2026-08-08 00:05:17.123149: OpenEDS_000000251511, shape torch.Size([1, 1, 400, 640]), rank 0
2026-08-08 00:05:17.135714: predicting OpenEDS_000000251514
2026-08-08 00:05:17.136967: OpenEDS_000000251514, shape torch.Size([1, 1, 400, 640]), rank 0
2026-08-08 00:05:17.149564: predicting OpenEDS_000000251519
2026-08-08 00:05:17.150891: OpenEDS_000000251519, shape torch.Size([1, 1, 400, 640]), rank 0
2026-08-08 00:05:17.163821: predicting OpenEDS_000000251527
2026-08-08 00:05:17.165112: OpenEDS_000000251527, shape torch.Size([1, 1, 400, 640]), rank 0
2026-08-08 00:05:17.178028: predicting OpenEDS_000000251530
2026-08-08 00:05:17.179308: OpenEDS_000000251530, shape torch.Size([1, 1, 400, 640]), rank 0
2026-08-08 00:05:17.192091: predicting OpenEDS_000000251531
2026-08-08 00:05:17.193427: OpenEDS_000000251531, shape torch.Size([1, 1, 400, 640]), rank 0
2026-08-08 00:05:17.205959: predicting OpenEDS_000000251535
2026-08-08 00:05:17.207281: OpenEDS_000000251535, shape torch.Size([1, 1, 400, 640]), rank 0
2026-08-08 00:05:17.219903: predicting OpenEDS_000000251537
2026-08-08 00:05:17.221145: OpenEDS_000000251537, shape torch.Size([1, 1, 400, 640]), rank 0
2026-08-08 00:05:17.233770: predicting OpenEDS_000000251539
2026-08-08 00:05:17.235015: OpenEDS_000000251539, shape torch.Size([1, 1, 400, 640]), rank 0
2026-08-08 00:05:17.247609: predicting OpenEDS_000000251541
2026-08-08 00:05:17.248869: OpenEDS_000000251541, shape torch.Size([1, 1, 400, 640]), rank 0
2026-08-08 00:05:17.261438: predicting OpenEDS_000000251543
2026-08-08 00:05:17.262727: OpenEDS_000000251543, shape torch.Size([1, 1, 400, 640]), rank 0
2026-08-08 00:05:17.275276: predicting OpenEDS_000000251545
2026-08-08 00:05:17.276625: OpenEDS_000000251545, shape torch.Size([1, 1, 400, 640]), rank 0
2026-08-08 00:05:17.289377: predicting OpenEDS_000000251552
2026-08-08 00:05:17.290717: OpenEDS_000000251552, shape torch.Size([1, 1, 400, 640]), rank 0
2026-08-08 00:05:17.303857: predicting OpenEDS_000000251560
2026-08-08 00:05:17.305175: OpenEDS_000000251560, shape torch.Size([1, 1, 400, 640]), rank 0
2026-08-08 00:05:17.318096: predicting OpenEDS_000000251563
2026-08-08 00:05:17.319649: OpenEDS_000000251563, shape torch.Size([1, 1, 400, 640]), rank 0
2026-08-08 00:05:17.332562: predicting OpenEDS_000000251567
2026-08-08 00:05:17.333891: OpenEDS_000000251567, shape torch.Size([1, 1, 400, 640]), rank 0
2026-08-08 00:05:17.346529: predicting OpenEDS_000000251573
2026-08-08 00:05:17.347824: OpenEDS_000000251573, shape torch.Size([1, 1, 400, 640]), rank 0
2026-08-08 00:05:17.360404: predicting OpenEDS_000000251578
2026-08-08 00:05:17.361680: OpenEDS_000000251578, shape torch.Size([1, 1, 400, 640]), rank 0
2026-08-08 00:05:17.374269: predicting OpenEDS_000000251579
2026-08-08 00:05:17.375731: OpenEDS_000000251579, shape torch.Size([1, 1, 400, 640]), rank 0
2026-08-08 00:05:17.388775: predicting OpenEDS_000000251582
2026-08-08 00:05:17.390045: OpenEDS_000000251582, shape torch.Size([1, 1, 400, 640]), rank 0
2026-08-08 00:05:17.403036: predicting OpenEDS_000000251592
2026-08-08 00:05:17.404392: OpenEDS_000000251592, shape torch.Size([1, 1, 400, 640]), rank 0
2026-08-08 00:05:17.417152: predicting OpenEDS_000000251593
2026-08-08 00:05:17.418515: OpenEDS_000000251593, shape torch.Size([1, 1, 400, 640]), rank 0
2026-08-08 00:05:17.431114: predicting OpenEDS_000000254249
2026-08-08 00:05:17.432380: OpenEDS_000000254249, shape torch.Size([1, 1, 400, 640]), rank 0
2026-08-08 00:05:17.444907: predicting OpenEDS_000000254250
2026-08-08 00:05:17.446209: OpenEDS_000000254250, shape torch.Size([1, 1, 400, 640]), rank 0
2026-08-08 00:05:17.459090: predicting OpenEDS_000000254253
2026-08-08 00:05:17.460340: OpenEDS_000000254253, shape torch.Size([1, 1, 400, 640]), rank 0
2026-08-08 00:05:17.473249: predicting OpenEDS_000000254256
2026-08-08 00:05:17.474529: OpenEDS_000000254256, shape torch.Size([1, 1, 400, 640]), rank 0
2026-08-08 00:05:17.487072: predicting OpenEDS_000000254260
2026-08-08 00:05:17.488348: OpenEDS_000000254260, shape torch.Size([1, 1, 400, 640]), rank 0
2026-08-08 00:05:17.501148: predicting OpenEDS_000000254263
2026-08-08 00:05:17.502436: OpenEDS_000000254263, shape torch.Size([1, 1, 400, 640]), rank 0
2026-08-08 00:05:17.514982: predicting OpenEDS_000000254272
2026-08-08 00:05:17.516352: OpenEDS_000000254272, shape torch.Size([1, 1, 400, 640]), rank 0
2026-08-08 00:05:17.530033: predicting OpenEDS_000000254287
2026-08-08 00:05:17.531224: OpenEDS_000000254287, shape torch.Size([1, 1, 400, 640]), rank 0
2026-08-08 00:05:17.544420: predicting OpenEDS_000000254289
2026-08-08 00:05:17.545725: OpenEDS_000000254289, shape torch.Size([1, 1, 400, 640]), rank 0
2026-08-08 00:05:17.558249: predicting OpenEDS_000000254301
2026-08-08 00:05:17.559861: OpenEDS_000000254301, shape torch.Size([1, 1, 400, 640]), rank 0
2026-08-08 00:05:17.572616: predicting OpenEDS_000000254302
2026-08-08 00:05:17.573906: OpenEDS_000000254302, shape torch.Size([1, 1, 400, 640]), rank 0
2026-08-08 00:05:17.586802: predicting OpenEDS_000000254303
2026-08-08 00:05:17.588061: OpenEDS_000000254303, shape torch.Size([1, 1, 400, 640]), rank 0
2026-08-08 00:05:17.601455: predicting OpenEDS_000000254309
2026-08-08 00:05:17.603004: OpenEDS_000000254309, shape torch.Size([1, 1, 400, 640]), rank 0
2026-08-08 00:05:17.615934: predicting OpenEDS_000000254311
2026-08-08 00:05:17.617208: OpenEDS_000000254311, shape torch.Size([1, 1, 400, 640]), rank 0
2026-08-08 00:05:17.630273: predicting OpenEDS_000000254313
2026-08-08 00:05:17.631556: OpenEDS_000000254313, shape torch.Size([1, 1, 400, 640]), rank 0
2026-08-08 00:05:17.644593: predicting OpenEDS_000000254318
2026-08-08 00:05:17.645850: OpenEDS_000000254318, shape torch.Size([1, 1, 400, 640]), rank 0
2026-08-08 00:05:17.658702: predicting OpenEDS_000000254322
2026-08-08 00:05:17.659940: OpenEDS_000000254322, shape torch.Size([1, 1, 400, 640]), rank 0
2026-08-08 00:05:17.673318: predicting OpenEDS_000000256981
2026-08-08 00:05:17.674385: OpenEDS_000000256981, shape torch.Size([1, 1, 400, 640]), rank 0
2026-08-08 00:05:17.687184: predicting OpenEDS_000000257002
2026-08-08 00:05:17.688496: OpenEDS_000000257002, shape torch.Size([1, 1, 400, 640]), rank 0
2026-08-08 00:05:17.701211: predicting OpenEDS_000000257005
2026-08-08 00:05:17.702475: OpenEDS_000000257005, shape torch.Size([1, 1, 400, 640]), rank 0
2026-08-08 00:05:17.715539: predicting OpenEDS_000000257011
2026-08-08 00:05:17.716605: OpenEDS_000000257011, shape torch.Size([1, 1, 400, 640]), rank 0
2026-08-08 00:05:17.729256: predicting OpenEDS_000000257014
2026-08-08 00:05:17.730503: OpenEDS_000000257014, shape torch.Size([1, 1, 400, 640]), rank 0
2026-08-08 00:05:17.743169: predicting OpenEDS_000000257019
2026-08-08 00:05:17.744438: OpenEDS_000000257019, shape torch.Size([1, 1, 400, 640]), rank 0
2026-08-08 00:05:17.757329: predicting OpenEDS_000000257023
2026-08-08 00:05:17.758630: OpenEDS_000000257023, shape torch.Size([1, 1, 400, 640]), rank 0
2026-08-08 00:05:17.771637: predicting OpenEDS_000000257026
2026-08-08 00:05:17.772923: OpenEDS_000000257026, shape torch.Size([1, 1, 400, 640]), rank 0
2026-08-08 00:05:17.785830: predicting OpenEDS_000000257027
2026-08-08 00:05:17.787091: OpenEDS_000000257027, shape torch.Size([1, 1, 400, 640]), rank 0
2026-08-08 00:05:17.799837: predicting OpenEDS_000000257030
2026-08-08 00:05:17.801144: OpenEDS_000000257030, shape torch.Size([1, 1, 400, 640]), rank 0
2026-08-08 00:05:17.813758: predicting OpenEDS_000000257031
2026-08-08 00:05:17.815022: OpenEDS_000000257031, shape torch.Size([1, 1, 400, 640]), rank 0
2026-08-08 00:05:17.828444: predicting OpenEDS_000000257038
2026-08-08 00:05:17.829807: OpenEDS_000000257038, shape torch.Size([1, 1, 400, 640]), rank 0
2026-08-08 00:05:17.843039: predicting OpenEDS_000000257046
2026-08-08 00:05:17.844592: OpenEDS_000000257046, shape torch.Size([1, 1, 400, 640]), rank 0
2026-08-08 00:05:17.857566: predicting OpenEDS_000000257052
2026-08-08 00:05:17.858706: OpenEDS_000000257052, shape torch.Size([1, 1, 400, 640]), rank 0
2026-08-08 00:05:17.871243: predicting OpenEDS_000000257053
2026-08-08 00:05:17.872489: OpenEDS_000000257053, shape torch.Size([1, 1, 400, 640]), rank 0
2026-08-08 00:05:17.885022: predicting OpenEDS_000000257056
2026-08-08 00:05:17.886345: OpenEDS_000000257056, shape torch.Size([1, 1, 400, 640]), rank 0
2026-08-08 00:05:17.899287: predicting OpenEDS_000000257057
2026-08-08 00:05:17.900362: OpenEDS_000000257057, shape torch.Size([1, 1, 400, 640]), rank 0
2026-08-08 00:05:17.912777: predicting OpenEDS_000000259715
2026-08-08 00:05:17.913993: OpenEDS_000000259715, shape torch.Size([1, 1, 400, 640]), rank 0
2026-08-08 00:05:17.926500: predicting OpenEDS_000000259716
2026-08-08 00:05:17.927725: OpenEDS_000000259716, shape torch.Size([1, 1, 400, 640]), rank 0
2026-08-08 00:05:17.940281: predicting OpenEDS_000000259720
2026-08-08 00:05:17.941553: OpenEDS_000000259720, shape torch.Size([1, 1, 400, 640]), rank 0
2026-08-08 00:05:17.954135: predicting OpenEDS_000000259723
2026-08-08 00:05:17.955388: OpenEDS_000000259723, shape torch.Size([1, 1, 400, 640]), rank 0
2026-08-08 00:05:17.967947: predicting OpenEDS_000000259728
2026-08-08 00:05:17.969250: OpenEDS_000000259728, shape torch.Size([1, 1, 400, 640]), rank 0
2026-08-08 00:05:17.981819: predicting OpenEDS_000000259730
2026-08-08 00:05:17.983024: OpenEDS_000000259730, shape torch.Size([1, 1, 400, 640]), rank 0
2026-08-08 00:05:17.995534: predicting OpenEDS_000000259740
2026-08-08 00:05:17.996901: OpenEDS_000000259740, shape torch.Size([1, 1, 400, 640]), rank 0
2026-08-08 00:05:18.009857: predicting OpenEDS_000000259742
2026-08-08 00:05:18.010976: OpenEDS_000000259742, shape torch.Size([1, 1, 400, 640]), rank 0
2026-08-08 00:05:18.023496: predicting OpenEDS_000000259745
2026-08-08 00:05:18.024722: OpenEDS_000000259745, shape torch.Size([1, 1, 400, 640]), rank 0
2026-08-08 00:05:18.037318: predicting OpenEDS_000000259753
2026-08-08 00:05:18.038639: OpenEDS_000000259753, shape torch.Size([1, 1, 400, 640]), rank 0
2026-08-08 00:05:18.051170: predicting OpenEDS_000000259755
2026-08-08 00:05:18.052421: OpenEDS_000000259755, shape torch.Size([1, 1, 400, 640]), rank 0
2026-08-08 00:05:18.065245: predicting OpenEDS_000000259760
2026-08-08 00:05:18.066594: OpenEDS_000000259760, shape torch.Size([1, 1, 400, 640]), rank 0
2026-08-08 00:05:18.079141: predicting OpenEDS_000000259762
2026-08-08 00:05:18.080360: OpenEDS_000000259762, shape torch.Size([1, 1, 400, 640]), rank 0
2026-08-08 00:05:18.093174: predicting OpenEDS_000000259765
2026-08-08 00:05:18.094443: OpenEDS_000000259765, shape torch.Size([1, 1, 400, 640]), rank 0
2026-08-08 00:05:18.107238: predicting OpenEDS_000000259767
2026-08-08 00:05:18.108524: OpenEDS_000000259767, shape torch.Size([1, 1, 400, 640]), rank 0
2026-08-08 00:05:18.121372: predicting OpenEDS_000000259768
2026-08-08 00:05:18.122646: OpenEDS_000000259768, shape torch.Size([1, 1, 400, 640]), rank 0
2026-08-08 00:05:18.135389: predicting OpenEDS_000000259769
2026-08-08 00:05:18.136641: OpenEDS_000000259769, shape torch.Size([1, 1, 400, 640]), rank 0
2026-08-08 00:05:18.149227: predicting OpenEDS_000000259770
2026-08-08 00:05:18.150505: OpenEDS_000000259770, shape torch.Size([1, 1, 400, 640]), rank 0
2026-08-08 00:05:18.163044: predicting OpenEDS_000000259773
2026-08-08 00:05:18.164373: OpenEDS_000000259773, shape torch.Size([1, 1, 400, 640]), rank 0
2026-08-08 00:05:18.177363: predicting OpenEDS_000000259776
2026-08-08 00:05:18.178469: OpenEDS_000000259776, shape torch.Size([1, 1, 400, 640]), rank 0
2026-08-08 00:05:18.191039: predicting OpenEDS_000000259781
2026-08-08 00:05:18.192266: OpenEDS_000000259781, shape torch.Size([1, 1, 400, 640]), rank 0
2026-08-08 00:05:18.205214: predicting OpenEDS_000000259782
2026-08-08 00:05:18.206579: OpenEDS_000000259782, shape torch.Size([1, 1, 400, 640]), rank 0
2026-08-08 00:05:18.219162: predicting OpenEDS_000000259790
2026-08-08 00:05:18.220512: OpenEDS_000000259790, shape torch.Size([1, 1, 400, 640]), rank 0
2026-08-08 00:05:18.233535: predicting OpenEDS_000000259792
2026-08-08 00:05:18.234817: OpenEDS_000000259792, shape torch.Size([1, 1, 400, 640]), rank 0
2026-08-08 00:05:18.248282: predicting OpenEDS_000000259794
2026-08-08 00:05:18.249373: OpenEDS_000000259794, shape torch.Size([1, 1, 400, 640]), rank 0
2026-08-08 00:05:18.261872: predicting OpenEDS_000000259797
2026-08-08 00:05:18.263090: OpenEDS_000000259797, shape torch.Size([1, 1, 400, 640]), rank 0
2026-08-08 00:05:18.275866: predicting OpenEDS_000000262447
2026-08-08 00:05:18.277145: OpenEDS_000000262447, shape torch.Size([1, 1, 400, 640]), rank 0
2026-08-08 00:05:18.289845: predicting OpenEDS_000000262450
2026-08-08 00:05:18.291098: OpenEDS_000000262450, shape torch.Size([1, 1, 400, 640]), rank 0
2026-08-08 00:05:18.303691: predicting OpenEDS_000000262452
2026-08-08 00:05:18.305007: OpenEDS_000000262452, shape torch.Size([1, 1, 400, 640]), rank 0
2026-08-08 00:05:18.317600: predicting OpenEDS_000000262454
2026-08-08 00:05:18.318862: OpenEDS_000000262454, shape torch.Size([1, 1, 400, 640]), rank 0
2026-08-08 00:05:18.331737: predicting OpenEDS_000000262459
2026-08-08 00:05:18.332801: OpenEDS_000000262459, shape torch.Size([1, 1, 400, 640]), rank 0
2026-08-08 00:05:18.345325: predicting OpenEDS_000000262462
2026-08-08 00:05:18.346554: OpenEDS_000000262462, shape torch.Size([1, 1, 400, 640]), rank 0
2026-08-08 00:05:18.359128: predicting OpenEDS_000000262466
2026-08-08 00:05:18.360382: OpenEDS_000000262466, shape torch.Size([1, 1, 400, 640]), rank 0
2026-08-08 00:05:18.372929: predicting OpenEDS_000000262470
2026-08-08 00:05:18.374215: OpenEDS_000000262470, shape torch.Size([1, 1, 400, 640]), rank 0
2026-08-08 00:05:18.386812: predicting OpenEDS_000000262474
2026-08-08 00:05:18.388221: OpenEDS_000000262474, shape torch.Size([1, 1, 400, 640]), rank 0
2026-08-08 00:05:18.400761: predicting OpenEDS_000000262479
2026-08-08 00:05:18.401978: OpenEDS_000000262479, shape torch.Size([1, 1, 400, 640]), rank 0
2026-08-08 00:05:18.414564: predicting OpenEDS_000000262488
2026-08-08 00:05:18.415872: OpenEDS_000000262488, shape torch.Size([1, 1, 400, 640]), rank 0
2026-08-08 00:05:18.428465: predicting OpenEDS_000000262489
2026-08-08 00:05:18.429743: OpenEDS_000000262489, shape torch.Size([1, 1, 400, 640]), rank 0
2026-08-08 00:05:18.442303: predicting OpenEDS_000000262502
2026-08-08 00:05:18.443555: OpenEDS_000000262502, shape torch.Size([1, 1, 400, 640]), rank 0
2026-08-08 00:05:18.456307: predicting OpenEDS_000000262510
2026-08-08 00:05:18.457609: OpenEDS_000000262510, shape torch.Size([1, 1, 400, 640]), rank 0
2026-08-08 00:05:18.470609: predicting OpenEDS_000000262511
2026-08-08 00:05:18.471871: OpenEDS_000000262511, shape torch.Size([1, 1, 400, 640]), rank 0
2026-08-08 00:05:18.484809: predicting OpenEDS_000000262512
2026-08-08 00:05:18.486073: OpenEDS_000000262512, shape torch.Size([1, 1, 400, 640]), rank 0
2026-08-08 00:05:18.499884: predicting OpenEDS_000000262518
2026-08-08 00:05:18.500960: OpenEDS_000000262518, shape torch.Size([1, 1, 400, 640]), rank 0
2026-08-08 00:05:18.513638: predicting OpenEDS_000000262520
2026-08-08 00:05:18.514855: OpenEDS_000000262520, shape torch.Size([1, 1, 400, 640]), rank 0
2026-08-08 00:05:18.527513: predicting OpenEDS_000000262523
2026-08-08 00:05:18.528785: OpenEDS_000000262523, shape torch.Size([1, 1, 400, 640]), rank 0
2026-08-08 00:05:18.541406: predicting OpenEDS_000000262525
2026-08-08 00:05:18.542705: OpenEDS_000000262525, shape torch.Size([1, 1, 400, 640]), rank 0
2026-08-08 00:05:18.555408: predicting OpenEDS_000000262526
2026-08-08 00:05:18.556747: OpenEDS_000000262526, shape torch.Size([1, 1, 400, 640]), rank 0
2026-08-08 00:05:18.569328: predicting OpenEDS_000000262529
2026-08-08 00:05:18.570608: OpenEDS_000000262529, shape torch.Size([1, 1, 400, 640]), rank 0
2026-08-08 00:05:18.583737: predicting OpenEDS_000000262530
2026-08-08 00:05:18.584826: OpenEDS_000000262530, shape torch.Size([1, 1, 400, 640]), rank 0
2026-08-08 00:05:18.597585: predicting OpenEDS_000000262533
2026-08-08 00:05:18.598886: OpenEDS_000000262533, shape torch.Size([1, 1, 400, 640]), rank 0
2026-08-08 00:05:18.611735: predicting OpenEDS_000000262538
2026-08-08 00:05:18.613010: OpenEDS_000000262538, shape torch.Size([1, 1, 400, 640]), rank 0
2026-08-08 00:05:18.625671: predicting OpenEDS_000000262552
2026-08-08 00:05:18.627188: OpenEDS_000000262552, shape torch.Size([1, 1, 400, 640]), rank 0
2026-08-08 00:05:18.639898: predicting OpenEDS_000000262554
2026-08-08 00:05:18.641180: OpenEDS_000000262554, shape torch.Size([1, 1, 400, 640]), rank 0
2026-08-08 00:05:18.653744: predicting OpenEDS_000000262555
2026-08-08 00:05:18.655012: OpenEDS_000000262555, shape torch.Size([1, 1, 400, 640]), rank 0
2026-08-08 00:05:18.667555: predicting OpenEDS_000000262558
2026-08-08 00:05:18.668843: OpenEDS_000000262558, shape torch.Size([1, 1, 400, 640]), rank 0
2026-08-08 00:05:18.681685: predicting OpenEDS_000000262561
2026-08-08 00:05:18.682926: OpenEDS_000000262561, shape torch.Size([1, 1, 400, 640]), rank 0
2026-08-08 00:05:18.696147: predicting OpenEDS_000000262563
2026-08-08 00:05:18.697458: OpenEDS_000000262563, shape torch.Size([1, 1, 400, 640]), rank 0
2026-08-08 00:05:18.710277: predicting OpenEDS_000000265212
2026-08-08 00:05:18.711549: OpenEDS_000000265212, shape torch.Size([1, 1, 400, 640]), rank 0
2026-08-08 00:05:18.724436: predicting OpenEDS_000000265217
2026-08-08 00:05:18.725946: OpenEDS_000000265217, shape torch.Size([1, 1, 400, 640]), rank 0
2026-08-08 00:05:18.738752: predicting OpenEDS_000000265224
2026-08-08 00:05:18.740027: OpenEDS_000000265224, shape torch.Size([1, 1, 400, 640]), rank 0
2026-08-08 00:05:18.752659: predicting OpenEDS_000000265230
2026-08-08 00:05:18.753926: OpenEDS_000000265230, shape torch.Size([1, 1, 400, 640]), rank 0
2026-08-08 00:05:18.766521: predicting OpenEDS_000000265232
2026-08-08 00:05:18.767777: OpenEDS_000000265232, shape torch.Size([1, 1, 400, 640]), rank 0
2026-08-08 00:05:18.780378: predicting OpenEDS_000000265250
2026-08-08 00:05:18.781712: OpenEDS_000000265250, shape torch.Size([1, 1, 400, 640]), rank 0
2026-08-08 00:05:18.794348: predicting OpenEDS_000000265258
2026-08-08 00:05:18.795621: OpenEDS_000000265258, shape torch.Size([1, 1, 400, 640]), rank 0
2026-08-08 00:05:18.808174: predicting OpenEDS_000000265268
2026-08-08 00:05:18.809502: OpenEDS_000000265268, shape torch.Size([1, 1, 400, 640]), rank 0
2026-08-08 00:05:18.822545: predicting OpenEDS_000000265270
2026-08-08 00:05:18.823626: OpenEDS_000000265270, shape torch.Size([1, 1, 400, 640]), rank 0
2026-08-08 00:05:18.836190: predicting OpenEDS_000000265271
2026-08-08 00:05:18.837443: OpenEDS_000000265271, shape torch.Size([1, 1, 400, 640]), rank 0
2026-08-08 00:05:18.850022: predicting OpenEDS_000000265272
2026-08-08 00:05:18.851322: OpenEDS_000000265272, shape torch.Size([1, 1, 400, 640]), rank 0
2026-08-08 00:05:18.864257: predicting OpenEDS_000000265276
2026-08-08 00:05:18.865340: OpenEDS_000000265276, shape torch.Size([1, 1, 400, 640]), rank 0
2026-08-08 00:05:18.878054: predicting OpenEDS_000000265284
2026-08-08 00:05:18.879325: OpenEDS_000000265284, shape torch.Size([1, 1, 400, 640]), rank 0
2026-08-08 00:05:18.891956: predicting OpenEDS_000000265285
2026-08-08 00:05:18.893199: OpenEDS_000000265285, shape torch.Size([1, 1, 400, 640]), rank 0
2026-08-08 00:05:18.905720: predicting OpenEDS_000000267942
2026-08-08 00:05:18.906952: OpenEDS_000000267942, shape torch.Size([1, 1, 400, 640]), rank 0
2026-08-08 00:05:18.919532: predicting OpenEDS_000000267945
2026-08-08 00:05:18.920761: OpenEDS_000000267945, shape torch.Size([1, 1, 400, 640]), rank 0
2026-08-08 00:05:18.933278: predicting OpenEDS_000000267946
2026-08-08 00:05:18.934536: OpenEDS_000000267946, shape torch.Size([1, 1, 400, 640]), rank 0
2026-08-08 00:05:18.947093: predicting OpenEDS_000000267947
2026-08-08 00:05:18.948349: OpenEDS_000000267947, shape torch.Size([1, 1, 400, 640]), rank 0
2026-08-08 00:05:18.960888: predicting OpenEDS_000000267949
2026-08-08 00:05:18.962145: OpenEDS_000000267949, shape torch.Size([1, 1, 400, 640]), rank 0
2026-08-08 00:05:18.974792: predicting OpenEDS_000000267952
2026-08-08 00:05:18.976057: OpenEDS_000000267952, shape torch.Size([1, 1, 400, 640]), rank 0
2026-08-08 00:05:18.988732: predicting OpenEDS_000000267955
2026-08-08 00:05:18.990007: OpenEDS_000000267955, shape torch.Size([1, 1, 400, 640]), rank 0
2026-08-08 00:05:19.002496: predicting OpenEDS_000000267956
2026-08-08 00:05:19.003762: OpenEDS_000000267956, shape torch.Size([1, 1, 400, 640]), rank 0
2026-08-08 00:05:19.016311: predicting OpenEDS_000000267958
2026-08-08 00:05:19.017601: OpenEDS_000000267958, shape torch.Size([1, 1, 400, 640]), rank 0
2026-08-08 00:05:19.030142: predicting OpenEDS_000000267959
2026-08-08 00:05:19.031403: OpenEDS_000000267959, shape torch.Size([1, 1, 400, 640]), rank 0
2026-08-08 00:05:19.044622: predicting OpenEDS_000000267960
2026-08-08 00:05:19.045741: OpenEDS_000000267960, shape torch.Size([1, 1, 400, 640]), rank 0
2026-08-08 00:05:19.058802: predicting OpenEDS_000000267971
2026-08-08 00:05:19.060092: OpenEDS_000000267971, shape torch.Size([1, 1, 400, 640]), rank 0
2026-08-08 00:05:19.073028: predicting OpenEDS_000000267976
2026-08-08 00:05:19.074310: OpenEDS_000000267976, shape torch.Size([1, 1, 400, 640]), rank 0
2026-08-08 00:05:19.087314: predicting OpenEDS_000000267980
2026-08-08 00:05:19.088618: OpenEDS_000000267980, shape torch.Size([1, 1, 400, 640]), rank 0
2026-08-08 00:05:19.101554: predicting OpenEDS_000000267982
2026-08-08 00:05:19.102817: OpenEDS_000000267982, shape torch.Size([1, 1, 400, 640]), rank 0
2026-08-08 00:05:19.115756: predicting OpenEDS_000000267985
2026-08-08 00:05:19.117051: OpenEDS_000000267985, shape torch.Size([1, 1, 400, 640]), rank 0
2026-08-08 00:05:19.130117: predicting OpenEDS_000000267989
2026-08-08 00:05:19.131337: OpenEDS_000000267989, shape torch.Size([1, 1, 400, 640]), rank 0
2026-08-08 00:05:19.144068: predicting OpenEDS_000000267993
2026-08-08 00:05:19.145382: OpenEDS_000000267993, shape torch.Size([1, 1, 400, 640]), rank 0
2026-08-08 00:05:19.158034: predicting OpenEDS_000000268015
2026-08-08 00:05:19.159277: OpenEDS_000000268015, shape torch.Size([1, 1, 400, 640]), rank 0
2026-08-08 00:05:19.172720: predicting OpenEDS_000000270670
2026-08-08 00:05:19.173843: OpenEDS_000000270670, shape torch.Size([1, 1, 400, 640]), rank 0
2026-08-08 00:05:19.186735: predicting OpenEDS_000000270673
2026-08-08 00:05:19.188053: OpenEDS_000000270673, shape torch.Size([1, 1, 400, 640]), rank 0
2026-08-08 00:05:19.201070: predicting OpenEDS_000000270678
2026-08-08 00:05:19.202298: OpenEDS_000000270678, shape torch.Size([1, 1, 400, 640]), rank 0
2026-08-08 00:05:19.215160: predicting OpenEDS_000000270698
2026-08-08 00:05:19.216415: OpenEDS_000000270698, shape torch.Size([1, 1, 400, 640]), rank 0
2026-08-08 00:05:19.229367: predicting OpenEDS_000000270699
2026-08-08 00:05:19.230685: OpenEDS_000000270699, shape torch.Size([1, 1, 400, 640]), rank 0
2026-08-08 00:05:19.243493: predicting OpenEDS_000000270701
2026-08-08 00:05:19.244748: OpenEDS_000000270701, shape torch.Size([1, 1, 400, 640]), rank 0
2026-08-08 00:05:19.257404: predicting OpenEDS_000000270704
2026-08-08 00:05:19.258626: OpenEDS_000000270704, shape torch.Size([1, 1, 400, 640]), rank 0
2026-08-08 00:05:19.271664: predicting OpenEDS_000000270712
2026-08-08 00:05:19.272984: OpenEDS_000000270712, shape torch.Size([1, 1, 400, 640]), rank 0
2026-08-08 00:05:19.285533: predicting OpenEDS_000000270721
2026-08-08 00:05:19.286844: OpenEDS_000000270721, shape torch.Size([1, 1, 400, 640]), rank 0
2026-08-08 00:05:19.299371: predicting OpenEDS_000000273387
2026-08-08 00:05:19.300652: OpenEDS_000000273387, shape torch.Size([1, 1, 400, 640]), rank 0
2026-08-08 00:05:19.313331: predicting OpenEDS_000000273388
2026-08-08 00:05:19.314605: OpenEDS_000000273388, shape torch.Size([1, 1, 400, 640]), rank 0
2026-08-08 00:05:19.327124: predicting OpenEDS_000000273391
2026-08-08 00:05:19.328408: OpenEDS_000000273391, shape torch.Size([1, 1, 400, 640]), rank 0
2026-08-08 00:05:19.340944: predicting OpenEDS_000000276053
2026-08-08 00:05:19.342162: OpenEDS_000000276053, shape torch.Size([1, 1, 400, 640]), rank 0
2026-08-08 00:05:19.354711: predicting OpenEDS_000000276060
2026-08-08 00:05:19.355945: OpenEDS_000000276060, shape torch.Size([1, 1, 400, 640]), rank 0
2026-08-08 00:05:19.368500: predicting OpenEDS_000000276063
2026-08-08 00:05:19.369760: OpenEDS_000000276063, shape torch.Size([1, 1, 400, 640]), rank 0
2026-08-08 00:05:19.382338: predicting OpenEDS_000000276065
2026-08-08 00:05:19.383578: OpenEDS_000000276065, shape torch.Size([1, 1, 400, 640]), rank 0
2026-08-08 00:05:19.396170: predicting OpenEDS_000000276069
2026-08-08 00:05:19.397450: OpenEDS_000000276069, shape torch.Size([1, 1, 400, 640]), rank 0
2026-08-08 00:05:19.409978: predicting OpenEDS_000000276075
2026-08-08 00:05:19.411341: OpenEDS_000000276075, shape torch.Size([1, 1, 400, 640]), rank 0
2026-08-08 00:05:19.424310: predicting OpenEDS_000000276077
2026-08-08 00:05:19.425641: OpenEDS_000000276077, shape torch.Size([1, 1, 400, 640]), rank 0
2026-08-08 00:05:19.438636: predicting OpenEDS_000000276082
2026-08-08 00:05:19.439696: OpenEDS_000000276082, shape torch.Size([1, 1, 400, 640]), rank 0
2026-08-08 00:05:19.452199: predicting OpenEDS_000000276089
2026-08-08 00:05:19.453426: OpenEDS_000000276089, shape torch.Size([1, 1, 400, 640]), rank 0
2026-08-08 00:05:19.466026: predicting OpenEDS_000000276091
2026-08-08 00:05:19.467314: OpenEDS_000000276091, shape torch.Size([1, 1, 400, 640]), rank 0
2026-08-08 00:05:19.479973: predicting OpenEDS_000000276092
2026-08-08 00:05:19.481247: OpenEDS_000000276092, shape torch.Size([1, 1, 400, 640]), rank 0
2026-08-08 00:05:19.493794: predicting OpenEDS_000000276094
2026-08-08 00:05:19.495062: OpenEDS_000000276094, shape torch.Size([1, 1, 400, 640]), rank 0
2026-08-08 00:05:19.507626: predicting OpenEDS_000000276100
2026-08-08 00:05:19.508998: OpenEDS_000000276100, shape torch.Size([1, 1, 400, 640]), rank 0
2026-08-08 00:05:19.521610: predicting OpenEDS_000000276101
2026-08-08 00:05:19.522882: OpenEDS_000000276101, shape torch.Size([1, 1, 400, 640]), rank 0
2026-08-08 00:05:19.535570: predicting OpenEDS_000000276103
2026-08-08 00:05:19.536877: OpenEDS_000000276103, shape torch.Size([1, 1, 400, 640]), rank 0
2026-08-08 00:05:19.549879: predicting OpenEDS_000000276110
2026-08-08 00:05:19.551171: OpenEDS_000000276110, shape torch.Size([1, 1, 400, 640]), rank 0
2026-08-08 00:05:19.564357: predicting OpenEDS_000000276111
2026-08-08 00:05:19.565511: OpenEDS_000000276111, shape torch.Size([1, 1, 400, 640]), rank 0
2026-08-08 00:05:19.578203: predicting OpenEDS_000000276116
2026-08-08 00:05:19.579489: OpenEDS_000000276116, shape torch.Size([1, 1, 400, 640]), rank 0
2026-08-08 00:05:19.592092: predicting OpenEDS_000000276117
2026-08-08 00:05:19.593416: OpenEDS_000000276117, shape torch.Size([1, 1, 400, 640]), rank 0
2026-08-08 00:05:19.606100: predicting OpenEDS_000000276122
2026-08-08 00:05:19.607389: OpenEDS_000000276122, shape torch.Size([1, 1, 400, 640]), rank 0
2026-08-08 00:05:19.619977: predicting OpenEDS_000000276126
2026-08-08 00:05:19.621248: OpenEDS_000000276126, shape torch.Size([1, 1, 400, 640]), rank 0
2026-08-08 00:05:19.634316: predicting OpenEDS_000000278776
2026-08-08 00:05:19.635407: OpenEDS_000000278776, shape torch.Size([1, 1, 400, 640]), rank 0
2026-08-08 00:05:19.647919: predicting OpenEDS_000000278778
2026-08-08 00:05:19.649195: OpenEDS_000000278778, shape torch.Size([1, 1, 400, 640]), rank 0
2026-08-08 00:05:19.661838: predicting OpenEDS_000000278779
2026-08-08 00:05:19.663139: OpenEDS_000000278779, shape torch.Size([1, 1, 400, 640]), rank 0
2026-08-08 00:05:19.675694: predicting OpenEDS_000000278792
2026-08-08 00:05:19.677008: OpenEDS_000000278792, shape torch.Size([1, 1, 400, 640]), rank 0
2026-08-08 00:05:19.689635: predicting OpenEDS_000000278808
2026-08-08 00:05:19.690957: OpenEDS_000000278808, shape torch.Size([1, 1, 400, 640]), rank 0
2026-08-08 00:05:19.703704: predicting OpenEDS_000000278809
2026-08-08 00:05:19.704947: OpenEDS_000000278809, shape torch.Size([1, 1, 400, 640]), rank 0
2026-08-08 00:05:19.717448: predicting OpenEDS_000000278822
2026-08-08 00:05:19.718773: OpenEDS_000000278822, shape torch.Size([1, 1, 400, 640]), rank 0
2026-08-08 00:05:19.731360: predicting OpenEDS_000000278836
2026-08-08 00:05:19.732713: OpenEDS_000000278836, shape torch.Size([1, 1, 400, 640]), rank 0
2026-08-08 00:05:19.745698: predicting OpenEDS_000000278841
2026-08-08 00:05:19.746797: OpenEDS_000000278841, shape torch.Size([1, 1, 400, 640]), rank 0
2026-08-08 00:05:19.759355: predicting OpenEDS_000000278842
2026-08-08 00:05:19.760637: OpenEDS_000000278842, shape torch.Size([1, 1, 400, 640]), rank 0
2026-08-08 00:05:19.773265: predicting OpenEDS_000000278846
2026-08-08 00:05:19.774542: OpenEDS_000000278846, shape torch.Size([1, 1, 400, 640]), rank 0
2026-08-08 00:05:19.787066: predicting OpenEDS_000000278852
2026-08-08 00:05:19.788345: OpenEDS_000000278852, shape torch.Size([1, 1, 400, 640]), rank 0
2026-08-08 00:05:19.800944: predicting OpenEDS_000000278855
2026-08-08 00:05:19.802279: OpenEDS_000000278855, shape torch.Size([1, 1, 400, 640]), rank 0
2026-08-08 00:05:19.814805: predicting OpenEDS_000000278860
2026-08-08 00:05:19.816067: OpenEDS_000000278860, shape torch.Size([1, 1, 400, 640]), rank 0
2026-08-08 00:05:19.828590: predicting OpenEDS_000000278876
2026-08-08 00:05:19.829880: OpenEDS_000000278876, shape torch.Size([1, 1, 400, 640]), rank 0
2026-08-08 00:05:19.842906: predicting OpenEDS_000000281546
2026-08-08 00:05:19.844198: OpenEDS_000000281546, shape torch.Size([1, 1, 400, 640]), rank 0
2026-08-08 00:05:19.857173: predicting OpenEDS_000000281551
2026-08-08 00:05:19.858494: OpenEDS_000000281551, shape torch.Size([1, 1, 400, 640]), rank 0
2026-08-08 00:05:19.871332: predicting OpenEDS_000000281552
2026-08-08 00:05:19.872664: OpenEDS_000000281552, shape torch.Size([1, 1, 400, 640]), rank 0
2026-08-08 00:05:19.885632: predicting OpenEDS_000000281557
2026-08-08 00:05:19.887001: OpenEDS_000000281557, shape torch.Size([1, 1, 400, 640]), rank 0
2026-08-08 00:05:19.900037: predicting OpenEDS_000000281568
2026-08-08 00:05:19.901330: OpenEDS_000000281568, shape torch.Size([1, 1, 400, 640]), rank 0
2026-08-08 00:05:19.914026: predicting OpenEDS_000000281569
2026-08-08 00:05:19.915310: OpenEDS_000000281569, shape torch.Size([1, 1, 400, 640]), rank 0
2026-08-08 00:05:19.927943: predicting OpenEDS_000000281573
2026-08-08 00:05:19.929324: OpenEDS_000000281573, shape torch.Size([1, 1, 400, 640]), rank 0
2026-08-08 00:05:19.941954: predicting OpenEDS_000000281577
2026-08-08 00:05:19.943204: OpenEDS_000000281577, shape torch.Size([1, 1, 400, 640]), rank 0
2026-08-08 00:05:19.955814: predicting OpenEDS_000000281580
2026-08-08 00:05:19.957127: OpenEDS_000000281580, shape torch.Size([1, 1, 400, 640]), rank 0
2026-08-08 00:05:19.970150: predicting OpenEDS_000000281599
2026-08-08 00:05:19.971262: OpenEDS_000000281599, shape torch.Size([1, 1, 400, 640]), rank 0
2026-08-08 00:05:19.984242: predicting OpenEDS_000000281610
2026-08-08 00:05:19.985503: OpenEDS_000000281610, shape torch.Size([1, 1, 400, 640]), rank 0
2026-08-08 00:05:19.998389: predicting OpenEDS_000000281626
2026-08-08 00:05:19.999676: OpenEDS_000000281626, shape torch.Size([1, 1, 400, 640]), rank 0
2026-08-08 00:05:20.012712: predicting OpenEDS_000000284289
2026-08-08 00:05:20.014004: OpenEDS_000000284289, shape torch.Size([1, 1, 400, 640]), rank 0
2026-08-08 00:05:20.026720: predicting OpenEDS_000000284290
2026-08-08 00:05:20.027974: OpenEDS_000000284290, shape torch.Size([1, 1, 400, 640]), rank 0
2026-08-08 00:05:20.040619: predicting OpenEDS_000000284296
2026-08-08 00:05:20.041873: OpenEDS_000000284296, shape torch.Size([1, 1, 400, 640]), rank 0
2026-08-08 00:05:20.054429: predicting OpenEDS_000000284299
2026-08-08 00:05:20.055752: OpenEDS_000000284299, shape torch.Size([1, 1, 400, 640]), rank 0
2026-08-08 00:05:20.068416: predicting OpenEDS_000000284309
2026-08-08 00:05:20.069697: OpenEDS_000000284309, shape torch.Size([1, 1, 400, 640]), rank 0
2026-08-08 00:05:20.082376: predicting OpenEDS_000000284314
2026-08-08 00:05:20.083699: OpenEDS_000000284314, shape torch.Size([1, 1, 400, 640]), rank 0
2026-08-08 00:05:20.096194: predicting OpenEDS_000000284316
2026-08-08 00:05:20.097469: OpenEDS_000000284316, shape torch.Size([1, 1, 400, 640]), rank 0
2026-08-08 00:05:20.110028: predicting OpenEDS_000000284325
2026-08-08 00:05:20.111375: OpenEDS_000000284325, shape torch.Size([1, 1, 400, 640]), rank 0
2026-08-08 00:05:20.124157: predicting OpenEDS_000000284328
2026-08-08 00:05:20.125431: OpenEDS_000000284328, shape torch.Size([1, 1, 400, 640]), rank 0
2026-08-08 00:05:20.138287: predicting OpenEDS_000000284332
2026-08-08 00:05:20.139379: OpenEDS_000000284332, shape torch.Size([1, 1, 400, 640]), rank 0
2026-08-08 00:05:20.151824: predicting OpenEDS_000000284334
2026-08-08 00:05:20.153108: OpenEDS_000000284334, shape torch.Size([1, 1, 400, 640]), rank 0
2026-08-08 00:05:20.165761: predicting OpenEDS_000000284338
2026-08-08 00:05:20.167086: OpenEDS_000000284338, shape torch.Size([1, 1, 400, 640]), rank 0
2026-08-08 00:05:20.180193: predicting OpenEDS_000000284342
2026-08-08 00:05:20.181305: OpenEDS_000000284342, shape torch.Size([1, 1, 400, 640]), rank 0
2026-08-08 00:05:20.193789: predicting OpenEDS_000000284351
2026-08-08 00:05:20.195235: OpenEDS_000000284351, shape torch.Size([1, 1, 400, 640]), rank 0
2026-08-08 00:05:20.208335: predicting OpenEDS_000000284354
2026-08-08 00:05:20.209392: OpenEDS_000000284354, shape torch.Size([1, 1, 400, 640]), rank 0
2026-08-08 00:05:20.221918: predicting OpenEDS_000000284361
2026-08-08 00:05:20.223204: OpenEDS_000000284361, shape torch.Size([1, 1, 400, 640]), rank 0
2026-08-08 00:05:20.235778: predicting OpenEDS_000000284366
2026-08-08 00:05:20.237011: OpenEDS_000000284366, shape torch.Size([1, 1, 400, 640]), rank 0
2026-08-08 00:05:20.249999: predicting OpenEDS_000000284371
2026-08-08 00:05:20.251320: OpenEDS_000000284371, shape torch.Size([1, 1, 400, 640]), rank 0
2026-08-08 00:05:20.264162: predicting OpenEDS_000000284373
2026-08-08 00:05:20.265548: OpenEDS_000000284373, shape torch.Size([1, 1, 400, 640]), rank 0
2026-08-08 00:05:20.278191: predicting OpenEDS_000000284374
2026-08-08 00:05:20.279694: OpenEDS_000000284374, shape torch.Size([1, 1, 400, 640]), rank 0
2026-08-08 00:05:20.292263: predicting OpenEDS_000000284376
2026-08-08 00:05:20.293544: OpenEDS_000000284376, shape torch.Size([1, 1, 400, 640]), rank 0
2026-08-08 00:05:20.306127: predicting OpenEDS_000000284385
2026-08-08 00:05:20.307461: OpenEDS_000000284385, shape torch.Size([1, 1, 400, 640]), rank 0
2026-08-08 00:05:20.320047: predicting OpenEDS_000000284388
2026-08-08 00:05:20.321342: OpenEDS_000000284388, shape torch.Size([1, 1, 400, 640]), rank 0
2026-08-08 00:05:20.334426: predicting OpenEDS_000000284391
2026-08-08 00:05:20.335535: OpenEDS_000000284391, shape torch.Size([1, 1, 400, 640]), rank 0
2026-08-08 00:05:20.347989: predicting OpenEDS_000000284397
2026-08-08 00:05:20.349308: OpenEDS_000000284397, shape torch.Size([1, 1, 400, 640]), rank 0
2026-08-08 00:05:20.361910: predicting OpenEDS_000000284400
2026-08-08 00:05:20.363182: OpenEDS_000000284400, shape torch.Size([1, 1, 400, 640]), rank 0
2026-08-08 00:05:20.376066: predicting OpenEDS_000000284402
2026-08-08 00:05:20.377408: OpenEDS_000000284402, shape torch.Size([1, 1, 400, 640]), rank 0
2026-08-08 00:05:20.390353: predicting OpenEDS_000000287054
2026-08-08 00:05:20.391676: OpenEDS_000000287054, shape torch.Size([1, 1, 400, 640]), rank 0
2026-08-08 00:05:20.404644: predicting OpenEDS_000000287061
2026-08-08 00:05:20.405917: OpenEDS_000000287061, shape torch.Size([1, 1, 400, 640]), rank 0
2026-08-08 00:05:20.418639: predicting OpenEDS_000000287065
2026-08-08 00:05:20.419895: OpenEDS_000000287065, shape torch.Size([1, 1, 400, 640]), rank 0
2026-08-08 00:05:20.433069: predicting OpenEDS_000000287069
2026-08-08 00:05:20.434380: OpenEDS_000000287069, shape torch.Size([1, 1, 400, 640]), rank 0
2026-08-08 00:05:20.447278: predicting OpenEDS_000000287071
2026-08-08 00:05:20.448570: OpenEDS_000000287071, shape torch.Size([1, 1, 400, 640]), rank 0
2026-08-08 00:05:20.461622: predicting OpenEDS_000000287075
2026-08-08 00:05:20.462899: OpenEDS_000000287075, shape torch.Size([1, 1, 400, 640]), rank 0
2026-08-08 00:05:20.475513: predicting OpenEDS_000000287084
2026-08-08 00:05:20.476811: OpenEDS_000000287084, shape torch.Size([1, 1, 400, 640]), rank 0
2026-08-08 00:05:20.489469: predicting OpenEDS_000000287086
2026-08-08 00:05:20.490937: OpenEDS_000000287086, shape torch.Size([1, 1, 400, 640]), rank 0
2026-08-08 00:05:20.503561: predicting OpenEDS_000000287090
2026-08-08 00:05:20.504909: OpenEDS_000000287090, shape torch.Size([1, 1, 400, 640]), rank 0
2026-08-08 00:05:20.517548: predicting OpenEDS_000000287091
2026-08-08 00:05:20.518877: OpenEDS_000000287091, shape torch.Size([1, 1, 400, 640]), rank 0
2026-08-08 00:05:20.531457: predicting OpenEDS_000000287095
2026-08-08 00:05:20.532750: OpenEDS_000000287095, shape torch.Size([1, 1, 400, 640]), rank 0
2026-08-08 00:05:20.545517: predicting OpenEDS_000000287097
2026-08-08 00:05:20.546769: OpenEDS_000000287097, shape torch.Size([1, 1, 400, 640]), rank 0
2026-08-08 00:05:20.559383: predicting OpenEDS_000000287103
2026-08-08 00:05:20.560677: OpenEDS_000000287103, shape torch.Size([1, 1, 400, 640]), rank 0
2026-08-08 00:05:20.573364: predicting OpenEDS_000000287104
2026-08-08 00:05:20.574698: OpenEDS_000000287104, shape torch.Size([1, 1, 400, 640]), rank 0
2026-08-08 00:05:20.587298: predicting OpenEDS_000000287108
2026-08-08 00:05:20.588580: OpenEDS_000000287108, shape torch.Size([1, 1, 400, 640]), rank 0
2026-08-08 00:05:20.601253: predicting OpenEDS_000000287115
2026-08-08 00:05:20.602655: OpenEDS_000000287115, shape torch.Size([1, 1, 400, 640]), rank 0
2026-08-08 00:05:20.615612: predicting OpenEDS_000000287123
2026-08-08 00:05:20.616751: OpenEDS_000000287123, shape torch.Size([1, 1, 400, 640]), rank 0
2026-08-08 00:05:20.629469: predicting OpenEDS_000000287130
2026-08-08 00:05:20.630783: OpenEDS_000000287130, shape torch.Size([1, 1, 400, 640]), rank 0
2026-08-08 00:05:20.643873: predicting OpenEDS_000000287131
2026-08-08 00:05:20.645158: OpenEDS_000000287131, shape torch.Size([1, 1, 400, 640]), rank 0
2026-08-08 00:05:20.658849: predicting OpenEDS_000000287133
2026-08-08 00:05:20.659974: OpenEDS_000000287133, shape torch.Size([1, 1, 400, 640]), rank 0
2026-08-08 00:05:20.672816: predicting OpenEDS_000000289788
2026-08-08 00:05:20.674113: OpenEDS_000000289788, shape torch.Size([1, 1, 400, 640]), rank 0
2026-08-08 00:05:20.687256: predicting OpenEDS_000000289790
2026-08-08 00:05:20.688330: OpenEDS_000000289790, shape torch.Size([1, 1, 400, 640]), rank 0
2026-08-08 00:05:20.700958: predicting OpenEDS_000000289791
2026-08-08 00:05:20.702225: OpenEDS_000000289791, shape torch.Size([1, 1, 400, 640]), rank 0
2026-08-08 00:05:20.714886: predicting OpenEDS_000000289792
2026-08-08 00:05:20.716165: OpenEDS_000000289792, shape torch.Size([1, 1, 400, 640]), rank 0
2026-08-08 00:05:20.728877: predicting OpenEDS_000000289801
2026-08-08 00:05:20.730194: OpenEDS_000000289801, shape torch.Size([1, 1, 400, 640]), rank 0
2026-08-08 00:05:20.742711: predicting OpenEDS_000000289802
2026-08-08 00:05:20.744027: OpenEDS_000000289802, shape torch.Size([1, 1, 400, 640]), rank 0
2026-08-08 00:05:20.756716: predicting OpenEDS_000000289805
2026-08-08 00:05:20.757998: OpenEDS_000000289805, shape torch.Size([1, 1, 400, 640]), rank 0
2026-08-08 00:05:20.770682: predicting OpenEDS_000000289807
2026-08-08 00:05:20.771979: OpenEDS_000000289807, shape torch.Size([1, 1, 400, 640]), rank 0
2026-08-08 00:05:20.784583: predicting OpenEDS_000000289808
2026-08-08 00:05:20.785944: OpenEDS_000000289808, shape torch.Size([1, 1, 400, 640]), rank 0
2026-08-08 00:05:20.798740: predicting OpenEDS_000000289811
2026-08-08 00:05:20.800014: OpenEDS_000000289811, shape torch.Size([1, 1, 400, 640]), rank 0
2026-08-08 00:05:20.812657: predicting OpenEDS_000000289816
2026-08-08 00:05:20.814012: OpenEDS_000000289816, shape torch.Size([1, 1, 400, 640]), rank 0
2026-08-08 00:05:20.826676: predicting OpenEDS_000000289819
2026-08-08 00:05:20.828130: OpenEDS_000000289819, shape torch.Size([1, 1, 400, 640]), rank 0
2026-08-08 00:05:20.840673: predicting OpenEDS_000000289821
2026-08-08 00:05:20.841966: OpenEDS_000000289821, shape torch.Size([1, 1, 400, 640]), rank 0
2026-08-08 00:05:20.854525: predicting OpenEDS_000000289839
2026-08-08 00:05:20.855837: OpenEDS_000000289839, shape torch.Size([1, 1, 400, 640]), rank 0
2026-08-08 00:05:20.868373: predicting OpenEDS_000000289840
2026-08-08 00:05:20.869710: OpenEDS_000000289840, shape torch.Size([1, 1, 400, 640]), rank 0
2026-08-08 00:05:20.882802: predicting OpenEDS_000000289848
2026-08-08 00:05:20.884075: OpenEDS_000000289848, shape torch.Size([1, 1, 400, 640]), rank 0
2026-08-08 00:05:20.897100: predicting OpenEDS_000000289849
2026-08-08 00:05:20.898623: OpenEDS_000000289849, shape torch.Size([1, 1, 400, 640]), rank 0
2026-08-08 00:05:20.911649: predicting OpenEDS_000000289852
2026-08-08 00:05:20.913048: OpenEDS_000000289852, shape torch.Size([1, 1, 400, 640]), rank 0
2026-08-08 00:05:20.926481: predicting OpenEDS_000000289857
2026-08-08 00:05:20.927738: OpenEDS_000000289857, shape torch.Size([1, 1, 400, 640]), rank 0
2026-08-08 00:05:20.940726: predicting OpenEDS_000000289858
2026-08-08 00:05:20.942051: OpenEDS_000000289858, shape torch.Size([1, 1, 400, 640]), rank 0
2026-08-08 00:05:20.955113: predicting OpenEDS_000000292511
2026-08-08 00:05:20.956418: OpenEDS_000000292511, shape torch.Size([1, 1, 400, 640]), rank 0
2026-08-08 00:05:20.969287: predicting OpenEDS_000000292514
2026-08-08 00:05:20.970613: OpenEDS_000000292514, shape torch.Size([1, 1, 400, 640]), rank 0
2026-08-08 00:05:20.984016: predicting OpenEDS_000000292537
2026-08-08 00:05:20.985190: OpenEDS_000000292537, shape torch.Size([1, 1, 400, 640]), rank 0
2026-08-08 00:05:20.998336: predicting OpenEDS_000000292544
2026-08-08 00:05:20.999747: OpenEDS_000000292544, shape torch.Size([1, 1, 400, 640]), rank 0
2026-08-08 00:05:21.013015: predicting OpenEDS_000000292546
2026-08-08 00:05:21.014149: OpenEDS_000000292546, shape torch.Size([1, 1, 400, 640]), rank 0
2026-08-08 00:05:21.026884: predicting OpenEDS_000000292547
2026-08-08 00:05:21.028195: OpenEDS_000000292547, shape torch.Size([1, 1, 400, 640]), rank 0
2026-08-08 00:05:21.040806: predicting OpenEDS_000000292548
2026-08-08 00:05:21.042094: OpenEDS_000000292548, shape torch.Size([1, 1, 400, 640]), rank 0
2026-08-08 00:05:21.054747: predicting OpenEDS_000000292561
2026-08-08 00:05:21.056019: OpenEDS_000000292561, shape torch.Size([1, 1, 400, 640]), rank 0
2026-08-08 00:05:21.068651: predicting OpenEDS_000000292566
2026-08-08 00:05:21.069972: OpenEDS_000000292566, shape torch.Size([1, 1, 400, 640]), rank 0
2026-08-08 00:05:21.082654: predicting OpenEDS_000000292568
2026-08-08 00:05:21.083968: OpenEDS_000000292568, shape torch.Size([1, 1, 400, 640]), rank 0
2026-08-08 00:05:21.096627: predicting OpenEDS_000000292569
2026-08-08 00:05:21.097891: OpenEDS_000000292569, shape torch.Size([1, 1, 400, 640]), rank 0
2026-08-08 00:05:21.110470: predicting OpenEDS_000000292574
2026-08-08 00:05:21.111730: OpenEDS_000000292574, shape torch.Size([1, 1, 400, 640]), rank 0
2026-08-08 00:05:21.124409: predicting OpenEDS_000000292582
2026-08-08 00:05:21.125697: OpenEDS_000000292582, shape torch.Size([1, 1, 400, 640]), rank 0
2026-08-08 00:05:21.138341: predicting OpenEDS_000000295238
2026-08-08 00:05:21.139881: OpenEDS_000000295238, shape torch.Size([1, 1, 400, 640]), rank 0
2026-08-08 00:05:21.152603: predicting OpenEDS_000000295240
2026-08-08 00:05:21.153889: OpenEDS_000000295240, shape torch.Size([1, 1, 400, 640]), rank 0
2026-08-08 00:05:21.166537: predicting OpenEDS_000000295242
2026-08-08 00:05:21.168024: OpenEDS_000000295242, shape torch.Size([1, 1, 400, 640]), rank 0
2026-08-08 00:05:21.180595: predicting OpenEDS_000000295245
2026-08-08 00:05:21.181889: OpenEDS_000000295245, shape torch.Size([1, 1, 400, 640]), rank 0
2026-08-08 00:05:21.194481: predicting OpenEDS_000000295249
2026-08-08 00:05:21.195838: OpenEDS_000000295249, shape torch.Size([1, 1, 400, 640]), rank 0
2026-08-08 00:05:21.208542: predicting OpenEDS_000000295254
2026-08-08 00:05:21.210020: OpenEDS_000000295254, shape torch.Size([1, 1, 400, 640]), rank 0
2026-08-08 00:05:21.222542: predicting OpenEDS_000000295265
2026-08-08 00:05:21.223834: OpenEDS_000000295265, shape torch.Size([1, 1, 400, 640]), rank 0
2026-08-08 00:05:21.236545: predicting OpenEDS_000000295268
2026-08-08 00:05:21.237855: OpenEDS_000000295268, shape torch.Size([1, 1, 400, 640]), rank 0
2026-08-08 00:05:21.250510: predicting OpenEDS_000000295286
2026-08-08 00:05:21.251890: OpenEDS_000000295286, shape torch.Size([1, 1, 400, 640]), rank 0
2026-08-08 00:05:21.264890: predicting OpenEDS_000000295287
2026-08-08 00:05:21.266240: OpenEDS_000000295287, shape torch.Size([1, 1, 400, 640]), rank 0
2026-08-08 00:05:21.278891: predicting OpenEDS_000000295290
2026-08-08 00:05:21.280171: OpenEDS_000000295290, shape torch.Size([1, 1, 400, 640]), rank 0
2026-08-08 00:05:21.292810: predicting OpenEDS_000000295299
2026-08-08 00:05:21.294093: OpenEDS_000000295299, shape torch.Size([1, 1, 400, 640]), rank 0
2026-08-08 00:05:21.306745: predicting OpenEDS_000000295310
2026-08-08 00:05:21.308020: OpenEDS_000000295310, shape torch.Size([1, 1, 400, 640]), rank 0
2026-08-08 00:05:21.320556: predicting OpenEDS_000000295314
2026-08-08 00:05:21.321904: OpenEDS_000000295314, shape torch.Size([1, 1, 400, 640]), rank 0
2026-08-08 00:05:21.334962: predicting OpenEDS_000000295321
2026-08-08 00:05:21.336264: OpenEDS_000000295321, shape torch.Size([1, 1, 400, 640]), rank 0
2026-08-08 00:05:21.349124: predicting OpenEDS_000000295322
2026-08-08 00:05:21.350588: OpenEDS_000000295322, shape torch.Size([1, 1, 400, 640]), rank 0
2026-08-08 00:05:21.363133: predicting OpenEDS_000000295338
2026-08-08 00:05:21.364480: OpenEDS_000000295338, shape torch.Size([1, 1, 400, 640]), rank 0
2026-08-08 00:05:21.377110: predicting OpenEDS_000000295341
2026-08-08 00:05:21.378447: OpenEDS_000000295341, shape torch.Size([1, 1, 400, 640]), rank 0
2026-08-08 00:05:21.391109: predicting OpenEDS_000000298001
2026-08-08 00:05:21.392585: OpenEDS_000000298001, shape torch.Size([1, 1, 400, 640]), rank 0
2026-08-08 00:05:21.405282: predicting OpenEDS_000000298004
2026-08-08 00:05:21.406564: OpenEDS_000000298004, shape torch.Size([1, 1, 400, 640]), rank 0
2026-08-08 00:05:21.419568: predicting OpenEDS_000000298011
2026-08-08 00:05:21.420892: OpenEDS_000000298011, shape torch.Size([1, 1, 400, 640]), rank 0
2026-08-08 00:05:21.433990: predicting OpenEDS_000000298012
2026-08-08 00:05:21.435309: OpenEDS_000000298012, shape torch.Size([1, 1, 400, 640]), rank 0
2026-08-08 00:05:21.448350: predicting OpenEDS_000000298014
2026-08-08 00:05:21.449632: OpenEDS_000000298014, shape torch.Size([1, 1, 400, 640]), rank 0
2026-08-08 00:05:21.462639: predicting OpenEDS_000000298019
2026-08-08 00:05:21.463971: OpenEDS_000000298019, shape torch.Size([1, 1, 400, 640]), rank 0
2026-08-08 00:05:21.476861: predicting OpenEDS_000000298023
2026-08-08 00:05:21.478127: OpenEDS_000000298023, shape torch.Size([1, 1, 400, 640]), rank 0
2026-08-08 00:05:21.490933: predicting OpenEDS_000000298025
2026-08-08 00:05:21.492234: OpenEDS_000000298025, shape torch.Size([1, 1, 400, 640]), rank 0
2026-08-08 00:05:21.504944: predicting OpenEDS_000000298035
2026-08-08 00:05:21.506227: OpenEDS_000000298035, shape torch.Size([1, 1, 400, 640]), rank 0
2026-08-08 00:05:21.518903: predicting OpenEDS_000000298037
2026-08-08 00:05:21.520160: OpenEDS_000000298037, shape torch.Size([1, 1, 400, 640]), rank 0
2026-08-08 00:05:21.532842: predicting OpenEDS_000000298046
2026-08-08 00:05:21.534005: OpenEDS_000000298046, shape torch.Size([1, 1, 400, 640]), rank 0
2026-08-08 00:05:21.546756: predicting OpenEDS_000000298049
2026-08-08 00:05:21.547978: OpenEDS_000000298049, shape torch.Size([1, 1, 400, 640]), rank 0
2026-08-08 00:05:21.561564: predicting OpenEDS_000000298051
2026-08-08 00:05:21.562866: OpenEDS_000000298051, shape torch.Size([1, 1, 400, 640]), rank 0
2026-08-08 00:05:21.576242: predicting OpenEDS_000000298062
2026-08-08 00:05:21.577358: OpenEDS_000000298062, shape torch.Size([1, 1, 400, 640]), rank 0
2026-08-08 00:05:21.590241: predicting OpenEDS_000000298067
2026-08-08 00:05:21.591432: OpenEDS_000000298067, shape torch.Size([1, 1, 400, 640]), rank 0
2026-08-08 00:05:21.604265: predicting OpenEDS_000000298069
2026-08-08 00:05:21.605517: OpenEDS_000000298069, shape torch.Size([1, 1, 400, 640]), rank 0
2026-08-08 00:05:21.618231: predicting OpenEDS_000000298074
2026-08-08 00:05:21.619416: OpenEDS_000000298074, shape torch.Size([1, 1, 400, 640]), rank 0
2026-08-08 00:05:21.632563: predicting OpenEDS_000000298080
2026-08-08 00:05:21.633627: OpenEDS_000000298080, shape torch.Size([1, 1, 400, 640]), rank 0
2026-08-08 00:05:21.646368: predicting OpenEDS_000000298084
2026-08-08 00:05:21.647583: OpenEDS_000000298084, shape torch.Size([1, 1, 400, 640]), rank 0
2026-08-08 00:05:21.660268: predicting OpenEDS_000000298088
2026-08-08 00:05:21.661528: OpenEDS_000000298088, shape torch.Size([1, 1, 400, 640]), rank 0
2026-08-08 00:05:21.674196: predicting OpenEDS_000000298090
2026-08-08 00:05:21.675673: OpenEDS_000000298090, shape torch.Size([1, 1, 400, 640]), rank 0
2026-08-08 00:05:21.688376: predicting OpenEDS_000000298094
2026-08-08 00:05:21.689655: OpenEDS_000000298094, shape torch.Size([1, 1, 400, 640]), rank 0
2026-08-08 00:05:21.702330: predicting OpenEDS_000000298108
2026-08-08 00:05:21.703508: OpenEDS_000000298108, shape torch.Size([1, 1, 400, 640]), rank 0
2026-08-08 00:05:21.716163: predicting OpenEDS_000000298118
2026-08-08 00:05:21.717377: OpenEDS_000000298118, shape torch.Size([1, 1, 400, 640]), rank 0
2026-08-08 00:05:21.730443: predicting OpenEDS_000000298123
2026-08-08 00:05:21.731465: OpenEDS_000000298123, shape torch.Size([1, 1, 400, 640]), rank 0
2026-08-08 00:05:21.745055: predicting OpenEDS_000000300777
2026-08-08 00:05:21.746344: OpenEDS_000000300777, shape torch.Size([1, 1, 400, 640]), rank 0
2026-08-08 00:05:21.759363: predicting OpenEDS_000000300781
2026-08-08 00:05:21.760599: OpenEDS_000000300781, shape torch.Size([1, 1, 400, 640]), rank 0
2026-08-08 00:05:21.773560: predicting OpenEDS_000000300782
2026-08-08 00:05:21.774896: OpenEDS_000000300782, shape torch.Size([1, 1, 400, 640]), rank 0
2026-08-08 00:05:21.788039: predicting OpenEDS_000000300787
2026-08-08 00:05:21.789384: OpenEDS_000000300787, shape torch.Size([1, 1, 400, 640]), rank 0
2026-08-08 00:05:21.802384: predicting OpenEDS_000000300794
2026-08-08 00:05:21.803886: OpenEDS_000000300794, shape torch.Size([1, 1, 400, 640]), rank 0
2026-08-08 00:05:21.817507: predicting OpenEDS_000000300803
2026-08-08 00:05:21.818651: OpenEDS_000000300803, shape torch.Size([1, 1, 400, 640]), rank 0
2026-08-08 00:05:21.831543: predicting OpenEDS_000000300811
2026-08-08 00:05:21.832840: OpenEDS_000000300811, shape torch.Size([1, 1, 400, 640]), rank 0
2026-08-08 00:05:21.845478: predicting OpenEDS_000000300835
2026-08-08 00:05:21.846756: OpenEDS_000000300835, shape torch.Size([1, 1, 400, 640]), rank 0
2026-08-08 00:05:21.859437: predicting OpenEDS_000000300837
2026-08-08 00:05:21.860760: OpenEDS_000000300837, shape torch.Size([1, 1, 400, 640]), rank 0
2026-08-08 00:05:21.873367: predicting OpenEDS_000000300838
2026-08-08 00:05:21.874885: OpenEDS_000000300838, shape torch.Size([1, 1, 400, 640]), rank 0
2026-08-08 00:05:21.888219: predicting OpenEDS_000000300843
2026-08-08 00:05:21.889338: OpenEDS_000000300843, shape torch.Size([1, 1, 400, 640]), rank 0
2026-08-08 00:05:21.902257: predicting OpenEDS_000000300854
2026-08-08 00:05:21.903518: OpenEDS_000000300854, shape torch.Size([1, 1, 400, 640]), rank 0
2026-08-08 00:05:21.916444: predicting OpenEDS_000000300857
2026-08-08 00:05:21.917960: OpenEDS_000000300857, shape torch.Size([1, 1, 400, 640]), rank 0
2026-08-08 00:05:21.931161: predicting OpenEDS_000000300861
2026-08-08 00:05:21.932235: OpenEDS_000000300861, shape torch.Size([1, 1, 400, 640]), rank 0
2026-08-08 00:05:21.944990: predicting OpenEDS_000000300863
2026-08-08 00:05:21.946264: OpenEDS_000000300863, shape torch.Size([1, 1, 400, 640]), rank 0
2026-08-08 00:05:21.959299: predicting OpenEDS_000000303514
2026-08-08 00:05:21.960565: OpenEDS_000000303514, shape torch.Size([1, 1, 400, 640]), rank 0
2026-08-08 00:05:21.973658: predicting OpenEDS_000000303518
2026-08-08 00:05:21.974969: OpenEDS_000000303518, shape torch.Size([1, 1, 400, 640]), rank 0
2026-08-08 00:05:21.987825: predicting OpenEDS_000000303519
2026-08-08 00:05:21.989104: OpenEDS_000000303519, shape torch.Size([1, 1, 400, 640]), rank 0
2026-08-08 00:05:22.001945: predicting OpenEDS_000000303532
2026-08-08 00:05:22.003211: OpenEDS_000000303532, shape torch.Size([1, 1, 400, 640]), rank 0
2026-08-08 00:05:22.016385: predicting OpenEDS_000000303534
2026-08-08 00:05:22.017489: OpenEDS_000000303534, shape torch.Size([1, 1, 400, 640]), rank 0
2026-08-08 00:05:22.030491: predicting OpenEDS_000000303541
2026-08-08 00:05:22.031564: OpenEDS_000000303541, shape torch.Size([1, 1, 400, 640]), rank 0
2026-08-08 00:05:22.044128: predicting OpenEDS_000000303543
2026-08-08 00:05:22.045401: OpenEDS_000000303543, shape torch.Size([1, 1, 400, 640]), rank 0
2026-08-08 00:05:22.058018: predicting OpenEDS_000000303552
2026-08-08 00:05:22.059285: OpenEDS_000000303552, shape torch.Size([1, 1, 400, 640]), rank 0
2026-08-08 00:05:22.071956: predicting OpenEDS_000000303563
2026-08-08 00:05:22.073241: OpenEDS_000000303563, shape torch.Size([1, 1, 400, 640]), rank 0
2026-08-08 00:05:22.085905: predicting OpenEDS_000000303575
2026-08-08 00:05:22.087137: OpenEDS_000000303575, shape torch.Size([1, 1, 400, 640]), rank 0
2026-08-08 00:05:22.099976: predicting OpenEDS_000000303576
2026-08-08 00:05:22.101299: OpenEDS_000000303576, shape torch.Size([1, 1, 400, 640]), rank 0
2026-08-08 00:05:22.113943: predicting OpenEDS_000000303577
2026-08-08 00:05:22.115164: OpenEDS_000000303577, shape torch.Size([1, 1, 400, 640]), rank 0
2026-08-08 00:05:22.127851: predicting OpenEDS_000000303583
2026-08-08 00:05:22.129133: OpenEDS_000000303583, shape torch.Size([1, 1, 400, 640]), rank 0
2026-08-08 00:05:22.142034: predicting OpenEDS_000000303586
2026-08-08 00:05:22.143308: OpenEDS_000000303586, shape torch.Size([1, 1, 400, 640]), rank 0
2026-08-08 00:05:22.155983: predicting OpenEDS_000000303588
2026-08-08 00:05:22.157257: OpenEDS_000000303588, shape torch.Size([1, 1, 400, 640]), rank 0
2026-08-08 00:05:22.169951: predicting OpenEDS_000000303595
2026-08-08 00:05:22.171210: OpenEDS_000000303595, shape torch.Size([1, 1, 400, 640]), rank 0
2026-08-08 00:05:22.183846: predicting OpenEDS_000000303598
2026-08-08 00:05:22.185064: OpenEDS_000000303598, shape torch.Size([1, 1, 400, 640]), rank 0
2026-08-08 00:05:22.197772: predicting OpenEDS_000000303604
2026-08-08 00:05:22.199370: OpenEDS_000000303604, shape torch.Size([1, 1, 400, 640]), rank 0
2026-08-08 00:05:22.212306: predicting OpenEDS_000000306251
2026-08-08 00:05:22.213393: OpenEDS_000000306251, shape torch.Size([1, 1, 400, 640]), rank 0
2026-08-08 00:05:22.225859: predicting OpenEDS_000000306258
2026-08-08 00:05:22.227123: OpenEDS_000000306258, shape torch.Size([1, 1, 400, 640]), rank 0
2026-08-08 00:05:22.240202: predicting OpenEDS_000000306259
2026-08-08 00:05:22.241330: OpenEDS_000000306259, shape torch.Size([1, 1, 400, 640]), rank 0
2026-08-08 00:05:22.254282: predicting OpenEDS_000000306260
2026-08-08 00:05:22.255419: OpenEDS_000000306260, shape torch.Size([1, 1, 400, 640]), rank 0
2026-08-08 00:05:22.268200: predicting OpenEDS_000000306273
2026-08-08 00:05:22.269501: OpenEDS_000000306273, shape torch.Size([1, 1, 400, 640]), rank 0
2026-08-08 00:05:22.282485: predicting OpenEDS_000000306281
2026-08-08 00:05:22.283621: OpenEDS_000000306281, shape torch.Size([1, 1, 400, 640]), rank 0
2026-08-08 00:05:22.296213: predicting OpenEDS_000000306282
2026-08-08 00:05:22.297496: OpenEDS_000000306282, shape torch.Size([1, 1, 400, 640]), rank 0
2026-08-08 00:05:22.310094: predicting OpenEDS_000000306289
2026-08-08 00:05:22.311396: OpenEDS_000000306289, shape torch.Size([1, 1, 400, 640]), rank 0
2026-08-08 00:05:22.324310: predicting OpenEDS_000000306291
2026-08-08 00:05:22.325558: OpenEDS_000000306291, shape torch.Size([1, 1, 400, 640]), rank 0
2026-08-08 00:05:22.339112: predicting OpenEDS_000000306295
2026-08-08 00:05:22.340209: OpenEDS_000000306295, shape torch.Size([1, 1, 400, 640]), rank 0
2026-08-08 00:05:22.353141: predicting OpenEDS_000000306297
2026-08-08 00:05:22.354357: OpenEDS_000000306297, shape torch.Size([1, 1, 400, 640]), rank 0
2026-08-08 00:05:22.367482: predicting OpenEDS_000000306300
2026-08-08 00:05:22.368547: OpenEDS_000000306300, shape torch.Size([1, 1, 400, 640]), rank 0
2026-08-08 00:05:22.381214: predicting OpenEDS_000000306303
2026-08-08 00:05:22.382564: OpenEDS_000000306303, shape torch.Size([1, 1, 400, 640]), rank 0
2026-08-08 00:05:22.395280: predicting OpenEDS_000000306306
2026-08-08 00:05:22.396557: OpenEDS_000000306306, shape torch.Size([1, 1, 400, 640]), rank 0
2026-08-08 00:05:22.409180: predicting OpenEDS_000000306310
2026-08-08 00:05:22.410474: OpenEDS_000000306310, shape torch.Size([1, 1, 400, 640]), rank 0
2026-08-08 00:05:22.423014: predicting OpenEDS_000000306311
2026-08-08 00:05:22.424248: OpenEDS_000000306311, shape torch.Size([1, 1, 400, 640]), rank 0
2026-08-08 00:05:22.436997: predicting OpenEDS_000000306312
2026-08-08 00:05:22.438289: OpenEDS_000000306312, shape torch.Size([1, 1, 400, 640]), rank 0
2026-08-08 00:05:22.451191: predicting OpenEDS_000000306315
2026-08-08 00:05:22.452282: OpenEDS_000000306315, shape torch.Size([1, 1, 400, 640]), rank 0
2026-08-08 00:05:22.465290: predicting OpenEDS_000000306318
2026-08-08 00:05:22.466560: OpenEDS_000000306318, shape torch.Size([1, 1, 400, 640]), rank 0
2026-08-08 00:05:22.479222: predicting OpenEDS_000000306320
2026-08-08 00:05:22.480477: OpenEDS_000000306320, shape torch.Size([1, 1, 400, 640]), rank 0
2026-08-08 00:05:22.493161: predicting OpenEDS_000000306328
2026-08-08 00:05:22.494424: OpenEDS_000000306328, shape torch.Size([1, 1, 400, 640]), rank 0
2026-08-08 00:05:22.507143: predicting OpenEDS_000000306332
2026-08-08 00:05:22.508397: OpenEDS_000000306332, shape torch.Size([1, 1, 400, 640]), rank 0
2026-08-08 00:05:22.521489: predicting OpenEDS_000000306335
2026-08-08 00:05:22.522603: OpenEDS_000000306335, shape torch.Size([1, 1, 400, 640]), rank 0
2026-08-08 00:05:22.535177: predicting OpenEDS_000000306336
2026-08-08 00:05:22.536446: OpenEDS_000000306336, shape torch.Size([1, 1, 400, 640]), rank 0
2026-08-08 00:05:22.549021: predicting OpenEDS_000000306346
2026-08-08 00:05:22.550325: OpenEDS_000000306346, shape torch.Size([1, 1, 400, 640]), rank 0
2026-08-08 00:05:22.563387: predicting OpenEDS_000000306354
2026-08-08 00:05:22.564474: OpenEDS_000000306354, shape torch.Size([1, 1, 400, 640]), rank 0
2026-08-08 00:05:22.577075: predicting OpenEDS_000000306358
2026-08-08 00:05:22.578522: OpenEDS_000000306358, shape torch.Size([1, 1, 400, 640]), rank 0
2026-08-08 00:05:22.591264: predicting OpenEDS_000000309028
2026-08-08 00:05:22.592582: OpenEDS_000000309028, shape torch.Size([1, 1, 400, 640]), rank 0
2026-08-08 00:05:22.605670: predicting OpenEDS_000000309033
2026-08-08 00:05:22.606769: OpenEDS_000000309033, shape torch.Size([1, 1, 400, 640]), rank 0
2026-08-08 00:05:22.619287: predicting OpenEDS_000000309048
2026-08-08 00:05:22.620820: OpenEDS_000000309048, shape torch.Size([1, 1, 400, 640]), rank 0
2026-08-08 00:05:22.633960: predicting OpenEDS_000000309051
2026-08-08 00:05:22.635086: OpenEDS_000000309051, shape torch.Size([1, 1, 400, 640]), rank 0
2026-08-08 00:05:22.647666: predicting OpenEDS_000000309059
2026-08-08 00:05:22.648949: OpenEDS_000000309059, shape torch.Size([1, 1, 400, 640]), rank 0
2026-08-08 00:05:22.661636: predicting OpenEDS_000000309060
2026-08-08 00:05:22.662957: OpenEDS_000000309060, shape torch.Size([1, 1, 400, 640]), rank 0
2026-08-08 00:05:22.676015: predicting OpenEDS_000000309062
2026-08-08 00:05:22.677171: OpenEDS_000000309062, shape torch.Size([1, 1, 400, 640]), rank 0
2026-08-08 00:05:22.689818: predicting OpenEDS_000000309064
2026-08-08 00:05:22.691127: OpenEDS_000000309064, shape torch.Size([1, 1, 400, 640]), rank 0
2026-08-08 00:05:22.703848: predicting OpenEDS_000000309066
2026-08-08 00:05:22.705122: OpenEDS_000000309066, shape torch.Size([1, 1, 400, 640]), rank 0
2026-08-08 00:05:22.717947: predicting OpenEDS_000000309071
2026-08-08 00:05:22.719252: OpenEDS_000000309071, shape torch.Size([1, 1, 400, 640]), rank 0
2026-08-08 00:05:22.731901: predicting OpenEDS_000000309073
2026-08-08 00:05:22.733160: OpenEDS_000000309073, shape torch.Size([1, 1, 400, 640]), rank 0
2026-08-08 00:05:22.745829: predicting OpenEDS_000000311726
2026-08-08 00:05:22.747143: OpenEDS_000000311726, shape torch.Size([1, 1, 400, 640]), rank 0
2026-08-08 00:05:22.759735: predicting OpenEDS_000000311733
2026-08-08 00:05:22.761135: OpenEDS_000000311733, shape torch.Size([1, 1, 400, 640]), rank 0
2026-08-08 00:05:22.773783: predicting OpenEDS_000000311742
2026-08-08 00:05:22.775045: OpenEDS_000000311742, shape torch.Size([1, 1, 400, 640]), rank 0
2026-08-08 00:05:22.787683: predicting OpenEDS_000000311745
2026-08-08 00:05:22.788987: OpenEDS_000000311745, shape torch.Size([1, 1, 400, 640]), rank 0
2026-08-08 00:05:22.801651: predicting OpenEDS_000000311754
2026-08-08 00:05:22.802935: OpenEDS_000000311754, shape torch.Size([1, 1, 400, 640]), rank 0
2026-08-08 00:05:22.815565: predicting OpenEDS_000000311755
2026-08-08 00:05:22.816856: OpenEDS_000000311755, shape torch.Size([1, 1, 400, 640]), rank 0
2026-08-08 00:05:22.829563: predicting OpenEDS_000000311757
2026-08-08 00:05:22.830830: OpenEDS_000000311757, shape torch.Size([1, 1, 400, 640]), rank 0
2026-08-08 00:05:22.843493: predicting OpenEDS_000000311770
2026-08-08 00:05:22.844772: OpenEDS_000000311770, shape torch.Size([1, 1, 400, 640]), rank 0
2026-08-08 00:05:22.857413: predicting OpenEDS_000000311780
2026-08-08 00:05:22.858708: OpenEDS_000000311780, shape torch.Size([1, 1, 400, 640]), rank 0
2026-08-08 00:05:22.871325: predicting OpenEDS_000000311793
2026-08-08 00:05:22.872189: OpenEDS_000000311793, shape torch.Size([1, 1, 400, 640]), rank 0
2026-08-08 00:05:22.885528: predicting OpenEDS_000000311803
2026-08-08 00:05:22.886708: OpenEDS_000000311803, shape torch.Size([1, 1, 400, 640]), rank 0
2026-08-08 00:05:22.899872: predicting OpenEDS_000000311804
2026-08-08 00:05:22.901370: OpenEDS_000000311804, shape torch.Size([1, 1, 400, 640]), rank 0
2026-08-08 00:05:22.914068: predicting OpenEDS_000000314459
2026-08-08 00:05:22.915390: OpenEDS_000000314459, shape torch.Size([1, 1, 400, 640]), rank 0
2026-08-08 00:05:22.928418: predicting OpenEDS_000000314468
2026-08-08 00:05:22.929490: OpenEDS_000000314468, shape torch.Size([1, 1, 400, 640]), rank 0
2026-08-08 00:05:22.942106: predicting OpenEDS_000000314478
2026-08-08 00:05:22.943457: OpenEDS_000000314478, shape torch.Size([1, 1, 400, 640]), rank 0
2026-08-08 00:05:22.956075: predicting OpenEDS_000000314488
2026-08-08 00:05:22.957300: OpenEDS_000000314488, shape torch.Size([1, 1, 400, 640]), rank 0
2026-08-08 00:05:22.970030: predicting OpenEDS_000000314489
2026-08-08 00:05:22.971358: OpenEDS_000000314489, shape torch.Size([1, 1, 400, 640]), rank 0
2026-08-08 00:05:22.984083: predicting OpenEDS_000000314495
2026-08-08 00:05:22.985379: OpenEDS_000000314495, shape torch.Size([1, 1, 400, 640]), rank 0
2026-08-08 00:05:22.998055: predicting OpenEDS_000000314500
2026-08-08 00:05:22.999329: OpenEDS_000000314500, shape torch.Size([1, 1, 400, 640]), rank 0
2026-08-08 00:05:23.012036: predicting OpenEDS_000000314501
2026-08-08 00:05:23.013358: OpenEDS_000000314501, shape torch.Size([1, 1, 400, 640]), rank 0
2026-08-08 00:05:23.026488: predicting OpenEDS_000000314504
2026-08-08 00:05:23.027803: OpenEDS_000000314504, shape torch.Size([1, 1, 400, 640]), rank 0
2026-08-08 00:05:23.040570: predicting OpenEDS_000000314509
2026-08-08 00:05:23.042077: OpenEDS_000000314509, shape torch.Size([1, 1, 400, 640]), rank 0
2026-08-08 00:05:23.054821: predicting OpenEDS_000000314519
2026-08-08 00:05:23.056111: OpenEDS_000000314519, shape torch.Size([1, 1, 400, 640]), rank 0
2026-08-08 00:05:23.068754: predicting OpenEDS_000000317172
2026-08-08 00:05:23.070239: OpenEDS_000000317172, shape torch.Size([1, 1, 400, 640]), rank 0
2026-08-08 00:05:23.083317: predicting OpenEDS_000000317176
2026-08-08 00:05:23.084811: OpenEDS_000000317176, shape torch.Size([1, 1, 400, 640]), rank 0
2026-08-08 00:05:23.097899: predicting OpenEDS_000000317179
2026-08-08 00:05:23.098966: OpenEDS_000000317179, shape torch.Size([1, 1, 400, 640]), rank 0
2026-08-08 00:05:23.111544: predicting OpenEDS_000000317187
2026-08-08 00:05:23.112793: OpenEDS_000000317187, shape torch.Size([1, 1, 400, 640]), rank 0
2026-08-08 00:05:23.125544: predicting OpenEDS_000000317188
2026-08-08 00:05:23.126844: OpenEDS_000000317188, shape torch.Size([1, 1, 400, 640]), rank 0
2026-08-08 00:05:23.139374: predicting OpenEDS_000000317193
2026-08-08 00:05:23.140636: OpenEDS_000000317193, shape torch.Size([1, 1, 400, 640]), rank 0
2026-08-08 00:05:23.154087: predicting OpenEDS_000000317198
2026-08-08 00:05:23.155157: OpenEDS_000000317198, shape torch.Size([1, 1, 400, 640]), rank 0
2026-08-08 00:05:23.167750: predicting OpenEDS_000000317200
2026-08-08 00:05:23.169055: OpenEDS_000000317200, shape torch.Size([1, 1, 400, 640]), rank 0
2026-08-08 00:05:23.181813: predicting OpenEDS_000000317222
2026-08-08 00:05:23.183303: OpenEDS_000000317222, shape torch.Size([1, 1, 400, 640]), rank 0
2026-08-08 00:05:23.196035: predicting OpenEDS_000000317227
2026-08-08 00:05:23.197320: OpenEDS_000000317227, shape torch.Size([1, 1, 400, 640]), rank 0
2026-08-08 00:05:23.209925: predicting OpenEDS_000000317231
2026-08-08 00:05:23.211202: OpenEDS_000000317231, shape torch.Size([1, 1, 400, 640]), rank 0
2026-08-08 00:05:23.223917: predicting OpenEDS_000000317232
2026-08-08 00:05:23.225170: OpenEDS_000000317232, shape torch.Size([1, 1, 400, 640]), rank 0
2026-08-08 00:05:23.237876: predicting OpenEDS_000000317238
2026-08-08 00:05:23.239100: OpenEDS_000000317238, shape torch.Size([1, 1, 400, 640]), rank 0
2026-08-08 00:05:23.251706: predicting OpenEDS_000000317242
2026-08-08 00:05:23.252929: OpenEDS_000000317242, shape torch.Size([1, 1, 400, 640]), rank 0
2026-08-08 00:05:23.265739: predicting OpenEDS_000000319896
2026-08-08 00:05:23.266995: OpenEDS_000000319896, shape torch.Size([1, 1, 400, 640]), rank 0
2026-08-08 00:05:23.279947: predicting OpenEDS_000000319899
2026-08-08 00:05:23.281035: OpenEDS_000000319899, shape torch.Size([1, 1, 400, 640]), rank 0
2026-08-08 00:05:23.293806: predicting OpenEDS_000000319900
2026-08-08 00:05:23.295057: OpenEDS_000000319900, shape torch.Size([1, 1, 400, 640]), rank 0
2026-08-08 00:05:23.307687: predicting OpenEDS_000000319905
2026-08-08 00:05:23.308969: OpenEDS_000000319905, shape torch.Size([1, 1, 400, 640]), rank 0
2026-08-08 00:05:23.321698: predicting OpenEDS_000000319907
2026-08-08 00:05:23.322995: OpenEDS_000000319907, shape torch.Size([1, 1, 400, 640]), rank 0
2026-08-08 00:05:23.335712: predicting OpenEDS_000000319909
2026-08-08 00:05:23.336959: OpenEDS_000000319909, shape torch.Size([1, 1, 400, 640]), rank 0
2026-08-08 00:05:23.349603: predicting OpenEDS_000000319919
2026-08-08 00:05:23.350948: OpenEDS_000000319919, shape torch.Size([1, 1, 400, 640]), rank 0
2026-08-08 00:05:23.363949: predicting OpenEDS_000000319924
2026-08-08 00:05:23.365013: OpenEDS_000000319924, shape torch.Size([1, 1, 400, 640]), rank 0
2026-08-08 00:05:23.377905: predicting OpenEDS_000000319929
2026-08-08 00:05:23.379022: OpenEDS_000000319929, shape torch.Size([1, 1, 400, 640]), rank 0
2026-08-08 00:05:23.391671: predicting OpenEDS_000000319934
2026-08-08 00:05:23.392944: OpenEDS_000000319934, shape torch.Size([1, 1, 400, 640]), rank 0
2026-08-08 00:05:23.405990: predicting OpenEDS_000000319938
2026-08-08 00:05:23.407108: OpenEDS_000000319938, shape torch.Size([1, 1, 400, 640]), rank 0
2026-08-08 00:05:23.419700: predicting OpenEDS_000000319939
2026-08-08 00:05:23.421016: OpenEDS_000000319939, shape torch.Size([1, 1, 400, 640]), rank 0
2026-08-08 00:05:23.434150: predicting OpenEDS_000000319944
2026-08-08 00:05:23.435680: OpenEDS_000000319944, shape torch.Size([1, 1, 400, 640]), rank 0
2026-08-08 00:05:23.448881: predicting OpenEDS_000000319949
2026-08-08 00:05:23.450142: OpenEDS_000000319949, shape torch.Size([1, 1, 400, 640]), rank 0
2026-08-08 00:05:23.463174: predicting OpenEDS_000000319952
2026-08-08 00:05:23.464483: OpenEDS_000000319952, shape torch.Size([1, 1, 400, 640]), rank 0
2026-08-08 00:05:23.477778: predicting OpenEDS_000000319959
2026-08-08 00:05:23.478930: OpenEDS_000000319959, shape torch.Size([1, 1, 400, 640]), rank 0
2026-08-08 00:05:23.492137: predicting OpenEDS_000000319962
2026-08-08 00:05:23.493259: OpenEDS_000000319962, shape torch.Size([1, 1, 400, 640]), rank 0
2026-08-08 00:05:23.505893: predicting OpenEDS_000000322632
2026-08-08 00:05:23.507231: OpenEDS_000000322632, shape torch.Size([1, 1, 400, 640]), rank 0
2026-08-08 00:05:23.519995: predicting OpenEDS_000000322635
2026-08-08 00:05:23.521273: OpenEDS_000000322635, shape torch.Size([1, 1, 400, 640]), rank 0
2026-08-08 00:05:23.533952: predicting OpenEDS_000000322653
2026-08-08 00:05:23.535227: OpenEDS_000000322653, shape torch.Size([1, 1, 400, 640]), rank 0
2026-08-08 00:05:23.548285: predicting OpenEDS_000000322654
2026-08-08 00:05:23.549358: OpenEDS_000000322654, shape torch.Size([1, 1, 400, 640]), rank 0
2026-08-08 00:05:23.561980: predicting OpenEDS_000000322661
2026-08-08 00:05:23.563244: OpenEDS_000000322661, shape torch.Size([1, 1, 400, 640]), rank 0
2026-08-08 00:05:23.576328: predicting OpenEDS_000000322662
2026-08-08 00:05:23.577509: OpenEDS_000000322662, shape torch.Size([1, 1, 400, 640]), rank 0
2026-08-08 00:05:23.590083: predicting OpenEDS_000000322669
2026-08-08 00:05:23.591511: OpenEDS_000000322669, shape torch.Size([1, 1, 400, 640]), rank 0
2026-08-08 00:05:23.604176: predicting OpenEDS_000000322672
2026-08-08 00:05:23.605477: OpenEDS_000000322672, shape torch.Size([1, 1, 400, 640]), rank 0
2026-08-08 00:05:23.618158: predicting OpenEDS_000000322675
2026-08-08 00:05:23.619430: OpenEDS_000000322675, shape torch.Size([1, 1, 400, 640]), rank 0
2026-08-08 00:05:23.632090: predicting OpenEDS_000000322677
2026-08-08 00:05:23.633563: OpenEDS_000000322677, shape torch.Size([1, 1, 400, 640]), rank 0
2026-08-08 00:05:23.646317: predicting OpenEDS_000000322679
2026-08-08 00:05:23.647624: OpenEDS_000000322679, shape torch.Size([1, 1, 400, 640]), rank 0
2026-08-08 00:05:23.660276: predicting OpenEDS_000000322680
2026-08-08 00:05:23.661536: OpenEDS_000000322680, shape torch.Size([1, 1, 400, 640]), rank 0
2026-08-08 00:05:23.674711: predicting OpenEDS_000000322684
2026-08-08 00:05:23.675877: OpenEDS_000000322684, shape torch.Size([1, 1, 400, 640]), rank 0
2026-08-08 00:05:23.688447: predicting OpenEDS_000000322685
2026-08-08 00:05:23.689762: OpenEDS_000000322685, shape torch.Size([1, 1, 400, 640]), rank 0
2026-08-08 00:05:23.702877: predicting OpenEDS_000000322689
2026-08-08 00:05:23.703927: OpenEDS_000000322689, shape torch.Size([1, 1, 400, 640]), rank 0
2026-08-08 00:05:23.716833: predicting OpenEDS_000000322690
2026-08-08 00:05:23.717954: OpenEDS_000000322690, shape torch.Size([1, 1, 400, 640]), rank 0
2026-08-08 00:05:23.730495: predicting OpenEDS_000000322693
2026-08-08 00:05:23.731796: OpenEDS_000000322693, shape torch.Size([1, 1, 400, 640]), rank 0
2026-08-08 00:05:23.744860: predicting OpenEDS_000000325354
2026-08-08 00:05:23.745969: OpenEDS_000000325354, shape torch.Size([1, 1, 400, 640]), rank 0
2026-08-08 00:05:23.758547: predicting OpenEDS_000000325357
2026-08-08 00:05:23.759826: OpenEDS_000000325357, shape torch.Size([1, 1, 400, 640]), rank 0
2026-08-08 00:05:23.772477: predicting OpenEDS_000000325361
2026-08-08 00:05:23.773790: OpenEDS_000000325361, shape torch.Size([1, 1, 400, 640]), rank 0
2026-08-08 00:05:23.787004: predicting OpenEDS_000000325363
2026-08-08 00:05:23.788314: OpenEDS_000000325363, shape torch.Size([1, 1, 400, 640]), rank 0
2026-08-08 00:05:23.801359: predicting OpenEDS_000000325366
2026-08-08 00:05:23.802635: OpenEDS_000000325366, shape torch.Size([1, 1, 400, 640]), rank 0
2026-08-08 00:05:23.815713: predicting OpenEDS_000000325367
2026-08-08 00:05:23.817015: OpenEDS_000000325367, shape torch.Size([1, 1, 400, 640]), rank 0
2026-08-08 00:05:23.830063: predicting OpenEDS_000000325377
2026-08-08 00:05:23.831358: OpenEDS_000000325377, shape torch.Size([1, 1, 400, 640]), rank 0
2026-08-08 00:05:23.844202: predicting OpenEDS_000000325381
2026-08-08 00:05:23.845480: OpenEDS_000000325381, shape torch.Size([1, 1, 400, 640]), rank 0
2026-08-08 00:05:23.858123: predicting OpenEDS_000000325385
2026-08-08 00:05:23.859435: OpenEDS_000000325385, shape torch.Size([1, 1, 400, 640]), rank 0
2026-08-08 00:05:23.872062: predicting OpenEDS_000000325398
2026-08-08 00:05:23.873388: OpenEDS_000000325398, shape torch.Size([1, 1, 400, 640]), rank 0
2026-08-08 00:05:23.886036: predicting OpenEDS_000000325399
2026-08-08 00:05:23.887316: OpenEDS_000000325399, shape torch.Size([1, 1, 400, 640]), rank 0
2026-08-08 00:05:23.900044: predicting OpenEDS_000000325403
2026-08-08 00:05:23.901334: OpenEDS_000000325403, shape torch.Size([1, 1, 400, 640]), rank 0
2026-08-08 00:05:23.914499: predicting OpenEDS_000000325406
2026-08-08 00:05:23.915637: OpenEDS_000000325406, shape torch.Size([1, 1, 400, 640]), rank 0
2026-08-08 00:05:23.928681: predicting OpenEDS_000000325410
2026-08-08 00:05:23.929996: OpenEDS_000000325410, shape torch.Size([1, 1, 400, 640]), rank 0
2026-08-08 00:05:23.943081: predicting OpenEDS_000000328074
2026-08-08 00:05:23.944394: OpenEDS_000000328074, shape torch.Size([1, 1, 400, 640]), rank 0
2026-08-08 00:05:23.957294: predicting OpenEDS_000000328077
2026-08-08 00:05:23.958554: OpenEDS_000000328077, shape torch.Size([1, 1, 400, 640]), rank 0
2026-08-08 00:05:23.971795: predicting OpenEDS_000000328085
2026-08-08 00:05:23.972954: OpenEDS_000000328085, shape torch.Size([1, 1, 400, 640]), rank 0
2026-08-08 00:05:23.986048: predicting OpenEDS_000000328088
2026-08-08 00:05:23.987340: OpenEDS_000000328088, shape torch.Size([1, 1, 400, 640]), rank 0
2026-08-08 00:05:24.000743: predicting OpenEDS_000000328092
2026-08-08 00:05:24.001799: OpenEDS_000000328092, shape torch.Size([1, 1, 400, 640]), rank 0
2026-08-08 00:05:24.014273: predicting OpenEDS_000000328093
2026-08-08 00:05:24.015566: OpenEDS_000000328093, shape torch.Size([1, 1, 400, 640]), rank 0
2026-08-08 00:05:24.028752: predicting OpenEDS_000000328101
2026-08-08 00:05:24.029976: OpenEDS_000000328101, shape torch.Size([1, 1, 400, 640]), rank 0
2026-08-08 00:05:24.042614: predicting OpenEDS_000000328111
2026-08-08 00:05:24.043973: OpenEDS_000000328111, shape torch.Size([1, 1, 400, 640]), rank 0
2026-08-08 00:05:24.056683: predicting OpenEDS_000000328117
2026-08-08 00:05:24.057942: OpenEDS_000000328117, shape torch.Size([1, 1, 400, 640]), rank 0
2026-08-08 00:05:24.070759: predicting OpenEDS_000000330768
2026-08-08 00:05:24.072078: OpenEDS_000000330768, shape torch.Size([1, 1, 400, 640]), rank 0
2026-08-08 00:05:24.084817: predicting OpenEDS_000000330771
2026-08-08 00:05:24.086100: OpenEDS_000000330771, shape torch.Size([1, 1, 400, 640]), rank 0
2026-08-08 00:05:24.098929: predicting OpenEDS_000000330774
2026-08-08 00:05:24.100263: OpenEDS_000000330774, shape torch.Size([1, 1, 400, 640]), rank 0
2026-08-08 00:05:24.112978: predicting OpenEDS_000000330775
2026-08-08 00:05:24.114264: OpenEDS_000000330775, shape torch.Size([1, 1, 400, 640]), rank 0
2026-08-08 00:05:24.126887: predicting OpenEDS_000000330777
2026-08-08 00:05:24.128185: OpenEDS_000000330777, shape torch.Size([1, 1, 400, 640]), rank 0
2026-08-08 00:05:24.140868: predicting OpenEDS_000000330781
2026-08-08 00:05:24.142157: OpenEDS_000000330781, shape torch.Size([1, 1, 400, 640]), rank 0
2026-08-08 00:05:24.154910: predicting OpenEDS_000000330795
2026-08-08 00:05:24.156207: OpenEDS_000000330795, shape torch.Size([1, 1, 400, 640]), rank 0
2026-08-08 00:05:24.168970: predicting OpenEDS_000000330802
2026-08-08 00:05:24.170329: OpenEDS_000000330802, shape torch.Size([1, 1, 400, 640]), rank 0
2026-08-08 00:05:24.183057: predicting OpenEDS_000000330804
2026-08-08 00:05:24.184340: OpenEDS_000000330804, shape torch.Size([1, 1, 400, 640]), rank 0
2026-08-08 00:05:24.197546: predicting OpenEDS_000000330822
2026-08-08 00:05:24.198667: OpenEDS_000000330822, shape torch.Size([1, 1, 400, 640]), rank 0
2026-08-08 00:05:24.211236: predicting OpenEDS_000000330824
2026-08-08 00:05:24.212509: OpenEDS_000000330824, shape torch.Size([1, 1, 400, 640]), rank 0
2026-08-08 00:05:24.225406: predicting OpenEDS_000000330834
2026-08-08 00:05:24.226471: OpenEDS_000000330834, shape torch.Size([1, 1, 400, 640]), rank 0
2026-08-08 00:05:24.239186: predicting OpenEDS_000000330845
2026-08-08 00:05:24.240487: OpenEDS_000000330845, shape torch.Size([1, 1, 400, 640]), rank 0
2026-08-08 00:05:24.253453: predicting OpenEDS_000000330846
2026-08-08 00:05:24.254762: OpenEDS_000000330846, shape torch.Size([1, 1, 400, 640]), rank 0
2026-08-08 00:05:24.267577: predicting OpenEDS_000000330850
2026-08-08 00:05:24.268890: OpenEDS_000000330850, shape torch.Size([1, 1, 400, 640]), rank 0
2026-08-08 00:05:24.281849: predicting OpenEDS_000000333504
2026-08-08 00:05:24.282910: OpenEDS_000000333504, shape torch.Size([1, 1, 400, 640]), rank 0
2026-08-08 00:05:24.296827: predicting OpenEDS_000000333508
2026-08-08 00:05:24.298141: OpenEDS_000000333508, shape torch.Size([1, 1, 400, 640]), rank 0
2026-08-08 00:05:24.311001: predicting OpenEDS_000000333519
2026-08-08 00:05:24.312304: OpenEDS_000000333519, shape torch.Size([1, 1, 400, 640]), rank 0
2026-08-08 00:05:24.325580: predicting OpenEDS_000000333529
2026-08-08 00:05:24.326740: OpenEDS_000000333529, shape torch.Size([1, 1, 400, 640]), rank 0
2026-08-08 00:05:24.339627: predicting OpenEDS_000000333533
2026-08-08 00:05:24.340865: OpenEDS_000000333533, shape torch.Size([1, 1, 400, 640]), rank 0
2026-08-08 00:05:24.353627: predicting OpenEDS_000000333542
2026-08-08 00:05:24.354956: OpenEDS_000000333542, shape torch.Size([1, 1, 400, 640]), rank 0
2026-08-08 00:05:24.367710: predicting OpenEDS_000000333552
2026-08-08 00:05:24.369046: OpenEDS_000000333552, shape torch.Size([1, 1, 400, 640]), rank 0
2026-08-08 00:05:24.381829: predicting OpenEDS_000000333553
2026-08-08 00:05:24.383125: OpenEDS_000000333553, shape torch.Size([1, 1, 400, 640]), rank 0
2026-08-08 00:05:24.395877: predicting OpenEDS_000000333554
2026-08-08 00:05:24.397218: OpenEDS_000000333554, shape torch.Size([1, 1, 400, 640]), rank 0
2026-08-08 00:05:24.410270: predicting OpenEDS_000000333561
2026-08-08 00:05:24.411344: OpenEDS_000000333561, shape torch.Size([1, 1, 400, 640]), rank 0
2026-08-08 00:05:24.424608: predicting OpenEDS_000000333564
2026-08-08 00:05:24.425922: OpenEDS_000000333564, shape torch.Size([1, 1, 400, 640]), rank 0
2026-08-08 00:05:24.439047: predicting OpenEDS_000000333570
2026-08-08 00:05:24.440306: OpenEDS_000000333570, shape torch.Size([1, 1, 400, 640]), rank 0
2026-08-08 00:05:24.453321: predicting OpenEDS_000000333577
2026-08-08 00:05:24.454619: OpenEDS_000000333577, shape torch.Size([1, 1, 400, 640]), rank 0
2026-08-08 00:05:24.467621: predicting OpenEDS_000000333582
2026-08-08 00:05:24.468879: OpenEDS_000000333582, shape torch.Size([1, 1, 400, 640]), rank 0
2026-08-08 00:05:24.482070: predicting OpenEDS_000000333583
2026-08-08 00:05:24.483597: OpenEDS_000000333583, shape torch.Size([1, 1, 400, 640]), rank 0
2026-08-08 00:05:24.496746: predicting OpenEDS_000000336242
2026-08-08 00:05:24.498068: OpenEDS_000000336242, shape torch.Size([1, 1, 400, 640]), rank 0
2026-08-08 00:05:24.511237: predicting OpenEDS_000000336247
2026-08-08 00:05:24.512502: OpenEDS_000000336247, shape torch.Size([1, 1, 400, 640]), rank 0
2026-08-08 00:05:24.525445: predicting OpenEDS_000000336251
2026-08-08 00:05:24.526713: OpenEDS_000000336251, shape torch.Size([1, 1, 400, 640]), rank 0
2026-08-08 00:05:24.539911: predicting OpenEDS_000000336254
2026-08-08 00:05:24.541048: OpenEDS_000000336254, shape torch.Size([1, 1, 400, 640]), rank 0
2026-08-08 00:05:24.553649: predicting OpenEDS_000000336260
2026-08-08 00:05:24.555086: OpenEDS_000000336260, shape torch.Size([1, 1, 400, 640]), rank 0
2026-08-08 00:05:24.567987: predicting OpenEDS_000000336263
2026-08-08 00:05:24.569252: OpenEDS_000000336263, shape torch.Size([1, 1, 400, 640]), rank 0
2026-08-08 00:05:24.582433: predicting OpenEDS_000000336267
2026-08-08 00:05:24.583530: OpenEDS_000000336267, shape torch.Size([1, 1, 400, 640]), rank 0
2026-08-08 00:05:24.596218: predicting OpenEDS_000000336282
2026-08-08 00:05:24.597484: OpenEDS_000000336282, shape torch.Size([1, 1, 400, 640]), rank 0
2026-08-08 00:05:24.610756: predicting OpenEDS_000000336285
2026-08-08 00:05:24.611886: OpenEDS_000000336285, shape torch.Size([1, 1, 400, 640]), rank 0
2026-08-08 00:05:24.624601: predicting OpenEDS_000000336297
2026-08-08 00:05:24.625855: OpenEDS_000000336297, shape torch.Size([1, 1, 400, 640]), rank 0
2026-08-08 00:05:24.639040: predicting OpenEDS_000000336304
2026-08-08 00:05:24.640181: OpenEDS_000000336304, shape torch.Size([1, 1, 400, 640]), rank 0
2026-08-08 00:05:24.653160: predicting OpenEDS_000000336320
2026-08-08 00:05:24.654471: OpenEDS_000000336320, shape torch.Size([1, 1, 400, 640]), rank 0
2026-08-08 00:05:24.667643: predicting OpenEDS_000000336321
2026-08-08 00:05:24.668950: OpenEDS_000000336321, shape torch.Size([1, 1, 400, 640]), rank 0
2026-08-08 00:05:24.682510: predicting OpenEDS_000000336329
2026-08-08 00:05:24.683682: OpenEDS_000000336329, shape torch.Size([1, 1, 400, 640]), rank 0
2026-08-08 00:05:24.696591: predicting OpenEDS_000000336330
2026-08-08 00:05:24.697844: OpenEDS_000000336330, shape torch.Size([1, 1, 400, 640]), rank 0
2026-08-08 00:05:24.710942: predicting OpenEDS_000000336331
2026-08-08 00:05:24.712230: OpenEDS_000000336331, shape torch.Size([1, 1, 400, 640]), rank 0
2026-08-08 00:05:28.383428: Validation complete
2026-08-08 00:05:28.383530: Mean Validation Dice:  0.9704821820915326
